<?xml version="1.0" encoding="UTF-8"?>
<gpx xmlns="http://www.topografix.com/GPX/1/1" version="1.1" creator="ShapeRoute route-engine">
  <metadata>
    <name>heart 15 km · 2026-09-22</name>
    <author>
      <name>ShapeRoute route-engine</name>
    </author>
    <time>2026-09-22T19:27:44Z</time>
  </metadata>
  <trk>
    <name>heart 15 km · 2026-09-22</name>
    <trkseg>
      <trkpt lat="46.0668711" lon="11.1210492" />
      <trkpt lat="46.0667705" lon="11.1210629" />
      <trkpt lat="46.0667526" lon="11.1210542" />
      <trkpt lat="46.0667024" lon="11.1213629" />
      <trkpt lat="46.0666701" lon="11.1215352" />
      <trkpt lat="46.0666789" lon="11.1217092" />
      <trkpt lat="46.0667274" lon="11.1218448" />
      <trkpt lat="46.0667304" lon="11.1218751" />
      <trkpt lat="46.0667210" lon="11.1219626" />
      <trkpt lat="46.0667229" lon="11.1219913" />
      <trkpt lat="46.0667249" lon="11.1220591" />
      <trkpt lat="46.0667287" lon="11.1221612" />
      <trkpt lat="46.0667350" lon="11.1222603" />
      <trkpt lat="46.0667357" lon="11.1222747" />
      <trkpt lat="46.0667414" lon="11.1223091" />
      <trkpt lat="46.0667532" lon="11.1223909" />
      <trkpt lat="46.0667715" lon="11.1225101" />
      <trkpt lat="46.0667729" lon="11.1225194" />
      <trkpt lat="46.0667810" lon="11.1225726" />
      <trkpt lat="46.0668548" lon="11.1230552" />
      <trkpt lat="46.0668872" lon="11.1232848" />
      <trkpt lat="46.0668905" lon="11.1233334" />
      <trkpt lat="46.0668986" lon="11.1233290" />
      <trkpt lat="46.0669188" lon="11.1233181" />
      <trkpt lat="46.0669670" lon="11.1232923" />
      <trkpt lat="46.0672635" lon="11.1232024" />
      <trkpt lat="46.0672653" lon="11.1232368" />
      <trkpt lat="46.0672686" lon="11.1232351" />
      <trkpt lat="46.0672810" lon="11.1232291" />
      <trkpt lat="46.0672821" lon="11.1232581" />
      <trkpt lat="46.0672873" lon="11.1232576" />
      <trkpt lat="46.0673011" lon="11.1232564" />
      <trkpt lat="46.0673146" lon="11.1232553" />
      <trkpt lat="46.0673183" lon="11.1232550" />
      <trkpt lat="46.0673371" lon="11.1232534" />
      <trkpt lat="46.0674008" lon="11.1232483" />
      <trkpt lat="46.0674156" lon="11.1232472" />
      <trkpt lat="46.0676659" lon="11.1232331" />
      <trkpt lat="46.0677631" lon="11.1232283" />
      <trkpt lat="46.0678077" lon="11.1232267" />
      <trkpt lat="46.0678084" lon="11.1230699" />
      <trkpt lat="46.0678154" lon="11.1230007" />
      <trkpt lat="46.0679498" lon="11.1229741" />
      <trkpt lat="46.0681832" lon="11.1229244" />
      <trkpt lat="46.0682031" lon="11.1229202" />
      <trkpt lat="46.0681489" lon="11.1225470" />
      <trkpt lat="46.0685802" lon="11.1225918" />
      <trkpt lat="46.0688087" lon="11.1225689" />
      <trkpt lat="46.0690210" lon="11.1225351" />
      <trkpt lat="46.0689171" lon="11.1220222" />
      <trkpt lat="46.0688448" lon="11.1212725" />
      <trkpt lat="46.0688409" lon="11.1212316" />
      <trkpt lat="46.0688387" lon="11.1211858" />
      <trkpt lat="46.0688365" lon="11.1211527" />
      <trkpt lat="46.0687499" lon="11.1204587" />
      <trkpt lat="46.0687388" lon="11.1203760" />
      <trkpt lat="46.0687020" lon="11.1201725" />
      <trkpt lat="46.0686963" lon="11.1201124" />
      <trkpt lat="46.0686941" lon="11.1200894" />
      <trkpt lat="46.0686922" lon="11.1200685" />
      <trkpt lat="46.0686910" lon="11.1200385" />
      <trkpt lat="46.0685313" lon="11.1200706" />
      <trkpt lat="46.0685273" lon="11.1200042" />
      <trkpt lat="46.0686285" lon="11.1199921" />
      <trkpt lat="46.0687055" lon="11.1199855" />
      <trkpt lat="46.0687688" lon="11.1199699" />
      <trkpt lat="46.0687784" lon="11.1199700" />
      <trkpt lat="46.0688097" lon="11.1199685" />
      <trkpt lat="46.0688503" lon="11.1199666" />
      <trkpt lat="46.0688785" lon="11.1199652" />
      <trkpt lat="46.0688928" lon="11.1199633" />
      <trkpt lat="46.0689900" lon="11.1199487" />
      <trkpt lat="46.0690484" lon="11.1199429" />
      <trkpt lat="46.0691086" lon="11.1199380" />
      <trkpt lat="46.0691667" lon="11.1199367" />
      <trkpt lat="46.0692352" lon="11.1199271" />
      <trkpt lat="46.0693982" lon="11.1198734" />
      <trkpt lat="46.0694763" lon="11.1198434" />
      <trkpt lat="46.0695220" lon="11.1198116" />
      <trkpt lat="46.0695493" lon="11.1198090" />
      <trkpt lat="46.0695787" lon="11.1198028" />
      <trkpt lat="46.0699049" lon="11.1197056" />
      <trkpt lat="46.0699981" lon="11.1197027" />
      <trkpt lat="46.0700221" lon="11.1196829" />
      <trkpt lat="46.0700153" lon="11.1195757" />
      <trkpt lat="46.0700688" lon="11.1195498" />
      <trkpt lat="46.0701361" lon="11.1195172" />
      <trkpt lat="46.0701692" lon="11.1195634" />
      <trkpt lat="46.0702469" lon="11.1195768" />
      <trkpt lat="46.0702509" lon="11.1196352" />
      <trkpt lat="46.0702588" lon="11.1197502" />
      <trkpt lat="46.0702634" lon="11.1198178" />
      <trkpt lat="46.0703198" lon="11.1198037" />
      <trkpt lat="46.0705278" lon="11.1197640" />
      <trkpt lat="46.0711402" lon="11.1196327" />
      <trkpt lat="46.0711961" lon="11.1196218" />
      <trkpt lat="46.0713909" lon="11.1196025" />
      <trkpt lat="46.0714755" lon="11.1196059" />
      <trkpt lat="46.0718210" lon="11.1198308" />
      <trkpt lat="46.0719325" lon="11.1198947" />
      <trkpt lat="46.0720757" lon="11.1199983" />
      <trkpt lat="46.0722197" lon="11.1200988" />
      <trkpt lat="46.0722602" lon="11.1201563" />
      <trkpt lat="46.0722860" lon="11.1202270" />
      <trkpt lat="46.0722917" lon="11.1202619" />
      <trkpt lat="46.0722953" lon="11.1203256" />
      <trkpt lat="46.0722951" lon="11.1203977" />
      <trkpt lat="46.0722884" lon="11.1204667" />
      <trkpt lat="46.0722575" lon="11.1205638" />
      <trkpt lat="46.0721965" lon="11.1207390" />
      <trkpt lat="46.0720729" lon="11.1211343" />
      <trkpt lat="46.0721142" lon="11.1211621" />
      <trkpt lat="46.0721465" lon="11.1211839" />
      <trkpt lat="46.0721592" lon="11.1211924" />
      <trkpt lat="46.0721744" lon="11.1212022" />
      <trkpt lat="46.0720810" lon="11.1215120" />
      <trkpt lat="46.0720669" lon="11.1215520" />
      <trkpt lat="46.0720444" lon="11.1216308" />
      <trkpt lat="46.0719997" lon="11.1216036" />
      <trkpt lat="46.0719684" lon="11.1215845" />
      <trkpt lat="46.0715891" lon="11.1227660" />
      <trkpt lat="46.0715508" lon="11.1228559" />
      <trkpt lat="46.0715376" lon="11.1228957" />
      <trkpt lat="46.0715293" lon="11.1229234" />
      <trkpt lat="46.0714146" lon="11.1233065" />
      <trkpt lat="46.0712779" lon="11.1236766" />
      <trkpt lat="46.0712168" lon="11.1237386" />
      <trkpt lat="46.0712056" lon="11.1237453" />
      <trkpt lat="46.0711887" lon="11.1237117" />
      <trkpt lat="46.0711314" lon="11.1237796" />
      <trkpt lat="46.0710768" lon="11.1238303" />
      <trkpt lat="46.0710686" lon="11.1238108" />
      <trkpt lat="46.0710576" lon="11.1237843" />
      <trkpt lat="46.0709533" lon="11.1235349" />
      <trkpt lat="46.0709425" lon="11.1235101" />
      <trkpt lat="46.0709916" lon="11.1234980" />
      <trkpt lat="46.0709425" lon="11.1235101" />
      <trkpt lat="46.0709533" lon="11.1235349" />
      <trkpt lat="46.0710576" lon="11.1237843" />
      <trkpt lat="46.0710686" lon="11.1238108" />
      <trkpt lat="46.0710768" lon="11.1238303" />
      <trkpt lat="46.0710943" lon="11.1238719" />
      <trkpt lat="46.0711143" lon="11.1239193" />
      <trkpt lat="46.0712766" lon="11.1241810" />
      <trkpt lat="46.0713980" lon="11.1243293" />
      <trkpt lat="46.0715020" lon="11.1244182" />
      <trkpt lat="46.0715341" lon="11.1244451" />
      <trkpt lat="46.0715775" lon="11.1245299" />
      <trkpt lat="46.0720435" lon="11.1247973" />
      <trkpt lat="46.0720613" lon="11.1247413" />
      <trkpt lat="46.0720684" lon="11.1247187" />
      <trkpt lat="46.0720850" lon="11.1246655" />
      <trkpt lat="46.0721075" lon="11.1246812" />
      <trkpt lat="46.0721375" lon="11.1246107" />
      <trkpt lat="46.0721793" lon="11.1246289" />
      <trkpt lat="46.0722752" lon="11.1246705" />
      <trkpt lat="46.0723730" lon="11.1247131" />
      <trkpt lat="46.0723936" lon="11.1246439" />
      <trkpt lat="46.0724957" lon="11.1247157" />
      <trkpt lat="46.0730589" lon="11.1248721" />
      <trkpt lat="46.0730540" lon="11.1249622" />
      <trkpt lat="46.0730504" lon="11.1250395" />
      <trkpt lat="46.0730799" lon="11.1250480" />
      <trkpt lat="46.0730786" lon="11.1251022" />
      <trkpt lat="46.0730738" lon="11.1253371" />
      <trkpt lat="46.0730716" lon="11.1253856" />
      <trkpt lat="46.0727195" lon="11.1253147" />
      <trkpt lat="46.0730716" lon="11.1253856" />
      <trkpt lat="46.0731112" lon="11.1253935" />
      <trkpt lat="46.0731101" lon="11.1254840" />
      <trkpt lat="46.0731515" lon="11.1254814" />
      <trkpt lat="46.0731516" lon="11.1254532" />
      <trkpt lat="46.0731565" lon="11.1254463" />
      <trkpt lat="46.0731690" lon="11.1254454" />
      <trkpt lat="46.0734031" lon="11.1254700" />
      <trkpt lat="46.0736762" lon="11.1254607" />
      <trkpt lat="46.0737043" lon="11.1254537" />
      <trkpt lat="46.0738438" lon="11.1254301" />
      <trkpt lat="46.0738766" lon="11.1254193" />
      <trkpt lat="46.0742936" lon="11.1252822" />
      <trkpt lat="46.0744911" lon="11.1252180" />
      <trkpt lat="46.0744955" lon="11.1252706" />
      <trkpt lat="46.0744974" lon="11.1253131" />
      <trkpt lat="46.0744973" lon="11.1253342" />
      <trkpt lat="46.0744654" lon="11.1253720" />
      <trkpt lat="46.0739627" lon="11.1258798" />
      <trkpt lat="46.0738574" lon="11.1259851" />
      <trkpt lat="46.0737670" lon="11.1260733" />
      <trkpt lat="46.0736399" lon="11.1262152" />
      <trkpt lat="46.0736617" lon="11.1264186" />
      <trkpt lat="46.0737090" lon="11.1270530" />
      <trkpt lat="46.0737023" lon="11.1270824" />
      <trkpt lat="46.0736737" lon="11.1271080" />
      <trkpt lat="46.0735896" lon="11.1271588" />
      <trkpt lat="46.0735302" lon="11.1271951" />
      <trkpt lat="46.0734663" lon="11.1272419" />
      <trkpt lat="46.0734660" lon="11.1274177" />
      <trkpt lat="46.0734711" lon="11.1276069" />
      <trkpt lat="46.0734537" lon="11.1276617" />
      <trkpt lat="46.0733483" lon="11.1278310" />
      <trkpt lat="46.0732983" lon="11.1279491" />
      <trkpt lat="46.0733316" lon="11.1279510" />
      <trkpt lat="46.0733801" lon="11.1279390" />
      <trkpt lat="46.0735035" lon="11.1278998" />
      <trkpt lat="46.0735237" lon="11.1278934" />
      <trkpt lat="46.0735347" lon="11.1278881" />
      <trkpt lat="46.0735276" lon="11.1278141" />
      <trkpt lat="46.0735268" lon="11.1277531" />
      <trkpt lat="46.0735274" lon="11.1277480" />
      <trkpt lat="46.0735337" lon="11.1276987" />
      <trkpt lat="46.0735544" lon="11.1276406" />
      <trkpt lat="46.0735820" lon="11.1275961" />
      <trkpt lat="46.0736286" lon="11.1275550" />
      <trkpt lat="46.0738506" lon="11.1274097" />
      <trkpt lat="46.0739458" lon="11.1273641" />
      <trkpt lat="46.0739553" lon="11.1273595" />
      <trkpt lat="46.0739830" lon="11.1273463" />
      <trkpt lat="46.0740257" lon="11.1273271" />
      <trkpt lat="46.0740587" lon="11.1273619" />
      <trkpt lat="46.0740774" lon="11.1274070" />
      <trkpt lat="46.0740806" lon="11.1274295" />
      <trkpt lat="46.0740769" lon="11.1274520" />
      <trkpt lat="46.0740703" lon="11.1274650" />
      <trkpt lat="46.0740608" lon="11.1274705" />
      <trkpt lat="46.0740703" lon="11.1274650" />
      <trkpt lat="46.0740769" lon="11.1274520" />
      <trkpt lat="46.0740806" lon="11.1274295" />
      <trkpt lat="46.0740774" lon="11.1274070" />
      <trkpt lat="46.0740587" lon="11.1273619" />
      <trkpt lat="46.0740257" lon="11.1273271" />
      <trkpt lat="46.0739830" lon="11.1273463" />
      <trkpt lat="46.0739553" lon="11.1273595" />
      <trkpt lat="46.0739458" lon="11.1273641" />
      <trkpt lat="46.0738506" lon="11.1274097" />
      <trkpt lat="46.0736286" lon="11.1275550" />
      <trkpt lat="46.0735820" lon="11.1275961" />
      <trkpt lat="46.0735544" lon="11.1276406" />
      <trkpt lat="46.0735337" lon="11.1276987" />
      <trkpt lat="46.0735274" lon="11.1277480" />
      <trkpt lat="46.0735268" lon="11.1277531" />
      <trkpt lat="46.0735276" lon="11.1278141" />
      <trkpt lat="46.0735347" lon="11.1278881" />
      <trkpt lat="46.0735910" lon="11.1278598" />
      <trkpt lat="46.0736055" lon="11.1278536" />
      <trkpt lat="46.0736330" lon="11.1278374" />
      <trkpt lat="46.0736518" lon="11.1278337" />
      <trkpt lat="46.0737268" lon="11.1278281" />
      <trkpt lat="46.0738871" lon="11.1278374" />
      <trkpt lat="46.0738985" lon="11.1279014" />
      <trkpt lat="46.0739021" lon="11.1279049" />
      <trkpt lat="46.0740563" lon="11.1280547" />
      <trkpt lat="46.0740792" lon="11.1280566" />
      <trkpt lat="46.0741217" lon="11.1280537" />
      <trkpt lat="46.0741340" lon="11.1280529" />
      <trkpt lat="46.0742255" lon="11.1280386" />
      <trkpt lat="46.0741631" lon="11.1282502" />
      <trkpt lat="46.0741717" lon="11.1282818" />
      <trkpt lat="46.0741515" lon="11.1283292" />
      <trkpt lat="46.0741667" lon="11.1283468" />
      <trkpt lat="46.0741912" lon="11.1283750" />
      <trkpt lat="46.0742467" lon="11.1282269" />
      <trkpt lat="46.0743188" lon="11.1280689" />
      <trkpt lat="46.0744212" lon="11.1279428" />
      <trkpt lat="46.0745531" lon="11.1278791" />
      <trkpt lat="46.0746745" lon="11.1278750" />
      <trkpt lat="46.0748351" lon="11.1279289" />
      <trkpt lat="46.0751899" lon="11.1280282" />
      <trkpt lat="46.0752276" lon="11.1280388" />
      <trkpt lat="46.0756233" lon="11.1281540" />
      <trkpt lat="46.0757365" lon="11.1281867" />
      <trkpt lat="46.0757716" lon="11.1281967" />
      <trkpt lat="46.0758499" lon="11.1282191" />
      <trkpt lat="46.0759290" lon="11.1282301" />
      <trkpt lat="46.0759087" lon="11.1284264" />
      <trkpt lat="46.0759068" lon="11.1285458" />
      <trkpt lat="46.0758860" lon="11.1286618" />
      <trkpt lat="46.0758202" lon="11.1289142" />
      <trkpt lat="46.0757893" lon="11.1291059" />
      <trkpt lat="46.0757939" lon="11.1293083" />
      <trkpt lat="46.0758122" lon="11.1294045" />
      <trkpt lat="46.0758601" lon="11.1295688" />
      <trkpt lat="46.0759415" lon="11.1297726" />
      <trkpt lat="46.0760013" lon="11.1299493" />
      <trkpt lat="46.0757355" lon="11.1299639" />
      <trkpt lat="46.0755864" lon="11.1299639" />
      <trkpt lat="46.0755171" lon="11.1299459" />
      <trkpt lat="46.0752345" lon="11.1297134" />
      <trkpt lat="46.0752867" lon="11.1299483" />
      <trkpt lat="46.0752802" lon="11.1300342" />
      <trkpt lat="46.0752514" lon="11.1300932" />
      <trkpt lat="46.0751825" lon="11.1301173" />
      <trkpt lat="46.0752514" lon="11.1300932" />
      <trkpt lat="46.0752802" lon="11.1300342" />
      <trkpt lat="46.0752867" lon="11.1299483" />
      <trkpt lat="46.0752345" lon="11.1297134" />
      <trkpt lat="46.0755171" lon="11.1299459" />
      <trkpt lat="46.0755864" lon="11.1299639" />
      <trkpt lat="46.0757355" lon="11.1299639" />
      <trkpt lat="46.0760013" lon="11.1299493" />
      <trkpt lat="46.0760478" lon="11.1300123" />
      <trkpt lat="46.0761724" lon="11.1300875" />
      <trkpt lat="46.0764975" lon="11.1302832" />
      <trkpt lat="46.0766298" lon="11.1303343" />
      <trkpt lat="46.0767621" lon="11.1303772" />
      <trkpt lat="46.0770168" lon="11.1304446" />
      <trkpt lat="46.0771354" lon="11.1304578" />
      <trkpt lat="46.0772788" lon="11.1304450" />
      <trkpt lat="46.0773083" lon="11.1304503" />
      <trkpt lat="46.0773671" lon="11.1304666" />
      <trkpt lat="46.0774699" lon="11.1305183" />
      <trkpt lat="46.0775462" lon="11.1305548" />
      <trkpt lat="46.0776351" lon="11.1305890" />
      <trkpt lat="46.0776813" lon="11.1306004" />
      <trkpt lat="46.0779757" lon="11.1306368" />
      <trkpt lat="46.0780404" lon="11.1306618" />
      <trkpt lat="46.0781185" lon="11.1307095" />
      <trkpt lat="46.0782004" lon="11.1307831" />
      <trkpt lat="46.0782903" lon="11.1308929" />
      <trkpt lat="46.0783495" lon="11.1309923" />
      <trkpt lat="46.0783826" lon="11.1310924" />
      <trkpt lat="46.0783974" lon="11.1311663" />
      <trkpt lat="46.0783974" lon="11.1312138" />
      <trkpt lat="46.0783917" lon="11.1312810" />
      <trkpt lat="46.0783660" lon="11.1313499" />
      <trkpt lat="46.0783263" lon="11.1314152" />
      <trkpt lat="46.0781656" lon="11.1316469" />
      <trkpt lat="46.0778386" lon="11.1320741" />
      <trkpt lat="46.0775294" lon="11.1324748" />
      <trkpt lat="46.0771637" lon="11.1328149" />
      <trkpt lat="46.0770186" lon="11.1329397" />
      <trkpt lat="46.0769450" lon="11.1330030" />
      <trkpt lat="46.0767809" lon="11.1332183" />
      <trkpt lat="46.0766631" lon="11.1334795" />
      <trkpt lat="46.0765783" lon="11.1336710" />
      <trkpt lat="46.0764380" lon="11.1339313" />
      <trkpt lat="46.0759718" lon="11.1348107" />
      <trkpt lat="46.0758328" lon="11.1350534" />
      <trkpt lat="46.0757217" lon="11.1352906" />
      <trkpt lat="46.0756583" lon="11.1351939" />
      <trkpt lat="46.0751455" lon="11.1344115" />
      <trkpt lat="46.0752879" lon="11.1342721" />
      <trkpt lat="46.0754573" lon="11.1341588" />
      <trkpt lat="46.0756662" lon="11.1340106" />
      <trkpt lat="46.0757541" lon="11.1339736" />
      <trkpt lat="46.0761737" lon="11.1335976" />
      <trkpt lat="46.0762908" lon="11.1334567" />
      <trkpt lat="46.0761737" lon="11.1335976" />
      <trkpt lat="46.0757541" lon="11.1339736" />
      <trkpt lat="46.0756662" lon="11.1340106" />
      <trkpt lat="46.0754573" lon="11.1341588" />
      <trkpt lat="46.0752879" lon="11.1342721" />
      <trkpt lat="46.0751455" lon="11.1344115" />
      <trkpt lat="46.0756583" lon="11.1351939" />
      <trkpt lat="46.0757217" lon="11.1352906" />
      <trkpt lat="46.0753457" lon="11.1361392" />
      <trkpt lat="46.0751791" lon="11.1364057" />
      <trkpt lat="46.0751588" lon="11.1365343" />
      <trkpt lat="46.0752087" lon="11.1364914" />
      <trkpt lat="46.0752612" lon="11.1364079" />
      <trkpt lat="46.0753304" lon="11.1363449" />
      <trkpt lat="46.0756051" lon="11.1362893" />
      <trkpt lat="46.0756441" lon="11.1363228" />
      <trkpt lat="46.0757653" lon="11.1363504" />
      <trkpt lat="46.0759048" lon="11.1364461" />
      <trkpt lat="46.0760750" lon="11.1365801" />
      <trkpt lat="46.0761523" lon="11.1364940" />
      <trkpt lat="46.0762305" lon="11.1364189" />
      <trkpt lat="46.0763123" lon="11.1363867" />
      <trkpt lat="46.0764128" lon="11.1363652" />
      <trkpt lat="46.0763123" lon="11.1363867" />
      <trkpt lat="46.0762305" lon="11.1364189" />
      <trkpt lat="46.0761523" lon="11.1364940" />
      <trkpt lat="46.0760750" lon="11.1365801" />
      <trkpt lat="46.0760467" lon="11.1368302" />
      <trkpt lat="46.0760330" lon="11.1369124" />
      <trkpt lat="46.0763502" lon="11.1370508" />
      <trkpt lat="46.0764423" lon="11.1370969" />
      <trkpt lat="46.0765580" lon="11.1371513" />
      <trkpt lat="46.0766725" lon="11.1372785" />
      <trkpt lat="46.0766935" lon="11.1373498" />
      <trkpt lat="46.0767083" lon="11.1374124" />
      <trkpt lat="46.0767174" lon="11.1374906" />
      <trkpt lat="46.0767118" lon="11.1375937" />
      <trkpt lat="46.0766819" lon="11.1377006" />
      <trkpt lat="46.0766113" lon="11.1379484" />
      <trkpt lat="46.0764775" lon="11.1386374" />
      <trkpt lat="46.0764695" lon="11.1386782" />
      <trkpt lat="46.0764615" lon="11.1387211" />
      <trkpt lat="46.0764266" lon="11.1389183" />
      <trkpt lat="46.0764171" lon="11.1390938" />
      <trkpt lat="46.0764172" lon="11.1391380" />
      <trkpt lat="46.0763857" lon="11.1391369" />
      <trkpt lat="46.0763877" lon="11.1391951" />
      <trkpt lat="46.0764088" lon="11.1393960" />
      <trkpt lat="46.0764612" lon="11.1396150" />
      <trkpt lat="46.0764742" lon="11.1396651" />
      <trkpt lat="46.0765879" lon="11.1400742" />
      <trkpt lat="46.0766231" lon="11.1402312" />
      <trkpt lat="46.0766243" lon="11.1403096" />
      <trkpt lat="46.0766257" lon="11.1404017" />
      <trkpt lat="46.0766172" lon="11.1405509" />
      <trkpt lat="46.0765758" lon="11.1405380" />
      <trkpt lat="46.0765342" lon="11.1407987" />
      <trkpt lat="46.0765056" lon="11.1410296" />
      <trkpt lat="46.0764838" lon="11.1411185" />
      <trkpt lat="46.0764132" lon="11.1412637" />
      <trkpt lat="46.0763915" lon="11.1413248" />
      <trkpt lat="46.0763161" lon="11.1413055" />
      <trkpt lat="46.0762668" lon="11.1412935" />
      <trkpt lat="46.0762535" lon="11.1413928" />
      <trkpt lat="46.0761314" lon="11.1413668" />
      <trkpt lat="46.0760890" lon="11.1416224" />
      <trkpt lat="46.0759723" lon="11.1415951" />
      <trkpt lat="46.0758190" lon="11.1415519" />
      <trkpt lat="46.0757322" lon="11.1415283" />
      <trkpt lat="46.0756926" lon="11.1415207" />
      <trkpt lat="46.0756521" lon="11.1415130" />
      <trkpt lat="46.0756506" lon="11.1415594" />
      <trkpt lat="46.0756475" lon="11.1415997" />
      <trkpt lat="46.0756440" lon="11.1416450" />
      <trkpt lat="46.0756328" lon="11.1417201" />
      <trkpt lat="46.0756046" lon="11.1422289" />
      <trkpt lat="46.0756022" lon="11.1422721" />
      <trkpt lat="46.0755980" lon="11.1423328" />
      <trkpt lat="46.0755791" lon="11.1427211" />
      <trkpt lat="46.0755580" lon="11.1429158" />
      <trkpt lat="46.0755493" lon="11.1429977" />
      <trkpt lat="46.0755284" lon="11.1430871" />
      <trkpt lat="46.0755124" lon="11.1431357" />
      <trkpt lat="46.0754686" lon="11.1432843" />
      <trkpt lat="46.0754593" lon="11.1433993" />
      <trkpt lat="46.0754616" lon="11.1435889" />
      <trkpt lat="46.0754514" lon="11.1436214" />
      <trkpt lat="46.0754817" lon="11.1436801" />
      <trkpt lat="46.0755076" lon="11.1437302" />
      <trkpt lat="46.0755462" lon="11.1436895" />
      <trkpt lat="46.0755710" lon="11.1436809" />
      <trkpt lat="46.0755906" lon="11.1436819" />
      <trkpt lat="46.0756018" lon="11.1436993" />
      <trkpt lat="46.0756237" lon="11.1437871" />
      <trkpt lat="46.0756479" lon="11.1438569" />
      <trkpt lat="46.0756703" lon="11.1438373" />
      <trkpt lat="46.0756966" lon="11.1438143" />
      <trkpt lat="46.0757417" lon="11.1439281" />
      <trkpt lat="46.0758515" lon="11.1441742" />
      <trkpt lat="46.0760192" lon="11.1445883" />
      <trkpt lat="46.0760538" lon="11.1447173" />
      <trkpt lat="46.0760741" lon="11.1448734" />
      <trkpt lat="46.0760741" lon="11.1450511" />
      <trkpt lat="46.0760717" lon="11.1452127" />
      <trkpt lat="46.0760260" lon="11.1455441" />
      <trkpt lat="46.0760086" lon="11.1455875" />
      <trkpt lat="46.0759781" lon="11.1458755" />
      <trkpt lat="46.0759781" lon="11.1459552" />
      <trkpt lat="46.0759502" lon="11.1459796" />
      <trkpt lat="46.0759250" lon="11.1459889" />
      <trkpt lat="46.0759194" lon="11.1462853" />
      <trkpt lat="46.0759165" lon="11.1466263" />
      <trkpt lat="46.0758593" lon="11.1465937" />
      <trkpt lat="46.0757431" lon="11.1465275" />
      <trkpt lat="46.0756208" lon="11.1464438" />
      <trkpt lat="46.0755085" lon="11.1463525" />
      <trkpt lat="46.0754784" lon="11.1463269" />
      <trkpt lat="46.0753913" lon="11.1462528" />
      <trkpt lat="46.0751825" lon="11.1459941" />
      <trkpt lat="46.0751273" lon="11.1459705" />
      <trkpt lat="46.0749748" lon="11.1459054" />
      <trkpt lat="46.0746811" lon="11.1458327" />
      <trkpt lat="46.0746487" lon="11.1458183" />
      <trkpt lat="46.0744438" lon="11.1457733" />
      <trkpt lat="46.0744115" lon="11.1457665" />
      <trkpt lat="46.0744134" lon="11.1456432" />
      <trkpt lat="46.0744132" lon="11.1455835" />
      <trkpt lat="46.0744110" lon="11.1455461" />
      <trkpt lat="46.0744076" lon="11.1454891" />
      <trkpt lat="46.0744060" lon="11.1451344" />
      <trkpt lat="46.0745178" lon="11.1449189" />
      <trkpt lat="46.0747706" lon="11.1444023" />
      <trkpt lat="46.0745178" lon="11.1449189" />
      <trkpt lat="46.0744060" lon="11.1451344" />
      <trkpt lat="46.0743412" lon="11.1451921" />
      <trkpt lat="46.0742290" lon="11.1452316" />
      <trkpt lat="46.0743123" lon="11.1453002" />
      <trkpt lat="46.0743600" lon="11.1453603" />
      <trkpt lat="46.0744076" lon="11.1454891" />
      <trkpt lat="46.0744110" lon="11.1455461" />
      <trkpt lat="46.0744132" lon="11.1455835" />
      <trkpt lat="46.0744134" lon="11.1456432" />
      <trkpt lat="46.0744115" lon="11.1457665" />
      <trkpt lat="46.0743394" lon="11.1459332" />
      <trkpt lat="46.0742112" lon="11.1462299" />
      <trkpt lat="46.0740266" lon="11.1468117" />
      <trkpt lat="46.0739112" lon="11.1469852" />
      <trkpt lat="46.0737449" lon="11.1470891" />
      <trkpt lat="46.0736122" lon="11.1471970" />
      <trkpt lat="46.0735472" lon="11.1472740" />
      <trkpt lat="46.0734074" lon="11.1474537" />
      <trkpt lat="46.0733438" lon="11.1475583" />
      <trkpt lat="46.0732805" lon="11.1477023" />
      <trkpt lat="46.0732164" lon="11.1478455" />
      <trkpt lat="46.0731986" lon="11.1479102" />
      <trkpt lat="46.0731692" lon="11.1480321" />
      <trkpt lat="46.0730830" lon="11.1483800" />
      <trkpt lat="46.0730693" lon="11.1484486" />
      <trkpt lat="46.0730060" lon="11.1484228" />
      <trkpt lat="46.0728551" lon="11.1484371" />
      <trkpt lat="46.0725687" lon="11.1484557" />
      <trkpt lat="46.0728551" lon="11.1484371" />
      <trkpt lat="46.0728294" lon="11.1485047" />
      <trkpt lat="46.0728185" lon="11.1489250" />
      <trkpt lat="46.0728176" lon="11.1491329" />
      <trkpt lat="46.0726937" lon="11.1492133" />
      <trkpt lat="46.0726104" lon="11.1492809" />
      <trkpt lat="46.0725694" lon="11.1493298" />
      <trkpt lat="46.0725553" lon="11.1493787" />
      <trkpt lat="46.0725708" lon="11.1494847" />
      <trkpt lat="46.0726161" lon="11.1496254" />
      <trkpt lat="46.0726755" lon="11.1497823" />
      <trkpt lat="46.0727730" lon="11.1499168" />
      <trkpt lat="46.0729682" lon="11.1501003" />
      <trkpt lat="46.0731947" lon="11.1502638" />
      <trkpt lat="46.0732057" lon="11.1502803" />
      <trkpt lat="46.0732329" lon="11.1503096" />
      <trkpt lat="46.0733050" lon="11.1503409" />
      <trkpt lat="46.0733836" lon="11.1503761" />
      <trkpt lat="46.0735869" lon="11.1504493" />
      <trkpt lat="46.0736142" lon="11.1504548" />
      <trkpt lat="46.0736544" lon="11.1504341" />
      <trkpt lat="46.0737739" lon="11.1503230" />
      <trkpt lat="46.0738120" lon="11.1502872" />
      <trkpt lat="46.0738382" lon="11.1502821" />
      <trkpt lat="46.0738706" lon="11.1502968" />
      <trkpt lat="46.0738862" lon="11.1503298" />
      <trkpt lat="46.0738097" lon="11.1504015" />
      <trkpt lat="46.0738137" lon="11.1504478" />
      <trkpt lat="46.0738172" lon="11.1504916" />
      <trkpt lat="46.0738242" lon="11.1505689" />
      <trkpt lat="46.0738340" lon="11.1507583" />
      <trkpt lat="46.0738384" lon="11.1509548" />
      <trkpt lat="46.0738561" lon="11.1512187" />
      <trkpt lat="46.0738513" lon="11.1512777" />
      <trkpt lat="46.0738370" lon="11.1513101" />
      <trkpt lat="46.0738265" lon="11.1513755" />
      <trkpt lat="46.0737908" lon="11.1514269" />
      <trkpt lat="46.0737470" lon="11.1514946" />
      <trkpt lat="46.0737075" lon="11.1515758" />
      <trkpt lat="46.0736738" lon="11.1516633" />
      <trkpt lat="46.0736417" lon="11.1517564" />
      <trkpt lat="46.0736296" lon="11.1517666" />
      <trkpt lat="46.0736034" lon="11.1517746" />
      <trkpt lat="46.0735772" lon="11.1518722" />
      <trkpt lat="46.0735545" lon="11.1519535" />
      <trkpt lat="46.0735422" lon="11.1520154" />
      <trkpt lat="46.0735617" lon="11.1520581" />
      <trkpt lat="46.0735681" lon="11.1520721" />
      <trkpt lat="46.0735671" lon="11.1521282" />
      <trkpt lat="46.0735702" lon="11.1523118" />
      <trkpt lat="46.0735655" lon="11.1523619" />
      <trkpt lat="46.0735518" lon="11.1524104" />
      <trkpt lat="46.0735318" lon="11.1524491" />
      <trkpt lat="46.0735081" lon="11.1524749" />
      <trkpt lat="46.0734781" lon="11.1524886" />
      <trkpt lat="46.0734450" lon="11.1524939" />
      <trkpt lat="46.0734092" lon="11.1524840" />
      <trkpt lat="46.0733808" lon="11.1524620" />
      <trkpt lat="46.0733534" lon="11.1524264" />
      <trkpt lat="46.0733371" lon="11.1523915" />
      <trkpt lat="46.0732560" lon="11.1520744" />
      <trkpt lat="46.0732376" lon="11.1520175" />
      <trkpt lat="46.0732155" lon="11.1519765" />
      <trkpt lat="46.0731534" lon="11.1518930" />
      <trkpt lat="46.0731203" lon="11.1518612" />
      <trkpt lat="46.0730908" lon="11.1518475" />
      <trkpt lat="46.0730582" lon="11.1518559" />
      <trkpt lat="46.0730350" lon="11.1518756" />
      <trkpt lat="46.0730192" lon="11.1519067" />
      <trkpt lat="46.0730139" lon="11.1519416" />
      <trkpt lat="46.0730213" lon="11.1519939" />
      <trkpt lat="46.0730350" lon="11.1520296" />
      <trkpt lat="46.0730703" lon="11.1520774" />
      <trkpt lat="46.0731687" lon="11.1521904" />
      <trkpt lat="46.0731945" lon="11.1522413" />
      <trkpt lat="46.0732113" lon="11.1523057" />
      <trkpt lat="46.0732171" lon="11.1523664" />
      <trkpt lat="46.0732103" lon="11.1524431" />
      <trkpt lat="46.0732013" lon="11.1525075" />
      <trkpt lat="46.0732018" lon="11.1525432" />
      <trkpt lat="46.0731836" lon="11.1525705" />
      <trkpt lat="46.0731592" lon="11.1526069" />
      <trkpt lat="46.0731397" lon="11.1526054" />
      <trkpt lat="46.0731187" lon="11.1526122" />
      <trkpt lat="46.0730718" lon="11.1526350" />
      <trkpt lat="46.0730029" lon="11.1526494" />
      <trkpt lat="46.0729434" lon="11.1526615" />
      <trkpt lat="46.0729050" lon="11.1526889" />
      <trkpt lat="46.0728750" lon="11.1527238" />
      <trkpt lat="46.0728561" lon="11.1527662" />
      <trkpt lat="46.0727866" lon="11.1530106" />
      <trkpt lat="46.0727769" lon="11.1529376" />
      <trkpt lat="46.0727535" lon="11.1530179" />
      <trkpt lat="46.0727280" lon="11.1530617" />
      <trkpt lat="46.0726936" lon="11.1530971" />
      <trkpt lat="46.0726183" lon="11.1531457" />
      <trkpt lat="46.0724065" lon="11.1532515" />
      <trkpt lat="46.0723550" lon="11.1532703" />
      <trkpt lat="46.0723031" lon="11.1532715" />
      <trkpt lat="46.0722488" lon="11.1532618" />
      <trkpt lat="46.0721865" lon="11.1532283" />
      <trkpt lat="46.0721321" lon="11.1531753" />
      <trkpt lat="46.0720461" lon="11.1530860" />
      <trkpt lat="46.0718046" lon="11.1528130" />
      <trkpt lat="46.0716771" lon="11.1526513" />
      <trkpt lat="46.0715614" lon="11.1524494" />
      <trkpt lat="46.0714126" lon="11.1521247" />
      <trkpt lat="46.0712050" lon="11.1516738" />
      <trkpt lat="46.0711728" lon="11.1516156" />
      <trkpt lat="46.0710902" lon="11.1514704" />
      <trkpt lat="46.0710573" lon="11.1514049" />
      <trkpt lat="46.0708692" lon="11.1510112" />
      <trkpt lat="46.0708086" lon="11.1509107" />
      <trkpt lat="46.0707679" lon="11.1508647" />
      <trkpt lat="46.0707313" lon="11.1508299" />
      <trkpt lat="46.0706940" lon="11.1508091" />
      <trkpt lat="46.0706841" lon="11.1508491" />
      <trkpt lat="46.0706302" lon="11.1508183" />
      <trkpt lat="46.0703948" lon="11.1506888" />
      <trkpt lat="46.0703191" lon="11.1506390" />
      <trkpt lat="46.0702905" lon="11.1506179" />
      <trkpt lat="46.0702593" lon="11.1507294" />
      <trkpt lat="46.0702905" lon="11.1506179" />
      <trkpt lat="46.0702058" lon="11.1505554" />
      <trkpt lat="46.0701274" lon="11.1504961" />
      <trkpt lat="46.0700765" lon="11.1504674" />
      <trkpt lat="46.0700358" lon="11.1504521" />
      <trkpt lat="46.0699858" lon="11.1504444" />
      <trkpt lat="46.0698344" lon="11.1504365" />
      <trkpt lat="46.0697391" lon="11.1504333" />
      <trkpt lat="46.0696609" lon="11.1504397" />
      <trkpt lat="46.0695523" lon="11.1504644" />
      <trkpt lat="46.0692240" lon="11.1505441" />
      <trkpt lat="46.0687878" lon="11.1506500" />
      <trkpt lat="46.0687606" lon="11.1506617" />
      <trkpt lat="46.0687412" lon="11.1506797" />
      <trkpt lat="46.0687255" lon="11.1507050" />
      <trkpt lat="46.0687174" lon="11.1507352" />
      <trkpt lat="46.0687171" lon="11.1507727" />
      <trkpt lat="46.0687211" lon="11.1507934" />
      <trkpt lat="46.0687289" lon="11.1508132" />
      <trkpt lat="46.0687175" lon="11.1508553" />
      <trkpt lat="46.0687068" lon="11.1508952" />
      <trkpt lat="46.0686889" lon="11.1508997" />
      <trkpt lat="46.0686631" lon="11.1509179" />
      <trkpt lat="46.0686415" lon="11.1509490" />
      <trkpt lat="46.0685775" lon="11.1510688" />
      <trkpt lat="46.0685265" lon="11.1510534" />
      <trkpt lat="46.0684792" lon="11.1510383" />
      <trkpt lat="46.0684749" lon="11.1509983" />
      <trkpt lat="46.0684671" lon="11.1509587" />
      <trkpt lat="46.0684501" lon="11.1509228" />
      <trkpt lat="46.0684252" lon="11.1508713" />
      <trkpt lat="46.0684130" lon="11.1508259" />
      <trkpt lat="46.0684041" lon="11.1507697" />
      <trkpt lat="46.0683881" lon="11.1507148" />
      <trkpt lat="46.0683636" lon="11.1506782" />
      <trkpt lat="46.0683190" lon="11.1506355" />
      <trkpt lat="46.0682235" lon="11.1506071" />
      <trkpt lat="46.0679034" lon="11.1505657" />
      <trkpt lat="46.0675236" lon="11.1505381" />
      <trkpt lat="46.0674365" lon="11.1505356" />
      <trkpt lat="46.0673434" lon="11.1505330" />
      <trkpt lat="46.0672500" lon="11.1505303" />
      <trkpt lat="46.0665985" lon="11.1505068" />
      <trkpt lat="46.0665330" lon="11.1505049" />
      <trkpt lat="46.0665182" lon="11.1505108" />
      <trkpt lat="46.0664747" lon="11.1506085" />
      <trkpt lat="46.0664469" lon="11.1506079" />
      <trkpt lat="46.0664220" lon="11.1506069" />
      <trkpt lat="46.0664219" lon="11.1505875" />
      <trkpt lat="46.0664166" lon="11.1505618" />
      <trkpt lat="46.0664059" lon="11.1505377" />
      <trkpt lat="46.0663917" lon="11.1505182" />
      <trkpt lat="46.0663713" lon="11.1505046" />
      <trkpt lat="46.0662351" lon="11.1504769" />
      <trkpt lat="46.0660590" lon="11.1503979" />
      <trkpt lat="46.0658090" lon="11.1503776" />
      <trkpt lat="46.0653065" lon="11.1504290" />
      <trkpt lat="46.0652921" lon="11.1504574" />
      <trkpt lat="46.0652533" lon="11.1505340" />
      <trkpt lat="46.0652663" lon="11.1505456" />
      <trkpt lat="46.0652815" lon="11.1506114" />
      <trkpt lat="46.0653216" lon="11.1506586" />
      <trkpt lat="46.0653696" lon="11.1508011" />
      <trkpt lat="46.0653722" lon="11.1509991" />
      <trkpt lat="46.0653001" lon="11.1510455" />
      <trkpt lat="46.0652909" lon="11.1517683" />
      <trkpt lat="46.0654734" lon="11.1517809" />
      <trkpt lat="46.0655311" lon="11.1518918" />
      <trkpt lat="46.0655632" lon="11.1521321" />
      <trkpt lat="46.0656378" lon="11.1522497" />
      <trkpt lat="46.0656328" lon="11.1524568" />
      <trkpt lat="46.0657341" lon="11.1525340" />
      <trkpt lat="46.0659829" lon="11.1524908" />
      <trkpt lat="46.0660283" lon="11.1524202" />
      <trkpt lat="46.0660568" lon="11.1522685" />
      <trkpt lat="46.0660283" lon="11.1524202" />
      <trkpt lat="46.0659829" lon="11.1524908" />
      <trkpt lat="46.0657341" lon="11.1525340" />
      <trkpt lat="46.0656328" lon="11.1524568" />
      <trkpt lat="46.0656328" lon="11.1527314" />
      <trkpt lat="46.0655504" lon="11.1530008" />
      <trkpt lat="46.0655485" lon="11.1530162" />
      <trkpt lat="46.0651672" lon="11.1530534" />
      <trkpt lat="46.0651430" lon="11.1530571" />
      <trkpt lat="46.0649488" lon="11.1530926" />
      <trkpt lat="46.0649376" lon="11.1530949" />
      <trkpt lat="46.0648930" lon="11.1531043" />
      <trkpt lat="46.0647679" lon="11.1527892" />
      <trkpt lat="46.0645991" lon="11.1523668" />
      <trkpt lat="46.0645389" lon="11.1522438" />
      <trkpt lat="46.0644833" lon="11.1521029" />
      <trkpt lat="46.0644477" lon="11.1521376" />
      <trkpt lat="46.0644311" lon="11.1520964" />
      <trkpt lat="46.0644128" lon="11.1520715" />
      <trkpt lat="46.0643108" lon="11.1520064" />
      <trkpt lat="46.0642656" lon="11.1519922" />
      <trkpt lat="46.0639554" lon="11.1520207" />
      <trkpt lat="46.0637433" lon="11.1520548" />
      <trkpt lat="46.0637434" lon="11.1520039" />
      <trkpt lat="46.0637433" lon="11.1520548" />
      <trkpt lat="46.0637119" lon="11.1520598" />
      <trkpt lat="46.0635887" lon="11.1520774" />
      <trkpt lat="46.0634514" lon="11.1520815" />
      <trkpt lat="46.0634180" lon="11.1520816" />
      <trkpt lat="46.0631907" lon="11.1520826" />
      <trkpt lat="46.0631383" lon="11.1520829" />
      <trkpt lat="46.0629717" lon="11.1520751" />
      <trkpt lat="46.0628707" lon="11.1520656" />
      <trkpt lat="46.0627752" lon="11.1520547" />
      <trkpt lat="46.0626422" lon="11.1520364" />
      <trkpt lat="46.0626066" lon="11.1520320" />
      <trkpt lat="46.0624724" lon="11.1520154" />
      <trkpt lat="46.0623192" lon="11.1519958" />
      <trkpt lat="46.0622787" lon="11.1519910" />
      <trkpt lat="46.0622421" lon="11.1519965" />
      <trkpt lat="46.0622012" lon="11.1520195" />
      <trkpt lat="46.0621692" lon="11.1520588" />
      <trkpt lat="46.0621438" lon="11.1521069" />
      <trkpt lat="46.0621259" lon="11.1521625" />
      <trkpt lat="46.0621033" lon="11.1521490" />
      <trkpt lat="46.0620677" lon="11.1521278" />
      <trkpt lat="46.0620734" lon="11.1521021" />
      <trkpt lat="46.0620750" lon="11.1520659" />
      <trkpt lat="46.0620658" lon="11.1519523" />
      <trkpt lat="46.0620564" lon="11.1519157" />
      <trkpt lat="46.0620429" lon="11.1518324" />
      <trkpt lat="46.0620323" lon="11.1517098" />
      <trkpt lat="46.0620343" lon="11.1515388" />
      <trkpt lat="46.0619822" lon="11.1510748" />
      <trkpt lat="46.0619587" lon="11.1509791" />
      <trkpt lat="46.0619939" lon="11.1509652" />
      <trkpt lat="46.0620155" lon="11.1509529" />
      <trkpt lat="46.0619361" lon="11.1506391" />
      <trkpt lat="46.0619308" lon="11.1505956" />
      <trkpt lat="46.0619308" lon="11.1505727" />
      <trkpt lat="46.0619399" lon="11.1505335" />
      <trkpt lat="46.0619558" lon="11.1505051" />
      <trkpt lat="46.0619775" lon="11.1504873" />
      <trkpt lat="46.0619661" lon="11.1504401" />
      <trkpt lat="46.0619538" lon="11.1503895" />
      <trkpt lat="46.0619201" lon="11.1503987" />
      <trkpt lat="46.0618830" lon="11.1504009" />
      <trkpt lat="46.0618475" lon="11.1503867" />
      <trkpt lat="46.0618278" lon="11.1503606" />
      <trkpt lat="46.0618016" lon="11.1503778" />
      <trkpt lat="46.0617717" lon="11.1503950" />
      <trkpt lat="46.0617664" lon="11.1504317" />
      <trkpt lat="46.0617554" lon="11.1504446" />
      <trkpt lat="46.0617033" lon="11.1504522" />
      <trkpt lat="46.0617066" lon="11.1504995" />
      <trkpt lat="46.0617114" lon="11.1505684" />
      <trkpt lat="46.0617066" lon="11.1504995" />
      <trkpt lat="46.0617033" lon="11.1504522" />
      <trkpt lat="46.0617554" lon="11.1504446" />
      <trkpt lat="46.0617664" lon="11.1504317" />
      <trkpt lat="46.0617717" lon="11.1503950" />
      <trkpt lat="46.0618016" lon="11.1503778" />
      <trkpt lat="46.0617813" lon="11.1503225" />
      <trkpt lat="46.0617398" lon="11.1502637" />
      <trkpt lat="46.0616458" lon="11.1502074" />
      <trkpt lat="46.0615024" lon="11.1501284" />
      <trkpt lat="46.0615070" lon="11.1500151" />
      <trkpt lat="46.0614839" lon="11.1499741" />
      <trkpt lat="46.0614742" lon="11.1496453" />
      <trkpt lat="46.0614740" lon="11.1495299" />
      <trkpt lat="46.0614736" lon="11.1492012" />
      <trkpt lat="46.0613993" lon="11.1490150" />
      <trkpt lat="46.0613120" lon="11.1489034" />
      <trkpt lat="46.0612363" lon="11.1488458" />
      <trkpt lat="46.0612183" lon="11.1488441" />
      <trkpt lat="46.0610902" lon="11.1488320" />
      <trkpt lat="46.0609970" lon="11.1487892" />
      <trkpt lat="46.0608245" lon="11.1487694" />
      <trkpt lat="46.0606710" lon="11.1487922" />
      <trkpt lat="46.0604942" lon="11.1488257" />
      <trkpt lat="46.0600382" lon="11.1487131" />
      <trkpt lat="46.0599906" lon="11.1489415" />
      <trkpt lat="46.0600382" lon="11.1487131" />
      <trkpt lat="46.0604942" lon="11.1488257" />
      <trkpt lat="46.0606710" lon="11.1487922" />
      <trkpt lat="46.0608245" lon="11.1487694" />
      <trkpt lat="46.0609970" lon="11.1487892" />
      <trkpt lat="46.0610902" lon="11.1488320" />
      <trkpt lat="46.0612183" lon="11.1488441" />
      <trkpt lat="46.0612363" lon="11.1488458" />
      <trkpt lat="46.0613120" lon="11.1489034" />
      <trkpt lat="46.0613993" lon="11.1490150" />
      <trkpt lat="46.0614736" lon="11.1492012" />
      <trkpt lat="46.0614740" lon="11.1495299" />
      <trkpt lat="46.0614742" lon="11.1496453" />
      <trkpt lat="46.0614839" lon="11.1499741" />
      <trkpt lat="46.0615070" lon="11.1500151" />
      <trkpt lat="46.0615024" lon="11.1501284" />
      <trkpt lat="46.0616458" lon="11.1502074" />
      <trkpt lat="46.0617398" lon="11.1502637" />
      <trkpt lat="46.0617813" lon="11.1503225" />
      <trkpt lat="46.0618016" lon="11.1503778" />
      <trkpt lat="46.0618278" lon="11.1503606" />
      <trkpt lat="46.0618475" lon="11.1503867" />
      <trkpt lat="46.0618830" lon="11.1504009" />
      <trkpt lat="46.0619201" lon="11.1503987" />
      <trkpt lat="46.0619538" lon="11.1503895" />
      <trkpt lat="46.0619661" lon="11.1504401" />
      <trkpt lat="46.0619775" lon="11.1504873" />
      <trkpt lat="46.0619558" lon="11.1505051" />
      <trkpt lat="46.0619399" lon="11.1505335" />
      <trkpt lat="46.0619308" lon="11.1505727" />
      <trkpt lat="46.0619308" lon="11.1505956" />
      <trkpt lat="46.0619361" lon="11.1506391" />
      <trkpt lat="46.0620155" lon="11.1509529" />
      <trkpt lat="46.0619939" lon="11.1509652" />
      <trkpt lat="46.0619587" lon="11.1509791" />
      <trkpt lat="46.0619822" lon="11.1510748" />
      <trkpt lat="46.0620343" lon="11.1515388" />
      <trkpt lat="46.0620323" lon="11.1517098" />
      <trkpt lat="46.0620429" lon="11.1518324" />
      <trkpt lat="46.0620564" lon="11.1519157" />
      <trkpt lat="46.0620658" lon="11.1519523" />
      <trkpt lat="46.0620750" lon="11.1520659" />
      <trkpt lat="46.0620734" lon="11.1521021" />
      <trkpt lat="46.0620677" lon="11.1521278" />
      <trkpt lat="46.0620487" lon="11.1521678" />
      <trkpt lat="46.0619406" lon="11.1522600" />
      <trkpt lat="46.0619067" lon="11.1522844" />
      <trkpt lat="46.0619221" lon="11.1523409" />
      <trkpt lat="46.0619386" lon="11.1523297" />
      <trkpt lat="46.0619440" lon="11.1523701" />
      <trkpt lat="46.0619683" lon="11.1525527" />
      <trkpt lat="46.0619790" lon="11.1527256" />
      <trkpt lat="46.0619514" lon="11.1531154" />
      <trkpt lat="46.0619330" lon="11.1532015" />
      <trkpt lat="46.0618714" lon="11.1532855" />
      <trkpt lat="46.0618336" lon="11.1533760" />
      <trkpt lat="46.0617982" lon="11.1535056" />
      <trkpt lat="46.0617749" lon="11.1535414" />
      <trkpt lat="46.0617437" lon="11.1535649" />
      <trkpt lat="46.0615779" lon="11.1536541" />
      <trkpt lat="46.0614456" lon="11.1537290" />
      <trkpt lat="46.0613403" lon="11.1538597" />
      <trkpt lat="46.0612757" lon="11.1539424" />
      <trkpt lat="46.0612347" lon="11.1540046" />
      <trkpt lat="46.0611922" lon="11.1541062" />
      <trkpt lat="46.0611746" lon="11.1541645" />
      <trkpt lat="46.0611705" lon="11.1542214" />
      <trkpt lat="46.0611232" lon="11.1541874" />
      <trkpt lat="46.0610889" lon="11.1542406" />
      <trkpt lat="46.0610596" lon="11.1542683" />
      <trkpt lat="46.0610280" lon="11.1542819" />
      <trkpt lat="46.0609991" lon="11.1542806" />
      <trkpt lat="46.0609245" lon="11.1542630" />
      <trkpt lat="46.0607688" lon="11.1542299" />
      <trkpt lat="46.0605737" lon="11.1541947" />
      <trkpt lat="46.0603871" lon="11.1541609" />
      <trkpt lat="46.0602548" lon="11.1541328" />
      <trkpt lat="46.0600808" lon="11.1540913" />
      <trkpt lat="46.0598187" lon="11.1540136" />
      <trkpt lat="46.0597019" lon="11.1539784" />
      <trkpt lat="46.0595724" lon="11.1539305" />
      <trkpt lat="46.0594632" lon="11.1538791" />
      <trkpt lat="46.0593356" lon="11.1538162" />
      <trkpt lat="46.0591055" lon="11.1536830" />
      <trkpt lat="46.0590218" lon="11.1536001" />
      <trkpt lat="46.0584571" lon="11.1533589" />
      <trkpt lat="46.0584209" lon="11.1533687" />
      <trkpt lat="46.0583915" lon="11.1533555" />
      <trkpt lat="46.0580892" lon="11.1532229" />
      <trkpt lat="46.0578749" lon="11.1531451" />
      <trkpt lat="46.0577755" lon="11.1531174" />
      <trkpt lat="46.0575901" lon="11.1530722" />
      <trkpt lat="46.0574813" lon="11.1530586" />
      <trkpt lat="46.0573698" lon="11.1530567" />
      <trkpt lat="46.0572771" lon="11.1530722" />
      <trkpt lat="46.0571951" lon="11.1530993" />
      <trkpt lat="46.0570397" lon="11.1531787" />
      <trkpt lat="46.0570114" lon="11.1532357" />
      <trkpt lat="46.0569615" lon="11.1532641" />
      <trkpt lat="46.0567427" lon="11.1533396" />
      <trkpt lat="46.0566712" lon="11.1533402" />
      <trkpt lat="46.0565982" lon="11.1533470" />
      <trkpt lat="46.0565811" lon="11.1533464" />
      <trkpt lat="46.0565027" lon="11.1533435" />
      <trkpt lat="46.0564661" lon="11.1533445" />
      <trkpt lat="46.0564289" lon="11.1533414" />
      <trkpt lat="46.0563657" lon="11.1533112" />
      <trkpt lat="46.0563039" lon="11.1532476" />
      <trkpt lat="46.0562370" lon="11.1531433" />
      <trkpt lat="46.0561303" lon="11.1530541" />
      <trkpt lat="46.0559828" lon="11.1530042" />
      <trkpt lat="46.0558536" lon="11.1529562" />
      <trkpt lat="46.0556853" lon="11.1529096" />
      <trkpt lat="46.0554432" lon="11.1528783" />
      <trkpt lat="46.0554145" lon="11.1528778" />
      <trkpt lat="46.0552760" lon="11.1528753" />
      <trkpt lat="46.0550896" lon="11.1528158" />
      <trkpt lat="46.0549900" lon="11.1527865" />
      <trkpt lat="46.0547002" lon="11.1527672" />
      <trkpt lat="46.0545292" lon="11.1527660" />
      <trkpt lat="46.0544579" lon="11.1527305" />
      <trkpt lat="46.0543708" lon="11.1526871" />
      <trkpt lat="46.0542714" lon="11.1525765" />
      <trkpt lat="46.0541809" lon="11.1523496" />
      <trkpt lat="46.0540313" lon="11.1518383" />
      <trkpt lat="46.0539715" lon="11.1513212" />
      <trkpt lat="46.0539145" lon="11.1511861" />
      <trkpt lat="46.0538157" lon="11.1510557" />
      <trkpt lat="46.0536909" lon="11.1508950" />
      <trkpt lat="46.0536629" lon="11.1508411" />
      <trkpt lat="46.0536621" lon="11.1508239" />
      <trkpt lat="46.0536692" lon="11.1507896" />
      <trkpt lat="46.0536040" lon="11.1507392" />
      <trkpt lat="46.0535731" lon="11.1507056" />
      <trkpt lat="46.0535162" lon="11.1506386" />
      <trkpt lat="46.0534515" lon="11.1505676" />
      <trkpt lat="46.0533025" lon="11.1504108" />
      <trkpt lat="46.0532253" lon="11.1503444" />
      <trkpt lat="46.0531587" lon="11.1502991" />
      <trkpt lat="46.0525860" lon="11.1499345" />
      <trkpt lat="46.0525174" lon="11.1498957" />
      <trkpt lat="46.0524347" lon="11.1498605" />
      <trkpt lat="46.0523224" lon="11.1498008" />
      <trkpt lat="46.0522148" lon="11.1497298" />
      <trkpt lat="46.0520224" lon="11.1495681" />
      <trkpt lat="46.0518808" lon="11.1494669" />
      <trkpt lat="46.0516810" lon="11.1493679" />
      <trkpt lat="46.0516033" lon="11.1493356" />
      <trkpt lat="46.0513737" lon="11.1492740" />
      <trkpt lat="46.0513140" lon="11.1492498" />
      <trkpt lat="46.0511922" lon="11.1491714" />
      <trkpt lat="46.0512027" lon="11.1491271" />
      <trkpt lat="46.0511804" lon="11.1491083" />
      <trkpt lat="46.0511390" lon="11.1490584" />
      <trkpt lat="46.0511100" lon="11.1489989" />
      <trkpt lat="46.0510880" lon="11.1489436" />
      <trkpt lat="46.0510631" lon="11.1488701" />
      <trkpt lat="46.0510210" lon="11.1487639" />
      <trkpt lat="46.0509192" lon="11.1485666" />
      <trkpt lat="46.0508937" lon="11.1485172" />
      <trkpt lat="46.0508624" lon="11.1484753" />
      <trkpt lat="46.0508178" lon="11.1484324" />
      <trkpt lat="46.0506465" lon="11.1482854" />
      <trkpt lat="46.0505944" lon="11.1482243" />
      <trkpt lat="46.0503714" lon="11.1479614" />
      <trkpt lat="46.0502507" lon="11.1478048" />
      <trkpt lat="46.0502187" lon="11.1477543" />
      <trkpt lat="46.0502079" lon="11.1477216" />
      <trkpt lat="46.0502090" lon="11.1476841" />
      <trkpt lat="46.0502202" lon="11.1476540" />
      <trkpt lat="46.0502370" lon="11.1476379" />
      <trkpt lat="46.0502548" lon="11.1476331" />
      <trkpt lat="46.0502521" lon="11.1475935" />
      <trkpt lat="46.0504622" lon="11.1475690" />
      <trkpt lat="46.0506845" lon="11.1475676" />
      <trkpt lat="46.0509296" lon="11.1476619" />
      <trkpt lat="46.0510119" lon="11.1476883" />
      <trkpt lat="46.0511440" lon="11.1477284" />
      <trkpt lat="46.0512269" lon="11.1477505" />
      <trkpt lat="46.0513848" lon="11.1477925" />
      <trkpt lat="46.0516156" lon="11.1478435" />
      <trkpt lat="46.0517694" lon="11.1478761" />
      <trkpt lat="46.0518778" lon="11.1479095" />
      <trkpt lat="46.0520099" lon="11.1479904" />
      <trkpt lat="46.0520386" lon="11.1480166" />
      <trkpt lat="46.0521500" lon="11.1481118" />
      <trkpt lat="46.0522684" lon="11.1481787" />
      <trkpt lat="46.0523996" lon="11.1482010" />
      <trkpt lat="46.0524335" lon="11.1481920" />
      <trkpt lat="46.0524811" lon="11.1481794" />
      <trkpt lat="46.0525560" lon="11.1481185" />
      <trkpt lat="46.0527940" lon="11.1477876" />
      <trkpt lat="46.0528179" lon="11.1477526" />
      <trkpt lat="46.0528623" lon="11.1476877" />
      <trkpt lat="46.0528960" lon="11.1476310" />
      <trkpt lat="46.0529593" lon="11.1474784" />
      <trkpt lat="46.0530526" lon="11.1471769" />
      <trkpt lat="46.0530831" lon="11.1470301" />
      <trkpt lat="46.0530771" lon="11.1467984" />
      <trkpt lat="46.0530414" lon="11.1463950" />
      <trkpt lat="46.0530112" lon="11.1459280" />
      <trkpt lat="46.0530529" lon="11.1455503" />
      <trkpt lat="46.0531065" lon="11.1451383" />
      <trkpt lat="46.0531625" lon="11.1446580" />
      <trkpt lat="46.0532134" lon="11.1442451" />
      <trkpt lat="46.0532867" lon="11.1437628" />
      <trkpt lat="46.0533474" lon="11.1433268" />
      <trkpt lat="46.0534206" lon="11.1431620" />
      <trkpt lat="46.0535909" lon="11.1430158" />
      <trkpt lat="46.0537076" lon="11.1429287" />
      <trkpt lat="46.0538360" lon="11.1429007" />
      <trkpt lat="46.0539826" lon="11.1429111" />
      <trkpt lat="46.0540920" lon="11.1429547" />
      <trkpt lat="46.0541642" lon="11.1430340" />
      <trkpt lat="46.0542754" lon="11.1431737" />
      <trkpt lat="46.0544166" lon="11.1434453" />
      <trkpt lat="46.0551776" lon="11.1450400" />
      <trkpt lat="46.0551937" lon="11.1451002" />
      <trkpt lat="46.0552070" lon="11.1453166" />
      <trkpt lat="46.0552166" lon="11.1455842" />
      <trkpt lat="46.0551949" lon="11.1462116" />
      <trkpt lat="46.0552541" lon="11.1465876" />
      <trkpt lat="46.0552973" lon="11.1467190" />
      <trkpt lat="46.0553991" lon="11.1467982" />
      <trkpt lat="46.0556722" lon="11.1470494" />
      <trkpt lat="46.0558155" lon="11.1472439" />
      <trkpt lat="46.0558848" lon="11.1474872" />
      <trkpt lat="46.0559050" lon="11.1477689" />
      <trkpt lat="46.0558651" lon="11.1489169" />
      <trkpt lat="46.0558953" lon="11.1489214" />
      <trkpt lat="46.0560940" lon="11.1489513" />
      <trkpt lat="46.0562873" lon="11.1489832" />
      <trkpt lat="46.0564645" lon="11.1490113" />
      <trkpt lat="46.0565525" lon="11.1490292" />
      <trkpt lat="46.0566784" lon="11.1490642" />
      <trkpt lat="46.0567695" lon="11.1490916" />
      <trkpt lat="46.0569403" lon="11.1491529" />
      <trkpt lat="46.0570303" lon="11.1483652" />
      <trkpt lat="46.0570740" lon="11.1478694" />
      <trkpt lat="46.0571508" lon="11.1478769" />
      <trkpt lat="46.0573299" lon="11.1479296" />
      <trkpt lat="46.0577886" lon="11.1481115" />
      <trkpt lat="46.0578130" lon="11.1481486" />
      <trkpt lat="46.0577886" lon="11.1481115" />
      <trkpt lat="46.0573299" lon="11.1479296" />
      <trkpt lat="46.0571508" lon="11.1478769" />
      <trkpt lat="46.0570740" lon="11.1478694" />
      <trkpt lat="46.0570995" lon="11.1475804" />
      <trkpt lat="46.0571704" lon="11.1469411" />
      <trkpt lat="46.0572281" lon="11.1464202" />
      <trkpt lat="46.0572455" lon="11.1461384" />
      <trkpt lat="46.0572172" lon="11.1461106" />
      <trkpt lat="46.0571412" lon="11.1458290" />
      <trkpt lat="46.0571087" lon="11.1457782" />
      <trkpt lat="46.0569784" lon="11.1457684" />
      <trkpt lat="46.0571087" lon="11.1457782" />
      <trkpt lat="46.0571412" lon="11.1458290" />
      <trkpt lat="46.0572172" lon="11.1461106" />
      <trkpt lat="46.0572455" lon="11.1461384" />
      <trkpt lat="46.0572281" lon="11.1464202" />
      <trkpt lat="46.0571704" lon="11.1469411" />
      <trkpt lat="46.0570995" lon="11.1475804" />
      <trkpt lat="46.0570740" lon="11.1478694" />
      <trkpt lat="46.0570303" lon="11.1483652" />
      <trkpt lat="46.0569403" lon="11.1491529" />
      <trkpt lat="46.0567695" lon="11.1490916" />
      <trkpt lat="46.0566784" lon="11.1490642" />
      <trkpt lat="46.0565525" lon="11.1490292" />
      <trkpt lat="46.0564645" lon="11.1490113" />
      <trkpt lat="46.0562873" lon="11.1489832" />
      <trkpt lat="46.0560940" lon="11.1489513" />
      <trkpt lat="46.0558953" lon="11.1489214" />
      <trkpt lat="46.0558651" lon="11.1489169" />
      <trkpt lat="46.0559050" lon="11.1477689" />
      <trkpt lat="46.0558848" lon="11.1474872" />
      <trkpt lat="46.0558155" lon="11.1472439" />
      <trkpt lat="46.0556722" lon="11.1470494" />
      <trkpt lat="46.0553991" lon="11.1467982" />
      <trkpt lat="46.0552973" lon="11.1467190" />
      <trkpt lat="46.0552541" lon="11.1465876" />
      <trkpt lat="46.0551949" lon="11.1462116" />
      <trkpt lat="46.0552166" lon="11.1455842" />
      <trkpt lat="46.0552070" lon="11.1453166" />
      <trkpt lat="46.0551937" lon="11.1451002" />
      <trkpt lat="46.0551776" lon="11.1450400" />
      <trkpt lat="46.0544166" lon="11.1434453" />
      <trkpt lat="46.0542754" lon="11.1431737" />
      <trkpt lat="46.0541642" lon="11.1430340" />
      <trkpt lat="46.0540920" lon="11.1429547" />
      <trkpt lat="46.0541097" lon="11.1427126" />
      <trkpt lat="46.0540872" lon="11.1424493" />
      <trkpt lat="46.0540321" lon="11.1422698" />
      <trkpt lat="46.0539041" lon="11.1420457" />
      <trkpt lat="46.0538031" lon="11.1419455" />
      <trkpt lat="46.0537290" lon="11.1418176" />
      <trkpt lat="46.0537026" lon="11.1416942" />
      <trkpt lat="46.0536486" lon="11.1410493" />
      <trkpt lat="46.0536487" lon="11.1408360" />
      <trkpt lat="46.0536830" lon="11.1406517" />
      <trkpt lat="46.0537307" lon="11.1405459" />
      <trkpt lat="46.0538081" lon="11.1404491" />
      <trkpt lat="46.0539300" lon="11.1403919" />
      <trkpt lat="46.0540409" lon="11.1403829" />
      <trkpt lat="46.0541201" lon="11.1403777" />
      <trkpt lat="46.0542306" lon="11.1403460" />
      <trkpt lat="46.0543174" lon="11.1402559" />
      <trkpt lat="46.0543987" lon="11.1400683" />
      <trkpt lat="46.0545013" lon="11.1397236" />
      <trkpt lat="46.0545711" lon="11.1396280" />
      <trkpt lat="46.0547432" lon="11.1395677" />
      <trkpt lat="46.0549025" lon="11.1395447" />
      <trkpt lat="46.0550056" lon="11.1395039" />
      <trkpt lat="46.0550774" lon="11.1394124" />
      <trkpt lat="46.0550153" lon="11.1391708" />
      <trkpt lat="46.0549668" lon="11.1390220" />
      <trkpt lat="46.0548956" lon="11.1389023" />
      <trkpt lat="46.0547727" lon="11.1386888" />
      <trkpt lat="46.0546040" lon="11.1384793" />
      <trkpt lat="46.0544660" lon="11.1382853" />
      <trkpt lat="46.0543864" lon="11.1381726" />
      <trkpt lat="46.0542750" lon="11.1380800" />
      <trkpt lat="46.0541044" lon="11.1379238" />
      <trkpt lat="46.0540300" lon="11.1376691" />
      <trkpt lat="46.0539741" lon="11.1376798" />
      <trkpt lat="46.0530670" lon="11.1373619" />
      <trkpt lat="46.0530292" lon="11.1374939" />
      <trkpt lat="46.0529847" lon="11.1375523" />
      <trkpt lat="46.0528333" lon="11.1376070" />
      <trkpt lat="46.0524253" lon="11.1376961" />
      <trkpt lat="46.0521599" lon="11.1377691" />
      <trkpt lat="46.0520139" lon="11.1378082" />
      <trkpt lat="46.0516734" lon="11.1379005" />
      <trkpt lat="46.0517246" lon="11.1379547" />
      <trkpt lat="46.0518055" lon="11.1380656" />
      <trkpt lat="46.0519264" lon="11.1381695" />
      <trkpt lat="46.0520327" lon="11.1382982" />
      <trkpt lat="46.0521582" lon="11.1383722" />
      <trkpt lat="46.0518262" lon="11.1383913" />
      <trkpt lat="46.0516936" lon="11.1384074" />
      <trkpt lat="46.0516336" lon="11.1384435" />
      <trkpt lat="46.0516840" lon="11.1385341" />
      <trkpt lat="46.0517541" lon="11.1385657" />
      <trkpt lat="46.0518208" lon="11.1386145" />
      <trkpt lat="46.0518503" lon="11.1386936" />
      <trkpt lat="46.0518590" lon="11.1387918" />
      <trkpt lat="46.0518539" lon="11.1388320" />
      <trkpt lat="46.0518590" lon="11.1387918" />
      <trkpt lat="46.0518503" lon="11.1386936" />
      <trkpt lat="46.0518208" lon="11.1386145" />
      <trkpt lat="46.0517541" lon="11.1385657" />
      <trkpt lat="46.0516840" lon="11.1385341" />
      <trkpt lat="46.0516336" lon="11.1384435" />
      <trkpt lat="46.0516936" lon="11.1384074" />
      <trkpt lat="46.0518262" lon="11.1383913" />
      <trkpt lat="46.0521582" lon="11.1383722" />
      <trkpt lat="46.0520327" lon="11.1382982" />
      <trkpt lat="46.0519264" lon="11.1381695" />
      <trkpt lat="46.0518055" lon="11.1380656" />
      <trkpt lat="46.0517246" lon="11.1379547" />
      <trkpt lat="46.0516734" lon="11.1379005" />
      <trkpt lat="46.0520139" lon="11.1378082" />
      <trkpt lat="46.0521599" lon="11.1377691" />
      <trkpt lat="46.0524253" lon="11.1376961" />
      <trkpt lat="46.0528333" lon="11.1376070" />
      <trkpt lat="46.0529847" lon="11.1375523" />
      <trkpt lat="46.0530292" lon="11.1374939" />
      <trkpt lat="46.0530670" lon="11.1373619" />
      <trkpt lat="46.0529759" lon="11.1372941" />
      <trkpt lat="46.0528715" lon="11.1372289" />
      <trkpt lat="46.0523854" lon="11.1369259" />
      <trkpt lat="46.0522544" lon="11.1369409" />
      <trkpt lat="46.0520170" lon="11.1369344" />
      <trkpt lat="46.0517455" lon="11.1369304" />
      <trkpt lat="46.0515415" lon="11.1369283" />
      <trkpt lat="46.0515548" lon="11.1368720" />
      <trkpt lat="46.0515288" lon="11.1368296" />
      <trkpt lat="46.0515033" lon="11.1367896" />
      <trkpt lat="46.0513399" lon="11.1371974" />
      <trkpt lat="46.0513129" lon="11.1372515" />
      <trkpt lat="46.0512829" lon="11.1372957" />
      <trkpt lat="46.0512447" lon="11.1373327" />
      <trkpt lat="46.0512115" lon="11.1373571" />
      <trkpt lat="46.0511708" lon="11.1373742" />
      <trkpt lat="46.0511307" lon="11.1373850" />
      <trkpt lat="46.0510794" lon="11.1373859" />
      <trkpt lat="46.0506080" lon="11.1373186" />
      <trkpt lat="46.0510794" lon="11.1373859" />
      <trkpt lat="46.0511307" lon="11.1373850" />
      <trkpt lat="46.0511708" lon="11.1373742" />
      <trkpt lat="46.0512115" lon="11.1373571" />
      <trkpt lat="46.0512447" lon="11.1373327" />
      <trkpt lat="46.0512829" lon="11.1372957" />
      <trkpt lat="46.0513129" lon="11.1372515" />
      <trkpt lat="46.0513399" lon="11.1371974" />
      <trkpt lat="46.0515033" lon="11.1367896" />
      <trkpt lat="46.0516354" lon="11.1364756" />
      <trkpt lat="46.0516817" lon="11.1363868" />
      <trkpt lat="46.0516986" lon="11.1363611" />
      <trkpt lat="46.0517233" lon="11.1363261" />
      <trkpt lat="46.0517054" lon="11.1362797" />
      <trkpt lat="46.0516861" lon="11.1362323" />
      <trkpt lat="46.0515951" lon="11.1361272" />
      <trkpt lat="46.0513669" lon="11.1361208" />
      <trkpt lat="46.0512923" lon="11.1360782" />
      <trkpt lat="46.0512578" lon="11.1360021" />
      <trkpt lat="46.0512773" lon="11.1357976" />
      <trkpt lat="46.0512768" lon="11.1357493" />
      <trkpt lat="46.0512633" lon="11.1357024" />
      <trkpt lat="46.0512316" lon="11.1356491" />
      <trkpt lat="46.0511126" lon="11.1354486" />
      <trkpt lat="46.0511726" lon="11.1354355" />
      <trkpt lat="46.0512350" lon="11.1354388" />
      <trkpt lat="46.0512771" lon="11.1354471" />
      <trkpt lat="46.0512927" lon="11.1354502" />
      <trkpt lat="46.0513415" lon="11.1354643" />
      <trkpt lat="46.0513913" lon="11.1354824" />
      <trkpt lat="46.0514267" lon="11.1354911" />
      <trkpt lat="46.0514486" lon="11.1354884" />
      <trkpt lat="46.0516181" lon="11.1354545" />
      <trkpt lat="46.0517464" lon="11.1354388" />
      <trkpt lat="46.0518465" lon="11.1354429" />
      <trkpt lat="46.0519172" lon="11.1354536" />
      <trkpt lat="46.0519916" lon="11.1354672" />
      <trkpt lat="46.0520461" lon="11.1354986" />
      <trkpt lat="46.0521030" lon="11.1355030" />
      <trkpt lat="46.0521741" lon="11.1354428" />
      <trkpt lat="46.0522187" lon="11.1354053" />
      <trkpt lat="46.0522783" lon="11.1353798" />
      <trkpt lat="46.0523056" lon="11.1353774" />
      <trkpt lat="46.0524202" lon="11.1353671" />
      <trkpt lat="46.0524565" lon="11.1353610" />
      <trkpt lat="46.0524924" lon="11.1353443" />
      <trkpt lat="46.0525189" lon="11.1353128" />
      <trkpt lat="46.0525394" lon="11.1352450" />
      <trkpt lat="46.0525599" lon="11.1351619" />
      <trkpt lat="46.0525743" lon="11.1350734" />
      <trkpt lat="46.0525859" lon="11.1349091" />
      <trkpt lat="46.0525952" lon="11.1348672" />
      <trkpt lat="46.0526129" lon="11.1347877" />
      <trkpt lat="46.0526557" lon="11.1346201" />
      <trkpt lat="46.0527013" lon="11.1345141" />
      <trkpt lat="46.0527739" lon="11.1343686" />
      <trkpt lat="46.0528251" lon="11.1342701" />
      <trkpt lat="46.0528841" lon="11.1341805" />
      <trkpt lat="46.0528972" lon="11.1341594" />
      <trkpt lat="46.0529515" lon="11.1340881" />
      <trkpt lat="46.0530270" lon="11.1340089" />
      <trkpt lat="46.0530491" lon="11.1339857" />
      <trkpt lat="46.0531985" lon="11.1338745" />
      <trkpt lat="46.0532310" lon="11.1338530" />
      <trkpt lat="46.0532917" lon="11.1338139" />
      <trkpt lat="46.0533497" lon="11.1337597" />
      <trkpt lat="46.0533160" lon="11.1337172" />
      <trkpt lat="46.0532889" lon="11.1336562" />
      <trkpt lat="46.0532841" lon="11.1335893" />
      <trkpt lat="46.0532950" lon="11.1335122" />
      <trkpt lat="46.0533096" lon="11.1334206" />
      <trkpt lat="46.0533190" lon="11.1333545" />
      <trkpt lat="46.0533264" lon="11.1333021" />
      <trkpt lat="46.0533376" lon="11.1332233" />
      <trkpt lat="46.0533411" lon="11.1330833" />
      <trkpt lat="46.0533401" lon="11.1329688" />
      <trkpt lat="46.0533213" lon="11.1326102" />
      <trkpt lat="46.0533163" lon="11.1324654" />
      <trkpt lat="46.0533123" lon="11.1323914" />
      <trkpt lat="46.0526937" lon="11.1324304" />
      <trkpt lat="46.0523797" lon="11.1324502" />
      <trkpt lat="46.0521408" lon="11.1324653" />
      <trkpt lat="46.0521483" lon="11.1326638" />
      <trkpt lat="46.0517667" lon="11.1326819" />
      <trkpt lat="46.0517955" lon="11.1331366" />
      <trkpt lat="46.0516379" lon="11.1331578" />
      <trkpt lat="46.0516431" lon="11.1332253" />
      <trkpt lat="46.0515900" lon="11.1332294" />
      <trkpt lat="46.0515905" lon="11.1332647" />
      <trkpt lat="46.0515909" lon="11.1332908" />
      <trkpt lat="46.0515163" lon="11.1333085" />
      <trkpt lat="46.0513483" lon="11.1332952" />
      <trkpt lat="46.0512674" lon="11.1332755" />
      <trkpt lat="46.0511158" lon="11.1332384" />
      <trkpt lat="46.0510285" lon="11.1332094" />
      <trkpt lat="46.0509357" lon="11.1331640" />
      <trkpt lat="46.0508895" lon="11.1331565" />
      <trkpt lat="46.0508729" lon="11.1331538" />
      <trkpt lat="46.0507730" lon="11.1331215" />
      <trkpt lat="46.0507195" lon="11.1331051" />
      <trkpt lat="46.0502197" lon="11.1329521" />
      <trkpt lat="46.0501616" lon="11.1329343" />
      <trkpt lat="46.0501134" lon="11.1328643" />
      <trkpt lat="46.0501230" lon="11.1329261" />
      <trkpt lat="46.0501351" lon="11.1329789" />
      <trkpt lat="46.0501602" lon="11.1331724" />
      <trkpt lat="46.0501364" lon="11.1337277" />
      <trkpt lat="46.0501208" lon="11.1337942" />
      <trkpt lat="46.0500903" lon="11.1338230" />
      <trkpt lat="46.0500387" lon="11.1338228" />
      <trkpt lat="46.0500330" lon="11.1338962" />
      <trkpt lat="46.0494235" lon="11.1337634" />
      <trkpt lat="46.0493838" lon="11.1337567" />
      <trkpt lat="46.0493808" lon="11.1337955" />
      <trkpt lat="46.0494460" lon="11.1338026" />
      <trkpt lat="46.0494537" lon="11.1338107" />
      <trkpt lat="46.0494564" lon="11.1338197" />
      <trkpt lat="46.0494583" lon="11.1338646" />
      <trkpt lat="46.0494616" lon="11.1339527" />
      <trkpt lat="46.0494638" lon="11.1340087" />
      <trkpt lat="46.0494112" lon="11.1340250" />
      <trkpt lat="46.0493803" lon="11.1340440" />
      <trkpt lat="46.0493754" lon="11.1340470" />
      <trkpt lat="46.0493238" lon="11.1340841" />
      <trkpt lat="46.0492638" lon="11.1341463" />
      <trkpt lat="46.0492191" lon="11.1342055" />
      <trkpt lat="46.0491912" lon="11.1342647" />
      <trkpt lat="46.0491638" lon="11.1343421" />
      <trkpt lat="46.0491459" lon="11.1344073" />
      <trkpt lat="46.0491401" lon="11.1344559" />
      <trkpt lat="46.0491216" lon="11.1346103" />
      <trkpt lat="46.0491416" lon="11.1346902" />
      <trkpt lat="46.0491675" lon="11.1346964" />
      <trkpt lat="46.0490890" lon="11.1347149" />
      <trkpt lat="46.0491675" lon="11.1346964" />
      <trkpt lat="46.0491416" lon="11.1346902" />
      <trkpt lat="46.0491216" lon="11.1346103" />
      <trkpt lat="46.0491401" lon="11.1344559" />
      <trkpt lat="46.0491459" lon="11.1344073" />
      <trkpt lat="46.0491638" lon="11.1343421" />
      <trkpt lat="46.0491912" lon="11.1342647" />
      <trkpt lat="46.0492191" lon="11.1342055" />
      <trkpt lat="46.0492638" lon="11.1341463" />
      <trkpt lat="46.0493238" lon="11.1340841" />
      <trkpt lat="46.0493754" lon="11.1340470" />
      <trkpt lat="46.0493803" lon="11.1340440" />
      <trkpt lat="46.0493627" lon="11.1340288" />
      <trkpt lat="46.0493417" lon="11.1340151" />
      <trkpt lat="46.0493107" lon="11.1340014" />
      <trkpt lat="46.0492738" lon="11.1339907" />
      <trkpt lat="46.0489591" lon="11.1339523" />
      <trkpt lat="46.0489262" lon="11.1339482" />
      <trkpt lat="46.0488939" lon="11.1339443" />
      <trkpt lat="46.0488820" lon="11.1339469" />
      <trkpt lat="46.0488436" lon="11.1339442" />
      <trkpt lat="46.0487909" lon="11.1339405" />
      <trkpt lat="46.0485696" lon="11.1339072" />
      <trkpt lat="46.0485266" lon="11.1339007" />
      <trkpt lat="46.0484594" lon="11.1338906" />
      <trkpt lat="46.0483555" lon="11.1338687" />
      <trkpt lat="46.0483571" lon="11.1338228" />
      <trkpt lat="46.0483586" lon="11.1337653" />
      <trkpt lat="46.0482687" lon="11.1337457" />
      <trkpt lat="46.0482352" lon="11.1337431" />
      <trkpt lat="46.0482247" lon="11.1337423" />
      <trkpt lat="46.0481440" lon="11.1337219" />
      <trkpt lat="46.0481076" lon="11.1337058" />
      <trkpt lat="46.0479896" lon="11.1336471" />
      <trkpt lat="46.0479199" lon="11.1335890" />
      <trkpt lat="46.0478570" lon="11.1335143" />
      <trkpt lat="46.0477721" lon="11.1333938" />
      <trkpt lat="46.0476749" lon="11.1332558" />
      <trkpt lat="46.0475193" lon="11.1330306" />
      <trkpt lat="46.0472798" lon="11.1326839" />
      <trkpt lat="46.0472738" lon="11.1326699" />
      <trkpt lat="46.0472739" lon="11.1326546" />
      <trkpt lat="46.0472803" lon="11.1326372" />
      <trkpt lat="46.0473166" lon="11.1325752" />
      <trkpt lat="46.0472964" lon="11.1325248" />
      <trkpt lat="46.0472772" lon="11.1324778" />
      <trkpt lat="46.0472367" lon="11.1325000" />
      <trkpt lat="46.0471703" lon="11.1325070" />
      <trkpt lat="46.0471127" lon="11.1325000" />
      <trkpt lat="46.0470560" lon="11.1324895" />
      <trkpt lat="46.0469734" lon="11.1324813" />
      <trkpt lat="46.0464143" lon="11.1325047" />
      <trkpt lat="46.0456974" lon="11.1325300" />
      <trkpt lat="46.0456613" lon="11.1325312" />
      <trkpt lat="46.0455091" lon="11.1325362" />
      <trkpt lat="46.0454678" lon="11.1325233" />
      <trkpt lat="46.0454410" lon="11.1324971" />
      <trkpt lat="46.0454106" lon="11.1324410" />
      <trkpt lat="46.0454005" lon="11.1323844" />
      <trkpt lat="46.0453973" lon="11.1322898" />
      <trkpt lat="46.0454169" lon="11.1322549" />
      <trkpt lat="46.0454167" lon="11.1320143" />
      <trkpt lat="46.0453956" lon="11.1316967" />
      <trkpt lat="46.0453870" lon="11.1313318" />
      <trkpt lat="46.0453959" lon="11.1313101" />
      <trkpt lat="46.0454119" lon="11.1312825" />
      <trkpt lat="46.0454366" lon="11.1312628" />
      <trkpt lat="46.0454640" lon="11.1312618" />
      <trkpt lat="46.0454862" lon="11.1312610" />
      <trkpt lat="46.0455013" lon="11.1312790" />
      <trkpt lat="46.0458279" lon="11.1312689" />
      <trkpt lat="46.0464087" lon="11.1311562" />
      <trkpt lat="46.0464899" lon="11.1311609" />
      <trkpt lat="46.0479514" lon="11.1312520" />
      <trkpt lat="46.0480328" lon="11.1312564" />
      <trkpt lat="46.0485563" lon="11.1312850" />
      <trkpt lat="46.0485666" lon="11.1312716" />
      <trkpt lat="46.0486569" lon="11.1312755" />
      <trkpt lat="46.0488080" lon="11.1312819" />
      <trkpt lat="46.0487972" lon="11.1313022" />
      <trkpt lat="46.0486443" lon="11.1314570" />
      <trkpt lat="46.0483563" lon="11.1315838" />
      <trkpt lat="46.0482484" lon="11.1316612" />
      <trkpt lat="46.0481425" lon="11.1318194" />
      <trkpt lat="46.0480580" lon="11.1320104" />
      <trkpt lat="46.0480341" lon="11.1320526" />
      <trkpt lat="46.0479408" lon="11.1321350" />
      <trkpt lat="46.0480341" lon="11.1320526" />
      <trkpt lat="46.0480580" lon="11.1320104" />
      <trkpt lat="46.0481425" lon="11.1318194" />
      <trkpt lat="46.0482484" lon="11.1316612" />
      <trkpt lat="46.0483563" lon="11.1315838" />
      <trkpt lat="46.0486443" lon="11.1314570" />
      <trkpt lat="46.0487972" lon="11.1313022" />
      <trkpt lat="46.0488080" lon="11.1312819" />
      <trkpt lat="46.0486569" lon="11.1312755" />
      <trkpt lat="46.0485666" lon="11.1312716" />
      <trkpt lat="46.0485563" lon="11.1312850" />
      <trkpt lat="46.0480328" lon="11.1312564" />
      <trkpt lat="46.0480333" lon="11.1312385" />
      <trkpt lat="46.0480343" lon="11.1312064" />
      <trkpt lat="46.0480198" lon="11.1312054" />
      <trkpt lat="46.0480135" lon="11.1312049" />
      <trkpt lat="46.0479764" lon="11.1312022" />
      <trkpt lat="46.0478542" lon="11.1311924" />
      <trkpt lat="46.0478566" lon="11.1311328" />
      <trkpt lat="46.0478587" lon="11.1310782" />
      <trkpt lat="46.0475483" lon="11.1310533" />
      <trkpt lat="46.0474350" lon="11.1310450" />
      <trkpt lat="46.0473089" lon="11.1310359" />
      <trkpt lat="46.0473103" lon="11.1309468" />
      <trkpt lat="46.0473211" lon="11.1303610" />
      <trkpt lat="46.0472169" lon="11.1303643" />
      <trkpt lat="46.0468530" lon="11.1303754" />
      <trkpt lat="46.0465624" lon="11.1303842" />
      <trkpt lat="46.0468530" lon="11.1303754" />
      <trkpt lat="46.0472169" lon="11.1303643" />
      <trkpt lat="46.0473211" lon="11.1303610" />
      <trkpt lat="46.0474453" lon="11.1303574" />
      <trkpt lat="46.0474357" lon="11.1309596" />
      <trkpt lat="46.0474350" lon="11.1310450" />
      <trkpt lat="46.0473089" lon="11.1310359" />
      <trkpt lat="46.0470718" lon="11.1310186" />
      <trkpt lat="46.0470697" lon="11.1309925" />
      <trkpt lat="46.0470523" lon="11.1309594" />
      <trkpt lat="46.0470244" lon="11.1309308" />
      <trkpt lat="46.0466775" lon="11.1309040" />
      <trkpt lat="46.0466595" lon="11.1309120" />
      <trkpt lat="46.0466464" lon="11.1309317" />
      <trkpt lat="46.0466407" lon="11.1309907" />
      <trkpt lat="46.0464609" lon="11.1309777" />
      <trkpt lat="46.0463261" lon="11.1309639" />
      <trkpt lat="46.0459489" lon="11.1309254" />
      <trkpt lat="46.0456986" lon="11.1309225" />
      <trkpt lat="46.0455286" lon="11.1309445" />
      <trkpt lat="46.0454804" lon="11.1309507" />
      <trkpt lat="46.0453453" lon="11.1309492" />
      <trkpt lat="46.0452495" lon="11.1309552" />
      <trkpt lat="46.0451873" lon="11.1309749" />
      <trkpt lat="46.0451612" lon="11.1309565" />
      <trkpt lat="46.0449818" lon="11.1308415" />
      <trkpt lat="46.0449359" lon="11.1309679" />
      <trkpt lat="46.0448789" lon="11.1307330" />
      <trkpt lat="46.0448745" lon="11.1306624" />
      <trkpt lat="46.0448805" lon="11.1306192" />
      <trkpt lat="46.0449032" lon="11.1305600" />
      <trkpt lat="46.0448639" lon="11.1304388" />
      <trkpt lat="46.0448510" lon="11.1304010" />
      <trkpt lat="46.0448272" lon="11.1303694" />
      <trkpt lat="46.0447917" lon="11.1303567" />
      <trkpt lat="46.0447098" lon="11.1303578" />
      <trkpt lat="46.0444771" lon="11.1303557" />
      <trkpt lat="46.0444617" lon="11.1303439" />
      <trkpt lat="46.0444378" lon="11.1303240" />
      <trkpt lat="46.0444227" lon="11.1302865" />
      <trkpt lat="46.0444102" lon="11.1302599" />
      <trkpt lat="46.0444073" lon="11.1302052" />
      <trkpt lat="46.0444082" lon="11.1300304" />
      <trkpt lat="46.0444086" lon="11.1296607" />
      <trkpt lat="46.0444091" lon="11.1293426" />
      <trkpt lat="46.0444108" lon="11.1288855" />
      <trkpt lat="46.0444052" lon="11.1283833" />
      <trkpt lat="46.0443591" lon="11.1283208" />
      <trkpt lat="46.0444648" lon="11.1282597" />
      <trkpt lat="46.0445704" lon="11.1282048" />
      <trkpt lat="46.0446630" lon="11.1281687" />
      <trkpt lat="46.0447369" lon="11.1281400" />
      <trkpt lat="46.0449190" lon="11.1280890" />
      <trkpt lat="46.0451053" lon="11.1280509" />
      <trkpt lat="46.0455610" lon="11.1279621" />
      <trkpt lat="46.0459161" lon="11.1278924" />
      <trkpt lat="46.0464160" lon="11.1278007" />
      <trkpt lat="46.0468295" lon="11.1277134" />
      <trkpt lat="46.0471948" lon="11.1275589" />
      <trkpt lat="46.0472455" lon="11.1274890" />
      <trkpt lat="46.0472704" lon="11.1274268" />
      <trkpt lat="46.0472756" lon="11.1273719" />
      <trkpt lat="46.0472904" lon="11.1273207" />
      <trkpt lat="46.0472732" lon="11.1272583" />
      <trkpt lat="46.0472371" lon="11.1271715" />
      <trkpt lat="46.0470836" lon="11.1269791" />
      <trkpt lat="46.0470164" lon="11.1268904" />
      <trkpt lat="46.0469672" lon="11.1268054" />
      <trkpt lat="46.0469424" lon="11.1267390" />
      <trkpt lat="46.0469375" lon="11.1266500" />
      <trkpt lat="46.0469356" lon="11.1262241" />
      <trkpt lat="46.0469337" lon="11.1258014" />
      <trkpt lat="46.0469231" lon="11.1256836" />
      <trkpt lat="46.0468934" lon="11.1255825" />
      <trkpt lat="46.0468542" lon="11.1254845" />
      <trkpt lat="46.0468087" lon="11.1253951" />
      <trkpt lat="46.0467991" lon="11.1253753" />
      <trkpt lat="46.0467129" lon="11.1251980" />
      <trkpt lat="46.0466025" lon="11.1249906" />
      <trkpt lat="46.0465589" lon="11.1249408" />
      <trkpt lat="46.0464899" lon="11.1248852" />
      <trkpt lat="46.0464395" lon="11.1248609" />
      <trkpt lat="46.0463578" lon="11.1248466" />
      <trkpt lat="46.0462766" lon="11.1248857" />
      <trkpt lat="46.0461804" lon="11.1249499" />
      <trkpt lat="46.0457735" lon="11.1252464" />
      <trkpt lat="46.0456218" lon="11.1253537" />
      <trkpt lat="46.0455470" lon="11.1253988" />
      <trkpt lat="46.0454361" lon="11.1254219" />
      <trkpt lat="46.0453715" lon="11.1254044" />
      <trkpt lat="46.0452926" lon="11.1253462" />
      <trkpt lat="46.0452529" lon="11.1253548" />
      <trkpt lat="46.0451498" lon="11.1253731" />
      <trkpt lat="46.0450801" lon="11.1253516" />
      <trkpt lat="46.0447750" lon="11.1252576" />
      <trkpt lat="46.0436524" lon="11.1249439" />
      <trkpt lat="46.0447750" lon="11.1252576" />
      <trkpt lat="46.0450801" lon="11.1253516" />
      <trkpt lat="46.0451498" lon="11.1253731" />
      <trkpt lat="46.0452529" lon="11.1253548" />
      <trkpt lat="46.0452136" lon="11.1252592" />
      <trkpt lat="46.0451834" lon="11.1251311" />
      <trkpt lat="46.0451703" lon="11.1250238" />
      <trkpt lat="46.0450144" lon="11.1236177" />
      <trkpt lat="46.0449348" lon="11.1228901" />
      <trkpt lat="46.0448787" lon="11.1224321" />
      <trkpt lat="46.0447933" lon="11.1219919" />
      <trkpt lat="46.0447510" lon="11.1219310" />
      <trkpt lat="46.0447145" lon="11.1219096" />
      <trkpt lat="46.0446748" lon="11.1218941" />
      <trkpt lat="46.0446772" lon="11.1218092" />
      <trkpt lat="46.0445864" lon="11.1218361" />
      <trkpt lat="46.0445266" lon="11.1218796" />
      <trkpt lat="46.0434956" lon="11.1226858" />
      <trkpt lat="46.0434357" lon="11.1227243" />
      <trkpt lat="46.0433423" lon="11.1227844" />
      <trkpt lat="46.0429312" lon="11.1230237" />
      <trkpt lat="46.0425148" lon="11.1232427" />
      <trkpt lat="46.0423041" lon="11.1233408" />
      <trkpt lat="46.0421014" lon="11.1234686" />
      <trkpt lat="46.0420080" lon="11.1235382" />
      <trkpt lat="46.0420268" lon="11.1236159" />
      <trkpt lat="46.0419608" lon="11.1236562" />
      <trkpt lat="46.0419048" lon="11.1236809" />
      <trkpt lat="46.0418533" lon="11.1236981" />
      <trkpt lat="46.0415794" lon="11.1237696" />
      <trkpt lat="46.0414739" lon="11.1237971" />
      <trkpt lat="46.0414656" lon="11.1237234" />
      <trkpt lat="46.0413623" lon="11.1237508" />
      <trkpt lat="46.0413022" lon="11.1237654" />
      <trkpt lat="46.0412927" lon="11.1236725" />
      <trkpt lat="46.0412901" lon="11.1236465" />
      <trkpt lat="46.0412773" lon="11.1235188" />
      <trkpt lat="46.0412796" lon="11.1233995" />
      <trkpt lat="46.0412810" lon="11.1233282" />
      <trkpt lat="46.0406333" lon="11.1232945" />
      <trkpt lat="46.0406610" lon="11.1221147" />
      <trkpt lat="46.0403881" lon="11.1221031" />
      <trkpt lat="46.0403025" lon="11.1221249" />
      <trkpt lat="46.0401677" lon="11.1222786" />
      <trkpt lat="46.0400280" lon="11.1224388" />
      <trkpt lat="46.0401677" lon="11.1222786" />
      <trkpt lat="46.0403025" lon="11.1221249" />
      <trkpt lat="46.0403043" lon="11.1220433" />
      <trkpt lat="46.0403066" lon="11.1219346" />
      <trkpt lat="46.0403091" lon="11.1218227" />
      <trkpt lat="46.0404092" lon="11.1217119" />
      <trkpt lat="46.0408327" lon="11.1212542" />
      <trkpt lat="46.0414377" lon="11.1205977" />
      <trkpt lat="46.0419070" lon="11.1200924" />
      <trkpt lat="46.0427072" lon="11.1192159" />
      <trkpt lat="46.0427326" lon="11.1192116" />
      <trkpt lat="46.0427335" lon="11.1191163" />
      <trkpt lat="46.0427455" lon="11.1190317" />
      <trkpt lat="46.0429383" lon="11.1188010" />
      <trkpt lat="46.0428308" lon="11.1188267" />
      <trkpt lat="46.0434776" lon="11.1181060" />
      <trkpt lat="46.0434987" lon="11.1180778" />
      <trkpt lat="46.0437128" lon="11.1178452" />
      <trkpt lat="46.0439706" lon="11.1175655" />
      <trkpt lat="46.0441981" lon="11.1173889" />
      <trkpt lat="46.0442362" lon="11.1173594" />
      <trkpt lat="46.0444290" lon="11.1172242" />
      <trkpt lat="46.0445228" lon="11.1171788" />
      <trkpt lat="46.0448542" lon="11.1170258" />
      <trkpt lat="46.0450349" lon="11.1169732" />
      <trkpt lat="46.0453067" lon="11.1168820" />
      <trkpt lat="46.0455543" lon="11.1167537" />
      <trkpt lat="46.0457336" lon="11.1166323" />
      <trkpt lat="46.0458566" lon="11.1165445" />
      <trkpt lat="46.0460249" lon="11.1164080" />
      <trkpt lat="46.0460500" lon="11.1163831" />
      <trkpt lat="46.0462417" lon="11.1161932" />
      <trkpt lat="46.0463543" lon="11.1160808" />
      <trkpt lat="46.0465276" lon="11.1159256" />
      <trkpt lat="46.0467577" lon="11.1157519" />
      <trkpt lat="46.0468477" lon="11.1157134" />
      <trkpt lat="46.0469465" lon="11.1157068" />
      <trkpt lat="46.0470750" lon="11.1157393" />
      <trkpt lat="46.0475903" lon="11.1160684" />
      <trkpt lat="46.0478037" lon="11.1162024" />
      <trkpt lat="46.0484025" lon="11.1165690" />
      <trkpt lat="46.0485354" lon="11.1166336" />
      <trkpt lat="46.0486338" lon="11.1166733" />
      <trkpt lat="46.0487759" lon="11.1167132" />
      <trkpt lat="46.0491346" lon="11.1168004" />
      <trkpt lat="46.0492150" lon="11.1168189" />
      <trkpt lat="46.0493163" lon="11.1168418" />
      <trkpt lat="46.0494570" lon="11.1168735" />
      <trkpt lat="46.0499659" lon="11.1169915" />
      <trkpt lat="46.0501093" lon="11.1170103" />
      <trkpt lat="46.0502440" lon="11.1169928" />
      <trkpt lat="46.0503869" lon="11.1169743" />
      <trkpt lat="46.0505650" lon="11.1169532" />
      <trkpt lat="46.0506154" lon="11.1169749" />
      <trkpt lat="46.0510895" lon="11.1171791" />
      <trkpt lat="46.0511940" lon="11.1172266" />
      <trkpt lat="46.0514167" lon="11.1173220" />
      <trkpt lat="46.0517069" lon="11.1174438" />
      <trkpt lat="46.0517604" lon="11.1174283" />
      <trkpt lat="46.0518065" lon="11.1174190" />
      <trkpt lat="46.0518590" lon="11.1173859" />
      <trkpt lat="46.0519106" lon="11.1173235" />
      <trkpt lat="46.0519619" lon="11.1172675" />
      <trkpt lat="46.0519818" lon="11.1172080" />
      <trkpt lat="46.0520147" lon="11.1171543" />
      <trkpt lat="46.0520567" lon="11.1171161" />
      <trkpt lat="46.0521045" lon="11.1170964" />
      <trkpt lat="46.0521542" lon="11.1170970" />
      <trkpt lat="46.0522018" lon="11.1171176" />
      <trkpt lat="46.0522434" lon="11.1171568" />
      <trkpt lat="46.0523117" lon="11.1171565" />
      <trkpt lat="46.0523798" lon="11.1171538" />
      <trkpt lat="46.0525103" lon="11.1171376" />
      <trkpt lat="46.0526588" lon="11.1170695" />
      <trkpt lat="46.0532885" lon="11.1167806" />
      <trkpt lat="46.0533575" lon="11.1167489" />
      <trkpt lat="46.0539046" lon="11.1165510" />
      <trkpt lat="46.0545052" lon="11.1164223" />
      <trkpt lat="46.0546197" lon="11.1163964" />
      <trkpt lat="46.0550688" lon="11.1163289" />
      <trkpt lat="46.0551639" lon="11.1163218" />
      <trkpt lat="46.0555115" lon="11.1162741" />
      <trkpt lat="46.0559355" lon="11.1162139" />
      <trkpt lat="46.0561956" lon="11.1161794" />
      <trkpt lat="46.0569145" lon="11.1160769" />
      <trkpt lat="46.0571742" lon="11.1160341" />
      <trkpt lat="46.0572289" lon="11.1160278" />
      <trkpt lat="46.0572305" lon="11.1160775" />
      <trkpt lat="46.0572519" lon="11.1160740" />
      <trkpt lat="46.0572817" lon="11.1160970" />
      <trkpt lat="46.0572914" lon="11.1161286" />
      <trkpt lat="46.0573161" lon="11.1163155" />
      <trkpt lat="46.0574610" lon="11.1174088" />
      <trkpt lat="46.0574996" lon="11.1174023" />
      <trkpt lat="46.0575083" lon="11.1174670" />
      <trkpt lat="46.0575196" lon="11.1175314" />
      <trkpt lat="46.0575472" lon="11.1177681" />
      <trkpt lat="46.0575548" lon="11.1178704" />
      <trkpt lat="46.0575707" lon="11.1179766" />
      <trkpt lat="46.0575892" lon="11.1180991" />
      <trkpt lat="46.0576072" lon="11.1181799" />
      <trkpt lat="46.0576401" lon="11.1182566" />
      <trkpt lat="46.0576447" lon="11.1182638" />
      <trkpt lat="46.0577239" lon="11.1182964" />
      <trkpt lat="46.0578751" lon="11.1183545" />
      <trkpt lat="46.0581253" lon="11.1184338" />
      <trkpt lat="46.0582425" lon="11.1184751" />
      <trkpt lat="46.0583485" lon="11.1185236" />
      <trkpt lat="46.0587177" lon="11.1187043" />
      <trkpt lat="46.0588322" lon="11.1187355" />
      <trkpt lat="46.0588847" lon="11.1187594" />
      <trkpt lat="46.0589322" lon="11.1187836" />
      <trkpt lat="46.0590518" lon="11.1188453" />
      <trkpt lat="46.0591365" lon="11.1188813" />
      <trkpt lat="46.0595023" lon="11.1190133" />
      <trkpt lat="46.0595285" lon="11.1190200" />
      <trkpt lat="46.0595475" lon="11.1190228" />
      <trkpt lat="46.0595976" lon="11.1190150" />
      <trkpt lat="46.0596290" lon="11.1190015" />
      <trkpt lat="46.0596505" lon="11.1189922" />
      <trkpt lat="46.0596707" lon="11.1189779" />
      <trkpt lat="46.0597099" lon="11.1189477" />
      <trkpt lat="46.0597686" lon="11.1188841" />
      <trkpt lat="46.0597610" lon="11.1189180" />
      <trkpt lat="46.0597588" lon="11.1189534" />
      <trkpt lat="46.0597619" lon="11.1189886" />
      <trkpt lat="46.0597704" lon="11.1190220" />
      <trkpt lat="46.0597837" lon="11.1190519" />
      <trkpt lat="46.0598078" lon="11.1190827" />
      <trkpt lat="46.0598231" lon="11.1190964" />
      <trkpt lat="46.0598436" lon="11.1191105" />
      <trkpt lat="46.0598769" lon="11.1191229" />
      <trkpt lat="46.0598960" lon="11.1191215" />
      <trkpt lat="46.0599180" lon="11.1191142" />
      <trkpt lat="46.0599402" lon="11.1191022" />
      <trkpt lat="46.0600050" lon="11.1190980" />
      <trkpt lat="46.0600799" lon="11.1190896" />
      <trkpt lat="46.0600867" lon="11.1191288" />
      <trkpt lat="46.0601553" lon="11.1191074" />
      <trkpt lat="46.0602616" lon="11.1190818" />
      <trkpt lat="46.0603482" lon="11.1190677" />
      <trkpt lat="46.0604273" lon="11.1190622" />
      <trkpt lat="46.0608526" lon="11.1190619" />
      <trkpt lat="46.0612990" lon="11.1190543" />
      <trkpt lat="46.0613694" lon="11.1190543" />
      <trkpt lat="46.0615069" lon="11.1190521" />
      <trkpt lat="46.0616406" lon="11.1190502" />
      <trkpt lat="46.0616509" lon="11.1190508" />
      <trkpt lat="46.0616935" lon="11.1190533" />
      <trkpt lat="46.0619071" lon="11.1190949" />
      <trkpt lat="46.0622174" lon="11.1191455" />
      <trkpt lat="46.0623035" lon="11.1191514" />
      <trkpt lat="46.0623681" lon="11.1191475" />
      <trkpt lat="46.0624147" lon="11.1191413" />
      <trkpt lat="46.0624700" lon="11.1191342" />
      <trkpt lat="46.0630592" lon="11.1190898" />
      <trkpt lat="46.0631138" lon="11.1191169" />
      <trkpt lat="46.0632355" lon="11.1191948" />
      <trkpt lat="46.0635446" lon="11.1194350" />
      <trkpt lat="46.0635551" lon="11.1194431" />
      <trkpt lat="46.0635681" lon="11.1196328" />
      <trkpt lat="46.0635700" lon="11.1196605" />
      <trkpt lat="46.0635728" lon="11.1197002" />
      <trkpt lat="46.0635783" lon="11.1197799" />
      <trkpt lat="46.0636003" lon="11.1197751" />
      <trkpt lat="46.0636202" lon="11.1197707" />
      <trkpt lat="46.0638171" lon="11.1197277" />
      <trkpt lat="46.0638376" lon="11.1197232" />
      <trkpt lat="46.0638574" lon="11.1197189" />
      <trkpt lat="46.0639165" lon="11.1197060" />
      <trkpt lat="46.0641474" lon="11.1196563" />
      <trkpt lat="46.0641708" lon="11.1196512" />
      <trkpt lat="46.0642270" lon="11.1196399" />
      <trkpt lat="46.0642591" lon="11.1196322" />
      <trkpt lat="46.0643459" lon="11.1196135" />
      <trkpt lat="46.0643852" lon="11.1196053" />
      <trkpt lat="46.0643978" lon="11.1196024" />
      <trkpt lat="46.0644295" lon="11.1195955" />
      <trkpt lat="46.0644531" lon="11.1195906" />
      <trkpt lat="46.0644817" lon="11.1195841" />
      <trkpt lat="46.0645264" lon="11.1195740" />
      <trkpt lat="46.0646833" lon="11.1195354" />
      <trkpt lat="46.0647060" lon="11.1195298" />
      <trkpt lat="46.0647339" lon="11.1195230" />
      <trkpt lat="46.0652460" lon="11.1194078" />
      <trkpt lat="46.0652508" lon="11.1194546" />
      <trkpt lat="46.0652785" lon="11.1194480" />
      <trkpt lat="46.0653303" lon="11.1194356" />
      <trkpt lat="46.0653264" lon="11.1193970" />
      <trkpt lat="46.0653328" lon="11.1193958" />
      <trkpt lat="46.0658652" lon="11.1192840" />
      <trkpt lat="46.0659053" lon="11.1192886" />
      <trkpt lat="46.0659594" lon="11.1192947" />
      <trkpt lat="46.0660439" lon="11.1192766" />
      <trkpt lat="46.0660727" lon="11.1192704" />
      <trkpt lat="46.0661009" lon="11.1192643" />
      <trkpt lat="46.0665858" lon="11.1191592" />
      <trkpt lat="46.0666065" lon="11.1191557" />
      <trkpt lat="46.0666874" lon="11.1191354" />
      <trkpt lat="46.0667377" lon="11.1191227" />
      <trkpt lat="46.0667536" lon="11.1191108" />
      <trkpt lat="46.0671957" lon="11.1190146" />
      <trkpt lat="46.0672074" lon="11.1190231" />
      <trkpt lat="46.0674052" lon="11.1189817" />
      <trkpt lat="46.0674209" lon="11.1189726" />
      <trkpt lat="46.0677305" lon="11.1189102" />
      <trkpt lat="46.0677487" lon="11.1188977" />
      <trkpt lat="46.0679056" lon="11.1188635" />
      <trkpt lat="46.0679423" lon="11.1188555" />
      <trkpt lat="46.0683411" lon="11.1187902" />
      <trkpt lat="46.0684199" lon="11.1187854" />
      <trkpt lat="46.0684165" lon="11.1187327" />
      <trkpt lat="46.0684245" lon="11.1187328" />
      <trkpt lat="46.0684756" lon="11.1187320" />
      <trkpt lat="46.0685256" lon="11.1187261" />
      <trkpt lat="46.0686577" lon="11.1186973" />
      <trkpt lat="46.0686992" lon="11.1186809" />
      <trkpt lat="46.0688008" lon="11.1186481" />
      <trkpt lat="46.0689449" lon="11.1186015" />
      <trkpt lat="46.0690320" lon="11.1185750" />
      <trkpt lat="46.0692756" lon="11.1185147" />
      <trkpt lat="46.0693153" lon="11.1185044" />
      <trkpt lat="46.0693622" lon="11.1184902" />
      <trkpt lat="46.0694212" lon="11.1184664" />
      <trkpt lat="46.0695558" lon="11.1183976" />
      <trkpt lat="46.0696180" lon="11.1183567" />
      <trkpt lat="46.0697546" lon="11.1182695" />
      <trkpt lat="46.0698110" lon="11.1182381" />
      <trkpt lat="46.0698295" lon="11.1182314" />
      <trkpt lat="46.0698226" lon="11.1181539" />
      <trkpt lat="46.0698227" lon="11.1180755" />
      <trkpt lat="46.0698565" lon="11.1180693" />
      <trkpt lat="46.0698926" lon="11.1180856" />
      <trkpt lat="46.0699602" lon="11.1180863" />
      <trkpt lat="46.0699644" lon="11.1181025" />
      <trkpt lat="46.0699803" lon="11.1181633" />
      <trkpt lat="46.0700084" lon="11.1181540" />
      <trkpt lat="46.0699905" lon="11.1180483" />
      <trkpt lat="46.0699871" lon="11.1179668" />
      <trkpt lat="46.0699908" lon="11.1179414" />
      <trkpt lat="46.0700269" lon="11.1179061" />
      <trkpt lat="46.0700294" lon="11.1178856" />
      <trkpt lat="46.0700305" lon="11.1178362" />
      <trkpt lat="46.0700369" lon="11.1177882" />
      <trkpt lat="46.0700431" lon="11.1177476" />
      <trkpt lat="46.0700527" lon="11.1177069" />
      <trkpt lat="46.0700861" lon="11.1176034" />
      <trkpt lat="46.0701805" lon="11.1173050" />
      <trkpt lat="46.0702169" lon="11.1171918" />
      <trkpt lat="46.0702287" lon="11.1171541" />
      <trkpt lat="46.0702367" lon="11.1170213" />
      <trkpt lat="46.0702292" lon="11.1169470" />
      <trkpt lat="46.0702123" lon="11.1168786" />
      <trkpt lat="46.0701743" lon="11.1167917" />
      <trkpt lat="46.0701363" lon="11.1167225" />
      <trkpt lat="46.0701165" lon="11.1166890" />
      <trkpt lat="46.0700680" lon="11.1166069" />
      <trkpt lat="46.0700236" lon="11.1165374" />
      <trkpt lat="46.0700000" lon="11.1164941" />
      <trkpt lat="46.0699495" lon="11.1164167" />
      <trkpt lat="46.0699295" lon="11.1163939" />
      <trkpt lat="46.0698035" lon="11.1162762" />
      <trkpt lat="46.0696531" lon="11.1161456" />
      <trkpt lat="46.0695837" lon="11.1160774" />
      <trkpt lat="46.0694825" lon="11.1159653" />
      <trkpt lat="46.0693849" lon="11.1158089" />
      <trkpt lat="46.0694235" lon="11.1157469" />
      <trkpt lat="46.0694630" lon="11.1156868" />
      <trkpt lat="46.0695555" lon="11.1157924" />
      <trkpt lat="46.0696120" lon="11.1158421" />
      <trkpt lat="46.0696409" lon="11.1158489" />
      <trkpt lat="46.0696957" lon="11.1158516" />
      <trkpt lat="46.0697290" lon="11.1158495" />
      <trkpt lat="46.0697948" lon="11.1158159" />
      <trkpt lat="46.0698507" lon="11.1157710" />
      <trkpt lat="46.0698998" lon="11.1157127" />
      <trkpt lat="46.0699151" lon="11.1156990" />
      <trkpt lat="46.0702467" lon="11.1144529" />
      <trkpt lat="46.0702508" lon="11.1144356" />
      <trkpt lat="46.0702894" lon="11.1144548" />
      <trkpt lat="46.0703300" lon="11.1144739" />
      <trkpt lat="46.0703420" lon="11.1144768" />
      <trkpt lat="46.0703535" lon="11.1144784" />
      <trkpt lat="46.0703770" lon="11.1144800" />
      <trkpt lat="46.0704564" lon="11.1145311" />
      <trkpt lat="46.0705116" lon="11.1145755" />
      <trkpt lat="46.0707833" lon="11.1147994" />
      <trkpt lat="46.0708045" lon="11.1148160" />
      <trkpt lat="46.0708009" lon="11.1148281" />
      <trkpt lat="46.0707959" lon="11.1148434" />
      <trkpt lat="46.0708185" lon="11.1148581" />
      <trkpt lat="46.0709446" lon="11.1149414" />
      <trkpt lat="46.0711622" lon="11.1150542" />
      <trkpt lat="46.0711800" lon="11.1150634" />
      <trkpt lat="46.0712489" lon="11.1150973" />
      <trkpt lat="46.0714713" lon="11.1152069" />
      <trkpt lat="46.0714751" lon="11.1151881" />
      <trkpt lat="46.0714778" lon="11.1151767" />
      <trkpt lat="46.0715462" lon="11.1151968" />
      <trkpt lat="46.0716701" lon="11.1152371" />
      <trkpt lat="46.0716777" lon="11.1151800" />
      <trkpt lat="46.0715565" lon="11.1151446" />
      <trkpt lat="46.0716005" lon="11.1150685" />
      <trkpt lat="46.0716461" lon="11.1150144" />
      <trkpt lat="46.0715524" lon="11.1145972" />
      <trkpt lat="46.0714292" lon="11.1140880" />
      <trkpt lat="46.0714095" lon="11.1139887" />
      <trkpt lat="46.0713979" lon="11.1138918" />
      <trkpt lat="46.0713938" lon="11.1138528" />
      <trkpt lat="46.0713602" lon="11.1138424" />
      <trkpt lat="46.0713254" lon="11.1136882" />
      <trkpt lat="46.0713398" lon="11.1136831" />
      <trkpt lat="46.0713294" lon="11.1136394" />
      <trkpt lat="46.0713250" lon="11.1136230" />
      <trkpt lat="46.0713211" lon="11.1136075" />
      <trkpt lat="46.0712858" lon="11.1134671" />
      <trkpt lat="46.0712590" lon="11.1133721" />
      <trkpt lat="46.0712260" lon="11.1132822" />
      <trkpt lat="46.0711916" lon="11.1131957" />
      <trkpt lat="46.0711659" lon="11.1131444" />
      <trkpt lat="46.0711426" lon="11.1130964" />
      <trkpt lat="46.0710044" lon="11.1128120" />
      <trkpt lat="46.0709759" lon="11.1127520" />
      <trkpt lat="46.0708906" lon="11.1125624" />
      <trkpt lat="46.0708645" lon="11.1125010" />
      <trkpt lat="46.0708272" lon="11.1124134" />
      <trkpt lat="46.0707388" lon="11.1122047" />
      <trkpt lat="46.0707116" lon="11.1121405" />
      <trkpt lat="46.0706788" lon="11.1120416" />
      <trkpt lat="46.0706390" lon="11.1118595" />
      <trkpt lat="46.0706025" lon="11.1118700" />
      <trkpt lat="46.0705292" lon="11.1118991" />
      <trkpt lat="46.0705169" lon="11.1118466" />
      <trkpt lat="46.0705047" lon="11.1117917" />
      <trkpt lat="46.0704958" lon="11.1117395" />
      <trkpt lat="46.0705106" lon="11.1117214" />
      <trkpt lat="46.0705136" lon="11.1116151" />
      <trkpt lat="46.0705187" lon="11.1114760" />
      <trkpt lat="46.0705257" lon="11.1113296" />
      <trkpt lat="46.0705361" lon="11.1111626" />
      <trkpt lat="46.0705413" lon="11.1111003" />
      <trkpt lat="46.0705787" lon="11.1108167" />
      <trkpt lat="46.0705938" lon="11.1107384" />
      <trkpt lat="46.0706014" lon="11.1107079" />
      <trkpt lat="46.0706362" lon="11.1107149" />
      <trkpt lat="46.0706562" lon="11.1106262" />
      <trkpt lat="46.0706692" lon="11.1105778" />
      <trkpt lat="46.0707208" lon="11.1103771" />
      <trkpt lat="46.0708044" lon="11.1101298" />
      <trkpt lat="46.0708699" lon="11.1099676" />
      <trkpt lat="46.0708898" lon="11.1099156" />
      <trkpt lat="46.0709758" lon="11.1097204" />
      <trkpt lat="46.0710472" lon="11.1095792" />
      <trkpt lat="46.0710922" lon="11.1094943" />
      <trkpt lat="46.0713762" lon="11.1089573" />
      <trkpt lat="46.0714398" lon="11.1088371" />
      <trkpt lat="46.0714759" lon="11.1087687" />
      <trkpt lat="46.0716956" lon="11.1083682" />
      <trkpt lat="46.0718427" lon="11.1081567" />
      <trkpt lat="46.0721237" lon="11.1078214" />
      <trkpt lat="46.0725572" lon="11.1073568" />
      <trkpt lat="46.0725875" lon="11.1073177" />
      <trkpt lat="46.0726076" lon="11.1072787" />
      <trkpt lat="46.0726278" lon="11.1072317" />
      <trkpt lat="46.0726430" lon="11.1071846" />
      <trkpt lat="46.0726664" lon="11.1070611" />
      <trkpt lat="46.0727016" lon="11.1068147" />
      <trkpt lat="46.0727248" lon="11.1067023" />
      <trkpt lat="46.0727592" lon="11.1065954" />
      <trkpt lat="46.0727777" lon="11.1065370" />
      <trkpt lat="46.0728000" lon="11.1064839" />
      <trkpt lat="46.0728539" lon="11.1063993" />
      <trkpt lat="46.0729383" lon="11.1063107" />
      <trkpt lat="46.0730228" lon="11.1062328" />
      <trkpt lat="46.0731749" lon="11.1061013" />
      <trkpt lat="46.0732200" lon="11.1060497" />
      <trkpt lat="46.0732529" lon="11.1059914" />
      <trkpt lat="46.0733083" lon="11.1058057" />
      <trkpt lat="46.0733780" lon="11.1055867" />
      <trkpt lat="46.0734030" lon="11.1055081" />
      <trkpt lat="46.0733756" lon="11.1055039" />
      <trkpt lat="46.0733551" lon="11.1055019" />
      <trkpt lat="46.0732163" lon="11.1055082" />
      <trkpt lat="46.0732021" lon="11.1055067" />
      <trkpt lat="46.0731860" lon="11.1055039" />
      <trkpt lat="46.0731631" lon="11.1054990" />
      <trkpt lat="46.0731436" lon="11.1055008" />
      <trkpt lat="46.0730665" lon="11.1055186" />
      <trkpt lat="46.0729591" lon="11.1055567" />
      <trkpt lat="46.0728648" lon="11.1056031" />
      <trkpt lat="46.0727759" lon="11.1056658" />
      <trkpt lat="46.0726814" lon="11.1057606" />
      <trkpt lat="46.0724810" lon="11.1060040" />
      <trkpt lat="46.0722893" lon="11.1062431" />
      <trkpt lat="46.0722320" lon="11.1062946" />
      <trkpt lat="46.0721887" lon="11.1063259" />
      <trkpt lat="46.0721134" lon="11.1063618" />
      <trkpt lat="46.0720068" lon="11.1064030" />
      <trkpt lat="46.0718550" lon="11.1064816" />
      <trkpt lat="46.0716749" lon="11.1066140" />
      <trkpt lat="46.0715860" lon="11.1067126" />
      <trkpt lat="46.0714814" lon="11.1068834" />
      <trkpt lat="46.0713812" lon="11.1070307" />
      <trkpt lat="46.0713099" lon="11.1071258" />
      <trkpt lat="46.0711960" lon="11.1072143" />
      <trkpt lat="46.0711537" lon="11.1072441" />
      <trkpt lat="46.0711289" lon="11.1072599" />
      <trkpt lat="46.0711111" lon="11.1072710" />
      <trkpt lat="46.0710934" lon="11.1072680" />
      <trkpt lat="46.0710770" lon="11.1072479" />
      <trkpt lat="46.0710690" lon="11.1072037" />
      <trkpt lat="46.0710615" lon="11.1071404" />
      <trkpt lat="46.0710658" lon="11.1069633" />
      <trkpt lat="46.0710817" lon="11.1067605" />
      <trkpt lat="46.0710883" lon="11.1066279" />
      <trkpt lat="46.0710837" lon="11.1065577" />
      <trkpt lat="46.0710809" lon="11.1064921" />
      <trkpt lat="46.0710684" lon="11.1064607" />
      <trkpt lat="46.0710494" lon="11.1064437" />
      <trkpt lat="46.0710283" lon="11.1064457" />
      <trkpt lat="46.0710111" lon="11.1064552" />
      <trkpt lat="46.0709871" lon="11.1064903" />
      <trkpt lat="46.0709263" lon="11.1066278" />
      <trkpt lat="46.0708036" lon="11.1069156" />
      <trkpt lat="46.0707602" lon="11.1069849" />
      <trkpt lat="46.0707164" lon="11.1070232" />
      <trkpt lat="46.0706614" lon="11.1070494" />
      <trkpt lat="46.0705938" lon="11.1070578" />
      <trkpt lat="46.0704786" lon="11.1070412" />
      <trkpt lat="46.0704616" lon="11.1070376" />
      <trkpt lat="46.0703531" lon="11.1070145" />
      <trkpt lat="46.0701850" lon="11.1069673" />
      <trkpt lat="46.0700588" lon="11.1069583" />
      <trkpt lat="46.0699614" lon="11.1069641" />
      <trkpt lat="46.0698625" lon="11.1069881" />
      <trkpt lat="46.0697499" lon="11.1070222" />
      <trkpt lat="46.0695976" lon="11.1070935" />
      <trkpt lat="46.0693760" lon="11.1071472" />
      <trkpt lat="46.0693400" lon="11.1071582" />
      <trkpt lat="46.0693068" lon="11.1071693" />
      <trkpt lat="46.0692312" lon="11.1072155" />
      <trkpt lat="46.0691696" lon="11.1072500" />
      <trkpt lat="46.0690932" lon="11.1072988" />
      <trkpt lat="46.0690168" lon="11.1073557" />
      <trkpt lat="46.0688622" lon="11.1075004" />
      <trkpt lat="46.0688082" lon="11.1075421" />
      <trkpt lat="46.0687738" lon="11.1075589" />
      <trkpt lat="46.0687394" lon="11.1075677" />
      <trkpt lat="46.0686934" lon="11.1075740" />
      <trkpt lat="46.0686447" lon="11.1075803" />
      <trkpt lat="46.0686015" lon="11.1075826" />
      <trkpt lat="46.0685535" lon="11.1075311" />
      <trkpt lat="46.0685256" lon="11.1075181" />
      <trkpt lat="46.0684967" lon="11.1075124" />
      <trkpt lat="46.0683847" lon="11.1075034" />
      <trkpt lat="46.0683283" lon="11.1074975" />
      <trkpt lat="46.0682737" lon="11.1074876" />
      <trkpt lat="46.0682524" lon="11.1074809" />
      <trkpt lat="46.0682329" lon="11.1074716" />
      <trkpt lat="46.0682120" lon="11.1074616" />
      <trkpt lat="46.0681917" lon="11.1074463" />
      <trkpt lat="46.0681553" lon="11.1074176" />
      <trkpt lat="46.0681310" lon="11.1073754" />
      <trkpt lat="46.0681183" lon="11.1073154" />
      <trkpt lat="46.0681148" lon="11.1072581" />
      <trkpt lat="46.0681195" lon="11.1072104" />
      <trkpt lat="46.0681470" lon="11.1070863" />
      <trkpt lat="46.0682040" lon="11.1069284" />
      <trkpt lat="46.0683067" lon="11.1066073" />
      <trkpt lat="46.0683645" lon="11.1065071" />
      <trkpt lat="46.0684760" lon="11.1063648" />
      <trkpt lat="46.0686694" lon="11.1061956" />
      <trkpt lat="46.0687224" lon="11.1061567" />
      <trkpt lat="46.0688261" lon="11.1060842" />
      <trkpt lat="46.0689842" lon="11.1059706" />
      <trkpt lat="46.0690852" lon="11.1058820" />
      <trkpt lat="46.0691825" lon="11.1057870" />
      <trkpt lat="46.0692859" lon="11.1056815" />
      <trkpt lat="46.0693881" lon="11.1055711" />
      <trkpt lat="46.0695004" lon="11.1054396" />
      <trkpt lat="46.0696858" lon="11.1051996" />
      <trkpt lat="46.0698882" lon="11.1049319" />
      <trkpt lat="46.0701332" lon="11.1044844" />
      <trkpt lat="46.0702867" lon="11.1041664" />
      <trkpt lat="46.0704134" lon="11.1039409" />
      <trkpt lat="46.0705532" lon="11.1036813" />
      <trkpt lat="46.0706023" lon="11.1035620" />
      <trkpt lat="46.0706430" lon="11.1033996" />
      <trkpt lat="46.0707010" lon="11.1031222" />
      <trkpt lat="46.0707314" lon="11.1029432" />
      <trkpt lat="46.0707433" lon="11.1028468" />
      <trkpt lat="46.0707477" lon="11.1027477" />
      <trkpt lat="46.0707310" lon="11.1025970" />
      <trkpt lat="46.0707030" lon="11.1024570" />
      <trkpt lat="46.0706688" lon="11.1023018" />
      <trkpt lat="46.0706005" lon="11.1020906" />
      <trkpt lat="46.0705247" lon="11.1018477" />
      <trkpt lat="46.0704085" lon="11.1015229" />
      <trkpt lat="46.0703765" lon="11.1014293" />
      <trkpt lat="46.0703411" lon="11.1013284" />
      <trkpt lat="46.0703096" lon="11.1012312" />
      <trkpt lat="46.0702877" lon="11.1011920" />
      <trkpt lat="46.0702640" lon="11.1011432" />
      <trkpt lat="46.0702203" lon="11.1010374" />
      <trkpt lat="46.0701573" lon="11.1009235" />
      <trkpt lat="46.0700914" lon="11.1008042" />
      <trkpt lat="46.0699289" lon="11.1005161" />
      <trkpt lat="46.0698023" lon="11.1002888" />
      <trkpt lat="46.0696153" lon="11.0999783" />
      <trkpt lat="46.0695571" lon="11.0998708" />
      <trkpt lat="46.0695248" lon="11.0998000" />
      <trkpt lat="46.0695098" lon="11.0997291" />
      <trkpt lat="46.0695205" lon="11.0996503" />
      <trkpt lat="46.0695406" lon="11.0995716" />
      <trkpt lat="46.0695490" lon="11.0994281" />
      <trkpt lat="46.0694504" lon="11.0993347" />
      <trkpt lat="46.0693686" lon="11.0992625" />
      <trkpt lat="46.0692802" lon="11.0991893" />
      <trkpt lat="46.0692038" lon="11.0990748" />
      <trkpt lat="46.0691109" lon="11.0989366" />
      <trkpt lat="46.0690463" lon="11.0987718" />
      <trkpt lat="46.0690159" lon="11.0986376" />
      <trkpt lat="46.0690047" lon="11.0985142" />
      <trkpt lat="46.0690272" lon="11.0983266" />
      <trkpt lat="46.0690609" lon="11.0981876" />
      <trkpt lat="46.0691056" lon="11.0980416" />
      <trkpt lat="46.0691688" lon="11.0978561" />
      <trkpt lat="46.0692184" lon="11.0977308" />
      <trkpt lat="46.0692525" lon="11.0976526" />
      <trkpt lat="46.0693365" lon="11.0974971" />
      <trkpt lat="46.0694334" lon="11.0972864" />
      <trkpt lat="46.0695303" lon="11.0971000" />
      <trkpt lat="46.0695803" lon="11.0969896" />
      <trkpt lat="46.0695718" lon="11.0969794" />
      <trkpt lat="46.0695401" lon="11.0969899" />
      <trkpt lat="46.0695186" lon="11.0969926" />
      <trkpt lat="46.0694713" lon="11.0970339" />
      <trkpt lat="46.0693755" lon="11.0971444" />
      <trkpt lat="46.0692617" lon="11.0972357" />
      <trkpt lat="46.0691399" lon="11.0973305" />
      <trkpt lat="46.0690306" lon="11.0973712" />
      <trkpt lat="46.0689499" lon="11.0973754" />
      <trkpt lat="46.0688816" lon="11.0973826" />
      <trkpt lat="46.0686842" lon="11.0974144" />
      <trkpt lat="46.0685646" lon="11.0974613" />
      <trkpt lat="46.0684366" lon="11.0975826" />
      <trkpt lat="46.0682689" lon="11.0977092" />
      <trkpt lat="46.0681766" lon="11.0977835" />
      <trkpt lat="46.0681204" lon="11.0978229" />
      <trkpt lat="46.0678624" lon="11.0979606" />
      <trkpt lat="46.0677721" lon="11.0980020" />
      <trkpt lat="46.0676765" lon="11.0980472" />
      <trkpt lat="46.0675492" lon="11.0981059" />
      <trkpt lat="46.0674771" lon="11.0981565" />
      <trkpt lat="46.0673903" lon="11.0982400" />
      <trkpt lat="46.0672698" lon="11.0983294" />
      <trkpt lat="46.0671470" lon="11.0983637" />
      <trkpt lat="46.0670758" lon="11.0983761" />
      <trkpt lat="46.0670317" lon="11.0983896" />
      <trkpt lat="46.0669556" lon="11.0984128" />
      <trkpt lat="46.0668666" lon="11.0984645" />
      <trkpt lat="46.0667176" lon="11.0985492" />
      <trkpt lat="46.0666499" lon="11.0986085" />
      <trkpt lat="46.0664977" lon="11.0987229" />
      <trkpt lat="46.0664493" lon="11.0987849" />
      <trkpt lat="46.0664054" lon="11.0988681" />
      <trkpt lat="46.0663804" lon="11.0989597" />
      <trkpt lat="46.0663674" lon="11.0990604" />
      <trkpt lat="46.0663693" lon="11.0991486" />
      <trkpt lat="46.0664022" lon="11.0993084" />
      <trkpt lat="46.0664006" lon="11.0993615" />
      <trkpt lat="46.0663874" lon="11.0994028" />
      <trkpt lat="46.0663535" lon="11.0994354" />
      <trkpt lat="46.0663194" lon="11.0994536" />
      <trkpt lat="46.0662792" lon="11.0994496" />
      <trkpt lat="46.0662348" lon="11.0994102" />
      <trkpt lat="46.0661947" lon="11.0993482" />
      <trkpt lat="46.0661284" lon="11.0992431" />
      <trkpt lat="46.0660976" lon="11.0992057" />
      <trkpt lat="46.0660597" lon="11.0991665" />
      <trkpt lat="46.0660321" lon="11.0991487" />
      <trkpt lat="46.0660010" lon="11.0991385" />
      <trkpt lat="46.0658914" lon="11.0991295" />
      <trkpt lat="46.0657811" lon="11.0991232" />
      <trkpt lat="46.0656875" lon="11.0991031" />
      <trkpt lat="46.0656389" lon="11.0990974" />
      <trkpt lat="46.0656251" lon="11.0990934" />
      <trkpt lat="46.0656168" lon="11.0990873" />
      <trkpt lat="46.0656030" lon="11.0990723" />
      <trkpt lat="46.0655912" lon="11.0990439" />
      <trkpt lat="46.0655693" lon="11.0989723" />
      <trkpt lat="46.0655432" lon="11.0988847" />
      <trkpt lat="46.0655426" lon="11.0988748" />
      <trkpt lat="46.0655443" lon="11.0988648" />
      <trkpt lat="46.0655482" lon="11.0988476" />
      <trkpt lat="46.0655613" lon="11.0988108" />
      <trkpt lat="46.0655362" lon="11.0987850" />
      <trkpt lat="46.0655138" lon="11.0987618" />
      <trkpt lat="46.0654875" lon="11.0987260" />
      <trkpt lat="46.0652589" lon="11.0983599" />
      <trkpt lat="46.0650490" lon="11.0980363" />
      <trkpt lat="46.0650045" lon="11.0979043" />
      <trkpt lat="46.0649851" lon="11.0978239" />
      <trkpt lat="46.0649542" lon="11.0976742" />
      <trkpt lat="46.0649520" lon="11.0976640" />
      <trkpt lat="46.0649103" lon="11.0975166" />
      <trkpt lat="46.0648700" lon="11.0973972" />
      <trkpt lat="46.0647783" lon="11.0971979" />
      <trkpt lat="46.0647684" lon="11.0971782" />
      <trkpt lat="46.0646739" lon="11.0969900" />
      <trkpt lat="46.0646225" lon="11.0968931" />
      <trkpt lat="46.0645957" lon="11.0968383" />
      <trkpt lat="46.0643438" lon="11.0968678" />
      <trkpt lat="46.0643157" lon="11.0968702" />
      <trkpt lat="46.0642839" lon="11.0968699" />
      <trkpt lat="46.0641882" lon="11.0968652" />
      <trkpt lat="46.0640557" lon="11.0968587" />
      <trkpt lat="46.0639044" lon="11.0968514" />
      <trkpt lat="46.0638783" lon="11.0968501" />
      <trkpt lat="46.0638570" lon="11.0968491" />
      <trkpt lat="46.0637412" lon="11.0968432" />
      <trkpt lat="46.0635938" lon="11.0968308" />
      <trkpt lat="46.0635901" lon="11.0966156" />
      <trkpt lat="46.0635912" lon="11.0965479" />
      <trkpt lat="46.0633537" lon="11.0964671" />
      <trkpt lat="46.0633450" lon="11.0964574" />
      <trkpt lat="46.0633342" lon="11.0964521" />
      <trkpt lat="46.0633005" lon="11.0964419" />
      <trkpt lat="46.0632728" lon="11.0964340" />
      <trkpt lat="46.0632574" lon="11.0964276" />
      <trkpt lat="46.0632502" lon="11.0964246" />
      <trkpt lat="46.0631555" lon="11.0963738" />
      <trkpt lat="46.0631264" lon="11.0963552" />
      <trkpt lat="46.0630799" lon="11.0963374" />
      <trkpt lat="46.0629276" lon="11.0963363" />
      <trkpt lat="46.0628107" lon="11.0964742" />
      <trkpt lat="46.0627571" lon="11.0965131" />
      <trkpt lat="46.0627374" lon="11.0965210" />
      <trkpt lat="46.0626832" lon="11.0965426" />
      <trkpt lat="46.0626402" lon="11.0965591" />
      <trkpt lat="46.0626045" lon="11.0965710" />
      <trkpt lat="46.0625459" lon="11.0965723" />
      <trkpt lat="46.0625294" lon="11.0965701" />
      <trkpt lat="46.0624676" lon="11.0965677" />
      <trkpt lat="46.0621096" lon="11.0965206" />
      <trkpt lat="46.0620853" lon="11.0965228" />
      <trkpt lat="46.0620648" lon="11.0965303" />
      <trkpt lat="46.0619851" lon="11.0965790" />
      <trkpt lat="46.0619467" lon="11.0965972" />
      <trkpt lat="46.0619296" lon="11.0965987" />
      <trkpt lat="46.0618856" lon="11.0965697" />
      <trkpt lat="46.0617624" lon="11.0964506" />
      <trkpt lat="46.0617106" lon="11.0964000" />
      <trkpt lat="46.0616598" lon="11.0963679" />
      <trkpt lat="46.0615565" lon="11.0963162" />
      <trkpt lat="46.0614582" lon="11.0962928" />
      <trkpt lat="46.0612221" lon="11.0962906" />
      <trkpt lat="46.0609817" lon="11.0962812" />
      <trkpt lat="46.0601704" lon="11.0963080" />
      <trkpt lat="46.0601265" lon="11.0963424" />
      <trkpt lat="46.0600438" lon="11.0964072" />
      <trkpt lat="46.0599251" lon="11.0965633" />
      <trkpt lat="46.0597649" lon="11.0968037" />
      <trkpt lat="46.0595818" lon="11.0971956" />
      <trkpt lat="46.0594241" lon="11.0976035" />
      <trkpt lat="46.0593605" lon="11.0979433" />
      <trkpt lat="46.0593440" lon="11.0981239" />
      <trkpt lat="46.0591876" lon="11.0990480" />
      <trkpt lat="46.0591532" lon="11.0992210" />
      <trkpt lat="46.0591504" lon="11.0993215" />
      <trkpt lat="46.0591550" lon="11.0996085" />
      <trkpt lat="46.0591401" lon="11.0997587" />
      <trkpt lat="46.0591039" lon="11.0998499" />
      <trkpt lat="46.0590332" lon="11.0999473" />
      <trkpt lat="46.0588250" lon="11.1001140" />
      <trkpt lat="46.0587828" lon="11.1001383" />
      <trkpt lat="46.0587409" lon="11.1001343" />
      <trkpt lat="46.0586731" lon="11.1001038" />
      <trkpt lat="46.0586015" lon="11.1000471" />
      <trkpt lat="46.0581020" lon="11.0999002" />
      <trkpt lat="46.0580066" lon="11.0997877" />
      <trkpt lat="46.0579499" lon="11.0998647" />
      <trkpt lat="46.0577945" lon="11.0997815" />
      <trkpt lat="46.0577312" lon="11.0996716" />
      <trkpt lat="46.0576577" lon="11.0995670" />
      <trkpt lat="46.0575832" lon="11.0994301" />
      <trkpt lat="46.0575259" lon="11.0992994" />
      <trkpt lat="46.0574213" lon="11.0992290" />
      <trkpt lat="46.0573431" lon="11.0992464" />
      <trkpt lat="46.0572538" lon="11.0993551" />
      <trkpt lat="46.0571877" lon="11.0994624" />
      <trkpt lat="46.0571179" lon="11.0996622" />
      <trkpt lat="46.0570262" lon="11.0998526" />
      <trkpt lat="46.0569727" lon="11.0999706" />
      <trkpt lat="46.0569280" lon="11.1000431" />
      <trkpt lat="46.0568622" lon="11.1001225" />
      <trkpt lat="46.0568202" lon="11.1001129" />
      <trkpt lat="46.0566554" lon="11.1001731" />
      <trkpt lat="46.0564776" lon="11.1002348" />
      <trkpt lat="46.0563966" lon="11.1003086" />
      <trkpt lat="46.0561826" lon="11.1002938" />
      <trkpt lat="46.0560914" lon="11.1002241" />
      <trkpt lat="46.0559918" lon="11.1002295" />
      <trkpt lat="46.0558950" lon="11.1003260" />
      <trkpt lat="46.0558322" lon="11.1004028" />
      <trkpt lat="46.0557517" lon="11.1004588" />
      <trkpt lat="46.0556474" lon="11.1004561" />
      <trkpt lat="46.0555460" lon="11.1004266" />
      <trkpt lat="46.0550341" lon="11.1005621" />
      <trkpt lat="46.0549122" lon="11.1005661" />
      <trkpt lat="46.0547773" lon="11.1005366" />
      <trkpt lat="46.0546181" lon="11.1005554" />
      <trkpt lat="46.0545223" lon="11.1005500" />
      <trkpt lat="46.0544152" lon="11.1004709" />
      <trkpt lat="46.0543454" lon="11.1003609" />
      <trkpt lat="46.0542440" lon="11.1003166" />
      <trkpt lat="46.0541779" lon="11.1002415" />
      <trkpt lat="46.0539668" lon="11.0999498" />
      <trkpt lat="46.0537456" lon="11.0997620" />
      <trkpt lat="46.0536883" lon="11.0997440" />
      <trkpt lat="46.0536167" lon="11.0997829" />
      <trkpt lat="46.0535243" lon="11.0998316" />
      <trkpt lat="46.0533794" lon="11.0998540" />
      <trkpt lat="46.0532826" lon="11.0998660" />
      <trkpt lat="46.0532016" lon="11.0998338" />
      <trkpt lat="46.0530899" lon="11.0998821" />
      <trkpt lat="46.0529979" lon="11.0999632" />
      <trkpt lat="46.0528740" lon="11.0999545" />
      <trkpt lat="46.0527614" lon="11.1000068" />
      <trkpt lat="46.0526636" lon="11.1000095" />
      <trkpt lat="46.0525687" lon="11.1000404" />
      <trkpt lat="46.0525008" lon="11.1000766" />
      <trkpt lat="46.0524840" lon="11.1001530" />
      <trkpt lat="46.0525194" lon="11.1002281" />
      <trkpt lat="46.0526013" lon="11.1003381" />
      <trkpt lat="46.0526348" lon="11.1004320" />
      <trkpt lat="46.0526393" lon="11.1005678" />
      <trkpt lat="46.0526202" lon="11.1006546" />
      <trkpt lat="46.0526469" lon="11.1007423" />
      <trkpt lat="46.0525363" lon="11.1008377" />
      <trkpt lat="46.0525058" lon="11.1008129" />
      <trkpt lat="46.0524943" lon="11.1008329" />
      <trkpt lat="46.0524104" lon="11.1007299" />
      <trkpt lat="46.0523875" lon="11.1008635" />
      <trkpt lat="46.0522578" lon="11.1008377" />
      <trkpt lat="46.0522540" lon="11.1009254" />
      <trkpt lat="46.0521930" lon="11.1009388" />
      <trkpt lat="46.0521777" lon="11.1009808" />
      <trkpt lat="46.0521930" lon="11.1010704" />
      <trkpt lat="46.0522731" lon="11.1013098" />
      <trkpt lat="46.0523570" lon="11.1013165" />
      <trkpt lat="46.0524859" lon="11.1013359" />
      <trkpt lat="46.0525325" lon="11.1014357" />
      <trkpt lat="46.0524486" lon="11.1014814" />
      <trkpt lat="46.0523453" lon="11.1015773" />
      <trkpt lat="46.0521890" lon="11.1016913" />
      <trkpt lat="46.0521024" lon="11.1017168" />
      <trkpt lat="46.0519814" lon="11.1017194" />
      <trkpt lat="46.0517990" lon="11.1016725" />
      <trkpt lat="46.0517134" lon="11.1015961" />
      <trkpt lat="46.0516054" lon="11.1015692" />
      <trkpt lat="46.0515369" lon="11.1016655" />
      <trkpt lat="46.0514949" lon="11.1017246" />
      <trkpt lat="46.0514644" lon="11.1017122" />
      <trkpt lat="46.0514339" lon="11.1016617" />
      <trkpt lat="46.0514072" lon="11.1015196" />
      <trkpt lat="46.0513576" lon="11.1014328" />
      <trkpt lat="46.0513385" lon="11.1014280" />
      <trkpt lat="46.0513194" lon="11.1015558" />
      <trkpt lat="46.0512508" lon="11.1015272" />
      <trkpt lat="46.0512317" lon="11.1013184" />
      <trkpt lat="46.0511516" lon="11.1013155" />
      <trkpt lat="46.0509151" lon="11.1012049" />
      <trkpt lat="46.0508693" lon="11.1012068" />
      <trkpt lat="46.0507968" lon="11.1011410" />
      <trkpt lat="46.0507396" lon="11.1011496" />
      <trkpt lat="46.0507510" lon="11.1012230" />
      <trkpt lat="46.0507100" lon="11.1012420" />
      <trkpt lat="46.0506404" lon="11.1011906" />
      <trkpt lat="46.0506213" lon="11.1010218" />
      <trkpt lat="46.0505794" lon="11.1010141" />
      <trkpt lat="46.0505946" lon="11.1010656" />
      <trkpt lat="46.0505260" lon="11.1010752" />
      <trkpt lat="46.0504916" lon="11.1011353" />
      <trkpt lat="46.0505639" lon="11.1013077" />
      <trkpt lat="46.0506067" lon="11.1014016" />
      <trkpt lat="46.0505983" lon="11.1015210" />
      <trkpt lat="46.0505025" lon="11.1015236" />
      <trkpt lat="46.0503200" lon="11.1015424" />
      <trkpt lat="46.0502170" lon="11.1015816" />
      <trkpt lat="46.0501395" lon="11.1016336" />
      <trkpt lat="46.0500538" lon="11.1016363" />
      <trkpt lat="46.0499486" lon="11.1016028" />
      <trkpt lat="46.0498174" lon="11.1015679" />
      <trkpt lat="46.0496677" lon="11.1015749" />
      <trkpt lat="46.0496486" lon="11.1015539" />
      <trkpt lat="46.0494846" lon="11.1016397" />
      <trkpt lat="46.0493549" lon="11.1016655" />
      <trkpt lat="46.0491770" lon="11.1017905" />
      <trkpt lat="46.0490058" lon="11.1020333" />
      <trkpt lat="46.0489509" lon="11.1020654" />
      <trkpt lat="46.0488438" lon="11.1020708" />
      <trkpt lat="46.0486797" lon="11.1019363" />
      <trkpt lat="46.0485538" lon="11.1018829" />
      <trkpt lat="46.0484164" lon="11.1017818" />
      <trkpt lat="46.0483554" lon="11.1017084" />
      <trkpt lat="46.0483134" lon="11.1017065" />
      <trkpt lat="46.0483058" lon="11.1018667" />
      <trkpt lat="46.0482947" lon="11.1020558" />
      <trkpt lat="46.0482219" lon="11.1021309" />
      <trkpt lat="46.0479684" lon="11.1023578" />
      <trkpt lat="46.0478800" lon="11.1024380" />
      <trkpt lat="46.0477725" lon="11.1024472" />
      <trkpt lat="46.0476969" lon="11.1024295" />
      <trkpt lat="46.0476185" lon="11.1023907" />
      <trkpt lat="46.0475839" lon="11.1024015" />
      <trkpt lat="46.0475350" lon="11.1024561" />
      <trkpt lat="46.0474570" lon="11.1025311" />
      <trkpt lat="46.0473216" lon="11.1026579" />
      <trkpt lat="46.0472687" lon="11.1027047" />
      <trkpt lat="46.0472047" lon="11.1027481" />
      <trkpt lat="46.0471817" lon="11.1027714" />
      <trkpt lat="46.0471460" lon="11.1028171" />
      <trkpt lat="46.0471283" lon="11.1028661" />
      <trkpt lat="46.0470827" lon="11.1029271" />
      <trkpt lat="46.0470311" lon="11.1029734" />
      <trkpt lat="46.0468598" lon="11.1030914" />
      <trkpt lat="46.0468021" lon="11.1031511" />
      <trkpt lat="46.0467841" lon="11.1031962" />
      <trkpt lat="46.0467695" lon="11.1032329" />
      <trkpt lat="46.0465810" lon="11.1034555" />
      <trkpt lat="46.0464712" lon="11.1035554" />
      <trkpt lat="46.0464209" lon="11.1035889" />
      <trkpt lat="46.0461994" lon="11.1037988" />
      <trkpt lat="46.0460870" lon="11.1039229" />
      <trkpt lat="46.0458256" lon="11.1043228" />
      <trkpt lat="46.0457528" lon="11.1044212" />
      <trkpt lat="46.0456631" lon="11.1045403" />
      <trkpt lat="46.0456295" lon="11.1045694" />
      <trkpt lat="46.0455952" lon="11.1045991" />
      <trkpt lat="46.0455103" lon="11.1046239" />
      <trkpt lat="46.0454408" lon="11.1046538" />
      <trkpt lat="46.0453826" lon="11.1046966" />
      <trkpt lat="46.0452907" lon="11.1047904" />
      <trkpt lat="46.0452792" lon="11.1047979" />
      <trkpt lat="46.0452686" lon="11.1048027" />
      <trkpt lat="46.0452049" lon="11.1048121" />
      <trkpt lat="46.0451413" lon="11.1048202" />
      <trkpt lat="46.0451237" lon="11.1048304" />
      <trkpt lat="46.0451149" lon="11.1048402" />
      <trkpt lat="46.0451088" lon="11.1048512" />
      <trkpt lat="46.0451052" lon="11.1048876" />
      <trkpt lat="46.0450969" lon="11.1049702" />
      <trkpt lat="46.0450894" lon="11.1050470" />
      <trkpt lat="46.0450821" lon="11.1051409" />
      <trkpt lat="46.0450689" lon="11.1052029" />
      <trkpt lat="46.0450735" lon="11.1052456" />
      <trkpt lat="46.0450743" lon="11.1053523" />
      <trkpt lat="46.0450351" lon="11.1053552" />
      <trkpt lat="46.0449640" lon="11.1053974" />
      <trkpt lat="46.0446464" lon="11.1054392" />
      <trkpt lat="46.0446169" lon="11.1054461" />
      <trkpt lat="46.0445468" lon="11.1054527" />
      <trkpt lat="46.0444657" lon="11.1054600" />
      <trkpt lat="46.0444016" lon="11.1054658" />
      <trkpt lat="46.0443207" lon="11.1054757" />
      <trkpt lat="46.0437757" lon="11.1055465" />
      <trkpt lat="46.0434688" lon="11.1055808" />
      <trkpt lat="46.0432708" lon="11.1056023" />
      <trkpt lat="46.0428853" lon="11.1056451" />
      <trkpt lat="46.0427226" lon="11.1056598" />
      <trkpt lat="46.0426492" lon="11.1056598" />
      <trkpt lat="46.0423721" lon="11.1056558" />
      <trkpt lat="46.0422806" lon="11.1056518" />
      <trkpt lat="46.0422342" lon="11.1056505" />
      <trkpt lat="46.0421905" lon="11.1056545" />
      <trkpt lat="46.0421124" lon="11.1056652" />
      <trkpt lat="46.0421033" lon="11.1056668" />
      <trkpt lat="46.0420877" lon="11.1056835" />
      <trkpt lat="46.0420663" lon="11.1057204" />
      <trkpt lat="46.0420516" lon="11.1057237" />
      <trkpt lat="46.0420159" lon="11.1057344" />
      <trkpt lat="46.0419940" lon="11.1057421" />
      <trkpt lat="46.0419215" lon="11.1057713" />
      <trkpt lat="46.0417658" lon="11.1058540" />
      <trkpt lat="46.0413729" lon="11.1060927" />
      <trkpt lat="46.0410959" lon="11.1062722" />
      <trkpt lat="46.0408813" lon="11.1064247" />
      <trkpt lat="46.0406921" lon="11.1065751" />
      <trkpt lat="46.0404942" lon="11.1067651" />
      <trkpt lat="46.0403100" lon="11.1068919" />
      <trkpt lat="46.0401592" lon="11.1069595" />
      <trkpt lat="46.0399980" lon="11.1070054" />
      <trkpt lat="46.0397427" lon="11.1070708" />
      <trkpt lat="46.0396696" lon="11.1070895" />
      <trkpt lat="46.0395104" lon="11.1071302" />
      <trkpt lat="46.0394859" lon="11.1071683" />
      <trkpt lat="46.0388689" lon="11.1073292" />
      <trkpt lat="46.0388736" lon="11.1073762" />
      <trkpt lat="46.0386221" lon="11.1074233" />
      <trkpt lat="46.0385838" lon="11.1074300" />
      <trkpt lat="46.0385098" lon="11.1074383" />
      <trkpt lat="46.0382053" lon="11.1074485" />
      <trkpt lat="46.0381175" lon="11.1074524" />
      <trkpt lat="46.0378177" lon="11.1075334" />
      <trkpt lat="46.0377998" lon="11.1075390" />
      <trkpt lat="46.0377731" lon="11.1075653" />
      <trkpt lat="46.0377491" lon="11.1076082" />
      <trkpt lat="46.0377244" lon="11.1076724" />
      <trkpt lat="46.0377197" lon="11.1077352" />
      <trkpt lat="46.0377305" lon="11.1077878" />
      <trkpt lat="46.0377724" lon="11.1079334" />
      <trkpt lat="46.0377366" lon="11.1079523" />
      <trkpt lat="46.0377736" lon="11.1080738" />
      <trkpt lat="46.0377321" lon="11.1081007" />
      <trkpt lat="46.0376800" lon="11.1081347" />
      <trkpt lat="46.0376403" lon="11.1081617" />
      <trkpt lat="46.0377006" lon="11.1084112" />
      <trkpt lat="46.0376948" lon="11.1084457" />
      <trkpt lat="46.0376892" lon="11.1084963" />
      <trkpt lat="46.0376905" lon="11.1085494" />
      <trkpt lat="46.0377407" lon="11.1093963" />
      <trkpt lat="46.0377454" lon="11.1095016" />
      <trkpt lat="46.0377494" lon="11.1095928" />
      <trkpt lat="46.0377430" lon="11.1098119" />
      <trkpt lat="46.0377397" lon="11.1100288" />
      <trkpt lat="46.0377175" lon="11.1103199" />
      <trkpt lat="46.0377146" lon="11.1103565" />
      <trkpt lat="46.0377019" lon="11.1104973" />
      <trkpt lat="46.0376818" lon="11.1107385" />
      <trkpt lat="46.0376795" lon="11.1107973" />
      <trkpt lat="46.0376762" lon="11.1108792" />
      <trkpt lat="46.0376451" lon="11.1109932" />
      <trkpt lat="46.0376016" lon="11.1110023" />
      <trkpt lat="46.0373131" lon="11.1110623" />
      <trkpt lat="46.0372747" lon="11.1111001" />
      <trkpt lat="46.0372603" lon="11.1111605" />
      <trkpt lat="46.0373448" lon="11.1114960" />
      <trkpt lat="46.0374715" lon="11.1120250" />
      <trkpt lat="46.0376367" lon="11.1126919" />
      <trkpt lat="46.0376168" lon="11.1127539" />
      <trkpt lat="46.0376145" lon="11.1128820" />
      <trkpt lat="46.0376219" lon="11.1136644" />
      <trkpt lat="46.0377418" lon="11.1140685" />
      <trkpt lat="46.0376390" lon="11.1140958" />
      <trkpt lat="46.0375488" lon="11.1141145" />
      <trkpt lat="46.0372452" lon="11.1141774" />
      <trkpt lat="46.0371586" lon="11.1141910" />
      <trkpt lat="46.0369884" lon="11.1142179" />
      <trkpt lat="46.0367586" lon="11.1142426" />
      <trkpt lat="46.0366478" lon="11.1142438" />
      <trkpt lat="46.0365043" lon="11.1142460" />
      <trkpt lat="46.0362303" lon="11.1142412" />
      <trkpt lat="46.0358104" lon="11.1141916" />
      <trkpt lat="46.0358142" lon="11.1142464" />
      <trkpt lat="46.0357970" lon="11.1144326" />
      <trkpt lat="46.0358283" lon="11.1146353" />
      <trkpt lat="46.0359141" lon="11.1152096" />
      <trkpt lat="46.0359501" lon="11.1154648" />
      <trkpt lat="46.0360061" lon="11.1158621" />
      <trkpt lat="46.0359893" lon="11.1161192" />
      <trkpt lat="46.0358927" lon="11.1164367" />
      <trkpt lat="46.0358609" lon="11.1166217" />
      <trkpt lat="46.0358712" lon="11.1169406" />
      <trkpt lat="46.0358235" lon="11.1176304" />
      <trkpt lat="46.0358064" lon="11.1179032" />
      <trkpt lat="46.0357868" lon="11.1181506" />
      <trkpt lat="46.0357416" lon="11.1187211" />
      <trkpt lat="46.0357212" lon="11.1189646" />
      <trkpt lat="46.0353059" lon="11.1188564" />
      <trkpt lat="46.0351199" lon="11.1188051" />
      <trkpt lat="46.0351100" lon="11.1189851" />
      <trkpt lat="46.0352470" lon="11.1191996" />
      <trkpt lat="46.0353781" lon="11.1193456" />
      <trkpt lat="46.0354908" lon="11.1194958" />
      <trkpt lat="46.0355819" lon="11.1196502" />
      <trkpt lat="46.0356270" lon="11.1199887" />
      <trkpt lat="46.0356456" lon="11.1200275" />
      <trkpt lat="46.0356557" lon="11.1200420" />
      <trkpt lat="46.0357006" lon="11.1200796" />
      <trkpt lat="46.0357923" lon="11.1200390" />
      <trkpt lat="46.0361081" lon="11.1199551" />
      <trkpt lat="46.0368852" lon="11.1197043" />
      <trkpt lat="46.0369059" lon="11.1200467" />
      <trkpt lat="46.0369347" lon="11.1209070" />
      <trkpt lat="46.0369674" lon="11.1217978" />
      <trkpt lat="46.0369347" lon="11.1209070" />
      <trkpt lat="46.0369059" lon="11.1200467" />
      <trkpt lat="46.0368852" lon="11.1197043" />
      <trkpt lat="46.0361081" lon="11.1199551" />
      <trkpt lat="46.0357923" lon="11.1200390" />
      <trkpt lat="46.0357006" lon="11.1200796" />
      <trkpt lat="46.0356557" lon="11.1200420" />
      <trkpt lat="46.0356456" lon="11.1200275" />
      <trkpt lat="46.0356270" lon="11.1199887" />
      <trkpt lat="46.0355819" lon="11.1196502" />
      <trkpt lat="46.0354908" lon="11.1194958" />
      <trkpt lat="46.0353781" lon="11.1193456" />
      <trkpt lat="46.0352470" lon="11.1191996" />
      <trkpt lat="46.0351100" lon="11.1189851" />
      <trkpt lat="46.0351199" lon="11.1188051" />
      <trkpt lat="46.0353059" lon="11.1188564" />
      <trkpt lat="46.0357212" lon="11.1189646" />
      <trkpt lat="46.0357416" lon="11.1187211" />
      <trkpt lat="46.0357868" lon="11.1181506" />
      <trkpt lat="46.0358064" lon="11.1179032" />
      <trkpt lat="46.0358235" lon="11.1176304" />
      <trkpt lat="46.0358712" lon="11.1169406" />
      <trkpt lat="46.0358609" lon="11.1166217" />
      <trkpt lat="46.0358927" lon="11.1164367" />
      <trkpt lat="46.0359893" lon="11.1161192" />
      <trkpt lat="46.0360061" lon="11.1158621" />
      <trkpt lat="46.0359501" lon="11.1154648" />
      <trkpt lat="46.0359141" lon="11.1152096" />
      <trkpt lat="46.0358283" lon="11.1146353" />
      <trkpt lat="46.0357970" lon="11.1144326" />
      <trkpt lat="46.0358142" lon="11.1142464" />
      <trkpt lat="46.0358104" lon="11.1141916" />
      <trkpt lat="46.0362303" lon="11.1142412" />
      <trkpt lat="46.0365043" lon="11.1142460" />
      <trkpt lat="46.0365024" lon="11.1144020" />
      <trkpt lat="46.0371101" lon="11.1143893" />
      <trkpt lat="46.0371927" lon="11.1142584" />
      <trkpt lat="46.0372452" lon="11.1141774" />
      <trkpt lat="46.0371586" lon="11.1141910" />
      <trkpt lat="46.0372928" lon="11.1140947" />
      <trkpt lat="46.0373701" lon="11.1140678" />
      <trkpt lat="46.0374445" lon="11.1140638" />
      <trkpt lat="46.0375488" lon="11.1141145" />
      <trkpt lat="46.0376390" lon="11.1140958" />
      <trkpt lat="46.0377418" lon="11.1140685" />
      <trkpt lat="46.0381383" lon="11.1139483" />
      <trkpt lat="46.0390717" lon="11.1136903" />
      <trkpt lat="46.0391233" lon="11.1136750" />
      <trkpt lat="46.0394473" lon="11.1135666" />
      <trkpt lat="46.0396138" lon="11.1135109" />
      <trkpt lat="46.0398311" lon="11.1134590" />
      <trkpt lat="46.0400504" lon="11.1133872" />
      <trkpt lat="46.0401036" lon="11.1133711" />
      <trkpt lat="46.0403060" lon="11.1133097" />
      <trkpt lat="46.0409396" lon="11.1131326" />
      <trkpt lat="46.0415515" lon="11.1129466" />
      <trkpt lat="46.0419377" lon="11.1128340" />
      <trkpt lat="46.0423966" lon="11.1127065" />
      <trkpt lat="46.0424898" lon="11.1126611" />
      <trkpt lat="46.0425682" lon="11.1126088" />
      <trkpt lat="46.0426484" lon="11.1125335" />
      <trkpt lat="46.0427356" lon="11.1124217" />
      <trkpt lat="46.0427183" lon="11.1123880" />
      <trkpt lat="46.0427077" lon="11.1123572" />
      <trkpt lat="46.0426972" lon="11.1122888" />
      <trkpt lat="46.0426983" lon="11.1122477" />
      <trkpt lat="46.0427047" lon="11.1122077" />
      <trkpt lat="46.0427176" lon="11.1121669" />
      <trkpt lat="46.0427360" lon="11.1121308" />
      <trkpt lat="46.0427690" lon="11.1120915" />
      <trkpt lat="46.0428005" lon="11.1120705" />
      <trkpt lat="46.0428445" lon="11.1120597" />
      <trkpt lat="46.0428886" lon="11.1120679" />
      <trkpt lat="46.0429279" lon="11.1118782" />
      <trkpt lat="46.0429402" lon="11.1117971" />
      <trkpt lat="46.0430196" lon="11.1113346" />
      <trkpt lat="46.0430654" lon="11.1111794" />
      <trkpt lat="46.0431129" lon="11.1110789" />
      <trkpt lat="46.0431519" lon="11.1110259" />
      <trkpt lat="46.0432277" lon="11.1109456" />
      <trkpt lat="46.0432982" lon="11.1109012" />
      <trkpt lat="46.0433769" lon="11.1108708" />
      <trkpt lat="46.0434830" lon="11.1108578" />
      <trkpt lat="46.0436431" lon="11.1108479" />
      <trkpt lat="46.0440905" lon="11.1108288" />
      <trkpt lat="46.0442099" lon="11.1108346" />
      <trkpt lat="46.0442877" lon="11.1108488" />
      <trkpt lat="46.0443582" lon="11.1108810" />
      <trkpt lat="46.0444173" lon="11.1109162" />
      <trkpt lat="46.0444725" lon="11.1109670" />
      <trkpt lat="46.0445270" lon="11.1110384" />
      <trkpt lat="46.0445733" lon="11.1111078" />
      <trkpt lat="46.0446153" lon="11.1111960" />
      <trkpt lat="46.0446413" lon="11.1112762" />
      <trkpt lat="46.0446846" lon="11.1114694" />
      <trkpt lat="46.0447879" lon="11.1120162" />
      <trkpt lat="46.0448260" lon="11.1121814" />
      <trkpt lat="46.0448474" lon="11.1122511" />
      <trkpt lat="46.0448887" lon="11.1123525" />
      <trkpt lat="46.0449539" lon="11.1124911" />
      <trkpt lat="46.0449788" lon="11.1125328" />
      <trkpt lat="46.0449429" lon="11.1125736" />
      <trkpt lat="46.0453080" lon="11.1132475" />
      <trkpt lat="46.0453178" lon="11.1132870" />
      <trkpt lat="46.0453186" lon="11.1133110" />
      <trkpt lat="46.0453131" lon="11.1133560" />
      <trkpt lat="46.0453256" lon="11.1133819" />
      <trkpt lat="46.0452384" lon="11.1134644" />
      <trkpt lat="46.0449057" lon="11.1138181" />
      <trkpt lat="46.0443389" lon="11.1144149" />
      <trkpt lat="46.0442645" lon="11.1144933" />
      <trkpt lat="46.0438922" lon="11.1149788" />
      <trkpt lat="46.0437175" lon="11.1152728" />
      <trkpt lat="46.0436197" lon="11.1154450" />
      <trkpt lat="46.0435372" lon="11.1156241" />
      <trkpt lat="46.0433503" lon="11.1161863" />
      <trkpt lat="46.0433036" lon="11.1163030" />
      <trkpt lat="46.0432798" lon="11.1163641" />
      <trkpt lat="46.0432297" lon="11.1164676" />
      <trkpt lat="46.0430798" lon="11.1166401" />
      <trkpt lat="46.0430486" lon="11.1166847" />
      <trkpt lat="46.0429599" lon="11.1168368" />
      <trkpt lat="46.0428582" lon="11.1170123" />
      <trkpt lat="46.0425962" lon="11.1173348" />
      <trkpt lat="46.0408513" lon="11.1192000" />
      <trkpt lat="46.0405448" lon="11.1194970" />
      <trkpt lat="46.0402864" lon="11.1197631" />
      <trkpt lat="46.0399241" lon="11.1200756" />
      <trkpt lat="46.0395971" lon="11.1203454" />
      <trkpt lat="46.0392967" lon="11.1205757" />
      <trkpt lat="46.0392664" lon="11.1205908" />
      <trkpt lat="46.0392372" lon="11.1205991" />
      <trkpt lat="46.0392109" lon="11.1205995" />
      <trkpt lat="46.0391865" lon="11.1205917" />
      <trkpt lat="46.0391683" lon="11.1205853" />
      <trkpt lat="46.0391539" lon="11.1205721" />
      <trkpt lat="46.0390757" lon="11.1204361" />
      <trkpt lat="46.0391539" lon="11.1205721" />
      <trkpt lat="46.0391683" lon="11.1205853" />
      <trkpt lat="46.0391865" lon="11.1205917" />
      <trkpt lat="46.0392109" lon="11.1205995" />
      <trkpt lat="46.0392372" lon="11.1205991" />
      <trkpt lat="46.0392664" lon="11.1205908" />
      <trkpt lat="46.0392967" lon="11.1205757" />
      <trkpt lat="46.0395971" lon="11.1203454" />
      <trkpt lat="46.0399241" lon="11.1200756" />
      <trkpt lat="46.0402864" lon="11.1197631" />
      <trkpt lat="46.0405448" lon="11.1194970" />
      <trkpt lat="46.0408513" lon="11.1192000" />
      <trkpt lat="46.0425962" lon="11.1173348" />
      <trkpt lat="46.0428582" lon="11.1170123" />
      <trkpt lat="46.0429599" lon="11.1168368" />
      <trkpt lat="46.0430486" lon="11.1166847" />
      <trkpt lat="46.0430798" lon="11.1166401" />
      <trkpt lat="46.0432297" lon="11.1164676" />
      <trkpt lat="46.0432798" lon="11.1163641" />
      <trkpt lat="46.0433036" lon="11.1163030" />
      <trkpt lat="46.0433503" lon="11.1161863" />
      <trkpt lat="46.0435372" lon="11.1156241" />
      <trkpt lat="46.0436197" lon="11.1154450" />
      <trkpt lat="46.0437175" lon="11.1152728" />
      <trkpt lat="46.0438922" lon="11.1149788" />
      <trkpt lat="46.0442645" lon="11.1144933" />
      <trkpt lat="46.0443389" lon="11.1144149" />
      <trkpt lat="46.0449057" lon="11.1138181" />
      <trkpt lat="46.0452384" lon="11.1134644" />
      <trkpt lat="46.0453256" lon="11.1133819" />
      <trkpt lat="46.0453928" lon="11.1133116" />
      <trkpt lat="46.0449788" lon="11.1125328" />
      <trkpt lat="46.0449539" lon="11.1124911" />
      <trkpt lat="46.0448887" lon="11.1123525" />
      <trkpt lat="46.0448474" lon="11.1122511" />
      <trkpt lat="46.0448260" lon="11.1121814" />
      <trkpt lat="46.0447879" lon="11.1120162" />
      <trkpt lat="46.0448286" lon="11.1120060" />
      <trkpt lat="46.0449472" lon="11.1119695" />
      <trkpt lat="46.0454473" lon="11.1118148" />
      <trkpt lat="46.0458432" lon="11.1117018" />
      <trkpt lat="46.0462851" lon="11.1115659" />
      <trkpt lat="46.0463354" lon="11.1115411" />
      <trkpt lat="46.0463672" lon="11.1112033" />
      <trkpt lat="46.0463733" lon="11.1111488" />
      <trkpt lat="46.0463730" lon="11.1110844" />
      <trkpt lat="46.0463621" lon="11.1109982" />
      <trkpt lat="46.0463102" lon="11.1107949" />
      <trkpt lat="46.0462956" lon="11.1107556" />
      <trkpt lat="46.0462794" lon="11.1107187" />
      <trkpt lat="46.0462617" lon="11.1106889" />
      <trkpt lat="46.0462458" lon="11.1106623" />
      <trkpt lat="46.0462106" lon="11.1106151" />
      <trkpt lat="46.0460683" lon="11.1104672" />
      <trkpt lat="46.0458710" lon="11.1102406" />
      <trkpt lat="46.0458125" lon="11.1102501" />
      <trkpt lat="46.0457721" lon="11.1101918" />
      <trkpt lat="46.0456466" lon="11.1099085" />
      <trkpt lat="46.0455823" lon="11.1097648" />
      <trkpt lat="46.0452879" lon="11.1093320" />
      <trkpt lat="46.0451844" lon="11.1091909" />
      <trkpt lat="46.0451331" lon="11.1090970" />
      <trkpt lat="46.0450912" lon="11.1089968" />
      <trkpt lat="46.0450772" lon="11.1089073" />
      <trkpt lat="46.0450402" lon="11.1085161" />
      <trkpt lat="46.0450389" lon="11.1084498" />
      <trkpt lat="46.0450239" lon="11.1083944" />
      <trkpt lat="46.0450137" lon="11.1083566" />
      <trkpt lat="46.0448517" lon="11.1081631" />
      <trkpt lat="46.0447555" lon="11.1080465" />
      <trkpt lat="46.0447116" lon="11.1079715" />
      <trkpt lat="46.0446281" lon="11.1078018" />
      <trkpt lat="46.0445920" lon="11.1077225" />
      <trkpt lat="46.0445864" lon="11.1076698" />
      <trkpt lat="46.0446019" lon="11.1075093" />
      <trkpt lat="46.0446348" lon="11.1073269" />
      <trkpt lat="46.0447391" lon="11.1070228" />
      <trkpt lat="46.0447699" lon="11.1068758" />
      <trkpt lat="46.0447982" lon="11.1067001" />
      <trkpt lat="46.0448215" lon="11.1065949" />
      <trkpt lat="46.0448754" lon="11.1064143" />
      <trkpt lat="46.0449297" lon="11.1062235" />
      <trkpt lat="46.0449434" lon="11.1060686" />
      <trkpt lat="46.0449505" lon="11.1058148" />
      <trkpt lat="46.0449889" lon="11.1056538" />
      <trkpt lat="46.0450040" lon="11.1056137" />
      <trkpt lat="46.0450163" lon="11.1055804" />
      <trkpt lat="46.0451555" lon="11.1055355" />
      <trkpt lat="46.0452979" lon="11.1054960" />
      <trkpt lat="46.0454036" lon="11.1054649" />
      <trkpt lat="46.0452170" lon="11.1054183" />
      <trkpt lat="46.0450749" lon="11.1054377" />
      <trkpt lat="46.0450743" lon="11.1053523" />
      <trkpt lat="46.0450735" lon="11.1052456" />
      <trkpt lat="46.0450689" lon="11.1052029" />
      <trkpt lat="46.0450821" lon="11.1051409" />
      <trkpt lat="46.0450894" lon="11.1050470" />
      <trkpt lat="46.0450969" lon="11.1049702" />
      <trkpt lat="46.0451052" lon="11.1048876" />
      <trkpt lat="46.0451088" lon="11.1048512" />
      <trkpt lat="46.0451149" lon="11.1048402" />
      <trkpt lat="46.0451237" lon="11.1048304" />
      <trkpt lat="46.0451413" lon="11.1048202" />
      <trkpt lat="46.0452049" lon="11.1048121" />
      <trkpt lat="46.0452686" lon="11.1048027" />
      <trkpt lat="46.0452792" lon="11.1047979" />
      <trkpt lat="46.0452907" lon="11.1047904" />
      <trkpt lat="46.0453826" lon="11.1046966" />
      <trkpt lat="46.0454408" lon="11.1046538" />
      <trkpt lat="46.0455103" lon="11.1046239" />
      <trkpt lat="46.0455952" lon="11.1045991" />
      <trkpt lat="46.0456295" lon="11.1045694" />
      <trkpt lat="46.0456631" lon="11.1045403" />
      <trkpt lat="46.0457528" lon="11.1044212" />
      <trkpt lat="46.0458256" lon="11.1043228" />
      <trkpt lat="46.0458612" lon="11.1040470" />
      <trkpt lat="46.0458670" lon="11.1040017" />
      <trkpt lat="46.0458893" lon="11.1037388" />
      <trkpt lat="46.0459204" lon="11.1035097" />
      <trkpt lat="46.0459505" lon="11.1033356" />
      <trkpt lat="46.0459633" lon="11.1031972" />
      <trkpt lat="46.0459658" lon="11.1030889" />
      <trkpt lat="46.0459525" lon="11.1029730" />
      <trkpt lat="46.0459200" lon="11.1028080" />
      <trkpt lat="46.0458622" lon="11.1026241" />
      <trkpt lat="46.0458263" lon="11.1025586" />
      <trkpt lat="46.0458881" lon="11.1026016" />
      <trkpt lat="46.0461431" lon="11.1027133" />
      <trkpt lat="46.0461772" lon="11.1027278" />
      <trkpt lat="46.0462184" lon="11.1027365" />
      <trkpt lat="46.0462656" lon="11.1027379" />
      <trkpt lat="46.0462958" lon="11.1027365" />
      <trkpt lat="46.0463209" lon="11.1027205" />
      <trkpt lat="46.0465288" lon="11.1025208" />
      <trkpt lat="46.0465570" lon="11.1024875" />
      <trkpt lat="46.0465871" lon="11.1024672" />
      <trkpt lat="46.0466258" lon="11.1024555" />
      <trkpt lat="46.0467287" lon="11.1024469" />
      <trkpt lat="46.0468155" lon="11.1024518" />
      <trkpt lat="46.0468529" lon="11.1024579" />
      <trkpt lat="46.0469014" lon="11.1024677" />
      <trkpt lat="46.0469439" lon="11.1024849" />
      <trkpt lat="46.0470622" lon="11.1025364" />
      <trkpt lat="46.0471098" lon="11.1025646" />
      <trkpt lat="46.0471472" lon="11.1025940" />
      <trkpt lat="46.0471642" lon="11.1026307" />
      <trkpt lat="46.0471779" lon="11.1026834" />
      <trkpt lat="46.0471817" lon="11.1027714" />
      <trkpt lat="46.0472047" lon="11.1027481" />
      <trkpt lat="46.0472687" lon="11.1027047" />
      <trkpt lat="46.0473216" lon="11.1026579" />
      <trkpt lat="46.0474570" lon="11.1025311" />
      <trkpt lat="46.0475350" lon="11.1024561" />
      <trkpt lat="46.0475839" lon="11.1024015" />
      <trkpt lat="46.0476185" lon="11.1023907" />
      <trkpt lat="46.0476969" lon="11.1024295" />
      <trkpt lat="46.0477725" lon="11.1024472" />
      <trkpt lat="46.0478800" lon="11.1024380" />
      <trkpt lat="46.0479684" lon="11.1023578" />
      <trkpt lat="46.0482219" lon="11.1021309" />
      <trkpt lat="46.0482947" lon="11.1020558" />
      <trkpt lat="46.0483058" lon="11.1018667" />
      <trkpt lat="46.0483134" lon="11.1017065" />
      <trkpt lat="46.0483554" lon="11.1017084" />
      <trkpt lat="46.0484164" lon="11.1017818" />
      <trkpt lat="46.0485538" lon="11.1018829" />
      <trkpt lat="46.0486797" lon="11.1019363" />
      <trkpt lat="46.0488438" lon="11.1020708" />
      <trkpt lat="46.0489509" lon="11.1020654" />
      <trkpt lat="46.0490058" lon="11.1020333" />
      <trkpt lat="46.0491770" lon="11.1017905" />
      <trkpt lat="46.0493549" lon="11.1016655" />
      <trkpt lat="46.0494846" lon="11.1016397" />
      <trkpt lat="46.0496486" lon="11.1015539" />
      <trkpt lat="46.0496677" lon="11.1015749" />
      <trkpt lat="46.0498174" lon="11.1015679" />
      <trkpt lat="46.0499486" lon="11.1016028" />
      <trkpt lat="46.0500538" lon="11.1016363" />
      <trkpt lat="46.0501395" lon="11.1016336" />
      <trkpt lat="46.0502170" lon="11.1015816" />
      <trkpt lat="46.0503200" lon="11.1015424" />
      <trkpt lat="46.0505025" lon="11.1015236" />
      <trkpt lat="46.0505983" lon="11.1015210" />
      <trkpt lat="46.0506067" lon="11.1014016" />
      <trkpt lat="46.0505639" lon="11.1013077" />
      <trkpt lat="46.0504916" lon="11.1011353" />
      <trkpt lat="46.0505260" lon="11.1010752" />
      <trkpt lat="46.0505946" lon="11.1010656" />
      <trkpt lat="46.0505794" lon="11.1010141" />
      <trkpt lat="46.0506213" lon="11.1010218" />
      <trkpt lat="46.0506404" lon="11.1011906" />
      <trkpt lat="46.0507100" lon="11.1012420" />
      <trkpt lat="46.0507510" lon="11.1012230" />
      <trkpt lat="46.0507396" lon="11.1011496" />
      <trkpt lat="46.0507968" lon="11.1011410" />
      <trkpt lat="46.0508693" lon="11.1012068" />
      <trkpt lat="46.0509151" lon="11.1012049" />
      <trkpt lat="46.0511516" lon="11.1013155" />
      <trkpt lat="46.0512317" lon="11.1013184" />
      <trkpt lat="46.0512508" lon="11.1015272" />
      <trkpt lat="46.0513194" lon="11.1015558" />
      <trkpt lat="46.0513385" lon="11.1014280" />
      <trkpt lat="46.0513576" lon="11.1014328" />
      <trkpt lat="46.0514072" lon="11.1015196" />
      <trkpt lat="46.0514339" lon="11.1016617" />
      <trkpt lat="46.0514644" lon="11.1017122" />
      <trkpt lat="46.0514949" lon="11.1017246" />
      <trkpt lat="46.0515369" lon="11.1016655" />
      <trkpt lat="46.0516054" lon="11.1015692" />
      <trkpt lat="46.0517134" lon="11.1015961" />
      <trkpt lat="46.0517990" lon="11.1016725" />
      <trkpt lat="46.0519814" lon="11.1017194" />
      <trkpt lat="46.0521024" lon="11.1017168" />
      <trkpt lat="46.0521890" lon="11.1016913" />
      <trkpt lat="46.0523453" lon="11.1015773" />
      <trkpt lat="46.0524486" lon="11.1014814" />
      <trkpt lat="46.0525325" lon="11.1014357" />
      <trkpt lat="46.0524859" lon="11.1013359" />
      <trkpt lat="46.0523570" lon="11.1013165" />
      <trkpt lat="46.0522731" lon="11.1013098" />
      <trkpt lat="46.0521930" lon="11.1010704" />
      <trkpt lat="46.0521777" lon="11.1009808" />
      <trkpt lat="46.0521930" lon="11.1009388" />
      <trkpt lat="46.0522540" lon="11.1009254" />
      <trkpt lat="46.0522578" lon="11.1008377" />
      <trkpt lat="46.0523875" lon="11.1008635" />
      <trkpt lat="46.0524104" lon="11.1007299" />
      <trkpt lat="46.0524943" lon="11.1008329" />
      <trkpt lat="46.0525058" lon="11.1008129" />
      <trkpt lat="46.0525363" lon="11.1008377" />
      <trkpt lat="46.0526469" lon="11.1007423" />
      <trkpt lat="46.0526202" lon="11.1006546" />
      <trkpt lat="46.0526393" lon="11.1005678" />
      <trkpt lat="46.0526348" lon="11.1004320" />
      <trkpt lat="46.0526013" lon="11.1003381" />
      <trkpt lat="46.0525194" lon="11.1002281" />
      <trkpt lat="46.0524840" lon="11.1001530" />
      <trkpt lat="46.0525008" lon="11.1000766" />
      <trkpt lat="46.0525687" lon="11.1000404" />
      <trkpt lat="46.0526636" lon="11.1000095" />
      <trkpt lat="46.0527614" lon="11.1000068" />
      <trkpt lat="46.0528740" lon="11.0999545" />
      <trkpt lat="46.0529979" lon="11.0999632" />
      <trkpt lat="46.0530899" lon="11.0998821" />
      <trkpt lat="46.0532016" lon="11.0998338" />
      <trkpt lat="46.0532826" lon="11.0998660" />
      <trkpt lat="46.0533794" lon="11.0998540" />
      <trkpt lat="46.0535243" lon="11.0998316" />
      <trkpt lat="46.0536167" lon="11.0997829" />
      <trkpt lat="46.0536883" lon="11.0997440" />
      <trkpt lat="46.0537456" lon="11.0997620" />
      <trkpt lat="46.0539668" lon="11.0999498" />
      <trkpt lat="46.0541779" lon="11.1002415" />
      <trkpt lat="46.0542440" lon="11.1003166" />
      <trkpt lat="46.0543454" lon="11.1003609" />
      <trkpt lat="46.0544152" lon="11.1004709" />
      <trkpt lat="46.0545223" lon="11.1005500" />
      <trkpt lat="46.0546181" lon="11.1005554" />
      <trkpt lat="46.0547773" lon="11.1005366" />
      <trkpt lat="46.0549122" lon="11.1005661" />
      <trkpt lat="46.0550341" lon="11.1005621" />
      <trkpt lat="46.0555460" lon="11.1004266" />
      <trkpt lat="46.0556474" lon="11.1004561" />
      <trkpt lat="46.0557517" lon="11.1004588" />
      <trkpt lat="46.0558322" lon="11.1004028" />
      <trkpt lat="46.0558950" lon="11.1003260" />
      <trkpt lat="46.0559918" lon="11.1002295" />
      <trkpt lat="46.0560914" lon="11.1002241" />
      <trkpt lat="46.0561826" lon="11.1002938" />
      <trkpt lat="46.0563966" lon="11.1003086" />
      <trkpt lat="46.0564776" lon="11.1002348" />
      <trkpt lat="46.0566554" lon="11.1001731" />
      <trkpt lat="46.0568202" lon="11.1001129" />
      <trkpt lat="46.0568622" lon="11.1001225" />
      <trkpt lat="46.0569280" lon="11.1000431" />
      <trkpt lat="46.0569727" lon="11.0999706" />
      <trkpt lat="46.0570262" lon="11.0998526" />
      <trkpt lat="46.0571179" lon="11.0996622" />
      <trkpt lat="46.0571877" lon="11.0994624" />
      <trkpt lat="46.0572538" lon="11.0993551" />
      <trkpt lat="46.0573431" lon="11.0992464" />
      <trkpt lat="46.0574213" lon="11.0992290" />
      <trkpt lat="46.0575259" lon="11.0992994" />
      <trkpt lat="46.0575832" lon="11.0994301" />
      <trkpt lat="46.0576577" lon="11.0995670" />
      <trkpt lat="46.0577312" lon="11.0996716" />
      <trkpt lat="46.0577945" lon="11.0997815" />
      <trkpt lat="46.0579499" lon="11.0998647" />
      <trkpt lat="46.0580066" lon="11.0997877" />
      <trkpt lat="46.0581020" lon="11.0999002" />
      <trkpt lat="46.0586015" lon="11.1000471" />
      <trkpt lat="46.0586731" lon="11.1001038" />
      <trkpt lat="46.0587409" lon="11.1001343" />
      <trkpt lat="46.0587828" lon="11.1001383" />
      <trkpt lat="46.0588250" lon="11.1001140" />
      <trkpt lat="46.0590332" lon="11.0999473" />
      <trkpt lat="46.0591039" lon="11.0998499" />
      <trkpt lat="46.0591401" lon="11.0997587" />
      <trkpt lat="46.0591550" lon="11.0996085" />
      <trkpt lat="46.0591504" lon="11.0993215" />
      <trkpt lat="46.0591532" lon="11.0992210" />
      <trkpt lat="46.0591876" lon="11.0990480" />
      <trkpt lat="46.0593440" lon="11.0981239" />
      <trkpt lat="46.0593605" lon="11.0979433" />
      <trkpt lat="46.0594241" lon="11.0976035" />
      <trkpt lat="46.0595818" lon="11.0971956" />
      <trkpt lat="46.0597649" lon="11.0968037" />
      <trkpt lat="46.0599251" lon="11.0965633" />
      <trkpt lat="46.0600438" lon="11.0964072" />
      <trkpt lat="46.0601265" lon="11.0963424" />
      <trkpt lat="46.0601704" lon="11.0963080" />
      <trkpt lat="46.0609817" lon="11.0962812" />
      <trkpt lat="46.0612221" lon="11.0962906" />
      <trkpt lat="46.0614582" lon="11.0962928" />
      <trkpt lat="46.0615565" lon="11.0963162" />
      <trkpt lat="46.0616598" lon="11.0963679" />
      <trkpt lat="46.0617106" lon="11.0964000" />
      <trkpt lat="46.0617624" lon="11.0964506" />
      <trkpt lat="46.0618856" lon="11.0965697" />
      <trkpt lat="46.0619296" lon="11.0965987" />
      <trkpt lat="46.0619467" lon="11.0965972" />
      <trkpt lat="46.0619851" lon="11.0965790" />
      <trkpt lat="46.0620648" lon="11.0965303" />
      <trkpt lat="46.0620853" lon="11.0965228" />
      <trkpt lat="46.0621096" lon="11.0965206" />
      <trkpt lat="46.0624676" lon="11.0965677" />
      <trkpt lat="46.0625294" lon="11.0965701" />
      <trkpt lat="46.0625459" lon="11.0965723" />
      <trkpt lat="46.0626045" lon="11.0965710" />
      <trkpt lat="46.0626402" lon="11.0965591" />
      <trkpt lat="46.0626832" lon="11.0965426" />
      <trkpt lat="46.0627374" lon="11.0965210" />
      <trkpt lat="46.0627571" lon="11.0965131" />
      <trkpt lat="46.0628107" lon="11.0964742" />
      <trkpt lat="46.0628179" lon="11.0965389" />
      <trkpt lat="46.0628310" lon="11.0965767" />
      <trkpt lat="46.0628640" lon="11.0966086" />
      <trkpt lat="46.0628882" lon="11.0966435" />
      <trkpt lat="46.0629170" lon="11.0967241" />
      <trkpt lat="46.0629444" lon="11.0968167" />
      <trkpt lat="46.0629834" lon="11.0969081" />
      <trkpt lat="46.0630071" lon="11.0969355" />
      <trkpt lat="46.0630496" lon="11.0969798" />
      <trkpt lat="46.0631050" lon="11.0970106" />
      <trkpt lat="46.0631646" lon="11.0970420" />
      <trkpt lat="46.0631703" lon="11.0970449" />
      <trkpt lat="46.0633111" lon="11.0971156" />
      <trkpt lat="46.0633914" lon="11.0970861" />
      <trkpt lat="46.0634628" lon="11.0970519" />
      <trkpt lat="46.0634835" lon="11.0971835" />
      <trkpt lat="46.0635075" lon="11.0974037" />
      <trkpt lat="46.0635131" lon="11.0974470" />
      <trkpt lat="46.0635248" lon="11.0975091" />
      <trkpt lat="46.0635486" lon="11.0975905" />
      <trkpt lat="46.0635765" lon="11.0976859" />
      <trkpt lat="46.0638378" lon="11.0976537" />
      <trkpt lat="46.0641320" lon="11.0976234" />
      <trkpt lat="46.0644927" lon="11.0975854" />
      <trkpt lat="46.0646996" lon="11.0975645" />
      <trkpt lat="46.0647444" lon="11.0975600" />
      <trkpt lat="46.0647465" lon="11.0976190" />
      <trkpt lat="46.0647946" lon="11.0976141" />
      <trkpt lat="46.0648430" lon="11.0976562" />
      <trkpt lat="46.0648770" lon="11.0976512" />
      <trkpt lat="46.0649196" lon="11.0976809" />
      <trkpt lat="46.0649244" lon="11.0976997" />
      <trkpt lat="46.0649294" lon="11.0977200" />
      <trkpt lat="46.0649504" lon="11.0978269" />
      <trkpt lat="46.0649565" lon="11.0978578" />
      <trkpt lat="46.0649709" lon="11.0979149" />
      <trkpt lat="46.0649816" lon="11.0979490" />
      <trkpt lat="46.0649980" lon="11.0979924" />
      <trkpt lat="46.0650121" lon="11.0980231" />
      <trkpt lat="46.0650350" lon="11.0980682" />
      <trkpt lat="46.0651767" lon="11.0982785" />
      <trkpt lat="46.0651901" lon="11.0982988" />
      <trkpt lat="46.0652172" lon="11.0983471" />
      <trkpt lat="46.0653974" lon="11.0986684" />
      <trkpt lat="46.0654141" lon="11.0987003" />
      <trkpt lat="46.0654324" lon="11.0987431" />
      <trkpt lat="46.0654416" lon="11.0987849" />
      <trkpt lat="46.0654477" lon="11.0988266" />
      <trkpt lat="46.0654499" lon="11.0988859" />
      <trkpt lat="46.0654497" lon="11.0989082" />
      <trkpt lat="46.0654802" lon="11.0989040" />
      <trkpt lat="46.0654793" lon="11.0989286" />
      <trkpt lat="46.0654796" lon="11.0989691" />
      <trkpt lat="46.0654835" lon="11.0990001" />
      <trkpt lat="46.0654891" lon="11.0990310" />
      <trkpt lat="46.0655032" lon="11.0990859" />
      <trkpt lat="46.0655261" lon="11.0990652" />
      <trkpt lat="46.0655533" lon="11.0990470" />
      <trkpt lat="46.0655621" lon="11.0990840" />
      <trkpt lat="46.0655686" lon="11.0991114" />
      <trkpt lat="46.0655906" lon="11.0991007" />
      <trkpt lat="46.0656168" lon="11.0990873" />
      <trkpt lat="46.0656251" lon="11.0990934" />
      <trkpt lat="46.0656389" lon="11.0990974" />
      <trkpt lat="46.0656875" lon="11.0991031" />
      <trkpt lat="46.0657811" lon="11.0991232" />
      <trkpt lat="46.0658914" lon="11.0991295" />
      <trkpt lat="46.0660010" lon="11.0991385" />
      <trkpt lat="46.0660321" lon="11.0991487" />
      <trkpt lat="46.0660597" lon="11.0991665" />
      <trkpt lat="46.0660976" lon="11.0992057" />
      <trkpt lat="46.0661284" lon="11.0992431" />
      <trkpt lat="46.0661947" lon="11.0993482" />
      <trkpt lat="46.0662348" lon="11.0994102" />
      <trkpt lat="46.0662792" lon="11.0994496" />
      <trkpt lat="46.0663194" lon="11.0994536" />
      <trkpt lat="46.0663535" lon="11.0994354" />
      <trkpt lat="46.0663874" lon="11.0994028" />
      <trkpt lat="46.0664006" lon="11.0993615" />
      <trkpt lat="46.0664022" lon="11.0993084" />
      <trkpt lat="46.0663693" lon="11.0991486" />
      <trkpt lat="46.0663674" lon="11.0990604" />
      <trkpt lat="46.0663804" lon="11.0989597" />
      <trkpt lat="46.0664054" lon="11.0988681" />
      <trkpt lat="46.0664493" lon="11.0987849" />
      <trkpt lat="46.0664977" lon="11.0987229" />
      <trkpt lat="46.0666499" lon="11.0986085" />
      <trkpt lat="46.0667176" lon="11.0985492" />
      <trkpt lat="46.0668666" lon="11.0984645" />
      <trkpt lat="46.0669556" lon="11.0984128" />
      <trkpt lat="46.0670317" lon="11.0983896" />
      <trkpt lat="46.0670758" lon="11.0983761" />
      <trkpt lat="46.0671470" lon="11.0983637" />
      <trkpt lat="46.0672698" lon="11.0983294" />
      <trkpt lat="46.0673903" lon="11.0982400" />
      <trkpt lat="46.0674771" lon="11.0981565" />
      <trkpt lat="46.0675492" lon="11.0981059" />
      <trkpt lat="46.0676765" lon="11.0980472" />
      <trkpt lat="46.0677721" lon="11.0980020" />
      <trkpt lat="46.0678624" lon="11.0979606" />
      <trkpt lat="46.0681204" lon="11.0978229" />
      <trkpt lat="46.0681766" lon="11.0977835" />
      <trkpt lat="46.0682689" lon="11.0977092" />
      <trkpt lat="46.0684366" lon="11.0975826" />
      <trkpt lat="46.0685646" lon="11.0974613" />
      <trkpt lat="46.0686842" lon="11.0974144" />
      <trkpt lat="46.0688816" lon="11.0973826" />
      <trkpt lat="46.0689499" lon="11.0973754" />
      <trkpt lat="46.0690306" lon="11.0973712" />
      <trkpt lat="46.0691399" lon="11.0973305" />
      <trkpt lat="46.0692617" lon="11.0972357" />
      <trkpt lat="46.0693755" lon="11.0971444" />
      <trkpt lat="46.0694713" lon="11.0970339" />
      <trkpt lat="46.0695186" lon="11.0969926" />
      <trkpt lat="46.0695401" lon="11.0969899" />
      <trkpt lat="46.0695718" lon="11.0969794" />
      <trkpt lat="46.0695803" lon="11.0969896" />
      <trkpt lat="46.0695303" lon="11.0971000" />
      <trkpt lat="46.0694334" lon="11.0972864" />
      <trkpt lat="46.0693365" lon="11.0974971" />
      <trkpt lat="46.0692525" lon="11.0976526" />
      <trkpt lat="46.0692184" lon="11.0977308" />
      <trkpt lat="46.0692335" lon="11.0977315" />
      <trkpt lat="46.0693479" lon="11.0977368" />
      <trkpt lat="46.0694960" lon="11.0977783" />
      <trkpt lat="46.0695415" lon="11.0977620" />
      <trkpt lat="46.0697765" lon="11.0977766" />
      <trkpt lat="46.0698445" lon="11.0977551" />
      <trkpt lat="46.0698815" lon="11.0977568" />
      <trkpt lat="46.0699723" lon="11.0977572" />
      <trkpt lat="46.0701109" lon="11.0977713" />
      <trkpt lat="46.0702408" lon="11.0977608" />
      <trkpt lat="46.0703232" lon="11.0977313" />
      <trkpt lat="46.0705014" lon="11.0976207" />
      <trkpt lat="46.0707011" lon="11.0974372" />
      <trkpt lat="46.0708130" lon="11.0973476" />
      <trkpt lat="46.0708965" lon="11.0973109" />
      <trkpt lat="46.0710478" lon="11.0972658" />
      <trkpt lat="46.0711388" lon="11.0972505" />
      <trkpt lat="46.0712261" lon="11.0972620" />
      <trkpt lat="46.0714053" lon="11.0972851" />
      <trkpt lat="46.0714799" lon="11.0972844" />
      <trkpt lat="46.0715446" lon="11.0972757" />
      <trkpt lat="46.0717922" lon="11.0972134" />
      <trkpt lat="46.0720810" lon="11.0970783" />
      <trkpt lat="46.0721749" lon="11.0970719" />
      <trkpt lat="46.0722512" lon="11.0970808" />
      <trkpt lat="46.0725963" lon="11.0970961" />
      <trkpt lat="46.0727494" lon="11.0971079" />
      <trkpt lat="46.0728251" lon="11.0971279" />
      <trkpt lat="46.0731730" lon="11.0972468" />
      <trkpt lat="46.0734514" lon="11.0973257" />
      <trkpt lat="46.0737659" lon="11.0974709" />
      <trkpt lat="46.0739904" lon="11.0976348" />
      <trkpt lat="46.0742465" lon="11.0977462" />
      <trkpt lat="46.0743735" lon="11.0978433" />
      <trkpt lat="46.0744212" lon="11.0978917" />
      <trkpt lat="46.0744850" lon="11.0979667" />
      <trkpt lat="46.0745343" lon="11.0980142" />
      <trkpt lat="46.0745824" lon="11.0980490" />
      <trkpt lat="46.0747803" lon="11.0981722" />
      <trkpt lat="46.0747857" lon="11.0981756" />
      <trkpt lat="46.0747970" lon="11.0981827" />
      <trkpt lat="46.0748164" lon="11.0981915" />
      <trkpt lat="46.0748563" lon="11.0982034" />
      <trkpt lat="46.0748909" lon="11.0982090" />
      <trkpt lat="46.0749306" lon="11.0982090" />
      <trkpt lat="46.0750468" lon="11.0982070" />
      <trkpt lat="46.0751564" lon="11.0982257" />
      <trkpt lat="46.0752306" lon="11.0982303" />
      <trkpt lat="46.0752953" lon="11.0982233" />
      <trkpt lat="46.0754589" lon="11.0981709" />
      <trkpt lat="46.0756033" lon="11.0981184" />
      <trkpt lat="46.0757066" lon="11.0980899" />
      <trkpt lat="46.0757931" lon="11.0980767" />
      <trkpt lat="46.0758378" lon="11.0980712" />
      <trkpt lat="46.0760573" lon="11.0980396" />
      <trkpt lat="46.0761041" lon="11.0980418" />
      <trkpt lat="46.0761268" lon="11.0980519" />
      <trkpt lat="46.0761318" lon="11.0980736" />
      <trkpt lat="46.0762530" lon="11.0980695" />
      <trkpt lat="46.0763610" lon="11.0980727" />
      <trkpt lat="46.0765975" lon="11.0980933" />
      <trkpt lat="46.0767897" lon="11.0981422" />
      <trkpt lat="46.0766556" lon="11.0981704" />
      <trkpt lat="46.0765881" lon="11.0981730" />
      <trkpt lat="46.0765472" lon="11.0981745" />
      <trkpt lat="46.0764949" lon="11.0981771" />
      <trkpt lat="46.0764441" lon="11.0981841" />
      <trkpt lat="46.0764129" lon="11.0981987" />
      <trkpt lat="46.0763748" lon="11.0982483" />
      <trkpt lat="46.0763455" lon="11.0982852" />
      <trkpt lat="46.0762130" lon="11.0983854" />
      <trkpt lat="46.0760701" lon="11.0984850" />
      <trkpt lat="46.0758238" lon="11.0986543" />
      <trkpt lat="46.0757529" lon="11.0987535" />
      <trkpt lat="46.0753953" lon="11.0992931" />
      <trkpt lat="46.0753253" lon="11.0993576" />
      <trkpt lat="46.0752360" lon="11.0993988" />
      <trkpt lat="46.0750072" lon="11.0994749" />
      <trkpt lat="46.0749398" lon="11.0995150" />
      <trkpt lat="46.0749343" lon="11.0995200" />
      <trkpt lat="46.0750069" lon="11.0995847" />
      <trkpt lat="46.0750326" lon="11.0996120" />
      <trkpt lat="46.0753062" lon="11.1001942" />
      <trkpt lat="46.0753380" lon="11.1002619" />
      <trkpt lat="46.0753683" lon="11.1003133" />
      <trkpt lat="46.0753942" lon="11.1003389" />
      <trkpt lat="46.0753957" lon="11.1003917" />
      <trkpt lat="46.0754061" lon="11.1004601" />
      <trkpt lat="46.0754244" lon="11.1005272" />
      <trkpt lat="46.0753974" lon="11.1006103" />
      <trkpt lat="46.0752254" lon="11.1007922" />
      <trkpt lat="46.0748654" lon="11.1008552" />
      <trkpt lat="46.0748113" lon="11.1008853" />
      <trkpt lat="46.0751140" lon="11.1010738" />
      <trkpt lat="46.0751873" lon="11.1011067" />
      <trkpt lat="46.0752121" lon="11.1011310" />
      <trkpt lat="46.0752637" lon="11.1012854" />
      <trkpt lat="46.0753014" lon="11.1013797" />
      <trkpt lat="46.0753341" lon="11.1014183" />
      <trkpt lat="46.0753511" lon="11.1014370" />
      <trkpt lat="46.0753556" lon="11.1014268" />
      <trkpt lat="46.0753718" lon="11.1014081" />
      <trkpt lat="46.0753867" lon="11.1013978" />
      <trkpt lat="46.0754022" lon="11.1013913" />
      <trkpt lat="46.0754573" lon="11.1013857" />
      <trkpt lat="46.0754981" lon="11.1013773" />
      <trkpt lat="46.0755325" lon="11.1013605" />
      <trkpt lat="46.0755869" lon="11.1013147" />
      <trkpt lat="46.0756322" lon="11.1012755" />
      <trkpt lat="46.0756834" lon="11.1012278" />
      <trkpt lat="46.0757277" lon="11.1011750" />
      <trkpt lat="46.0757565" lon="11.1011508" />
      <trkpt lat="46.0758747" lon="11.1010328" />
      <trkpt lat="46.0759947" lon="11.1009165" />
      <trkpt lat="46.0761019" lon="11.1008122" />
      <trkpt lat="46.0761364" lon="11.1007829" />
      <trkpt lat="46.0761610" lon="11.1007694" />
      <trkpt lat="46.0761830" lon="11.1007660" />
      <trkpt lat="46.0762132" lon="11.1007824" />
      <trkpt lat="46.0761648" lon="11.1008993" />
      <trkpt lat="46.0757707" lon="11.1017405" />
      <trkpt lat="46.0756373" lon="11.1020427" />
      <trkpt lat="46.0756215" lon="11.1020786" />
      <trkpt lat="46.0755729" lon="11.1021560" />
      <trkpt lat="46.0755325" lon="11.1022082" />
      <trkpt lat="46.0754949" lon="11.1022410" />
      <trkpt lat="46.0754686" lon="11.1022577" />
      <trkpt lat="46.0754252" lon="11.1022851" />
      <trkpt lat="46.0753920" lon="11.1022937" />
      <trkpt lat="46.0753563" lon="11.1022910" />
      <trkpt lat="46.0753308" lon="11.1022802" />
      <trkpt lat="46.0752875" lon="11.1022527" />
      <trkpt lat="46.0752403" lon="11.1022009" />
      <trkpt lat="46.0750429" lon="11.1019263" />
      <trkpt lat="46.0750194" lon="11.1019050" />
      <trkpt lat="46.0750083" lon="11.1018974" />
      <trkpt lat="46.0749903" lon="11.1018917" />
      <trkpt lat="46.0749712" lon="11.1018938" />
      <trkpt lat="46.0749463" lon="11.1019031" />
      <trkpt lat="46.0748999" lon="11.1019379" />
      <trkpt lat="46.0748201" lon="11.1020348" />
      <trkpt lat="46.0747278" lon="11.1021692" />
      <trkpt lat="46.0746356" lon="11.1023305" />
      <trkpt lat="46.0745902" lon="11.1024447" />
      <trkpt lat="46.0745467" lon="11.1025871" />
      <trkpt lat="46.0743109" lon="11.1036012" />
      <trkpt lat="46.0742878" lon="11.1036991" />
      <trkpt lat="46.0742611" lon="11.1037864" />
      <trkpt lat="46.0742357" lon="11.1038350" />
      <trkpt lat="46.0742065" lon="11.1038756" />
      <trkpt lat="46.0740049" lon="11.1041204" />
      <trkpt lat="46.0738863" lon="11.1042657" />
      <trkpt lat="46.0737878" lon="11.1044088" />
      <trkpt lat="46.0737195" lon="11.1045304" />
      <trkpt lat="46.0737015" lon="11.1045622" />
      <trkpt lat="46.0736455" lon="11.1047063" />
      <trkpt lat="46.0736047" lon="11.1048427" />
      <trkpt lat="46.0734166" lon="11.1054688" />
      <trkpt lat="46.0734030" lon="11.1055081" />
      <trkpt lat="46.0733780" lon="11.1055867" />
      <trkpt lat="46.0733546" lon="11.1055749" />
      <trkpt lat="46.0733173" lon="11.1055729" />
      <trkpt lat="46.0732897" lon="11.1055779" />
      <trkpt lat="46.0732700" lon="11.1055829" />
      <trkpt lat="46.0732582" lon="11.1055860" />
      <trkpt lat="46.0732475" lon="11.1055948" />
      <trkpt lat="46.0732016" lon="11.1056510" />
      <trkpt lat="46.0731883" lon="11.1056751" />
      <trkpt lat="46.0731798" lon="11.1056924" />
      <trkpt lat="46.0731736" lon="11.1057055" />
      <trkpt lat="46.0731662" lon="11.1057190" />
      <trkpt lat="46.0731562" lon="11.1057281" />
      <trkpt lat="46.0730114" lon="11.1057895" />
      <trkpt lat="46.0730011" lon="11.1057973" />
      <trkpt lat="46.0729925" lon="11.1058067" />
      <trkpt lat="46.0729880" lon="11.1058165" />
      <trkpt lat="46.0729852" lon="11.1058253" />
      <trkpt lat="46.0729843" lon="11.1058347" />
      <trkpt lat="46.0729853" lon="11.1058462" />
      <trkpt lat="46.0730147" lon="11.1060053" />
      <trkpt lat="46.0730138" lon="11.1060302" />
      <trkpt lat="46.0730079" lon="11.1060518" />
      <trkpt lat="46.0729984" lon="11.1060699" />
      <trkpt lat="46.0729870" lon="11.1060840" />
      <trkpt lat="46.0729673" lon="11.1061017" />
      <trkpt lat="46.0728710" lon="11.1061878" />
      <trkpt lat="46.0726588" lon="11.1064327" />
      <trkpt lat="46.0724889" lon="11.1066444" />
      <trkpt lat="46.0724705" lon="11.1066936" />
      <trkpt lat="46.0724569" lon="11.1067669" />
      <trkpt lat="46.0724508" lon="11.1068510" />
      <trkpt lat="46.0724488" lon="11.1069223" />
      <trkpt lat="46.0724490" lon="11.1069671" />
      <trkpt lat="46.0724492" lon="11.1070009" />
      <trkpt lat="46.0724468" lon="11.1070359" />
      <trkpt lat="46.0724425" lon="11.1070683" />
      <trkpt lat="46.0724149" lon="11.1071537" />
      <trkpt lat="46.0723799" lon="11.1072337" />
      <trkpt lat="46.0723358" lon="11.1073203" />
      <trkpt lat="46.0722843" lon="11.1074068" />
      <trkpt lat="46.0722417" lon="11.1074623" />
      <trkpt lat="46.0721972" lon="11.1075152" />
      <trkpt lat="46.0721555" lon="11.1075667" />
      <trkpt lat="46.0721388" lon="11.1075918" />
      <trkpt lat="46.0721249" lon="11.1076155" />
      <trkpt lat="46.0721171" lon="11.1076376" />
      <trkpt lat="46.0720982" lon="11.1077067" />
      <trkpt lat="46.0720873" lon="11.1077336" />
      <trkpt lat="46.0720748" lon="11.1077531" />
      <trkpt lat="46.0718613" lon="11.1079758" />
      <trkpt lat="46.0716436" lon="11.1082496" />
      <trkpt lat="46.0716002" lon="11.1082846" />
      <trkpt lat="46.0715782" lon="11.1082920" />
      <trkpt lat="46.0715589" lon="11.1082860" />
      <trkpt lat="46.0715446" lon="11.1082793" />
      <trkpt lat="46.0715190" lon="11.1082666" />
      <trkpt lat="46.0715019" lon="11.1082646" />
      <trkpt lat="46.0714827" lon="11.1082763" />
      <trkpt lat="46.0714543" lon="11.1083203" />
      <trkpt lat="46.0713877" lon="11.1084257" />
      <trkpt lat="46.0713090" lon="11.1089748" />
      <trkpt lat="46.0711536" lon="11.1092756" />
      <trkpt lat="46.0710546" lon="11.1094317" />
      <trkpt lat="46.0710705" lon="11.1094582" />
      <trkpt lat="46.0710196" lon="11.1095462" />
      <trkpt lat="46.0709205" lon="11.1097366" />
      <trkpt lat="46.0708693" lon="11.1098647" />
      <trkpt lat="46.0708554" lon="11.1099003" />
      <trkpt lat="46.0708316" lon="11.1099613" />
      <trkpt lat="46.0707497" lon="11.1101838" />
      <trkpt lat="46.0707018" lon="11.1103180" />
      <trkpt lat="46.0706665" lon="11.1104467" />
      <trkpt lat="46.0706453" lon="11.1105284" />
      <trkpt lat="46.0706014" lon="11.1107079" />
      <trkpt lat="46.0706362" lon="11.1107149" />
      <trkpt lat="46.0706282" lon="11.1107785" />
      <trkpt lat="46.0705792" lon="11.1111217" />
      <trkpt lat="46.0705413" lon="11.1111003" />
      <trkpt lat="46.0705361" lon="11.1111626" />
      <trkpt lat="46.0705257" lon="11.1113296" />
      <trkpt lat="46.0705187" lon="11.1114760" />
      <trkpt lat="46.0705136" lon="11.1116151" />
      <trkpt lat="46.0705106" lon="11.1117214" />
      <trkpt lat="46.0704958" lon="11.1117395" />
      <trkpt lat="46.0705047" lon="11.1117917" />
      <trkpt lat="46.0705169" lon="11.1118466" />
      <trkpt lat="46.0705292" lon="11.1118991" />
      <trkpt lat="46.0705718" lon="11.1120551" />
      <trkpt lat="46.0706417" lon="11.1123099" />
      <trkpt lat="46.0707258" lon="11.1126025" />
      <trkpt lat="46.0707340" lon="11.1126350" />
      <trkpt lat="46.0708001" lon="11.1125921" />
      <trkpt lat="46.0708147" lon="11.1125826" />
      <trkpt lat="46.0708357" lon="11.1125823" />
      <trkpt lat="46.0708561" lon="11.1125954" />
      <trkpt lat="46.0708641" lon="11.1126097" />
      <trkpt lat="46.0709429" lon="11.1127975" />
      <trkpt lat="46.0710060" lon="11.1131114" />
      <trkpt lat="46.0710122" lon="11.1132922" />
      <trkpt lat="46.0710025" lon="11.1134053" />
      <trkpt lat="46.0709733" lon="11.1135693" />
      <trkpt lat="46.0710238" lon="11.1135966" />
      <trkpt lat="46.0711600" lon="11.1136721" />
      <trkpt lat="46.0713043" lon="11.1136333" />
      <trkpt lat="46.0713250" lon="11.1136230" />
      <trkpt lat="46.0713294" lon="11.1136394" />
      <trkpt lat="46.0713398" lon="11.1136831" />
      <trkpt lat="46.0713254" lon="11.1136882" />
      <trkpt lat="46.0713602" lon="11.1138424" />
      <trkpt lat="46.0713938" lon="11.1138528" />
      <trkpt lat="46.0714336" lon="11.1138651" />
      <trkpt lat="46.0714317" lon="11.1139002" />
      <trkpt lat="46.0714368" lon="11.1139694" />
      <trkpt lat="46.0714436" lon="11.1140303" />
      <trkpt lat="46.0715779" lon="11.1145882" />
      <trkpt lat="46.0716577" lon="11.1149227" />
      <trkpt lat="46.0716679" lon="11.1149335" />
      <trkpt lat="46.0716795" lon="11.1149328" />
      <trkpt lat="46.0716942" lon="11.1149288" />
      <trkpt lat="46.0717047" lon="11.1149261" />
      <trkpt lat="46.0717255" lon="11.1149214" />
      <trkpt lat="46.0717453" lon="11.1149588" />
      <trkpt lat="46.0717718" lon="11.1150156" />
      <trkpt lat="46.0716846" lon="11.1150533" />
      <trkpt lat="46.0716622" lon="11.1150668" />
      <trkpt lat="46.0716521" lon="11.1150762" />
      <trkpt lat="46.0716469" lon="11.1150926" />
      <trkpt lat="46.0716519" lon="11.1151115" />
      <trkpt lat="46.0716632" lon="11.1151227" />
      <trkpt lat="46.0716843" lon="11.1151327" />
      <trkpt lat="46.0716777" lon="11.1151800" />
      <trkpt lat="46.0716701" lon="11.1152371" />
      <trkpt lat="46.0715462" lon="11.1151968" />
      <trkpt lat="46.0714778" lon="11.1151767" />
      <trkpt lat="46.0714751" lon="11.1151881" />
      <trkpt lat="46.0714713" lon="11.1152069" />
      <trkpt lat="46.0712489" lon="11.1150973" />
      <trkpt lat="46.0711800" lon="11.1150634" />
      <trkpt lat="46.0711622" lon="11.1150542" />
      <trkpt lat="46.0709446" lon="11.1149414" />
      <trkpt lat="46.0708185" lon="11.1148581" />
      <trkpt lat="46.0707959" lon="11.1148434" />
      <trkpt lat="46.0708009" lon="11.1148281" />
      <trkpt lat="46.0708045" lon="11.1148160" />
      <trkpt lat="46.0708171" lon="11.1147747" />
      <trkpt lat="46.0708319" lon="11.1147234" />
      <trkpt lat="46.0706094" lon="11.1145490" />
      <trkpt lat="46.0705843" lon="11.1145160" />
      <trkpt lat="46.0705662" lon="11.1144787" />
      <trkpt lat="46.0705372" lon="11.1145196" />
      <trkpt lat="46.0705116" lon="11.1145755" />
      <trkpt lat="46.0704564" lon="11.1145311" />
      <trkpt lat="46.0703770" lon="11.1144800" />
      <trkpt lat="46.0703535" lon="11.1144784" />
      <trkpt lat="46.0703420" lon="11.1144768" />
      <trkpt lat="46.0703300" lon="11.1144739" />
      <trkpt lat="46.0702894" lon="11.1144548" />
      <trkpt lat="46.0702508" lon="11.1144356" />
      <trkpt lat="46.0702467" lon="11.1144529" />
      <trkpt lat="46.0699151" lon="11.1156990" />
      <trkpt lat="46.0698998" lon="11.1157127" />
      <trkpt lat="46.0698507" lon="11.1157710" />
      <trkpt lat="46.0697948" lon="11.1158159" />
      <trkpt lat="46.0697290" lon="11.1158495" />
      <trkpt lat="46.0696957" lon="11.1158516" />
      <trkpt lat="46.0696409" lon="11.1158489" />
      <trkpt lat="46.0696120" lon="11.1158421" />
      <trkpt lat="46.0695555" lon="11.1157924" />
      <trkpt lat="46.0694630" lon="11.1156868" />
      <trkpt lat="46.0694235" lon="11.1157469" />
      <trkpt lat="46.0693849" lon="11.1158089" />
      <trkpt lat="46.0694825" lon="11.1159653" />
      <trkpt lat="46.0695837" lon="11.1160774" />
      <trkpt lat="46.0696531" lon="11.1161456" />
      <trkpt lat="46.0698035" lon="11.1162762" />
      <trkpt lat="46.0699295" lon="11.1163939" />
      <trkpt lat="46.0699495" lon="11.1164167" />
      <trkpt lat="46.0699884" lon="11.1163713" />
      <trkpt lat="46.0700203" lon="11.1163341" />
      <trkpt lat="46.0700363" lon="11.1163380" />
      <trkpt lat="46.0701001" lon="11.1163371" />
      <trkpt lat="46.0701090" lon="11.1163383" />
      <trkpt lat="46.0701450" lon="11.1163432" />
      <trkpt lat="46.0701808" lon="11.1163636" />
      <trkpt lat="46.0702254" lon="11.1164238" />
      <trkpt lat="46.0703886" lon="11.1166767" />
      <trkpt lat="46.0703747" lon="11.1168007" />
      <trkpt lat="46.0703575" lon="11.1168896" />
      <trkpt lat="46.0703473" lon="11.1169586" />
      <trkpt lat="46.0703477" lon="11.1170434" />
      <trkpt lat="46.0703201" lon="11.1171936" />
      <trkpt lat="46.0702731" lon="11.1171733" />
      <trkpt lat="46.0702287" lon="11.1171541" />
      <trkpt lat="46.0702169" lon="11.1171918" />
      <trkpt lat="46.0701805" lon="11.1173050" />
      <trkpt lat="46.0700861" lon="11.1176034" />
      <trkpt lat="46.0700527" lon="11.1177069" />
      <trkpt lat="46.0700431" lon="11.1177476" />
      <trkpt lat="46.0700369" lon="11.1177882" />
      <trkpt lat="46.0700305" lon="11.1178362" />
      <trkpt lat="46.0700294" lon="11.1178856" />
      <trkpt lat="46.0700269" lon="11.1179061" />
      <trkpt lat="46.0699908" lon="11.1179414" />
      <trkpt lat="46.0699871" lon="11.1179668" />
      <trkpt lat="46.0699905" lon="11.1180483" />
      <trkpt lat="46.0700084" lon="11.1181540" />
      <trkpt lat="46.0699803" lon="11.1181633" />
      <trkpt lat="46.0699644" lon="11.1181025" />
      <trkpt lat="46.0699602" lon="11.1180863" />
      <trkpt lat="46.0698926" lon="11.1180856" />
      <trkpt lat="46.0698874" lon="11.1179709" />
      <trkpt lat="46.0698848" lon="11.1178924" />
      <trkpt lat="46.0698788" lon="11.1178753" />
      <trkpt lat="46.0698712" lon="11.1178636" />
      <trkpt lat="46.0698627" lon="11.1178579" />
      <trkpt lat="46.0698460" lon="11.1178590" />
      <trkpt lat="46.0698328" lon="11.1178689" />
      <trkpt lat="46.0698214" lon="11.1178923" />
      <trkpt lat="46.0698162" lon="11.1177869" />
      <trkpt lat="46.0698052" lon="11.1177080" />
      <trkpt lat="46.0697925" lon="11.1176638" />
      <trkpt lat="46.0697728" lon="11.1176277" />
      <trkpt lat="46.0696085" lon="11.1174443" />
      <trkpt lat="46.0694474" lon="11.1171906" />
      <trkpt lat="46.0690898" lon="11.1169530" />
      <trkpt lat="46.0689420" lon="11.1168633" />
      <trkpt lat="46.0688625" lon="11.1168212" />
      <trkpt lat="46.0688130" lon="11.1168193" />
      <trkpt lat="46.0686021" lon="11.1169041" />
      <trkpt lat="46.0681601" lon="11.1171031" />
      <trkpt lat="46.0681191" lon="11.1171294" />
      <trkpt lat="46.0680545" lon="11.1170328" />
      <trkpt lat="46.0679940" lon="11.1164565" />
      <trkpt lat="46.0679753" lon="11.1163254" />
      <trkpt lat="46.0680338" lon="11.1160199" />
      <trkpt lat="46.0680707" lon="11.1158822" />
      <trkpt lat="46.0680737" lon="11.1158721" />
      <trkpt lat="46.0680940" lon="11.1158801" />
      <trkpt lat="46.0682188" lon="11.1153837" />
      <trkpt lat="46.0681850" lon="11.1153880" />
      <trkpt lat="46.0681384" lon="11.1153939" />
      <trkpt lat="46.0681265" lon="11.1153883" />
      <trkpt lat="46.0680332" lon="11.1153684" />
      <trkpt lat="46.0679464" lon="11.1153270" />
      <trkpt lat="46.0677902" lon="11.1152526" />
      <trkpt lat="46.0677326" lon="11.1152266" />
      <trkpt lat="46.0677254" lon="11.1152228" />
      <trkpt lat="46.0669565" lon="11.1148188" />
      <trkpt lat="46.0669080" lon="11.1147934" />
      <trkpt lat="46.0668587" lon="11.1147689" />
      <trkpt lat="46.0664895" lon="11.1145858" />
      <trkpt lat="46.0663840" lon="11.1145473" />
      <trkpt lat="46.0663506" lon="11.1145446" />
      <trkpt lat="46.0663315" lon="11.1145516" />
      <trkpt lat="46.0663055" lon="11.1145612" />
      <trkpt lat="46.0662432" lon="11.1145505" />
      <trkpt lat="46.0661796" lon="11.1145362" />
      <trkpt lat="46.0660937" lon="11.1145610" />
      <trkpt lat="46.0660821" lon="11.1145378" />
      <trkpt lat="46.0660532" lon="11.1145050" />
      <trkpt lat="46.0659947" lon="11.1144847" />
      <trkpt lat="46.0659856" lon="11.1144795" />
      <trkpt lat="46.0659923" lon="11.1143291" />
      <trkpt lat="46.0659951" lon="11.1143098" />
      <trkpt lat="46.0655416" lon="11.1140592" />
      <trkpt lat="46.0652836" lon="11.1139468" />
      <trkpt lat="46.0651362" lon="11.1138670" />
      <trkpt lat="46.0650965" lon="11.1138455" />
      <trkpt lat="46.0648206" lon="11.1137084" />
      <trkpt lat="46.0647463" lon="11.1136623" />
      <trkpt lat="46.0646967" lon="11.1136437" />
      <trkpt lat="46.0641463" lon="11.1134375" />
      <trkpt lat="46.0637524" lon="11.1132971" />
      <trkpt lat="46.0636983" lon="11.1132832" />
      <trkpt lat="46.0636621" lon="11.1132752" />
      <trkpt lat="46.0634818" lon="11.1132254" />
      <trkpt lat="46.0633090" lon="11.1131770" />
      <trkpt lat="46.0631257" lon="11.1131259" />
      <trkpt lat="46.0627502" lon="11.1130204" />
      <trkpt lat="46.0625630" lon="11.1130073" />
      <trkpt lat="46.0625007" lon="11.1130063" />
      <trkpt lat="46.0624579" lon="11.1130163" />
      <trkpt lat="46.0624262" lon="11.1130355" />
      <trkpt lat="46.0623907" lon="11.1130695" />
      <trkpt lat="46.0623572" lon="11.1131131" />
      <trkpt lat="46.0623316" lon="11.1131631" />
      <trkpt lat="46.0623205" lon="11.1131998" />
      <trkpt lat="46.0623104" lon="11.1132523" />
      <trkpt lat="46.0623098" lon="11.1132833" />
      <trkpt lat="46.0623245" lon="11.1135043" />
      <trkpt lat="46.0623318" lon="11.1135988" />
      <trkpt lat="46.0622819" lon="11.1135872" />
      <trkpt lat="46.0622377" lon="11.1135805" />
      <trkpt lat="46.0620544" lon="11.1135429" />
      <trkpt lat="46.0618492" lon="11.1135112" />
      <trkpt lat="46.0616604" lon="11.1134805" />
      <trkpt lat="46.0615126" lon="11.1134600" />
      <trkpt lat="46.0612735" lon="11.1134347" />
      <trkpt lat="46.0611072" lon="11.1134227" />
      <trkpt lat="46.0610721" lon="11.1134257" />
      <trkpt lat="46.0605715" lon="11.1134088" />
      <trkpt lat="46.0604255" lon="11.1134099" />
      <trkpt lat="46.0602254" lon="11.1134139" />
      <trkpt lat="46.0600655" lon="11.1134229" />
      <trkpt lat="46.0599219" lon="11.1134290" />
      <trkpt lat="46.0597295" lon="11.1134450" />
      <trkpt lat="46.0595687" lon="11.1134622" />
      <trkpt lat="46.0593995" lon="11.1134879" />
      <trkpt lat="46.0592298" lon="11.1135164" />
      <trkpt lat="46.0591207" lon="11.1135315" />
      <trkpt lat="46.0591315" lon="11.1139340" />
      <trkpt lat="46.0591340" lon="11.1140740" />
      <trkpt lat="46.0591002" lon="11.1140813" />
      <trkpt lat="46.0590485" lon="11.1140876" />
      <trkpt lat="46.0590238" lon="11.1140969" />
      <trkpt lat="46.0590235" lon="11.1140756" />
      <trkpt lat="46.0590220" lon="11.1139423" />
      <trkpt lat="46.0590029" lon="11.1139088" />
      <trkpt lat="46.0586269" lon="11.1138985" />
      <trkpt lat="46.0586013" lon="11.1138978" />
      <trkpt lat="46.0585896" lon="11.1128142" />
      <trkpt lat="46.0585865" lon="11.1126407" />
      <trkpt lat="46.0585866" lon="11.1126234" />
      <trkpt lat="46.0583932" lon="11.1126167" />
      <trkpt lat="46.0583462" lon="11.1126125" />
      <trkpt lat="46.0582967" lon="11.1126081" />
      <trkpt lat="46.0582649" lon="11.1126053" />
      <trkpt lat="46.0573856" lon="11.1125479" />
      <trkpt lat="46.0573464" lon="11.1125459" />
      <trkpt lat="46.0573151" lon="11.1125443" />
      <trkpt lat="46.0571199" lon="11.1125299" />
      <trkpt lat="46.0570728" lon="11.1125301" />
      <trkpt lat="46.0570464" lon="11.1125401" />
      <trkpt lat="46.0570314" lon="11.1125551" />
      <trkpt lat="46.0570090" lon="11.1125837" />
      <trkpt lat="46.0569863" lon="11.1126337" />
      <trkpt lat="46.0569723" lon="11.1127049" />
      <trkpt lat="46.0569236" lon="11.1127116" />
      <trkpt lat="46.0568799" lon="11.1127190" />
      <trkpt lat="46.0568711" lon="11.1126825" />
      <trkpt lat="46.0568480" lon="11.1126295" />
      <trkpt lat="46.0568160" lon="11.1125909" />
      <trkpt lat="46.0567840" lon="11.1125592" />
      <trkpt lat="46.0567505" lon="11.1125442" />
      <trkpt lat="46.0567084" lon="11.1125329" />
      <trkpt lat="46.0560629" lon="11.1124910" />
      <trkpt lat="46.0560655" lon="11.1124271" />
      <trkpt lat="46.0559674" lon="11.1124240" />
      <trkpt lat="46.0540789" lon="11.1123119" />
      <trkpt lat="46.0535783" lon="11.1122738" />
      <trkpt lat="46.0533484" lon="11.1122291" />
      <trkpt lat="46.0530891" lon="11.1121620" />
      <trkpt lat="46.0529160" lon="11.1121163" />
      <trkpt lat="46.0527425" lon="11.1120706" />
      <trkpt lat="46.0527305" lon="11.1121492" />
      <trkpt lat="46.0523140" lon="11.1120341" />
      <trkpt lat="46.0520490" lon="11.1119686" />
      <trkpt lat="46.0519889" lon="11.1119523" />
      <trkpt lat="46.0519199" lon="11.1119337" />
      <trkpt lat="46.0517744" lon="11.1119011" />
      <trkpt lat="46.0517482" lon="11.1118953" />
      <trkpt lat="46.0516574" lon="11.1118742" />
      <trkpt lat="46.0515946" lon="11.1118616" />
      <trkpt lat="46.0515628" lon="11.1118586" />
      <trkpt lat="46.0515432" lon="11.1118648" />
      <trkpt lat="46.0515228" lon="11.1118775" />
      <trkpt lat="46.0515032" lon="11.1118989" />
      <trkpt lat="46.0514849" lon="11.1119267" />
      <trkpt lat="46.0514708" lon="11.1119621" />
      <trkpt lat="46.0514591" lon="11.1120028" />
      <trkpt lat="46.0514336" lon="11.1119868" />
      <trkpt lat="46.0514128" lon="11.1120788" />
      <trkpt lat="46.0514114" lon="11.1123014" />
      <trkpt lat="46.0514042" lon="11.1125886" />
      <trkpt lat="46.0513602" lon="11.1125832" />
      <trkpt lat="46.0513560" lon="11.1126565" />
      <trkpt lat="46.0513405" lon="11.1127533" />
      <trkpt lat="46.0513107" lon="11.1129183" />
      <trkpt lat="46.0512660" lon="11.1130638" />
      <trkpt lat="46.0512457" lon="11.1130923" />
      <trkpt lat="46.0512160" lon="11.1131181" />
      <trkpt lat="46.0511623" lon="11.1131463" />
      <trkpt lat="46.0510864" lon="11.1131821" />
      <trkpt lat="46.0510157" lon="11.1132100" />
      <trkpt lat="46.0509836" lon="11.1132479" />
      <trkpt lat="46.0509401" lon="11.1131940" />
      <trkpt lat="46.0508675" lon="11.1131416" />
      <trkpt lat="46.0507722" lon="11.1131140" />
      <trkpt lat="46.0505220" lon="11.1130360" />
      <trkpt lat="46.0503613" lon="11.1129400" />
      <trkpt lat="46.0501923" lon="11.1128039" />
      <trkpt lat="46.0500238" lon="11.1126701" />
      <trkpt lat="46.0499748" lon="11.1126297" />
      <trkpt lat="46.0499033" lon="11.1125709" />
      <trkpt lat="46.0497884" lon="11.1125403" />
      <trkpt lat="46.0496739" lon="11.1125269" />
      <trkpt lat="46.0494843" lon="11.1125326" />
      <trkpt lat="46.0492743" lon="11.1125478" />
      <trkpt lat="46.0491153" lon="11.1125707" />
      <trkpt lat="46.0490930" lon="11.1125780" />
      <trkpt lat="46.0489503" lon="11.1126249" />
      <trkpt lat="46.0488526" lon="11.1126744" />
      <trkpt lat="46.0487222" lon="11.1127527" />
      <trkpt lat="46.0485086" lon="11.1129123" />
      <trkpt lat="46.0483343" lon="11.1130414" />
      <trkpt lat="46.0479986" lon="11.1132965" />
      <trkpt lat="46.0479580" lon="11.1133292" />
      <trkpt lat="46.0479085" lon="11.1133707" />
      <trkpt lat="46.0478034" lon="11.1134538" />
      <trkpt lat="46.0477058" lon="11.1135353" />
      <trkpt lat="46.0476152" lon="11.1136151" />
      <trkpt lat="46.0475771" lon="11.1136519" />
      <trkpt lat="46.0474514" lon="11.1138146" />
      <trkpt lat="46.0473903" lon="11.1139030" />
      <trkpt lat="46.0473255" lon="11.1140069" />
      <trkpt lat="46.0472840" lon="11.1141003" />
      <trkpt lat="46.0471893" lon="11.1143676" />
      <trkpt lat="46.0471086" lon="11.1146412" />
      <trkpt lat="46.0470439" lon="11.1149241" />
      <trkpt lat="46.0469689" lon="11.1151836" />
      <trkpt lat="46.0467643" lon="11.1156055" />
      <trkpt lat="46.0465276" lon="11.1159256" />
      <trkpt lat="46.0463543" lon="11.1160808" />
      <trkpt lat="46.0462417" lon="11.1161932" />
      <trkpt lat="46.0460500" lon="11.1163831" />
      <trkpt lat="46.0460249" lon="11.1164080" />
      <trkpt lat="46.0458566" lon="11.1165445" />
      <trkpt lat="46.0457336" lon="11.1166323" />
      <trkpt lat="46.0455543" lon="11.1167537" />
      <trkpt lat="46.0453067" lon="11.1168820" />
      <trkpt lat="46.0450349" lon="11.1169732" />
      <trkpt lat="46.0448542" lon="11.1170258" />
      <trkpt lat="46.0445228" lon="11.1171788" />
      <trkpt lat="46.0444290" lon="11.1172242" />
      <trkpt lat="46.0442362" lon="11.1173594" />
      <trkpt lat="46.0441981" lon="11.1173889" />
      <trkpt lat="46.0439706" lon="11.1175655" />
      <trkpt lat="46.0437128" lon="11.1178452" />
      <trkpt lat="46.0434987" lon="11.1180778" />
      <trkpt lat="46.0434776" lon="11.1181060" />
      <trkpt lat="46.0428308" lon="11.1188267" />
      <trkpt lat="46.0429383" lon="11.1188010" />
      <trkpt lat="46.0427455" lon="11.1190317" />
      <trkpt lat="46.0427335" lon="11.1191163" />
      <trkpt lat="46.0427326" lon="11.1192116" />
      <trkpt lat="46.0427072" lon="11.1192159" />
      <trkpt lat="46.0419070" lon="11.1200924" />
      <trkpt lat="46.0427072" lon="11.1192159" />
      <trkpt lat="46.0427326" lon="11.1192116" />
      <trkpt lat="46.0427335" lon="11.1191163" />
      <trkpt lat="46.0427455" lon="11.1190317" />
      <trkpt lat="46.0429383" lon="11.1188010" />
      <trkpt lat="46.0428308" lon="11.1188267" />
      <trkpt lat="46.0434776" lon="11.1181060" />
      <trkpt lat="46.0434987" lon="11.1180778" />
      <trkpt lat="46.0437128" lon="11.1178452" />
      <trkpt lat="46.0439706" lon="11.1175655" />
      <trkpt lat="46.0441981" lon="11.1173889" />
      <trkpt lat="46.0442362" lon="11.1173594" />
      <trkpt lat="46.0444290" lon="11.1172242" />
      <trkpt lat="46.0445228" lon="11.1171788" />
      <trkpt lat="46.0448542" lon="11.1170258" />
      <trkpt lat="46.0450349" lon="11.1169732" />
      <trkpt lat="46.0453067" lon="11.1168820" />
      <trkpt lat="46.0455543" lon="11.1167537" />
      <trkpt lat="46.0457336" lon="11.1166323" />
      <trkpt lat="46.0458566" lon="11.1165445" />
      <trkpt lat="46.0460249" lon="11.1164080" />
      <trkpt lat="46.0460500" lon="11.1163831" />
      <trkpt lat="46.0462417" lon="11.1161932" />
      <trkpt lat="46.0463543" lon="11.1160808" />
      <trkpt lat="46.0465276" lon="11.1159256" />
      <trkpt lat="46.0467577" lon="11.1157519" />
      <trkpt lat="46.0468477" lon="11.1157134" />
      <trkpt lat="46.0469465" lon="11.1157068" />
      <trkpt lat="46.0470750" lon="11.1157393" />
      <trkpt lat="46.0475903" lon="11.1160684" />
      <trkpt lat="46.0476295" lon="11.1159507" />
      <trkpt lat="46.0476459" lon="11.1159021" />
      <trkpt lat="46.0477383" lon="11.1156242" />
      <trkpt lat="46.0478012" lon="11.1155638" />
      <trkpt lat="46.0478615" lon="11.1155511" />
      <trkpt lat="46.0479733" lon="11.1156222" />
      <trkpt lat="46.0481566" lon="11.1158097" />
      <trkpt lat="46.0482573" lon="11.1159024" />
      <trkpt lat="46.0483958" lon="11.1160173" />
      <trkpt lat="46.0485441" lon="11.1161020" />
      <trkpt lat="46.0489592" lon="11.1162449" />
      <trkpt lat="46.0489925" lon="11.1162576" />
      <trkpt lat="46.0489958" lon="11.1162755" />
      <trkpt lat="46.0490046" lon="11.1162911" />
      <trkpt lat="46.0490178" lon="11.1163025" />
      <trkpt lat="46.0490648" lon="11.1163211" />
      <trkpt lat="46.0491405" lon="11.1163511" />
      <trkpt lat="46.0492173" lon="11.1163832" />
      <trkpt lat="46.0492069" lon="11.1164405" />
      <trkpt lat="46.0491941" lon="11.1165015" />
      <trkpt lat="46.0491517" lon="11.1167033" />
      <trkpt lat="46.0491415" lon="11.1167429" />
      <trkpt lat="46.0491346" lon="11.1168004" />
      <trkpt lat="46.0491267" lon="11.1168684" />
      <trkpt lat="46.0492885" lon="11.1169059" />
      <trkpt lat="46.0498491" lon="11.1170359" />
      <trkpt lat="46.0499582" lon="11.1170611" />
      <trkpt lat="46.0504461" lon="11.1171740" />
      <trkpt lat="46.0504600" lon="11.1170441" />
      <trkpt lat="46.0504650" lon="11.1170318" />
      <trkpt lat="46.0504771" lon="11.1170287" />
      <trkpt lat="46.0505327" lon="11.1170256" />
      <trkpt lat="46.0505790" lon="11.1170297" />
      <trkpt lat="46.0506104" lon="11.1170390" />
      <trkpt lat="46.0511831" lon="11.1172803" />
      <trkpt lat="46.0516881" lon="11.1174940" />
      <trkpt lat="46.0517069" lon="11.1174438" />
      <trkpt lat="46.0518497" lon="11.1175248" />
      <trkpt lat="46.0519635" lon="11.1175714" />
      <trkpt lat="46.0520606" lon="11.1175786" />
      <trkpt lat="46.0520982" lon="11.1175944" />
      <trkpt lat="46.0521373" lon="11.1175977" />
      <trkpt lat="46.0521760" lon="11.1175884" />
      <trkpt lat="46.0522122" lon="11.1175669" />
      <trkpt lat="46.0522443" lon="11.1175343" />
      <trkpt lat="46.0522704" lon="11.1174923" />
      <trkpt lat="46.0522895" lon="11.1174429" />
      <trkpt lat="46.0523004" lon="11.1173887" />
      <trkpt lat="46.0523421" lon="11.1173185" />
      <trkpt lat="46.0523752" lon="11.1172654" />
      <trkpt lat="46.0524112" lon="11.1172229" />
      <trkpt lat="46.0525103" lon="11.1171376" />
      <trkpt lat="46.0526588" lon="11.1170695" />
      <trkpt lat="46.0532885" lon="11.1167806" />
      <trkpt lat="46.0533032" lon="11.1168544" />
      <trkpt lat="46.0536314" lon="11.1167196" />
      <trkpt lat="46.0540345" lon="11.1165994" />
      <trkpt lat="46.0543866" lon="11.1165143" />
      <trkpt lat="46.0546637" lon="11.1164600" />
      <trkpt lat="46.0549617" lon="11.1164156" />
      <trkpt lat="46.0552226" lon="11.1163824" />
      <trkpt lat="46.0553462" lon="11.1163662" />
      <trkpt lat="46.0555175" lon="11.1163362" />
      <trkpt lat="46.0555115" lon="11.1162741" />
      <trkpt lat="46.0555059" lon="11.1162220" />
      <trkpt lat="46.0555640" lon="11.1162127" />
      <trkpt lat="46.0559332" lon="11.1161645" />
      <trkpt lat="46.0564387" lon="11.1160790" />
      <trkpt lat="46.0567822" lon="11.1160338" />
      <trkpt lat="46.0572246" lon="11.1159758" />
      <trkpt lat="46.0572450" lon="11.1159689" />
      <trkpt lat="46.0572696" lon="11.1159161" />
      <trkpt lat="46.0571982" lon="11.1153312" />
      <trkpt lat="46.0572360" lon="11.1153223" />
      <trkpt lat="46.0572834" lon="11.1153113" />
      <trkpt lat="46.0572807" lon="11.1152652" />
      <trkpt lat="46.0572862" lon="11.1152365" />
      <trkpt lat="46.0573002" lon="11.1152056" />
      <trkpt lat="46.0573142" lon="11.1151938" />
      <trkpt lat="46.0573628" lon="11.1151863" />
      <trkpt lat="46.0574084" lon="11.1151807" />
      <trkpt lat="46.0574124" lon="11.1152374" />
      <trkpt lat="46.0582241" lon="11.1151208" />
      <trkpt lat="46.0583221" lon="11.1151063" />
      <trkpt lat="46.0583836" lon="11.1151144" />
      <trkpt lat="46.0588293" lon="11.1154658" />
      <trkpt lat="46.0588386" lon="11.1155073" />
      <trkpt lat="46.0590480" lon="11.1156575" />
      <trkpt lat="46.0591141" lon="11.1156763" />
      <trkpt lat="46.0592462" lon="11.1157930" />
      <trkpt lat="46.0594035" lon="11.1159070" />
      <trkpt lat="46.0596214" lon="11.1159799" />
      <trkpt lat="46.0596232" lon="11.1159672" />
      <trkpt lat="46.0596283" lon="11.1159318" />
      <trkpt lat="46.0596356" lon="11.1158808" />
      <trkpt lat="46.0596380" lon="11.1158637" />
      <trkpt lat="46.0596820" lon="11.1158647" />
      <trkpt lat="46.0596930" lon="11.1158502" />
      <trkpt lat="46.0596981" lon="11.1158315" />
      <trkpt lat="46.0596992" lon="11.1157980" />
      <trkpt lat="46.0596890" lon="11.1156571" />
      <trkpt lat="46.0597038" lon="11.1156548" />
      <trkpt lat="46.0597185" lon="11.1156524" />
      <trkpt lat="46.0597348" lon="11.1156499" />
      <trkpt lat="46.0597511" lon="11.1156473" />
      <trkpt lat="46.0597491" lon="11.1156197" />
      <trkpt lat="46.0597478" lon="11.1156023" />
      <trkpt lat="46.0597513" lon="11.1155809" />
      <trkpt lat="46.0597599" lon="11.1155692" />
      <trkpt lat="46.0597717" lon="11.1155625" />
      <trkpt lat="46.0599281" lon="11.1155413" />
      <trkpt lat="46.0602243" lon="11.1155012" />
      <trkpt lat="46.0607199" lon="11.1154316" />
      <trkpt lat="46.0609725" lon="11.1153961" />
      <trkpt lat="46.0611599" lon="11.1153697" />
      <trkpt lat="46.0611712" lon="11.1153727" />
      <trkpt lat="46.0611786" lon="11.1153803" />
      <trkpt lat="46.0611823" lon="11.1153970" />
      <trkpt lat="46.0611849" lon="11.1154325" />
      <trkpt lat="46.0611985" lon="11.1154306" />
      <trkpt lat="46.0612120" lon="11.1154287" />
      <trkpt lat="46.0612313" lon="11.1154259" />
      <trkpt lat="46.0612433" lon="11.1154242" />
      <trkpt lat="46.0612420" lon="11.1154014" />
      <trkpt lat="46.0612428" lon="11.1153787" />
      <trkpt lat="46.0612475" lon="11.1153646" />
      <trkpt lat="46.0612554" lon="11.1153612" />
      <trkpt lat="46.0614148" lon="11.1153383" />
      <trkpt lat="46.0617811" lon="11.1152857" />
      <trkpt lat="46.0621952" lon="11.1152262" />
      <trkpt lat="46.0623235" lon="11.1152078" />
      <trkpt lat="46.0623258" lon="11.1152459" />
      <trkpt lat="46.0623980" lon="11.1152361" />
      <trkpt lat="46.0624451" lon="11.1152295" />
      <trkpt lat="46.0624545" lon="11.1152502" />
      <trkpt lat="46.0624630" lon="11.1153766" />
      <trkpt lat="46.0624812" lon="11.1153737" />
      <trkpt lat="46.0624821" lon="11.1153882" />
      <trkpt lat="46.0624850" lon="11.1154315" />
      <trkpt lat="46.0624877" lon="11.1154771" />
      <trkpt lat="46.0625755" lon="11.1154629" />
      <trkpt lat="46.0627135" lon="11.1154394" />
      <trkpt lat="46.0628553" lon="11.1154153" />
      <trkpt lat="46.0628905" lon="11.1154105" />
      <trkpt lat="46.0630226" lon="11.1153925" />
      <trkpt lat="46.0630418" lon="11.1153936" />
      <trkpt lat="46.0630686" lon="11.1154094" />
      <trkpt lat="46.0630948" lon="11.1154337" />
      <trkpt lat="46.0631258" lon="11.1154721" />
      <trkpt lat="46.0632164" lon="11.1156132" />
      <trkpt lat="46.0632900" lon="11.1157231" />
      <trkpt lat="46.0633201" lon="11.1160412" />
      <trkpt lat="46.0633696" lon="11.1167056" />
      <trkpt lat="46.0633950" lon="11.1170509" />
      <trkpt lat="46.0634299" lon="11.1169932" />
      <trkpt lat="46.0635353" lon="11.1168949" />
      <trkpt lat="46.0641805" lon="11.1167941" />
      <trkpt lat="46.0644674" lon="11.1167469" />
      <trkpt lat="46.0645052" lon="11.1167422" />
      <trkpt lat="46.0645336" lon="11.1167401" />
      <trkpt lat="46.0645821" lon="11.1167575" />
      <trkpt lat="46.0648460" lon="11.1166995" />
      <trkpt lat="46.0649438" lon="11.1166932" />
      <trkpt lat="46.0650448" lon="11.1167071" />
      <trkpt lat="46.0651046" lon="11.1172245" />
      <trkpt lat="46.0651532" lon="11.1172758" />
      <trkpt lat="46.0651934" lon="11.1177089" />
      <trkpt lat="46.0652397" lon="11.1176989" />
      <trkpt lat="46.0656754" lon="11.1176028" />
      <trkpt lat="46.0661061" lon="11.1175142" />
      <trkpt lat="46.0664518" lon="11.1174437" />
      <trkpt lat="46.0664630" lon="11.1174414" />
      <trkpt lat="46.0665199" lon="11.1174314" />
      <trkpt lat="46.0665317" lon="11.1174270" />
      <trkpt lat="46.0665455" lon="11.1174243" />
      <trkpt lat="46.0665707" lon="11.1174180" />
      <trkpt lat="46.0667689" lon="11.1173796" />
      <trkpt lat="46.0667857" lon="11.1173756" />
      <trkpt lat="46.0670857" lon="11.1173151" />
      <trkpt lat="46.0671336" lon="11.1173057" />
      <trkpt lat="46.0673143" lon="11.1172705" />
      <trkpt lat="46.0673863" lon="11.1172558" />
      <trkpt lat="46.0680121" lon="11.1171283" />
      <trkpt lat="46.0681191" lon="11.1171294" />
      <trkpt lat="46.0681614" lon="11.1171908" />
      <trkpt lat="46.0681817" lon="11.1171773" />
      <trkpt lat="46.0681753" lon="11.1171523" />
      <trkpt lat="46.0684553" lon="11.1170131" />
      <trkpt lat="46.0688298" lon="11.1168496" />
      <trkpt lat="46.0689698" lon="11.1169128" />
      <trkpt lat="46.0690556" lon="11.1169660" />
      <trkpt lat="46.0691318" lon="11.1170133" />
      <trkpt lat="46.0693033" lon="11.1171493" />
      <trkpt lat="46.0694010" lon="11.1172369" />
      <trkpt lat="46.0694523" lon="11.1172583" />
      <trkpt lat="46.0695943" lon="11.1175019" />
      <trkpt lat="46.0697651" lon="11.1176897" />
      <trkpt lat="46.0697856" lon="11.1178305" />
      <trkpt lat="46.0697868" lon="11.1178909" />
      <trkpt lat="46.0698214" lon="11.1178923" />
      <trkpt lat="46.0698227" lon="11.1180755" />
      <trkpt lat="46.0698565" lon="11.1180693" />
      <trkpt lat="46.0698926" lon="11.1180856" />
      <trkpt lat="46.0699602" lon="11.1180863" />
      <trkpt lat="46.0699644" lon="11.1181025" />
      <trkpt lat="46.0699803" lon="11.1181633" />
      <trkpt lat="46.0700084" lon="11.1181540" />
      <trkpt lat="46.0699905" lon="11.1180483" />
      <trkpt lat="46.0699871" lon="11.1179668" />
      <trkpt lat="46.0699908" lon="11.1179414" />
      <trkpt lat="46.0700269" lon="11.1179061" />
      <trkpt lat="46.0700294" lon="11.1178856" />
      <trkpt lat="46.0700305" lon="11.1178362" />
      <trkpt lat="46.0700369" lon="11.1177882" />
      <trkpt lat="46.0700431" lon="11.1177476" />
      <trkpt lat="46.0700527" lon="11.1177069" />
      <trkpt lat="46.0700861" lon="11.1176034" />
      <trkpt lat="46.0701805" lon="11.1173050" />
      <trkpt lat="46.0702169" lon="11.1171918" />
      <trkpt lat="46.0702287" lon="11.1171541" />
      <trkpt lat="46.0702367" lon="11.1170213" />
      <trkpt lat="46.0702292" lon="11.1169470" />
      <trkpt lat="46.0702123" lon="11.1168786" />
      <trkpt lat="46.0701743" lon="11.1167917" />
      <trkpt lat="46.0701363" lon="11.1167225" />
      <trkpt lat="46.0701165" lon="11.1166890" />
      <trkpt lat="46.0700680" lon="11.1166069" />
      <trkpt lat="46.0700236" lon="11.1165374" />
      <trkpt lat="46.0700000" lon="11.1164941" />
      <trkpt lat="46.0699495" lon="11.1164167" />
      <trkpt lat="46.0699295" lon="11.1163939" />
      <trkpt lat="46.0698035" lon="11.1162762" />
      <trkpt lat="46.0696531" lon="11.1161456" />
      <trkpt lat="46.0695837" lon="11.1160774" />
      <trkpt lat="46.0694825" lon="11.1159653" />
      <trkpt lat="46.0693849" lon="11.1158089" />
      <trkpt lat="46.0694235" lon="11.1157469" />
      <trkpt lat="46.0694630" lon="11.1156868" />
      <trkpt lat="46.0695555" lon="11.1157924" />
      <trkpt lat="46.0696120" lon="11.1158421" />
      <trkpt lat="46.0696409" lon="11.1158489" />
      <trkpt lat="46.0696957" lon="11.1158516" />
      <trkpt lat="46.0697290" lon="11.1158495" />
      <trkpt lat="46.0697948" lon="11.1158159" />
      <trkpt lat="46.0698507" lon="11.1157710" />
      <trkpt lat="46.0698998" lon="11.1157127" />
      <trkpt lat="46.0699151" lon="11.1156990" />
      <trkpt lat="46.0702467" lon="11.1144529" />
      <trkpt lat="46.0702508" lon="11.1144356" />
      <trkpt lat="46.0702894" lon="11.1144548" />
      <trkpt lat="46.0703300" lon="11.1144739" />
      <trkpt lat="46.0703420" lon="11.1144768" />
      <trkpt lat="46.0703535" lon="11.1144784" />
      <trkpt lat="46.0703770" lon="11.1144800" />
      <trkpt lat="46.0704564" lon="11.1145311" />
      <trkpt lat="46.0705116" lon="11.1145755" />
      <trkpt lat="46.0707833" lon="11.1147994" />
      <trkpt lat="46.0708045" lon="11.1148160" />
      <trkpt lat="46.0708009" lon="11.1148281" />
      <trkpt lat="46.0707959" lon="11.1148434" />
      <trkpt lat="46.0708185" lon="11.1148581" />
      <trkpt lat="46.0709446" lon="11.1149414" />
      <trkpt lat="46.0711622" lon="11.1150542" />
      <trkpt lat="46.0711800" lon="11.1150634" />
      <trkpt lat="46.0712489" lon="11.1150973" />
      <trkpt lat="46.0714713" lon="11.1152069" />
      <trkpt lat="46.0714751" lon="11.1151881" />
      <trkpt lat="46.0714778" lon="11.1151767" />
      <trkpt lat="46.0715462" lon="11.1151968" />
      <trkpt lat="46.0716701" lon="11.1152371" />
      <trkpt lat="46.0716777" lon="11.1151800" />
      <trkpt lat="46.0718098" lon="11.1152261" />
      <trkpt lat="46.0718305" lon="11.1151510" />
      <trkpt lat="46.0717718" lon="11.1150156" />
      <trkpt lat="46.0718735" lon="11.1149919" />
      <trkpt lat="46.0721179" lon="11.1149561" />
      <trkpt lat="46.0722051" lon="11.1149428" />
      <trkpt lat="46.0723931" lon="11.1149142" />
      <trkpt lat="46.0726562" lon="11.1148756" />
      <trkpt lat="46.0726726" lon="11.1148737" />
      <trkpt lat="46.0729169" lon="11.1148591" />
      <trkpt lat="46.0731655" lon="11.1148314" />
      <trkpt lat="46.0732764" lon="11.1148142" />
      <trkpt lat="46.0732735" lon="11.1147777" />
      <trkpt lat="46.0732900" lon="11.1147742" />
      <trkpt lat="46.0733655" lon="11.1147433" />
      <trkpt lat="46.0735088" lon="11.1146736" />
      <trkpt lat="46.0735695" lon="11.1146397" />
      <trkpt lat="46.0736074" lon="11.1146186" />
      <trkpt lat="46.0736832" lon="11.1145732" />
      <trkpt lat="46.0738060" lon="11.1144997" />
      <trkpt lat="46.0738192" lon="11.1144918" />
      <trkpt lat="46.0739088" lon="11.1144313" />
      <trkpt lat="46.0740107" lon="11.1143450" />
      <trkpt lat="46.0741302" lon="11.1142471" />
      <trkpt lat="46.0742219" lon="11.1141469" />
      <trkpt lat="46.0742468" lon="11.1141034" />
      <trkpt lat="46.0742953" lon="11.1140309" />
      <trkpt lat="46.0744087" lon="11.1138053" />
      <trkpt lat="46.0745179" lon="11.1135539" />
      <trkpt lat="46.0745407" lon="11.1135033" />
      <trkpt lat="46.0745492" lon="11.1134686" />
      <trkpt lat="46.0745956" lon="11.1132796" />
      <trkpt lat="46.0746306" lon="11.1130853" />
      <trkpt lat="46.0746839" lon="11.1126392" />
      <trkpt lat="46.0747447" lon="11.1122221" />
      <trkpt lat="46.0747584" lon="11.1121259" />
      <trkpt lat="46.0747878" lon="11.1119541" />
      <trkpt lat="46.0748261" lon="11.1117896" />
      <trkpt lat="46.0748708" lon="11.1116491" />
      <trkpt lat="46.0749250" lon="11.1115297" />
      <trkpt lat="46.0749193" lon="11.1115082" />
      <trkpt lat="46.0749170" lon="11.1114829" />
      <trkpt lat="46.0749205" lon="11.1114510" />
      <trkpt lat="46.0749307" lon="11.1114222" />
      <trkpt lat="46.0749443" lon="11.1114020" />
      <trkpt lat="46.0749587" lon="11.1113894" />
      <trkpt lat="46.0749410" lon="11.1111442" />
      <trkpt lat="46.0749321" lon="11.1109999" />
      <trkpt lat="46.0749286" lon="11.1109429" />
      <trkpt lat="46.0749211" lon="11.1107384" />
      <trkpt lat="46.0749184" lon="11.1106646" />
      <trkpt lat="46.0749208" lon="11.1103402" />
      <trkpt lat="46.0749222" lon="11.1102751" />
      <trkpt lat="46.0749251" lon="11.1100558" />
      <trkpt lat="46.0749269" lon="11.1099176" />
      <trkpt lat="46.0749281" lon="11.1098210" />
      <trkpt lat="46.0749301" lon="11.1096600" />
      <trkpt lat="46.0749304" lon="11.1093306" />
      <trkpt lat="46.0749202" lon="11.1092355" />
      <trkpt lat="46.0749100" lon="11.1091645" />
      <trkpt lat="46.0748849" lon="11.1090531" />
      <trkpt lat="46.0748580" lon="11.1089216" />
      <trkpt lat="46.0748546" lon="11.1088440" />
      <trkpt lat="46.0748555" lon="11.1088092" />
      <trkpt lat="46.0748562" lon="11.1087858" />
      <trkpt lat="46.0748708" lon="11.1086846" />
      <trkpt lat="46.0748930" lon="11.1084447" />
      <trkpt lat="46.0748900" lon="11.1082794" />
      <trkpt lat="46.0748748" lon="11.1082242" />
      <trkpt lat="46.0748730" lon="11.1081650" />
      <trkpt lat="46.0748846" lon="11.1081081" />
      <trkpt lat="46.0749085" lon="11.1080598" />
      <trkpt lat="46.0749382" lon="11.1080270" />
      <trkpt lat="46.0749772" lon="11.1080094" />
      <trkpt lat="46.0750141" lon="11.1080090" />
      <trkpt lat="46.0751208" lon="11.1078842" />
      <trkpt lat="46.0752098" lon="11.1077728" />
      <trkpt lat="46.0752358" lon="11.1077233" />
      <trkpt lat="46.0753637" lon="11.1074805" />
      <trkpt lat="46.0754757" lon="11.1072992" />
      <trkpt lat="46.0755705" lon="11.1071218" />
      <trkpt lat="46.0755921" lon="11.1070670" />
      <trkpt lat="46.0756100" lon="11.1070029" />
      <trkpt lat="46.0756163" lon="11.1069420" />
      <trkpt lat="46.0756179" lon="11.1068772" />
      <trkpt lat="46.0756150" lon="11.1067014" />
      <trkpt lat="46.0755754" lon="11.1060665" />
      <trkpt lat="46.0755737" lon="11.1059754" />
      <trkpt lat="46.0755825" lon="11.1058923" />
      <trkpt lat="46.0755951" lon="11.1058352" />
      <trkpt lat="46.0756096" lon="11.1057795" />
      <trkpt lat="46.0756353" lon="11.1057107" />
      <trkpt lat="46.0756693" lon="11.1056513" />
      <trkpt lat="46.0757681" lon="11.1055552" />
      <trkpt lat="46.0758826" lon="11.1054640" />
      <trkpt lat="46.0759822" lon="11.1053733" />
      <trkpt lat="46.0760582" lon="11.1052926" />
      <trkpt lat="46.0760374" lon="11.1052666" />
      <trkpt lat="46.0760209" lon="11.1052519" />
      <trkpt lat="46.0759974" lon="11.1052433" />
      <trkpt lat="46.0759730" lon="11.1052467" />
      <trkpt lat="46.0759417" lon="11.1052701" />
      <trkpt lat="46.0757012" lon="11.1054896" />
      <trkpt lat="46.0755294" lon="11.1056829" />
      <trkpt lat="46.0754964" lon="11.1057327" />
      <trkpt lat="46.0754620" lon="11.1057786" />
      <trkpt lat="46.0754213" lon="11.1058154" />
      <trkpt lat="46.0753834" lon="11.1058423" />
      <trkpt lat="46.0752857" lon="11.1058962" />
      <trkpt lat="46.0751953" lon="11.1059252" />
      <trkpt lat="46.0751303" lon="11.1059422" />
      <trkpt lat="46.0750380" lon="11.1059556" />
      <trkpt lat="46.0750011" lon="11.1059610" />
      <trkpt lat="46.0749235" lon="11.1059723" />
      <trkpt lat="46.0747673" lon="11.1059872" />
      <trkpt lat="46.0746830" lon="11.1059971" />
      <trkpt lat="46.0747017" lon="11.1059077" />
      <trkpt lat="46.0747325" lon="11.1057606" />
      <trkpt lat="46.0747894" lon="11.1054837" />
      <trkpt lat="46.0749014" lon="11.1051123" />
      <trkpt lat="46.0749762" lon="11.1049107" />
      <trkpt lat="46.0750130" lon="11.1048357" />
      <trkpt lat="46.0750501" lon="11.1047602" />
      <trkpt lat="46.0755148" lon="11.1042799" />
      <trkpt lat="46.0759823" lon="11.1037821" />
      <trkpt lat="46.0764322" lon="11.1033532" />
      <trkpt lat="46.0764626" lon="11.1033164" />
      <trkpt lat="46.0764885" lon="11.1032836" />
      <trkpt lat="46.0765082" lon="11.1032490" />
      <trkpt lat="46.0765208" lon="11.1032092" />
      <trkpt lat="46.0765375" lon="11.1031378" />
      <trkpt lat="46.0765467" lon="11.1030778" />
      <trkpt lat="46.0765596" lon="11.1029423" />
      <trkpt lat="46.0765753" lon="11.1027478" />
      <trkpt lat="46.0765919" lon="11.1026580" />
      <trkpt lat="46.0766093" lon="11.1025969" />
      <trkpt lat="46.0766350" lon="11.1025251" />
      <trkpt lat="46.0768086" lon="11.1021733" />
      <trkpt lat="46.0769841" lon="11.1018443" />
      <trkpt lat="46.0771614" lon="11.1012807" />
      <trkpt lat="46.0772875" lon="11.1011201" />
      <trkpt lat="46.0773837" lon="11.1009569" />
      <trkpt lat="46.0774925" lon="11.1007627" />
      <trkpt lat="46.0776171" lon="11.1005725" />
      <trkpt lat="46.0776812" lon="11.1004982" />
      <trkpt lat="46.0777454" lon="11.1004347" />
      <trkpt lat="46.0779385" lon="11.1002911" />
      <trkpt lat="46.0781102" lon="11.1001554" />
      <trkpt lat="46.0781562" lon="11.1001126" />
      <trkpt lat="46.0782211" lon="11.1000524" />
      <trkpt lat="46.0782847" lon="11.0999800" />
      <trkpt lat="46.0783402" lon="11.0999164" />
      <trkpt lat="46.0784785" lon="11.0997433" />
      <trkpt lat="46.0791333" lon="11.0993933" />
      <trkpt lat="46.0793709" lon="11.0992794" />
      <trkpt lat="46.0794100" lon="11.0992652" />
      <trkpt lat="46.0795495" lon="11.0991832" />
      <trkpt lat="46.0797083" lon="11.0990790" />
      <trkpt lat="46.0798151" lon="11.0989623" />
      <trkpt lat="46.0799764" lon="11.0987737" />
      <trkpt lat="46.0801197" lon="11.0986195" />
      <trkpt lat="46.0801316" lon="11.0985274" />
      <trkpt lat="46.0802409" lon="11.0984601" />
      <trkpt lat="46.0802232" lon="11.0983900" />
      <trkpt lat="46.0802101" lon="11.0983610" />
      <trkpt lat="46.0801929" lon="11.0983431" />
      <trkpt lat="46.0801721" lon="11.0983351" />
      <trkpt lat="46.0801481" lon="11.0983372" />
      <trkpt lat="46.0801180" lon="11.0983458" />
      <trkpt lat="46.0800240" lon="11.0984065" />
      <trkpt lat="46.0798941" lon="11.0984960" />
      <trkpt lat="46.0797498" lon="11.0985710" />
      <trkpt lat="46.0795580" lon="11.0986633" />
      <trkpt lat="46.0794310" lon="11.0987090" />
      <trkpt lat="46.0793363" lon="11.0987321" />
      <trkpt lat="46.0792468" lon="11.0987427" />
      <trkpt lat="46.0791735" lon="11.0987491" />
      <trkpt lat="46.0789646" lon="11.0987333" />
      <trkpt lat="46.0787172" lon="11.0987049" />
      <trkpt lat="46.0781871" lon="11.0986042" />
      <trkpt lat="46.0779570" lon="11.0985607" />
      <trkpt lat="46.0778372" lon="11.0985349" />
      <trkpt lat="46.0777287" lon="11.0984945" />
      <trkpt lat="46.0775011" lon="11.0984155" />
      <trkpt lat="46.0773714" lon="11.0983626" />
      <trkpt lat="46.0772427" lon="11.0983111" />
      <trkpt lat="46.0770237" lon="11.0982226" />
      <trkpt lat="46.0769048" lon="11.0981811" />
      <trkpt lat="46.0767897" lon="11.0981422" />
      <trkpt lat="46.0765975" lon="11.0980933" />
      <trkpt lat="46.0763610" lon="11.0980727" />
      <trkpt lat="46.0762530" lon="11.0980695" />
      <trkpt lat="46.0761318" lon="11.0980736" />
      <trkpt lat="46.0761268" lon="11.0980519" />
      <trkpt lat="46.0761041" lon="11.0980418" />
      <trkpt lat="46.0760573" lon="11.0980396" />
      <trkpt lat="46.0758378" lon="11.0980712" />
      <trkpt lat="46.0757931" lon="11.0980767" />
      <trkpt lat="46.0757066" lon="11.0980899" />
      <trkpt lat="46.0756033" lon="11.0981184" />
      <trkpt lat="46.0754589" lon="11.0981709" />
      <trkpt lat="46.0752953" lon="11.0982233" />
      <trkpt lat="46.0752306" lon="11.0982303" />
      <trkpt lat="46.0751564" lon="11.0982257" />
      <trkpt lat="46.0750468" lon="11.0982070" />
      <trkpt lat="46.0749306" lon="11.0982090" />
      <trkpt lat="46.0748909" lon="11.0982090" />
      <trkpt lat="46.0748563" lon="11.0982034" />
      <trkpt lat="46.0748164" lon="11.0981915" />
      <trkpt lat="46.0747970" lon="11.0981827" />
      <trkpt lat="46.0747857" lon="11.0981756" />
      <trkpt lat="46.0747803" lon="11.0981722" />
      <trkpt lat="46.0745824" lon="11.0980490" />
      <trkpt lat="46.0745343" lon="11.0980142" />
      <trkpt lat="46.0744850" lon="11.0979667" />
      <trkpt lat="46.0744212" lon="11.0978917" />
      <trkpt lat="46.0743735" lon="11.0978433" />
      <trkpt lat="46.0742465" lon="11.0977462" />
      <trkpt lat="46.0739904" lon="11.0976348" />
      <trkpt lat="46.0737659" lon="11.0974709" />
      <trkpt lat="46.0734514" lon="11.0973257" />
      <trkpt lat="46.0731730" lon="11.0972468" />
      <trkpt lat="46.0728251" lon="11.0971279" />
      <trkpt lat="46.0727494" lon="11.0971079" />
      <trkpt lat="46.0725963" lon="11.0970961" />
      <trkpt lat="46.0722512" lon="11.0970808" />
      <trkpt lat="46.0721749" lon="11.0970719" />
      <trkpt lat="46.0720810" lon="11.0970783" />
      <trkpt lat="46.0717922" lon="11.0972134" />
      <trkpt lat="46.0715446" lon="11.0972757" />
      <trkpt lat="46.0714799" lon="11.0972844" />
      <trkpt lat="46.0714053" lon="11.0972851" />
      <trkpt lat="46.0712261" lon="11.0972620" />
      <trkpt lat="46.0711388" lon="11.0972505" />
      <trkpt lat="46.0710478" lon="11.0972658" />
      <trkpt lat="46.0708965" lon="11.0973109" />
      <trkpt lat="46.0708130" lon="11.0973476" />
      <trkpt lat="46.0707011" lon="11.0974372" />
      <trkpt lat="46.0705014" lon="11.0976207" />
      <trkpt lat="46.0703232" lon="11.0977313" />
      <trkpt lat="46.0702408" lon="11.0977608" />
      <trkpt lat="46.0701109" lon="11.0977713" />
      <trkpt lat="46.0699723" lon="11.0977572" />
      <trkpt lat="46.0698815" lon="11.0977568" />
      <trkpt lat="46.0698445" lon="11.0977551" />
      <trkpt lat="46.0697765" lon="11.0977766" />
      <trkpt lat="46.0695415" lon="11.0977620" />
      <trkpt lat="46.0694960" lon="11.0977783" />
      <trkpt lat="46.0693479" lon="11.0977368" />
      <trkpt lat="46.0692335" lon="11.0977315" />
      <trkpt lat="46.0692184" lon="11.0977308" />
      <trkpt lat="46.0692525" lon="11.0976526" />
      <trkpt lat="46.0693365" lon="11.0974971" />
      <trkpt lat="46.0694334" lon="11.0972864" />
      <trkpt lat="46.0695303" lon="11.0971000" />
      <trkpt lat="46.0695803" lon="11.0969896" />
      <trkpt lat="46.0695718" lon="11.0969794" />
      <trkpt lat="46.0695401" lon="11.0969899" />
      <trkpt lat="46.0695186" lon="11.0969926" />
      <trkpt lat="46.0694713" lon="11.0970339" />
      <trkpt lat="46.0693755" lon="11.0971444" />
      <trkpt lat="46.0692617" lon="11.0972357" />
      <trkpt lat="46.0691399" lon="11.0973305" />
      <trkpt lat="46.0690306" lon="11.0973712" />
      <trkpt lat="46.0689499" lon="11.0973754" />
      <trkpt lat="46.0688816" lon="11.0973826" />
      <trkpt lat="46.0686842" lon="11.0974144" />
      <trkpt lat="46.0685646" lon="11.0974613" />
      <trkpt lat="46.0684366" lon="11.0975826" />
      <trkpt lat="46.0682689" lon="11.0977092" />
      <trkpt lat="46.0681766" lon="11.0977835" />
      <trkpt lat="46.0681204" lon="11.0978229" />
      <trkpt lat="46.0678624" lon="11.0979606" />
      <trkpt lat="46.0677721" lon="11.0980020" />
      <trkpt lat="46.0676765" lon="11.0980472" />
      <trkpt lat="46.0675492" lon="11.0981059" />
      <trkpt lat="46.0674771" lon="11.0981565" />
      <trkpt lat="46.0673903" lon="11.0982400" />
      <trkpt lat="46.0672698" lon="11.0983294" />
      <trkpt lat="46.0671470" lon="11.0983637" />
      <trkpt lat="46.0670758" lon="11.0983761" />
      <trkpt lat="46.0670317" lon="11.0983896" />
      <trkpt lat="46.0669556" lon="11.0984128" />
      <trkpt lat="46.0668666" lon="11.0984645" />
      <trkpt lat="46.0667176" lon="11.0985492" />
      <trkpt lat="46.0666499" lon="11.0986085" />
      <trkpt lat="46.0664977" lon="11.0987229" />
      <trkpt lat="46.0664493" lon="11.0987849" />
      <trkpt lat="46.0664054" lon="11.0988681" />
      <trkpt lat="46.0663804" lon="11.0989597" />
      <trkpt lat="46.0663674" lon="11.0990604" />
      <trkpt lat="46.0663693" lon="11.0991486" />
      <trkpt lat="46.0664022" lon="11.0993084" />
      <trkpt lat="46.0664006" lon="11.0993615" />
      <trkpt lat="46.0663874" lon="11.0994028" />
      <trkpt lat="46.0663535" lon="11.0994354" />
      <trkpt lat="46.0663194" lon="11.0994536" />
      <trkpt lat="46.0662792" lon="11.0994496" />
      <trkpt lat="46.0662348" lon="11.0994102" />
      <trkpt lat="46.0661947" lon="11.0993482" />
      <trkpt lat="46.0661284" lon="11.0992431" />
      <trkpt lat="46.0660976" lon="11.0992057" />
      <trkpt lat="46.0660597" lon="11.0991665" />
      <trkpt lat="46.0660321" lon="11.0991487" />
      <trkpt lat="46.0660010" lon="11.0991385" />
      <trkpt lat="46.0658914" lon="11.0991295" />
      <trkpt lat="46.0657811" lon="11.0991232" />
      <trkpt lat="46.0656875" lon="11.0991031" />
      <trkpt lat="46.0656389" lon="11.0990974" />
      <trkpt lat="46.0656251" lon="11.0990934" />
      <trkpt lat="46.0656168" lon="11.0990873" />
      <trkpt lat="46.0656030" lon="11.0990723" />
      <trkpt lat="46.0655912" lon="11.0990439" />
      <trkpt lat="46.0655693" lon="11.0989723" />
      <trkpt lat="46.0655432" lon="11.0988847" />
      <trkpt lat="46.0655426" lon="11.0988748" />
      <trkpt lat="46.0655443" lon="11.0988648" />
      <trkpt lat="46.0655482" lon="11.0988476" />
      <trkpt lat="46.0655613" lon="11.0988108" />
      <trkpt lat="46.0655362" lon="11.0987850" />
      <trkpt lat="46.0655138" lon="11.0987618" />
      <trkpt lat="46.0654875" lon="11.0987260" />
      <trkpt lat="46.0652589" lon="11.0983599" />
      <trkpt lat="46.0650490" lon="11.0980363" />
      <trkpt lat="46.0650045" lon="11.0979043" />
      <trkpt lat="46.0649851" lon="11.0978239" />
      <trkpt lat="46.0649542" lon="11.0976742" />
      <trkpt lat="46.0649520" lon="11.0976640" />
      <trkpt lat="46.0649103" lon="11.0975166" />
      <trkpt lat="46.0647444" lon="11.0975600" />
      <trkpt lat="46.0647413" lon="11.0974716" />
      <trkpt lat="46.0647530" lon="11.0974705" />
      <trkpt lat="46.0647622" lon="11.0974655" />
      <trkpt lat="46.0647701" lon="11.0974562" />
      <trkpt lat="46.0647757" lon="11.0974483" />
      <trkpt lat="46.0647987" lon="11.0973802" />
      <trkpt lat="46.0648002" lon="11.0973653" />
      <trkpt lat="46.0648006" lon="11.0973555" />
      <trkpt lat="46.0647995" lon="11.0973436" />
      <trkpt lat="46.0647971" lon="11.0973318" />
      <trkpt lat="46.0647910" lon="11.0973140" />
      <trkpt lat="46.0647478" lon="11.0972222" />
      <trkpt lat="46.0647286" lon="11.0971804" />
      <trkpt lat="46.0646705" lon="11.0970537" />
      <trkpt lat="46.0645959" lon="11.0969229" />
      <trkpt lat="46.0646225" lon="11.0968931" />
      <trkpt lat="46.0645957" lon="11.0968383" />
      <trkpt lat="46.0645667" lon="11.0967788" />
      <trkpt lat="46.0645507" lon="11.0967384" />
      <trkpt lat="46.0645401" lon="11.0967116" />
      <trkpt lat="46.0645170" lon="11.0966291" />
      <trkpt lat="46.0645095" lon="11.0965696" />
      <trkpt lat="46.0645086" lon="11.0965213" />
      <trkpt lat="46.0644058" lon="11.0964420" />
      <trkpt lat="46.0640838" lon="11.0964354" />
      <trkpt lat="46.0640076" lon="11.0964212" />
      <trkpt lat="46.0639748" lon="11.0963758" />
      <trkpt lat="46.0639456" lon="11.0963334" />
      <trkpt lat="46.0638952" lon="11.0963078" />
      <trkpt lat="46.0638454" lon="11.0962902" />
      <trkpt lat="46.0638165" lon="11.0962862" />
      <trkpt lat="46.0637862" lon="11.0962903" />
      <trkpt lat="46.0637473" lon="11.0963091" />
      <trkpt lat="46.0637181" lon="11.0963384" />
      <trkpt lat="46.0636864" lon="11.0962393" />
      <trkpt lat="46.0636776" lon="11.0962278" />
      <trkpt lat="46.0636642" lon="11.0962214" />
      <trkpt lat="46.0634537" lon="11.0962438" />
      <trkpt lat="46.0634191" lon="11.0962448" />
      <trkpt lat="46.0633342" lon="11.0962365" />
      <trkpt lat="46.0633165" lon="11.0962288" />
      <trkpt lat="46.0633007" lon="11.0962164" />
      <trkpt lat="46.0632876" lon="11.0961900" />
      <trkpt lat="46.0632749" lon="11.0961579" />
      <trkpt lat="46.0632589" lon="11.0961318" />
      <trkpt lat="46.0632424" lon="11.0961136" />
      <trkpt lat="46.0632251" lon="11.0961023" />
      <trkpt lat="46.0630333" lon="11.0960944" />
      <trkpt lat="46.0630093" lon="11.0960767" />
      <trkpt lat="46.0629664" lon="11.0960789" />
      <trkpt lat="46.0629638" lon="11.0961335" />
      <trkpt lat="46.0629588" lon="11.0961802" />
      <trkpt lat="46.0629538" lon="11.0962293" />
      <trkpt lat="46.0629444" lon="11.0962783" />
      <trkpt lat="46.0629276" lon="11.0963363" />
      <trkpt lat="46.0628107" lon="11.0964742" />
      <trkpt lat="46.0627571" lon="11.0965131" />
      <trkpt lat="46.0627374" lon="11.0965210" />
      <trkpt lat="46.0626832" lon="11.0965426" />
      <trkpt lat="46.0626402" lon="11.0965591" />
      <trkpt lat="46.0626045" lon="11.0965710" />
      <trkpt lat="46.0625459" lon="11.0965723" />
      <trkpt lat="46.0625294" lon="11.0965701" />
      <trkpt lat="46.0624676" lon="11.0965677" />
      <trkpt lat="46.0621096" lon="11.0965206" />
      <trkpt lat="46.0620853" lon="11.0965228" />
      <trkpt lat="46.0620648" lon="11.0965303" />
      <trkpt lat="46.0619851" lon="11.0965790" />
      <trkpt lat="46.0619467" lon="11.0965972" />
      <trkpt lat="46.0619296" lon="11.0965987" />
      <trkpt lat="46.0618856" lon="11.0965697" />
      <trkpt lat="46.0617624" lon="11.0964506" />
      <trkpt lat="46.0617106" lon="11.0964000" />
      <trkpt lat="46.0616598" lon="11.0963679" />
      <trkpt lat="46.0615565" lon="11.0963162" />
      <trkpt lat="46.0614582" lon="11.0962928" />
      <trkpt lat="46.0612221" lon="11.0962906" />
      <trkpt lat="46.0609817" lon="11.0962812" />
      <trkpt lat="46.0601704" lon="11.0963080" />
      <trkpt lat="46.0601265" lon="11.0963424" />
      <trkpt lat="46.0600438" lon="11.0964072" />
      <trkpt lat="46.0599251" lon="11.0965633" />
      <trkpt lat="46.0597649" lon="11.0968037" />
      <trkpt lat="46.0595818" lon="11.0971956" />
      <trkpt lat="46.0594241" lon="11.0976035" />
      <trkpt lat="46.0593605" lon="11.0979433" />
      <trkpt lat="46.0593440" lon="11.0981239" />
      <trkpt lat="46.0591876" lon="11.0990480" />
      <trkpt lat="46.0591532" lon="11.0992210" />
      <trkpt lat="46.0591504" lon="11.0993215" />
      <trkpt lat="46.0590462" lon="11.0993564" />
      <trkpt lat="46.0589336" lon="11.0993430" />
      <trkpt lat="46.0589084" lon="11.0992545" />
      <trkpt lat="46.0588172" lon="11.0992236" />
      <trkpt lat="46.0587512" lon="11.0992223" />
      <trkpt lat="46.0586637" lon="11.0992303" />
      <trkpt lat="46.0585576" lon="11.0991070" />
      <trkpt lat="46.0584245" lon="11.0991231" />
      <trkpt lat="46.0582682" lon="11.0990882" />
      <trkpt lat="46.0581742" lon="11.0989930" />
      <trkpt lat="46.0580225" lon="11.0988682" />
      <trkpt lat="46.0579173" lon="11.0987140" />
      <trkpt lat="46.0578159" lon="11.0987113" />
      <trkpt lat="46.0577219" lon="11.0986724" />
      <trkpt lat="46.0576353" lon="11.0985799" />
      <trkpt lat="46.0575488" lon="11.0985155" />
      <trkpt lat="46.0575181" lon="11.0984753" />
      <trkpt lat="46.0574427" lon="11.0984029" />
      <trkpt lat="46.0573133" lon="11.0983707" />
      <trkpt lat="46.0572082" lon="11.0983050" />
      <trkpt lat="46.0571179" lon="11.0982084" />
      <trkpt lat="46.0570509" lon="11.0982124" />
      <trkpt lat="46.0570220" lon="11.0982755" />
      <trkpt lat="46.0570500" lon="11.0983922" />
      <trkpt lat="46.0570137" lon="11.0985705" />
      <trkpt lat="46.0569476" lon="11.0988052" />
      <trkpt lat="46.0568648" lon="11.0989501" />
      <trkpt lat="46.0567354" lon="11.0990976" />
      <trkpt lat="46.0566330" lon="11.0991378" />
      <trkpt lat="46.0565586" lon="11.0991687" />
      <trkpt lat="46.0564515" lon="11.0993363" />
      <trkpt lat="46.0563892" lon="11.0994342" />
      <trkpt lat="46.0563045" lon="11.0994489" />
      <trkpt lat="46.0561872" lon="11.0994945" />
      <trkpt lat="46.0561016" lon="11.0995308" />
      <trkpt lat="46.0560234" lon="11.0995992" />
      <trkpt lat="46.0559434" lon="11.0995656" />
      <trkpt lat="46.0558745" lon="11.0996434" />
      <trkpt lat="46.0558085" lon="11.0999036" />
      <trkpt lat="46.0557573" lon="11.0999183" />
      <trkpt lat="46.0556549" lon="11.0998915" />
      <trkpt lat="46.0552975" lon="11.0998888" />
      <trkpt lat="46.0552044" lon="11.0999237" />
      <trkpt lat="46.0550490" lon="11.0999250" />
      <trkpt lat="46.0546982" lon="11.0998888" />
      <trkpt lat="46.0545213" lon="11.0997990" />
      <trkpt lat="46.0543947" lon="11.0997158" />
      <trkpt lat="46.0542896" lon="11.0995804" />
      <trkpt lat="46.0540997" lon="11.0993645" />
      <trkpt lat="46.0540253" lon="11.0992277" />
      <trkpt lat="46.0539443" lon="11.0990573" />
      <trkpt lat="46.0538931" lon="11.0989863" />
      <trkpt lat="46.0538326" lon="11.0989125" />
      <trkpt lat="46.0537265" lon="11.0988736" />
      <trkpt lat="46.0535422" lon="11.0988562" />
      <trkpt lat="46.0534724" lon="11.0988106" />
      <trkpt lat="46.0534287" lon="11.0987690" />
      <trkpt lat="46.0532565" lon="11.0987154" />
      <trkpt lat="46.0531290" lon="11.0987046" />
      <trkpt lat="46.0529922" lon="11.0986631" />
      <trkpt lat="46.0529307" lon="11.0986295" />
      <trkpt lat="46.0528582" lon="11.0985625" />
      <trkpt lat="46.0527753" lon="11.0984351" />
      <trkpt lat="46.0526580" lon="11.0983345" />
      <trkpt lat="46.0525687" lon="11.0983036" />
      <trkpt lat="46.0523127" lon="11.0982446" />
      <trkpt lat="46.0521899" lon="11.0982326" />
      <trkpt lat="46.0521015" lon="11.0982205" />
      <trkpt lat="46.0519879" lon="11.0980314" />
      <trkpt lat="46.0519256" lon="11.0980006" />
      <trkpt lat="46.0518874" lon="11.0979804" />
      <trkpt lat="46.0516938" lon="11.0979885" />
      <trkpt lat="46.0516324" lon="11.0979630" />
      <trkpt lat="46.0516007" lon="11.0979067" />
      <trkpt lat="46.0515272" lon="11.0976894" />
      <trkpt lat="46.0514490" lon="11.0976344" />
      <trkpt lat="46.0513327" lon="11.0976344" />
      <trkpt lat="46.0511800" lon="11.0975513" />
      <trkpt lat="46.0510283" lon="11.0975271" />
      <trkpt lat="46.0509827" lon="11.0975325" />
      <trkpt lat="46.0508943" lon="11.0975634" />
      <trkpt lat="46.0507584" lon="11.0975526" />
      <trkpt lat="46.0506998" lon="11.0975473" />
      <trkpt lat="46.0506244" lon="11.0974359" />
      <trkpt lat="46.0506011" lon="11.0973810" />
      <trkpt lat="46.0505341" lon="11.0973005" />
      <trkpt lat="46.0502539" lon="11.0970913" />
      <trkpt lat="46.0501990" lon="11.0970725" />
      <trkpt lat="46.0501125" lon="11.0970752" />
      <trkpt lat="46.0498407" lon="11.0968271" />
      <trkpt lat="46.0497467" lon="11.0966568" />
      <trkpt lat="46.0497346" lon="11.0966045" />
      <trkpt lat="46.0497039" lon="11.0965253" />
      <trkpt lat="46.0496313" lon="11.0964422" />
      <trkpt lat="46.0495763" lon="11.0964167" />
      <trkpt lat="46.0493697" lon="11.0964422" />
      <trkpt lat="46.0493036" lon="11.0964382" />
      <trkpt lat="46.0490765" lon="11.0962330" />
      <trkpt lat="46.0487694" lon="11.0958856" />
      <trkpt lat="46.0486139" lon="11.0958467" />
      <trkpt lat="46.0485795" lon="11.0958038" />
      <trkpt lat="46.0485599" lon="11.0957636" />
      <trkpt lat="46.0485255" lon="11.0956201" />
      <trkpt lat="46.0484920" lon="11.0955638" />
      <trkpt lat="46.0484473" lon="11.0955061" />
      <trkpt lat="46.0483347" lon="11.0954793" />
      <trkpt lat="46.0481718" lon="11.0954940" />
      <trkpt lat="46.0480964" lon="11.0954793" />
      <trkpt lat="46.0480610" lon="11.0953881" />
      <trkpt lat="46.0480238" lon="11.0953586" />
      <trkpt lat="46.0480191" lon="11.0952808" />
      <trkpt lat="46.0480675" lon="11.0951748" />
      <trkpt lat="46.0481476" lon="11.0951802" />
      <trkpt lat="46.0481355" lon="11.0950662" />
      <trkpt lat="46.0481578" lon="11.0950112" />
      <trkpt lat="46.0482677" lon="11.0949858" />
      <trkpt lat="46.0483030" lon="11.0949107" />
      <trkpt lat="46.0482723" lon="11.0948597" />
      <trkpt lat="46.0482900" lon="11.0947993" />
      <trkpt lat="46.0483691" lon="11.0947658" />
      <trkpt lat="46.0484119" lon="11.0946411" />
      <trkpt lat="46.0484603" lon="11.0943916" />
      <trkpt lat="46.0484426" lon="11.0941958" />
      <trkpt lat="46.0483877" lon="11.0941127" />
      <trkpt lat="46.0483254" lon="11.0940725" />
      <trkpt lat="46.0481736" lon="11.0940349" />
      <trkpt lat="46.0480687" lon="11.0939392" />
      <trkpt lat="46.0479512" lon="11.0939182" />
      <trkpt lat="46.0478609" lon="11.0938632" />
      <trkpt lat="46.0477390" lon="11.0938619" />
      <trkpt lat="46.0477194" lon="11.0938753" />
      <trkpt lat="46.0477306" lon="11.0939236" />
      <trkpt lat="46.0477203" lon="11.0939477" />
      <trkpt lat="46.0476934" lon="11.0939571" />
      <trkpt lat="46.0474309" lon="11.0939236" />
      <trkpt lat="46.0473666" lon="11.0939759" />
      <trkpt lat="46.0473015" lon="11.0939692" />
      <trkpt lat="46.0472549" lon="11.0939209" />
      <trkpt lat="46.0470958" lon="11.0939115" />
      <trkpt lat="46.0470781" lon="11.0939182" />
      <trkpt lat="46.0470716" lon="11.0939705" />
      <trkpt lat="46.0471135" lon="11.0940778" />
      <trkpt lat="46.0470604" lon="11.0941020" />
      <trkpt lat="46.0469971" lon="11.0940537" />
      <trkpt lat="46.0469338" lon="11.0940725" />
      <trkpt lat="46.0468556" lon="11.0939947" />
      <trkpt lat="46.0467849" lon="11.0939813" />
      <trkpt lat="46.0466639" lon="11.0938176" />
      <trkpt lat="46.0465429" lon="11.0936514" />
      <trkpt lat="46.0463995" lon="11.0935575" />
      <trkpt lat="46.0463269" lon="11.0935628" />
      <trkpt lat="46.0463195" lon="11.0936540" />
      <trkpt lat="46.0463474" lon="11.0936889" />
      <trkpt lat="46.0462524" lon="11.0938525" />
      <trkpt lat="46.0462115" lon="11.0939115" />
      <trkpt lat="46.0461054" lon="11.0939705" />
      <trkpt lat="46.0460123" lon="11.0939679" />
      <trkpt lat="46.0459341" lon="11.0939544" />
      <trkpt lat="46.0458578" lon="11.0938928" />
      <trkpt lat="46.0457852" lon="11.0937828" />
      <trkpt lat="46.0457963" lon="11.0936862" />
      <trkpt lat="46.0458894" lon="11.0936996" />
      <trkpt lat="46.0458671" lon="11.0934529" />
      <trkpt lat="46.0458429" lon="11.0933697" />
      <trkpt lat="46.0457721" lon="11.0932866" />
      <trkpt lat="46.0457033" lon="11.0931686" />
      <trkpt lat="46.0456232" lon="11.0929942" />
      <trkpt lat="46.0456418" lon="11.0929164" />
      <trkpt lat="46.0455469" lon="11.0928333" />
      <trkpt lat="46.0454240" lon="11.0927072" />
      <trkpt lat="46.0452043" lon="11.0927045" />
      <trkpt lat="46.0451783" lon="11.0926402" />
      <trkpt lat="46.0451466" lon="11.0926294" />
      <trkpt lat="46.0449455" lon="11.0927314" />
      <trkpt lat="46.0449977" lon="11.0925168" />
      <trkpt lat="46.0448916" lon="11.0925329" />
      <trkpt lat="46.0449530" lon="11.0924256" />
      <trkpt lat="46.0449381" lon="11.0923398" />
      <trkpt lat="46.0448152" lon="11.0923961" />
      <trkpt lat="46.0447426" lon="11.0923263" />
      <trkpt lat="46.0446551" lon="11.0922995" />
      <trkpt lat="46.0445751" lon="11.0922405" />
      <trkpt lat="46.0445509" lon="11.0921171" />
      <trkpt lat="46.0444261" lon="11.0920742" />
      <trkpt lat="46.0443256" lon="11.0921118" />
      <trkpt lat="46.0442530" lon="11.0919736" />
      <trkpt lat="46.0442027" lon="11.0919146" />
      <trkpt lat="46.0440743" lon="11.0919736" />
      <trkpt lat="46.0439905" lon="11.0920581" />
      <trkpt lat="46.0439262" lon="11.0921453" />
      <trkpt lat="46.0438937" lon="11.0922445" />
      <trkpt lat="46.0438239" lon="11.0921641" />
      <trkpt lat="46.0437131" lon="11.0921426" />
      <trkpt lat="46.0436004" lon="11.0922633" />
      <trkpt lat="46.0434897" lon="11.0924149" />
      <trkpt lat="46.0434161" lon="11.0924605" />
      <trkpt lat="46.0433938" lon="11.0925664" />
      <trkpt lat="46.0432802" lon="11.0925986" />
      <trkpt lat="46.0432486" lon="11.0925369" />
      <trkpt lat="46.0432560" lon="11.0924417" />
      <trkpt lat="46.0431955" lon="11.0924618" />
      <trkpt lat="46.0431276" lon="11.0923961" />
      <trkpt lat="46.0430633" lon="11.0924041" />
      <trkpt lat="46.0429777" lon="11.0924390" />
      <trkpt lat="46.0428315" lon="11.0926214" />
      <trkpt lat="46.0427245" lon="11.0926978" />
      <trkpt lat="46.0426593" lon="11.0927676" />
      <trkpt lat="46.0426109" lon="11.0928373" />
      <trkpt lat="46.0426053" lon="11.0929339" />
      <trkpt lat="46.0426798" lon="11.0930023" />
      <trkpt lat="46.0426742" lon="11.0930720" />
      <trkpt lat="46.0426128" lon="11.0931390" />
      <trkpt lat="46.0425644" lon="11.0931176" />
      <trkpt lat="46.0424387" lon="11.0931846" />
      <trkpt lat="46.0423521" lon="11.0931498" />
      <trkpt lat="46.0423261" lon="11.0932530" />
      <trkpt lat="46.0422749" lon="11.0932423" />
      <trkpt lat="46.0422721" lon="11.0931163" />
      <trkpt lat="46.0423140" lon="11.0929848" />
      <trkpt lat="46.0422246" lon="11.0929298" />
      <trkpt lat="46.0421380" lon="11.0930049" />
      <trkpt lat="46.0420598" lon="11.0930894" />
      <trkpt lat="46.0420021" lon="11.0931887" />
      <trkpt lat="46.0420114" lon="11.0933214" />
      <trkpt lat="46.0419742" lon="11.0934435" />
      <trkpt lat="46.0419025" lon="11.0934193" />
      <trkpt lat="46.0418755" lon="11.0934515" />
      <trkpt lat="46.0418755" lon="11.0935427" />
      <trkpt lat="46.0418885" lon="11.0936218" />
      <trkpt lat="46.0417992" lon="11.0936151" />
      <trkpt lat="46.0417079" lon="11.0937077" />
      <trkpt lat="46.0415497" lon="11.0937962" />
      <trkpt lat="46.0413281" lon="11.0937868" />
      <trkpt lat="46.0413142" lon="11.0938887" />
      <trkpt lat="46.0412537" lon="11.0939303" />
      <trkpt lat="46.0412434" lon="11.0940175" />
      <trkpt lat="46.0411522" lon="11.0940242" />
      <trkpt lat="46.0410647" lon="11.0940751" />
      <trkpt lat="46.0410405" lon="11.0940684" />
      <trkpt lat="46.0410433" lon="11.0941114" />
      <trkpt lat="46.0409818" lon="11.0941181" />
      <trkpt lat="46.0409176" lon="11.0940497" />
      <trkpt lat="46.0408776" lon="11.0940577" />
      <trkpt lat="46.0408459" lon="11.0941543" />
      <trkpt lat="46.0408292" lon="11.0942669" />
      <trkpt lat="46.0408087" lon="11.0942428" />
      <trkpt lat="46.0407780" lon="11.0942817" />
      <trkpt lat="46.0407081" lon="11.0942709" />
      <trkpt lat="46.0406197" lon="11.0943232" />
      <trkpt lat="46.0405555" lon="11.0942468" />
      <trkpt lat="46.0405274" lon="11.0942602" />
      <trkpt lat="46.0404996" lon="11.0942924" />
      <trkpt lat="46.0404642" lon="11.0944453" />
      <trkpt lat="46.0404791" lon="11.0945928" />
      <trkpt lat="46.0405052" lon="11.0947014" />
      <trkpt lat="46.0405396" lon="11.0948248" />
      <trkpt lat="46.0405564" lon="11.0949911" />
      <trkpt lat="46.0405750" lon="11.0951091" />
      <trkpt lat="46.0405834" lon="11.0952513" />
      <trkpt lat="46.0405862" lon="11.0954015" />
      <trkpt lat="46.0406271" lon="11.0954900" />
      <trkpt lat="46.0406849" lon="11.0955933" />
      <trkpt lat="46.0407314" lon="11.0956871" />
      <trkpt lat="46.0406839" lon="11.0957529" />
      <trkpt lat="46.0405685" lon="11.0957073" />
      <trkpt lat="46.0404317" lon="11.0957006" />
      <trkpt lat="46.0403106" lon="11.0957395" />
      <trkpt lat="46.0401608" lon="11.0958414" />
      <trkpt lat="46.0401170" lon="11.0959420" />
      <trkpt lat="46.0400677" lon="11.0960372" />
      <trkpt lat="46.0400118" lon="11.0960868" />
      <trkpt lat="46.0400779" lon="11.0962088" />
      <trkpt lat="46.0401403" lon="11.0962786" />
      <trkpt lat="46.0401002" lon="11.0963336" />
      <trkpt lat="46.0400919" lon="11.0964610" />
      <trkpt lat="46.0401105" lon="11.0965066" />
      <trkpt lat="46.0401356" lon="11.0965495" />
      <trkpt lat="46.0401068" lon="11.0966299" />
      <trkpt lat="46.0400388" lon="11.0966957" />
      <trkpt lat="46.0400286" lon="11.0967399" />
      <trkpt lat="46.0400593" lon="11.0968016" />
      <trkpt lat="46.0402064" lon="11.0969505" />
      <trkpt lat="46.0402343" lon="11.0970403" />
      <trkpt lat="46.0402380" lon="11.0971087" />
      <trkpt lat="46.0402315" lon="11.0971905" />
      <trkpt lat="46.0402026" lon="11.0972589" />
      <trkpt lat="46.0401561" lon="11.0973220" />
      <trkpt lat="46.0400137" lon="11.0973689" />
      <trkpt lat="46.0399643" lon="11.0974319" />
      <trkpt lat="46.0398992" lon="11.0975312" />
      <trkpt lat="46.0398535" lon="11.0976425" />
      <trkpt lat="46.0398051" lon="11.0977216" />
      <trkpt lat="46.0397549" lon="11.0977350" />
      <trkpt lat="46.0397214" lon="11.0978168" />
      <trkpt lat="46.0396962" lon="11.0978276" />
      <trkpt lat="46.0396487" lon="11.0979080" />
      <trkpt lat="46.0396078" lon="11.0979938" />
      <trkpt lat="46.0395835" lon="11.0980109" />
      <trkpt lat="46.0395473" lon="11.0980676" />
      <trkpt lat="46.0394765" lon="11.0981964" />
      <trkpt lat="46.0394471" lon="11.0982675" />
      <trkpt lat="46.0394174" lon="11.0983402" />
      <trkpt lat="46.0392451" lon="11.0985167" />
      <trkpt lat="46.0392057" lon="11.0985730" />
      <trkpt lat="46.0391127" lon="11.0986538" />
      <trkpt lat="46.0391026" lon="11.0987519" />
      <trkpt lat="46.0391395" lon="11.0988937" />
      <trkpt lat="46.0391193" lon="11.0991117" />
      <trkpt lat="46.0390938" lon="11.0992666" />
      <trkpt lat="46.0390823" lon="11.0994650" />
      <trkpt lat="46.0390390" lon="11.0996957" />
      <trkpt lat="46.0390407" lon="11.0997721" />
      <trkpt lat="46.0390585" lon="11.0998429" />
      <trkpt lat="46.0391038" lon="11.0999018" />
      <trkpt lat="46.0391880" lon="11.0999634" />
      <trkpt lat="46.0392325" lon="11.1000046" />
      <trkpt lat="46.0392550" lon="11.1000774" />
      <trkpt lat="46.0392541" lon="11.1002150" />
      <trkpt lat="46.0391628" lon="11.1002764" />
      <trkpt lat="46.0390630" lon="11.1002478" />
      <trkpt lat="46.0390440" lon="11.1002764" />
      <trkpt lat="46.0390397" lon="11.1003083" />
      <trkpt lat="46.0390465" lon="11.1004388" />
      <trkpt lat="46.0390332" lon="11.1005308" />
      <trkpt lat="46.0390100" lon="11.1005469" />
      <trkpt lat="46.0389656" lon="11.1005361" />
      <trkpt lat="46.0389107" lon="11.1004347" />
      <trkpt lat="46.0387927" lon="11.1001872" />
      <trkpt lat="46.0386074" lon="11.0998588" />
      <trkpt lat="46.0383990" lon="11.0995909" />
      <trkpt lat="46.0383177" lon="11.0994463" />
      <trkpt lat="46.0382557" lon="11.0992662" />
      <trkpt lat="46.0380463" lon="11.0986808" />
      <trkpt lat="46.0380088" lon="11.0985603" />
      <trkpt lat="46.0378760" lon="11.0982277" />
      <trkpt lat="46.0376305" lon="11.0978359" />
      <trkpt lat="46.0375263" lon="11.0977715" />
      <trkpt lat="46.0374117" lon="11.0977152" />
      <trkpt lat="46.0375249" lon="11.0979212" />
      <trkpt lat="46.0376203" lon="11.0980328" />
      <trkpt lat="46.0377216" lon="11.0982302" />
      <trkpt lat="46.0377692" lon="11.0984533" />
      <trkpt lat="46.0377692" lon="11.0987108" />
      <trkpt lat="46.0377454" lon="11.0988310" />
      <trkpt lat="46.0377253" lon="11.0989151" />
      <trkpt lat="46.0376799" lon="11.0991056" />
      <trkpt lat="46.0375845" lon="11.0993975" />
      <trkpt lat="46.0375438" lon="11.0995104" />
      <trkpt lat="46.0375264" lon="11.0995569" />
      <trkpt lat="46.0374970" lon="11.0996867" />
      <trkpt lat="46.0374713" lon="11.0998524" />
      <trkpt lat="46.0374534" lon="11.1000326" />
      <trkpt lat="46.0374421" lon="11.1003144" />
      <trkpt lat="46.0374415" lon="11.1006171" />
      <trkpt lat="46.0374665" lon="11.1010462" />
      <trkpt lat="46.0374946" lon="11.1012470" />
      <trkpt lat="46.0375357" lon="11.1014345" />
      <trkpt lat="46.0375536" lon="11.1015403" />
      <trkpt lat="46.0375568" lon="11.1015806" />
      <trkpt lat="46.0375625" lon="11.1016516" />
      <trkpt lat="46.0375643" lon="11.1017458" />
      <trkpt lat="46.0375529" lon="11.1018494" />
      <trkpt lat="46.0375358" lon="11.1019407" />
      <trkpt lat="46.0374714" lon="11.1023267" />
      <trkpt lat="46.0374475" lon="11.1024702" />
      <trkpt lat="46.0373865" lon="11.1027833" />
      <trkpt lat="46.0373261" lon="11.1030679" />
      <trkpt lat="46.0373024" lon="11.1031901" />
      <trkpt lat="46.0372948" lon="11.1035352" />
      <trkpt lat="46.0372795" lon="11.1036443" />
      <trkpt lat="46.0372296" lon="11.1038646" />
      <trkpt lat="46.0371971" lon="11.1042100" />
      <trkpt lat="46.0371751" lon="11.1045180" />
      <trkpt lat="46.0371653" lon="11.1047828" />
      <trkpt lat="46.0371722" lon="11.1050739" />
      <trkpt lat="46.0371837" lon="11.1052245" />
      <trkpt lat="46.0371874" lon="11.1052961" />
      <trkpt lat="46.0371988" lon="11.1054650" />
      <trkpt lat="46.0372326" lon="11.1056361" />
      <trkpt lat="46.0372805" lon="11.1058698" />
      <trkpt lat="46.0374242" lon="11.1065464" />
      <trkpt lat="46.0374408" lon="11.1066319" />
      <trkpt lat="46.0374826" lon="11.1068326" />
      <trkpt lat="46.0376063" lon="11.1074045" />
      <trkpt lat="46.0376173" lon="11.1074550" />
      <trkpt lat="46.0376563" lon="11.1076344" />
      <trkpt lat="46.0377366" lon="11.1079523" />
      <trkpt lat="46.0377724" lon="11.1079334" />
      <trkpt lat="46.0377993" lon="11.1080164" />
      <trkpt lat="46.0379415" lon="11.1083756" />
      <trkpt lat="46.0381126" lon="11.1087596" />
      <trkpt lat="46.0381386" lon="11.1088100" />
      <trkpt lat="46.0381599" lon="11.1088730" />
      <trkpt lat="46.0382846" lon="11.1090135" />
      <trkpt lat="46.0383343" lon="11.1090503" />
      <trkpt lat="46.0385617" lon="11.1093139" />
      <trkpt lat="46.0386062" lon="11.1093978" />
      <trkpt lat="46.0386903" lon="11.1094618" />
      <trkpt lat="46.0387203" lon="11.1094958" />
      <trkpt lat="46.0387801" lon="11.1095545" />
      <trkpt lat="46.0388653" lon="11.1096280" />
      <trkpt lat="46.0391756" lon="11.1098168" />
      <trkpt lat="46.0391632" lon="11.1098538" />
      <trkpt lat="46.0391881" lon="11.1098693" />
      <trkpt lat="46.0394409" lon="11.1100225" />
      <trkpt lat="46.0396253" lon="11.1101319" />
      <trkpt lat="46.0398148" lon="11.1102728" />
      <trkpt lat="46.0400217" lon="11.1104107" />
      <trkpt lat="46.0405042" lon="11.1107479" />
      <trkpt lat="46.0405904" lon="11.1108002" />
      <trkpt lat="46.0410648" lon="11.1111388" />
      <trkpt lat="46.0413173" lon="11.1113012" />
      <trkpt lat="46.0415773" lon="11.1114765" />
      <trkpt lat="46.0416224" lon="11.1115036" />
      <trkpt lat="46.0416732" lon="11.1115366" />
      <trkpt lat="46.0418002" lon="11.1116286" />
      <trkpt lat="46.0419059" lon="11.1117051" />
      <trkpt lat="46.0420606" lon="11.1118172" />
      <trkpt lat="46.0421922" lon="11.1119240" />
      <trkpt lat="46.0425182" lon="11.1121234" />
      <trkpt lat="46.0427047" lon="11.1122077" />
      <trkpt lat="46.0426983" lon="11.1122477" />
      <trkpt lat="46.0426972" lon="11.1122888" />
      <trkpt lat="46.0427077" lon="11.1123572" />
      <trkpt lat="46.0427183" lon="11.1123880" />
      <trkpt lat="46.0427356" lon="11.1124217" />
      <trkpt lat="46.0427592" lon="11.1124524" />
      <trkpt lat="46.0427868" lon="11.1124751" />
      <trkpt lat="46.0427878" lon="11.1126038" />
      <trkpt lat="46.0426749" lon="11.1135005" />
      <trkpt lat="46.0426965" lon="11.1137263" />
      <trkpt lat="46.0426284" lon="11.1142522" />
      <trkpt lat="46.0427350" lon="11.1148008" />
      <trkpt lat="46.0428533" lon="11.1149991" />
      <trkpt lat="46.0443866" lon="11.1134093" />
      <trkpt lat="46.0444253" lon="11.1133014" />
      <trkpt lat="46.0444575" lon="11.1125765" />
      <trkpt lat="46.0444692" lon="11.1123768" />
      <trkpt lat="46.0446153" lon="11.1123587" />
      <trkpt lat="46.0446445" lon="11.1121331" />
      <trkpt lat="46.0446559" lon="11.1121380" />
      <trkpt lat="46.0447381" lon="11.1121844" />
      <trkpt lat="46.0447846" lon="11.1121993" />
      <trkpt lat="46.0448260" lon="11.1121814" />
      <trkpt lat="46.0448474" lon="11.1122511" />
      <trkpt lat="46.0448887" lon="11.1123525" />
      <trkpt lat="46.0449539" lon="11.1124911" />
      <trkpt lat="46.0449788" lon="11.1125328" />
      <trkpt lat="46.0449429" lon="11.1125736" />
      <trkpt lat="46.0453080" lon="11.1132475" />
      <trkpt lat="46.0453178" lon="11.1132870" />
      <trkpt lat="46.0453186" lon="11.1133110" />
      <trkpt lat="46.0453131" lon="11.1133560" />
      <trkpt lat="46.0453256" lon="11.1133819" />
      <trkpt lat="46.0453496" lon="11.1134194" />
      <trkpt lat="46.0453596" lon="11.1134343" />
      <trkpt lat="46.0454188" lon="11.1134821" />
      <trkpt lat="46.0454586" lon="11.1135491" />
      <trkpt lat="46.0455037" lon="11.1136246" />
      <trkpt lat="46.0456212" lon="11.1138356" />
      <trkpt lat="46.0455037" lon="11.1136246" />
      <trkpt lat="46.0454586" lon="11.1135491" />
      <trkpt lat="46.0455450" lon="11.1135955" />
      <trkpt lat="46.0453928" lon="11.1133116" />
      <trkpt lat="46.0449788" lon="11.1125328" />
      <trkpt lat="46.0449539" lon="11.1124911" />
      <trkpt lat="46.0448887" lon="11.1123525" />
      <trkpt lat="46.0448474" lon="11.1122511" />
      <trkpt lat="46.0448260" lon="11.1121814" />
      <trkpt lat="46.0447879" lon="11.1120162" />
      <trkpt lat="46.0448286" lon="11.1120060" />
      <trkpt lat="46.0449472" lon="11.1119695" />
      <trkpt lat="46.0454473" lon="11.1118148" />
      <trkpt lat="46.0458432" lon="11.1117018" />
      <trkpt lat="46.0462851" lon="11.1115659" />
      <trkpt lat="46.0463354" lon="11.1115411" />
      <trkpt lat="46.0464860" lon="11.1114405" />
      <trkpt lat="46.0469853" lon="11.1110800" />
      <trkpt lat="46.0475621" lon="11.1107191" />
      <trkpt lat="46.0481417" lon="11.1103517" />
      <trkpt lat="46.0486921" lon="11.1100421" />
      <trkpt lat="46.0492290" lon="11.1097742" />
      <trkpt lat="46.0502329" lon="11.1093448" />
      <trkpt lat="46.0507521" lon="11.1091271" />
      <trkpt lat="46.0509141" lon="11.1090220" />
      <trkpt lat="46.0510317" lon="11.1089037" />
      <trkpt lat="46.0511460" lon="11.1087450" />
      <trkpt lat="46.0515622" lon="11.1079720" />
      <trkpt lat="46.0517577" lon="11.1076549" />
      <trkpt lat="46.0517866" lon="11.1075831" />
      <trkpt lat="46.0517462" lon="11.1075378" />
      <trkpt lat="46.0515720" lon="11.1074621" />
      <trkpt lat="46.0514648" lon="11.1074261" />
      <trkpt lat="46.0513876" lon="11.1074090" />
      <trkpt lat="46.0513385" lon="11.1074074" />
      <trkpt lat="46.0512786" lon="11.1074300" />
      <trkpt lat="46.0511146" lon="11.1075547" />
      <trkpt lat="46.0509528" lon="11.1076746" />
      <trkpt lat="46.0508793" lon="11.1077112" />
      <trkpt lat="46.0508149" lon="11.1077379" />
      <trkpt lat="46.0507238" lon="11.1077598" />
      <trkpt lat="46.0506648" lon="11.1077583" />
      <trkpt lat="46.0505950" lon="11.1077478" />
      <trkpt lat="46.0505062" lon="11.1077129" />
      <trkpt lat="46.0503859" lon="11.1076573" />
      <trkpt lat="46.0502303" lon="11.1075226" />
      <trkpt lat="46.0500861" lon="11.1074329" />
      <trkpt lat="46.0500083" lon="11.1073865" />
      <trkpt lat="46.0499238" lon="11.1073449" />
      <trkpt lat="46.0497832" lon="11.1073069" />
      <trkpt lat="46.0497219" lon="11.1072888" />
      <trkpt lat="46.0496696" lon="11.1072771" />
      <trkpt lat="46.0495842" lon="11.1072635" />
      <trkpt lat="46.0494304" lon="11.1072533" />
      <trkpt lat="46.0493587" lon="11.1072425" />
      <trkpt lat="46.0492645" lon="11.1072146" />
      <trkpt lat="46.0492818" lon="11.1071512" />
      <trkpt lat="46.0493039" lon="11.1071160" />
      <trkpt lat="46.0493899" lon="11.1070943" />
      <trkpt lat="46.0494104" lon="11.1070816" />
      <trkpt lat="46.0494318" lon="11.1070645" />
      <trkpt lat="46.0494513" lon="11.1070385" />
      <trkpt lat="46.0494698" lon="11.1070082" />
      <trkpt lat="46.0494907" lon="11.1069329" />
      <trkpt lat="46.0494940" lon="11.1068726" />
      <trkpt lat="46.0494933" lon="11.1068180" />
      <trkpt lat="46.0494786" lon="11.1067724" />
      <trkpt lat="46.0494579" lon="11.1067384" />
      <trkpt lat="46.0494264" lon="11.1067105" />
      <trkpt lat="46.0492834" lon="11.1066563" />
      <trkpt lat="46.0492649" lon="11.1066380" />
      <trkpt lat="46.0492566" lon="11.1066051" />
      <trkpt lat="46.0492708" lon="11.1061029" />
      <trkpt lat="46.0492865" lon="11.1061067" />
      <trkpt lat="46.0493823" lon="11.1061284" />
      <trkpt lat="46.0496964" lon="11.1061910" />
      <trkpt lat="46.0498540" lon="11.1062172" />
      <trkpt lat="46.0499277" lon="11.1062128" />
      <trkpt lat="46.0500328" lon="11.1061968" />
      <trkpt lat="46.0501348" lon="11.1061852" />
      <trkpt lat="46.0503752" lon="11.1061570" />
      <trkpt lat="46.0505654" lon="11.1061755" />
      <trkpt lat="46.0510193" lon="11.1062653" />
      <trkpt lat="46.0517153" lon="11.1064403" />
      <trkpt lat="46.0516736" lon="11.1063582" />
      <trkpt lat="46.0516626" lon="11.1063088" />
      <trkpt lat="46.0516617" lon="11.1062585" />
      <trkpt lat="46.0516635" lon="11.1062005" />
      <trkpt lat="46.0516680" lon="11.1061553" />
      <trkpt lat="46.0515984" lon="11.1061547" />
      <trkpt lat="46.0516013" lon="11.1061221" />
      <trkpt lat="46.0516130" lon="11.1060560" />
      <trkpt lat="46.0517643" lon="11.1057913" />
      <trkpt lat="46.0517912" lon="11.1057291" />
      <trkpt lat="46.0517957" lon="11.1056901" />
      <trkpt lat="46.0517993" lon="11.1056447" />
      <trkpt lat="46.0517984" lon="11.1055773" />
      <trkpt lat="46.0517948" lon="11.1055046" />
      <trkpt lat="46.0517228" lon="11.1051246" />
      <trkpt lat="46.0516660" lon="11.1048948" />
      <trkpt lat="46.0516059" lon="11.1047376" />
      <trkpt lat="46.0515538" lon="11.1045123" />
      <trkpt lat="46.0506332" lon="11.1048987" />
      <trkpt lat="46.0515538" lon="11.1045123" />
      <trkpt lat="46.0516059" lon="11.1047376" />
      <trkpt lat="46.0516660" lon="11.1048948" />
      <trkpt lat="46.0517228" lon="11.1051246" />
      <trkpt lat="46.0517948" lon="11.1055046" />
      <trkpt lat="46.0517984" lon="11.1055773" />
      <trkpt lat="46.0517993" lon="11.1056447" />
      <trkpt lat="46.0517957" lon="11.1056901" />
      <trkpt lat="46.0517912" lon="11.1057291" />
      <trkpt lat="46.0517643" lon="11.1057913" />
      <trkpt lat="46.0516130" lon="11.1060560" />
      <trkpt lat="46.0516013" lon="11.1061221" />
      <trkpt lat="46.0515984" lon="11.1061547" />
      <trkpt lat="46.0516680" lon="11.1061553" />
      <trkpt lat="46.0516778" lon="11.1061140" />
      <trkpt lat="46.0516913" lon="11.1060779" />
      <trkpt lat="46.0517154" lon="11.1060315" />
      <trkpt lat="46.0517522" lon="11.1059760" />
      <trkpt lat="46.0517942" lon="11.1059257" />
      <trkpt lat="46.0518372" lon="11.1058792" />
      <trkpt lat="46.0517942" lon="11.1059257" />
      <trkpt lat="46.0517522" lon="11.1059760" />
      <trkpt lat="46.0517154" lon="11.1060315" />
      <trkpt lat="46.0516913" lon="11.1060779" />
      <trkpt lat="46.0516778" lon="11.1061140" />
      <trkpt lat="46.0516680" lon="11.1061553" />
      <trkpt lat="46.0516635" lon="11.1062005" />
      <trkpt lat="46.0516617" lon="11.1062585" />
      <trkpt lat="46.0516626" lon="11.1063088" />
      <trkpt lat="46.0516736" lon="11.1063582" />
      <trkpt lat="46.0517153" lon="11.1064403" />
      <trkpt lat="46.0510193" lon="11.1062653" />
      <trkpt lat="46.0505654" lon="11.1061755" />
      <trkpt lat="46.0503752" lon="11.1061570" />
      <trkpt lat="46.0501348" lon="11.1061852" />
      <trkpt lat="46.0500328" lon="11.1061968" />
      <trkpt lat="46.0499277" lon="11.1062128" />
      <trkpt lat="46.0498540" lon="11.1062172" />
      <trkpt lat="46.0496964" lon="11.1061910" />
      <trkpt lat="46.0493823" lon="11.1061284" />
      <trkpt lat="46.0492865" lon="11.1061067" />
      <trkpt lat="46.0492708" lon="11.1061029" />
      <trkpt lat="46.0492193" lon="11.1060938" />
      <trkpt lat="46.0489864" lon="11.1061146" />
      <trkpt lat="46.0486053" lon="11.1061047" />
      <trkpt lat="46.0484354" lon="11.1060842" />
      <trkpt lat="46.0483614" lon="11.1060716" />
      <trkpt lat="46.0482875" lon="11.1060548" />
      <trkpt lat="46.0481512" lon="11.1060017" />
      <trkpt lat="46.0480817" lon="11.1059667" />
      <trkpt lat="46.0480142" lon="11.1059318" />
      <trkpt lat="46.0479658" lon="11.1059091" />
      <trkpt lat="46.0479189" lon="11.1058875" />
      <trkpt lat="46.0478651" lon="11.1058768" />
      <trkpt lat="46.0476494" lon="11.1058807" />
      <trkpt lat="46.0475962" lon="11.1058260" />
      <trkpt lat="46.0475554" lon="11.1057880" />
      <trkpt lat="46.0474242" lon="11.1057021" />
      <trkpt lat="46.0472767" lon="11.1056144" />
      <trkpt lat="46.0472056" lon="11.1055736" />
      <trkpt lat="46.0471571" lon="11.1055520" />
      <trkpt lat="46.0471015" lon="11.1055408" />
      <trkpt lat="46.0470351" lon="11.1055438" />
      <trkpt lat="46.0469729" lon="11.1055509" />
      <trkpt lat="46.0469034" lon="11.1055649" />
      <trkpt lat="46.0468332" lon="11.1055849" />
      <trkpt lat="46.0466952" lon="11.1056226" />
      <trkpt lat="46.0465900" lon="11.1056447" />
      <trkpt lat="46.0464008" lon="11.1056936" />
      <trkpt lat="46.0462766" lon="11.1057302" />
      <trkpt lat="46.0461419" lon="11.1057567" />
      <trkpt lat="46.0460999" lon="11.1057594" />
      <trkpt lat="46.0459983" lon="11.1057583" />
      <trkpt lat="46.0459730" lon="11.1057566" />
      <trkpt lat="46.0458888" lon="11.1057508" />
      <trkpt lat="46.0458291" lon="11.1057318" />
      <trkpt lat="46.0457627" lon="11.1056965" />
      <trkpt lat="46.0456392" lon="11.1055945" />
      <trkpt lat="46.0455308" lon="11.1055178" />
      <trkpt lat="46.0455596" lon="11.1054861" />
      <trkpt lat="46.0455758" lon="11.1054687" />
      <trkpt lat="46.0456044" lon="11.1054331" />
      <trkpt lat="46.0456211" lon="11.1054093" />
      <trkpt lat="46.0456485" lon="11.1053649" />
      <trkpt lat="46.0456739" lon="11.1053133" />
      <trkpt lat="46.0456893" lon="11.1052615" />
      <trkpt lat="46.0456947" lon="11.1052126" />
      <trkpt lat="46.0455485" lon="11.1051613" />
      <trkpt lat="46.0453892" lon="11.1050981" />
      <trkpt lat="46.0453587" lon="11.1050835" />
      <trkpt lat="46.0453146" lon="11.1050623" />
      <trkpt lat="46.0452375" lon="11.1050152" />
      <trkpt lat="46.0451854" lon="11.1049984" />
      <trkpt lat="46.0451165" lon="11.1049752" />
      <trkpt lat="46.0450969" lon="11.1049702" />
      <trkpt lat="46.0451052" lon="11.1048876" />
      <trkpt lat="46.0451088" lon="11.1048512" />
      <trkpt lat="46.0451149" lon="11.1048402" />
      <trkpt lat="46.0451237" lon="11.1048304" />
      <trkpt lat="46.0451413" lon="11.1048202" />
      <trkpt lat="46.0452049" lon="11.1048121" />
      <trkpt lat="46.0452686" lon="11.1048027" />
      <trkpt lat="46.0452792" lon="11.1047979" />
      <trkpt lat="46.0452907" lon="11.1047904" />
      <trkpt lat="46.0453826" lon="11.1046966" />
      <trkpt lat="46.0454408" lon="11.1046538" />
      <trkpt lat="46.0455103" lon="11.1046239" />
      <trkpt lat="46.0455952" lon="11.1045991" />
      <trkpt lat="46.0456295" lon="11.1045694" />
      <trkpt lat="46.0456631" lon="11.1045403" />
      <trkpt lat="46.0457528" lon="11.1044212" />
      <trkpt lat="46.0458256" lon="11.1043228" />
      <trkpt lat="46.0460870" lon="11.1039229" />
      <trkpt lat="46.0461994" lon="11.1037988" />
      <trkpt lat="46.0464209" lon="11.1035889" />
      <trkpt lat="46.0464712" lon="11.1035554" />
      <trkpt lat="46.0465810" lon="11.1034555" />
      <trkpt lat="46.0467695" lon="11.1032329" />
      <trkpt lat="46.0467841" lon="11.1031962" />
      <trkpt lat="46.0468021" lon="11.1031511" />
      <trkpt lat="46.0468598" lon="11.1030914" />
      <trkpt lat="46.0470311" lon="11.1029734" />
      <trkpt lat="46.0470827" lon="11.1029271" />
      <trkpt lat="46.0471283" lon="11.1028661" />
      <trkpt lat="46.0471460" lon="11.1028171" />
      <trkpt lat="46.0471817" lon="11.1027714" />
      <trkpt lat="46.0472047" lon="11.1027481" />
      <trkpt lat="46.0472687" lon="11.1027047" />
      <trkpt lat="46.0473216" lon="11.1026579" />
      <trkpt lat="46.0474570" lon="11.1025311" />
      <trkpt lat="46.0475350" lon="11.1024561" />
      <trkpt lat="46.0475839" lon="11.1024015" />
      <trkpt lat="46.0476185" lon="11.1023907" />
      <trkpt lat="46.0476969" lon="11.1024295" />
      <trkpt lat="46.0477725" lon="11.1024472" />
      <trkpt lat="46.0478800" lon="11.1024380" />
      <trkpt lat="46.0479684" lon="11.1023578" />
      <trkpt lat="46.0482219" lon="11.1021309" />
      <trkpt lat="46.0482947" lon="11.1020558" />
      <trkpt lat="46.0483058" lon="11.1018667" />
      <trkpt lat="46.0483134" lon="11.1017065" />
      <trkpt lat="46.0483554" lon="11.1017084" />
      <trkpt lat="46.0484164" lon="11.1017818" />
      <trkpt lat="46.0485538" lon="11.1018829" />
      <trkpt lat="46.0486797" lon="11.1019363" />
      <trkpt lat="46.0488438" lon="11.1020708" />
      <trkpt lat="46.0489509" lon="11.1020654" />
      <trkpt lat="46.0490058" lon="11.1020333" />
      <trkpt lat="46.0491770" lon="11.1017905" />
      <trkpt lat="46.0493549" lon="11.1016655" />
      <trkpt lat="46.0494846" lon="11.1016397" />
      <trkpt lat="46.0496486" lon="11.1015539" />
      <trkpt lat="46.0496677" lon="11.1015749" />
      <trkpt lat="46.0498174" lon="11.1015679" />
      <trkpt lat="46.0499486" lon="11.1016028" />
      <trkpt lat="46.0500538" lon="11.1016363" />
      <trkpt lat="46.0501395" lon="11.1016336" />
      <trkpt lat="46.0502170" lon="11.1015816" />
      <trkpt lat="46.0503200" lon="11.1015424" />
      <trkpt lat="46.0505025" lon="11.1015236" />
      <trkpt lat="46.0505983" lon="11.1015210" />
      <trkpt lat="46.0506067" lon="11.1014016" />
      <trkpt lat="46.0505639" lon="11.1013077" />
      <trkpt lat="46.0504916" lon="11.1011353" />
      <trkpt lat="46.0505260" lon="11.1010752" />
      <trkpt lat="46.0505946" lon="11.1010656" />
      <trkpt lat="46.0505794" lon="11.1010141" />
      <trkpt lat="46.0506213" lon="11.1010218" />
      <trkpt lat="46.0506404" lon="11.1011906" />
      <trkpt lat="46.0507100" lon="11.1012420" />
      <trkpt lat="46.0507510" lon="11.1012230" />
      <trkpt lat="46.0507396" lon="11.1011496" />
      <trkpt lat="46.0507968" lon="11.1011410" />
      <trkpt lat="46.0508693" lon="11.1012068" />
      <trkpt lat="46.0509151" lon="11.1012049" />
      <trkpt lat="46.0511516" lon="11.1013155" />
      <trkpt lat="46.0512317" lon="11.1013184" />
      <trkpt lat="46.0512508" lon="11.1015272" />
      <trkpt lat="46.0513194" lon="11.1015558" />
      <trkpt lat="46.0513385" lon="11.1014280" />
      <trkpt lat="46.0513576" lon="11.1014328" />
      <trkpt lat="46.0514072" lon="11.1015196" />
      <trkpt lat="46.0514339" lon="11.1016617" />
      <trkpt lat="46.0514644" lon="11.1017122" />
      <trkpt lat="46.0514949" lon="11.1017246" />
      <trkpt lat="46.0515369" lon="11.1016655" />
      <trkpt lat="46.0516054" lon="11.1015692" />
      <trkpt lat="46.0517134" lon="11.1015961" />
      <trkpt lat="46.0517990" lon="11.1016725" />
      <trkpt lat="46.0519814" lon="11.1017194" />
      <trkpt lat="46.0521024" lon="11.1017168" />
      <trkpt lat="46.0521890" lon="11.1016913" />
      <trkpt lat="46.0523453" lon="11.1015773" />
      <trkpt lat="46.0524486" lon="11.1014814" />
      <trkpt lat="46.0525325" lon="11.1014357" />
      <trkpt lat="46.0524859" lon="11.1013359" />
      <trkpt lat="46.0523570" lon="11.1013165" />
      <trkpt lat="46.0522731" lon="11.1013098" />
      <trkpt lat="46.0521930" lon="11.1010704" />
      <trkpt lat="46.0521777" lon="11.1009808" />
      <trkpt lat="46.0521930" lon="11.1009388" />
      <trkpt lat="46.0522540" lon="11.1009254" />
      <trkpt lat="46.0522578" lon="11.1008377" />
      <trkpt lat="46.0523875" lon="11.1008635" />
      <trkpt lat="46.0524104" lon="11.1007299" />
      <trkpt lat="46.0524943" lon="11.1008329" />
      <trkpt lat="46.0525058" lon="11.1008129" />
      <trkpt lat="46.0525363" lon="11.1008377" />
      <trkpt lat="46.0526469" lon="11.1007423" />
      <trkpt lat="46.0526202" lon="11.1006546" />
      <trkpt lat="46.0526393" lon="11.1005678" />
      <trkpt lat="46.0526348" lon="11.1004320" />
      <trkpt lat="46.0526013" lon="11.1003381" />
      <trkpt lat="46.0525194" lon="11.1002281" />
      <trkpt lat="46.0524840" lon="11.1001530" />
      <trkpt lat="46.0525008" lon="11.1000766" />
      <trkpt lat="46.0525687" lon="11.1000404" />
      <trkpt lat="46.0526636" lon="11.1000095" />
      <trkpt lat="46.0527614" lon="11.1000068" />
      <trkpt lat="46.0528740" lon="11.0999545" />
      <trkpt lat="46.0529979" lon="11.0999632" />
      <trkpt lat="46.0530899" lon="11.0998821" />
      <trkpt lat="46.0532016" lon="11.0998338" />
      <trkpt lat="46.0532826" lon="11.0998660" />
      <trkpt lat="46.0533794" lon="11.0998540" />
      <trkpt lat="46.0535243" lon="11.0998316" />
      <trkpt lat="46.0536167" lon="11.0997829" />
      <trkpt lat="46.0536883" lon="11.0997440" />
      <trkpt lat="46.0537456" lon="11.0997620" />
      <trkpt lat="46.0539668" lon="11.0999498" />
      <trkpt lat="46.0541779" lon="11.1002415" />
      <trkpt lat="46.0542440" lon="11.1003166" />
      <trkpt lat="46.0543454" lon="11.1003609" />
      <trkpt lat="46.0544152" lon="11.1004709" />
      <trkpt lat="46.0545223" lon="11.1005500" />
      <trkpt lat="46.0546181" lon="11.1005554" />
      <trkpt lat="46.0547773" lon="11.1005366" />
      <trkpt lat="46.0549122" lon="11.1005661" />
      <trkpt lat="46.0550341" lon="11.1005621" />
      <trkpt lat="46.0555460" lon="11.1004266" />
      <trkpt lat="46.0556474" lon="11.1004561" />
      <trkpt lat="46.0557517" lon="11.1004588" />
      <trkpt lat="46.0558322" lon="11.1004028" />
      <trkpt lat="46.0558950" lon="11.1003260" />
      <trkpt lat="46.0559918" lon="11.1002295" />
      <trkpt lat="46.0560914" lon="11.1002241" />
      <trkpt lat="46.0561826" lon="11.1002938" />
      <trkpt lat="46.0563966" lon="11.1003086" />
      <trkpt lat="46.0564776" lon="11.1002348" />
      <trkpt lat="46.0566554" lon="11.1001731" />
      <trkpt lat="46.0568202" lon="11.1001129" />
      <trkpt lat="46.0568622" lon="11.1001225" />
      <trkpt lat="46.0569280" lon="11.1000431" />
      <trkpt lat="46.0569727" lon="11.0999706" />
      <trkpt lat="46.0570262" lon="11.0998526" />
      <trkpt lat="46.0571179" lon="11.0996622" />
      <trkpt lat="46.0571877" lon="11.0994624" />
      <trkpt lat="46.0572538" lon="11.0993551" />
      <trkpt lat="46.0573431" lon="11.0992464" />
      <trkpt lat="46.0574213" lon="11.0992290" />
      <trkpt lat="46.0575259" lon="11.0992994" />
      <trkpt lat="46.0575832" lon="11.0994301" />
      <trkpt lat="46.0576577" lon="11.0995670" />
      <trkpt lat="46.0577312" lon="11.0996716" />
      <trkpt lat="46.0577945" lon="11.0997815" />
      <trkpt lat="46.0579499" lon="11.0998647" />
      <trkpt lat="46.0580066" lon="11.0997877" />
      <trkpt lat="46.0581020" lon="11.0999002" />
      <trkpt lat="46.0586015" lon="11.1000471" />
      <trkpt lat="46.0586731" lon="11.1001038" />
      <trkpt lat="46.0587409" lon="11.1001343" />
      <trkpt lat="46.0587828" lon="11.1001383" />
      <trkpt lat="46.0588250" lon="11.1001140" />
      <trkpt lat="46.0590332" lon="11.0999473" />
      <trkpt lat="46.0591039" lon="11.0998499" />
      <trkpt lat="46.0591401" lon="11.0997587" />
      <trkpt lat="46.0591550" lon="11.0996085" />
      <trkpt lat="46.0591504" lon="11.0993215" />
      <trkpt lat="46.0591532" lon="11.0992210" />
      <trkpt lat="46.0591876" lon="11.0990480" />
      <trkpt lat="46.0593440" lon="11.0981239" />
      <trkpt lat="46.0593605" lon="11.0979433" />
      <trkpt lat="46.0594241" lon="11.0976035" />
      <trkpt lat="46.0595818" lon="11.0971956" />
      <trkpt lat="46.0597649" lon="11.0968037" />
      <trkpt lat="46.0599251" lon="11.0965633" />
      <trkpt lat="46.0600438" lon="11.0964072" />
      <trkpt lat="46.0601265" lon="11.0963424" />
      <trkpt lat="46.0598660" lon="11.0963041" />
      <trkpt lat="46.0597404" lon="11.0964583" />
      <trkpt lat="46.0596991" lon="11.0964503" />
      <trkpt lat="46.0596480" lon="11.0964405" />
      <trkpt lat="46.0596138" lon="11.0964274" />
      <trkpt lat="46.0595966" lon="11.0963941" />
      <trkpt lat="46.0595884" lon="11.0963338" />
      <trkpt lat="46.0595884" lon="11.0962585" />
      <trkpt lat="46.0595824" lon="11.0961671" />
      <trkpt lat="46.0595757" lon="11.0960896" />
      <trkpt lat="46.0595608" lon="11.0960165" />
      <trkpt lat="46.0595324" lon="11.0959455" />
      <trkpt lat="46.0594817" lon="11.0958282" />
      <trkpt lat="46.0594189" lon="11.0957004" />
      <trkpt lat="46.0593951" lon="11.0956518" />
      <trkpt lat="46.0593757" lon="11.0956044" />
      <trkpt lat="46.0593709" lon="11.0955815" />
      <trkpt lat="46.0593365" lon="11.0955547" />
      <trkpt lat="46.0592856" lon="11.0955115" />
      <trkpt lat="46.0592669" lon="11.0954508" />
      <trkpt lat="46.0592197" lon="11.0954518" />
      <trkpt lat="46.0592248" lon="11.0953934" />
      <trkpt lat="46.0592239" lon="11.0953552" />
      <trkpt lat="46.0591499" lon="11.0952567" />
      <trkpt lat="46.0592220" lon="11.0950005" />
      <trkpt lat="46.0593095" lon="11.0948811" />
      <trkpt lat="46.0596742" lon="11.0945899" />
      <trkpt lat="46.0599023" lon="11.0944659" />
      <trkpt lat="46.0600399" lon="11.0943789" />
      <trkpt lat="46.0601402" lon="11.0942765" />
      <trkpt lat="46.0601846" lon="11.0942241" />
      <trkpt lat="46.0602282" lon="11.0941214" />
      <trkpt lat="46.0602520" lon="11.0940654" />
      <trkpt lat="46.0602698" lon="11.0939797" />
      <trkpt lat="46.0602723" lon="11.0938862" />
      <trkpt lat="46.0602157" lon="11.0936139" />
      <trkpt lat="46.0601597" lon="11.0932466" />
      <trkpt lat="46.0600753" lon="11.0930554" />
      <trkpt lat="46.0599783" lon="11.0929195" />
      <trkpt lat="46.0598772" lon="11.0927876" />
      <trkpt lat="46.0598643" lon="11.0927640" />
      <trkpt lat="46.0596090" lon="11.0922957" />
      <trkpt lat="46.0595450" lon="11.0921470" />
      <trkpt lat="46.0595032" lon="11.0919021" />
      <trkpt lat="46.0594426" lon="11.0913223" />
      <trkpt lat="46.0593858" lon="11.0909527" />
      <trkpt lat="46.0593739" lon="11.0909238" />
      <trkpt lat="46.0592044" lon="11.0911164" />
      <trkpt lat="46.0588804" lon="11.0914349" />
      <trkpt lat="46.0588365" lon="11.0914892" />
      <trkpt lat="46.0587129" lon="11.0916419" />
      <trkpt lat="46.0585967" lon="11.0918035" />
      <trkpt lat="46.0584614" lon="11.0920978" />
      <trkpt lat="46.0583515" lon="11.0922844" />
      <trkpt lat="46.0582529" lon="11.0925490" />
      <trkpt lat="46.0581435" lon="11.0928750" />
      <trkpt lat="46.0579841" lon="11.0932833" />
      <trkpt lat="46.0578881" lon="11.0936718" />
      <trkpt lat="46.0575634" lon="11.0943609" />
      <trkpt lat="46.0573018" lon="11.0947836" />
      <trkpt lat="46.0572344" lon="11.0948921" />
      <trkpt lat="46.0571234" lon="11.0948578" />
      <trkpt lat="46.0570204" lon="11.0948064" />
      <trkpt lat="46.0569753" lon="11.0946408" />
      <trkpt lat="46.0569526" lon="11.0945516" />
      <trkpt lat="46.0568628" lon="11.0945073" />
      <trkpt lat="46.0567270" lon="11.0944180" />
      <trkpt lat="46.0566235" lon="11.0946113" />
      <trkpt lat="46.0564072" lon="11.0947763" />
      <trkpt lat="46.0562355" lon="11.0949949" />
      <trkpt lat="46.0560722" lon="11.0952164" />
      <trkpt lat="46.0559829" lon="11.0953974" />
      <trkpt lat="46.0559514" lon="11.0955347" />
      <trkpt lat="46.0558629" lon="11.0955861" />
      <trkpt lat="46.0556102" lon="11.0954726" />
      <trkpt lat="46.0554662" lon="11.0952622" />
      <trkpt lat="46.0554549" lon="11.0950426" />
      <trkpt lat="46.0555376" lon="11.0948514" />
      <trkpt lat="46.0556500" lon="11.0946602" />
      <trkpt lat="46.0555542" lon="11.0945015" />
      <trkpt lat="46.0554516" lon="11.0941650" />
      <trkpt lat="46.0553373" lon="11.0939246" />
      <trkpt lat="46.0551262" lon="11.0938021" />
      <trkpt lat="46.0550042" lon="11.0937463" />
      <trkpt lat="46.0548715" lon="11.0938399" />
      <trkpt lat="46.0547795" lon="11.0939540" />
      <trkpt lat="46.0546678" lon="11.0941243" />
      <trkpt lat="46.0545620" lon="11.0942420" />
      <trkpt lat="46.0544265" lon="11.0944080" />
      <trkpt lat="46.0543334" lon="11.0944926" />
      <trkpt lat="46.0542628" lon="11.0945987" />
      <trkpt lat="46.0543314" lon="11.0945989" />
      <trkpt lat="46.0543817" lon="11.0946016" />
      <trkpt lat="46.0544505" lon="11.0946767" />
      <trkpt lat="46.0544729" lon="11.0947625" />
      <trkpt lat="46.0544878" lon="11.0948993" />
      <trkpt lat="46.0544431" lon="11.0950495" />
      <trkpt lat="46.0544003" lon="11.0951434" />
      <trkpt lat="46.0543295" lon="11.0952292" />
      <trkpt lat="46.0542644" lon="11.0953097" />
      <trkpt lat="46.0541974" lon="11.0953687" />
      <trkpt lat="46.0540671" lon="11.0954116" />
      <trkpt lat="46.0539200" lon="11.0954170" />
      <trkpt lat="46.0538083" lon="11.0954384" />
      <trkpt lat="46.0537264" lon="11.0954384" />
      <trkpt lat="46.0536501" lon="11.0954009" />
      <trkpt lat="46.0535589" lon="11.0953875" />
      <trkpt lat="46.0534323" lon="11.0954465" />
      <trkpt lat="46.0533449" lon="11.0955162" />
      <trkpt lat="46.0532685" lon="11.0956611" />
      <trkpt lat="46.0532239" lon="11.0957603" />
      <trkpt lat="46.0532499" lon="11.0958837" />
      <trkpt lat="46.0532555" lon="11.0960446" />
      <trkpt lat="46.0532611" lon="11.0961519" />
      <trkpt lat="46.0532555" lon="11.0960446" />
      <trkpt lat="46.0532499" lon="11.0958837" />
      <trkpt lat="46.0532239" lon="11.0957603" />
      <trkpt lat="46.0532685" lon="11.0956611" />
      <trkpt lat="46.0533449" lon="11.0955162" />
      <trkpt lat="46.0534323" lon="11.0954465" />
      <trkpt lat="46.0535589" lon="11.0953875" />
      <trkpt lat="46.0536501" lon="11.0954009" />
      <trkpt lat="46.0537264" lon="11.0954384" />
      <trkpt lat="46.0538083" lon="11.0954384" />
      <trkpt lat="46.0539200" lon="11.0954170" />
      <trkpt lat="46.0540671" lon="11.0954116" />
      <trkpt lat="46.0541974" lon="11.0953687" />
      <trkpt lat="46.0542644" lon="11.0953097" />
      <trkpt lat="46.0543295" lon="11.0952292" />
      <trkpt lat="46.0544003" lon="11.0951434" />
      <trkpt lat="46.0544431" lon="11.0950495" />
      <trkpt lat="46.0544878" lon="11.0948993" />
      <trkpt lat="46.0544729" lon="11.0947625" />
      <trkpt lat="46.0544505" lon="11.0946767" />
      <trkpt lat="46.0543817" lon="11.0946016" />
      <trkpt lat="46.0543314" lon="11.0945989" />
      <trkpt lat="46.0542628" lon="11.0945987" />
      <trkpt lat="46.0543334" lon="11.0944926" />
      <trkpt lat="46.0544265" lon="11.0944080" />
      <trkpt lat="46.0545620" lon="11.0942420" />
      <trkpt lat="46.0546678" lon="11.0941243" />
      <trkpt lat="46.0547795" lon="11.0939540" />
      <trkpt lat="46.0548715" lon="11.0938399" />
      <trkpt lat="46.0550042" lon="11.0937463" />
      <trkpt lat="46.0551262" lon="11.0938021" />
      <trkpt lat="46.0553373" lon="11.0939246" />
      <trkpt lat="46.0554516" lon="11.0941650" />
      <trkpt lat="46.0555542" lon="11.0945015" />
      <trkpt lat="46.0556500" lon="11.0946602" />
      <trkpt lat="46.0555376" lon="11.0948514" />
      <trkpt lat="46.0554549" lon="11.0950426" />
      <trkpt lat="46.0554662" lon="11.0952622" />
      <trkpt lat="46.0556102" lon="11.0954726" />
      <trkpt lat="46.0558629" lon="11.0955861" />
      <trkpt lat="46.0559514" lon="11.0955347" />
      <trkpt lat="46.0559829" lon="11.0953974" />
      <trkpt lat="46.0560722" lon="11.0952164" />
      <trkpt lat="46.0562355" lon="11.0949949" />
      <trkpt lat="46.0564072" lon="11.0947763" />
      <trkpt lat="46.0566235" lon="11.0946113" />
      <trkpt lat="46.0567270" lon="11.0944180" />
      <trkpt lat="46.0568628" lon="11.0945073" />
      <trkpt lat="46.0569526" lon="11.0945516" />
      <trkpt lat="46.0569753" lon="11.0946408" />
      <trkpt lat="46.0570204" lon="11.0948064" />
      <trkpt lat="46.0571234" lon="11.0948578" />
      <trkpt lat="46.0572344" lon="11.0948921" />
      <trkpt lat="46.0573018" lon="11.0947836" />
      <trkpt lat="46.0575634" lon="11.0943609" />
      <trkpt lat="46.0578881" lon="11.0936718" />
      <trkpt lat="46.0579841" lon="11.0932833" />
      <trkpt lat="46.0581435" lon="11.0928750" />
      <trkpt lat="46.0582529" lon="11.0925490" />
      <trkpt lat="46.0583515" lon="11.0922844" />
      <trkpt lat="46.0584614" lon="11.0920978" />
      <trkpt lat="46.0585967" lon="11.0918035" />
      <trkpt lat="46.0587129" lon="11.0916419" />
      <trkpt lat="46.0588365" lon="11.0914892" />
      <trkpt lat="46.0588804" lon="11.0914349" />
      <trkpt lat="46.0592044" lon="11.0911164" />
      <trkpt lat="46.0593739" lon="11.0909238" />
      <trkpt lat="46.0593392" lon="11.0906252" />
      <trkpt lat="46.0593709" lon="11.0905452" />
      <trkpt lat="46.0594946" lon="11.0905835" />
      <trkpt lat="46.0595737" lon="11.0907653" />
      <trkpt lat="46.0596772" lon="11.0909709" />
      <trkpt lat="46.0598664" lon="11.0912649" />
      <trkpt lat="46.0601240" lon="11.0916705" />
      <trkpt lat="46.0602176" lon="11.0918086" />
      <trkpt lat="46.0602461" lon="11.0918476" />
      <trkpt lat="46.0601294" lon="11.0918751" />
      <trkpt lat="46.0599372" lon="11.0919173" />
      <trkpt lat="46.0598943" lon="11.0918964" />
      <trkpt lat="46.0598772" lon="11.0919951" />
      <trkpt lat="46.0598083" lon="11.0922284" />
      <trkpt lat="46.0598269" lon="11.0925154" />
      <trkpt lat="46.0598643" lon="11.0927640" />
      <trkpt lat="46.0598772" lon="11.0927876" />
      <trkpt lat="46.0599783" lon="11.0929195" />
      <trkpt lat="46.0600753" lon="11.0930554" />
      <trkpt lat="46.0601597" lon="11.0932466" />
      <trkpt lat="46.0602157" lon="11.0936139" />
      <trkpt lat="46.0602723" lon="11.0938862" />
      <trkpt lat="46.0602698" lon="11.0939797" />
      <trkpt lat="46.0602520" lon="11.0940654" />
      <trkpt lat="46.0602282" lon="11.0941214" />
      <trkpt lat="46.0600961" lon="11.0940936" />
      <trkpt lat="46.0599942" lon="11.0940480" />
      <trkpt lat="46.0598727" lon="11.0940039" />
      <trkpt lat="46.0598109" lon="11.0940092" />
      <trkpt lat="46.0596727" lon="11.0940248" />
      <trkpt lat="46.0595467" lon="11.0940521" />
      <trkpt lat="46.0593245" lon="11.0941244" />
      <trkpt lat="46.0591890" lon="11.0941439" />
      <trkpt lat="46.0593245" lon="11.0941244" />
      <trkpt lat="46.0595467" lon="11.0940521" />
      <trkpt lat="46.0596727" lon="11.0940248" />
      <trkpt lat="46.0598109" lon="11.0940092" />
      <trkpt lat="46.0598727" lon="11.0940039" />
      <trkpt lat="46.0599942" lon="11.0940480" />
      <trkpt lat="46.0600961" lon="11.0940936" />
      <trkpt lat="46.0602282" lon="11.0941214" />
      <trkpt lat="46.0602520" lon="11.0940654" />
      <trkpt lat="46.0602698" lon="11.0939797" />
      <trkpt lat="46.0602723" lon="11.0938862" />
      <trkpt lat="46.0602157" lon="11.0936139" />
      <trkpt lat="46.0601597" lon="11.0932466" />
      <trkpt lat="46.0600753" lon="11.0930554" />
      <trkpt lat="46.0599783" lon="11.0929195" />
      <trkpt lat="46.0598772" lon="11.0927876" />
      <trkpt lat="46.0598643" lon="11.0927640" />
      <trkpt lat="46.0598269" lon="11.0925154" />
      <trkpt lat="46.0598083" lon="11.0922284" />
      <trkpt lat="46.0598772" lon="11.0919951" />
      <trkpt lat="46.0598943" lon="11.0918964" />
      <trkpt lat="46.0599372" lon="11.0919173" />
      <trkpt lat="46.0601294" lon="11.0918751" />
      <trkpt lat="46.0602461" lon="11.0918476" />
      <trkpt lat="46.0603037" lon="11.0919265" />
      <trkpt lat="46.0603837" lon="11.0919996" />
      <trkpt lat="46.0605233" lon="11.0920467" />
      <trkpt lat="46.0605899" lon="11.0920953" />
      <trkpt lat="46.0607848" lon="11.0922080" />
      <trkpt lat="46.0608806" lon="11.0922307" />
      <trkpt lat="46.0609103" lon="11.0921501" />
      <trkpt lat="46.0609464" lon="11.0920606" />
      <trkpt lat="46.0609858" lon="11.0920098" />
      <trkpt lat="46.0610515" lon="11.0919403" />
      <trkpt lat="46.0611898" lon="11.0918071" />
      <trkpt lat="46.0612436" lon="11.0917809" />
      <trkpt lat="46.0613578" lon="11.0917926" />
      <trkpt lat="46.0614787" lon="11.0917899" />
      <trkpt lat="46.0615978" lon="11.0918194" />
      <trkpt lat="46.0617802" lon="11.0918194" />
      <trkpt lat="46.0621125" lon="11.0917987" />
      <trkpt lat="46.0621636" lon="11.0917443" />
      <trkpt lat="46.0621704" lon="11.0916743" />
      <trkpt lat="46.0621469" lon="11.0916182" />
      <trkpt lat="46.0620929" lon="11.0915995" />
      <trkpt lat="46.0620371" lon="11.0915700" />
      <trkpt lat="46.0619626" lon="11.0915029" />
      <trkpt lat="46.0619031" lon="11.0914788" />
      <trkpt lat="46.0617784" lon="11.0914379" />
      <trkpt lat="46.0616613" lon="11.0913682" />
      <trkpt lat="46.0616410" lon="11.0913159" />
      <trkpt lat="46.0616939" lon="11.0912659" />
      <trkpt lat="46.0617723" lon="11.0912386" />
      <trkpt lat="46.0619940" lon="11.0912099" />
      <trkpt lat="46.0621516" lon="11.0911892" />
      <trkpt lat="46.0623129" lon="11.0911819" />
      <trkpt lat="46.0625316" lon="11.0911736" />
      <trkpt lat="46.0627658" lon="11.0911783" />
      <trkpt lat="46.0629898" lon="11.0911530" />
      <trkpt lat="46.0633901" lon="11.0911866" />
      <trkpt lat="46.0636786" lon="11.0913058" />
      <trkpt lat="46.0639016" lon="11.0913646" />
      <trkpt lat="46.0640930" lon="11.0913721" />
      <trkpt lat="46.0642923" lon="11.0914094" />
      <trkpt lat="46.0644449" lon="11.0914466" />
      <trkpt lat="46.0646467" lon="11.0914951" />
      <trkpt lat="46.0649883" lon="11.0914765" />
      <trkpt lat="46.0651435" lon="11.0914951" />
      <trkpt lat="46.0655113" lon="11.0915220" />
      <trkpt lat="46.0656029" lon="11.0916398" />
      <trkpt lat="46.0657439" lon="11.0916692" />
      <trkpt lat="46.0658620" lon="11.0917410" />
      <trkpt lat="46.0658980" lon="11.0917454" />
      <trkpt lat="46.0659885" lon="11.0917815" />
      <trkpt lat="46.0660983" lon="11.0918136" />
      <trkpt lat="46.0662491" lon="11.0918217" />
      <trkpt lat="46.0663328" lon="11.0918217" />
      <trkpt lat="46.0664500" lon="11.0918351" />
      <trkpt lat="46.0665357" lon="11.0918405" />
      <trkpt lat="46.0666417" lon="11.0918431" />
      <trkpt lat="46.0666994" lon="11.0918405" />
      <trkpt lat="46.0667887" lon="11.0918512" />
      <trkpt lat="46.0668948" lon="11.0919022" />
      <trkpt lat="46.0669246" lon="11.0919638" />
      <trkpt lat="46.0669395" lon="11.0920416" />
      <trkpt lat="46.0670028" lon="11.0920577" />
      <trkpt lat="46.0670567" lon="11.0920738" />
      <trkpt lat="46.0670660" lon="11.0921194" />
      <trkpt lat="46.0670567" lon="11.0921623" />
      <trkpt lat="46.0670121" lon="11.0922455" />
      <trkpt lat="46.0669668" lon="11.0923171" />
      <trkpt lat="46.0669883" lon="11.0923043" />
      <trkpt lat="46.0671669" lon="11.0921365" />
      <trkpt lat="46.0673273" lon="11.0919687" />
      <trkpt lat="46.0676455" lon="11.0917412" />
      <trkpt lat="46.0678551" lon="11.0915622" />
      <trkpt lat="46.0681289" lon="11.0913373" />
      <trkpt lat="46.0683027" lon="11.0911670" />
      <trkpt lat="46.0684967" lon="11.0909395" />
      <trkpt lat="46.0686028" lon="11.0908351" />
      <trkpt lat="46.0687051" lon="11.0907081" />
      <trkpt lat="46.0686016" lon="11.0909340" />
      <trkpt lat="46.0684810" lon="11.0911394" />
      <trkpt lat="46.0684014" lon="11.0913374" />
      <trkpt lat="46.0684079" lon="11.0914141" />
      <trkpt lat="46.0684700" lon="11.0914137" />
      <trkpt lat="46.0689316" lon="11.0912952" />
      <trkpt lat="46.0690308" lon="11.0912828" />
      <trkpt lat="46.0691414" lon="11.0913067" />
      <trkpt lat="46.0691032" lon="11.0914125" />
      <trkpt lat="46.0690498" lon="11.0914631" />
      <trkpt lat="46.0690346" lon="11.0916281" />
      <trkpt lat="46.0689058" lon="11.0917577" />
      <trkpt lat="46.0685041" lon="11.0921377" />
      <trkpt lat="46.0683660" lon="11.0923729" />
      <trkpt lat="46.0682996" lon="11.0924956" />
      <trkpt lat="46.0681735" lon="11.0926527" />
      <trkpt lat="46.0680122" lon="11.0929759" />
      <trkpt lat="46.0679282" lon="11.0931279" />
      <trkpt lat="46.0677787" lon="11.0933433" />
      <trkpt lat="46.0675386" lon="11.0935909" />
      <trkpt lat="46.0673239" lon="11.0939022" />
      <trkpt lat="46.0670591" lon="11.0942320" />
      <trkpt lat="46.0667415" lon="11.0945268" />
      <trkpt lat="46.0666469" lon="11.0945854" />
      <trkpt lat="46.0666274" lon="11.0945879" />
      <trkpt lat="46.0664533" lon="11.0946050" />
      <trkpt lat="46.0663786" lon="11.0946739" />
      <trkpt lat="46.0663241" lon="11.0946870" />
      <trkpt lat="46.0662133" lon="11.0947404" />
      <trkpt lat="46.0661374" lon="11.0948061" />
      <trkpt lat="46.0660895" lon="11.0948661" />
      <trkpt lat="46.0660521" lon="11.0949658" />
      <trkpt lat="46.0660254" lon="11.0950592" />
      <trkpt lat="46.0660046" lon="11.0951529" />
      <trkpt lat="46.0659784" lon="11.0952469" />
      <trkpt lat="46.0659463" lon="11.0953331" />
      <trkpt lat="46.0659182" lon="11.0953832" />
      <trkpt lat="46.0658723" lon="11.0954652" />
      <trkpt lat="46.0658179" lon="11.0955492" />
      <trkpt lat="46.0657650" lon="11.0956107" />
      <trkpt lat="46.0657489" lon="11.0956295" />
      <trkpt lat="46.0656979" lon="11.0956671" />
      <trkpt lat="46.0657005" lon="11.0957328" />
      <trkpt lat="46.0656909" lon="11.0958725" />
      <trkpt lat="46.0656730" lon="11.0958967" />
      <trkpt lat="46.0656110" lon="11.0959823" />
      <trkpt lat="46.0655577" lon="11.0960540" />
      <trkpt lat="46.0655560" lon="11.0960563" />
      <trkpt lat="46.0655263" lon="11.0960852" />
      <trkpt lat="46.0654972" lon="11.0961096" />
      <trkpt lat="46.0654415" lon="11.0961390" />
      <trkpt lat="46.0653903" lon="11.0961556" />
      <trkpt lat="46.0653648" lon="11.0961578" />
      <trkpt lat="46.0652889" lon="11.0961536" />
      <trkpt lat="46.0651149" lon="11.0961451" />
      <trkpt lat="46.0649651" lon="11.0961465" />
      <trkpt lat="46.0649374" lon="11.0961497" />
      <trkpt lat="46.0649103" lon="11.0961559" />
      <trkpt lat="46.0647901" lon="11.0962113" />
      <trkpt lat="46.0647708" lon="11.0962170" />
      <trkpt lat="46.0647259" lon="11.0962302" />
      <trkpt lat="46.0647286" lon="11.0962485" />
      <trkpt lat="46.0645771" lon="11.0963086" />
      <trkpt lat="46.0645722" lon="11.0963194" />
      <trkpt lat="46.0645653" lon="11.0963609" />
      <trkpt lat="46.0645630" lon="11.0963925" />
      <trkpt lat="46.0645650" lon="11.0964278" />
      <trkpt lat="46.0645719" lon="11.0964561" />
      <trkpt lat="46.0645891" lon="11.0965265" />
      <trkpt lat="46.0646741" lon="11.0968329" />
      <trkpt lat="46.0647098" lon="11.0969645" />
      <trkpt lat="46.0647157" lon="11.0969765" />
      <trkpt lat="46.0647011" lon="11.0969812" />
      <trkpt lat="46.0646739" lon="11.0969900" />
      <trkpt lat="46.0647684" lon="11.0971782" />
      <trkpt lat="46.0647783" lon="11.0971979" />
      <trkpt lat="46.0648700" lon="11.0973972" />
      <trkpt lat="46.0649103" lon="11.0975166" />
      <trkpt lat="46.0649520" lon="11.0976640" />
      <trkpt lat="46.0649542" lon="11.0976742" />
      <trkpt lat="46.0649851" lon="11.0978239" />
      <trkpt lat="46.0650045" lon="11.0979043" />
      <trkpt lat="46.0650490" lon="11.0980363" />
      <trkpt lat="46.0652589" lon="11.0983599" />
      <trkpt lat="46.0654875" lon="11.0987260" />
      <trkpt lat="46.0655138" lon="11.0987618" />
      <trkpt lat="46.0655362" lon="11.0987850" />
      <trkpt lat="46.0655613" lon="11.0988108" />
      <trkpt lat="46.0655759" lon="11.0988200" />
      <trkpt lat="46.0656193" lon="11.0988379" />
      <trkpt lat="46.0657013" lon="11.0988549" />
      <trkpt lat="46.0657735" lon="11.0988495" />
      <trkpt lat="46.0658361" lon="11.0988269" />
      <trkpt lat="46.0658501" lon="11.0988166" />
      <trkpt lat="46.0658708" lon="11.0988013" />
      <trkpt lat="46.0659022" lon="11.0987727" />
      <trkpt lat="46.0659609" lon="11.0986939" />
      <trkpt lat="46.0660731" lon="11.0985141" />
      <trkpt lat="46.0662223" lon="11.0983190" />
      <trkpt lat="46.0664309" lon="11.0981395" />
      <trkpt lat="46.0666347" lon="11.0980065" />
      <trkpt lat="46.0668445" lon="11.0979533" />
      <trkpt lat="46.0670079" lon="11.0978901" />
      <trkpt lat="46.0671433" lon="11.0978055" />
      <trkpt lat="46.0672790" lon="11.0977048" />
      <trkpt lat="46.0674101" lon="11.0975870" />
      <trkpt lat="46.0675630" lon="11.0974332" />
      <trkpt lat="46.0677132" lon="11.0972746" />
      <trkpt lat="46.0678214" lon="11.0970977" />
      <trkpt lat="46.0678958" lon="11.0969290" />
      <trkpt lat="46.0679405" lon="11.0968625" />
      <trkpt lat="46.0679828" lon="11.0968104" />
      <trkpt lat="46.0680078" lon="11.0967842" />
      <trkpt lat="46.0681597" lon="11.0966642" />
      <trkpt lat="46.0683309" lon="11.0965259" />
      <trkpt lat="46.0683495" lon="11.0965133" />
      <trkpt lat="46.0684043" lon="11.0964844" />
      <trkpt lat="46.0684606" lon="11.0964690" />
      <trkpt lat="46.0685446" lon="11.0964607" />
      <trkpt lat="46.0686278" lon="11.0964626" />
      <trkpt lat="46.0687331" lon="11.0964528" />
      <trkpt lat="46.0687930" lon="11.0964246" />
      <trkpt lat="46.0688383" lon="11.0963895" />
      <trkpt lat="46.0688742" lon="11.0963476" />
      <trkpt lat="46.0689059" lon="11.0962922" />
      <trkpt lat="46.0689453" lon="11.0961495" />
      <trkpt lat="46.0690285" lon="11.0958038" />
      <trkpt lat="46.0690617" lon="11.0956981" />
      <trkpt lat="46.0691013" lon="11.0955935" />
      <trkpt lat="46.0691322" lon="11.0955210" />
      <trkpt lat="46.0691654" lon="11.0954486" />
      <trkpt lat="46.0692427" lon="11.0953389" />
      <trkpt lat="46.0693027" lon="11.0952759" />
      <trkpt lat="46.0693341" lon="11.0952520" />
      <trkpt lat="46.0693695" lon="11.0952357" />
      <trkpt lat="46.0696315" lon="11.0951948" />
      <trkpt lat="46.0700044" lon="11.0951516" />
      <trkpt lat="46.0704741" lon="11.0950986" />
      <trkpt lat="46.0707137" lon="11.0950714" />
      <trkpt lat="46.0709215" lon="11.0950476" />
      <trkpt lat="46.0711274" lon="11.0950131" />
      <trkpt lat="46.0711994" lon="11.0949971" />
      <trkpt lat="46.0712301" lon="11.0949768" />
      <trkpt lat="46.0712626" lon="11.0949377" />
      <trkpt lat="46.0715031" lon="11.0945930" />
      <trkpt lat="46.0715668" lon="11.0944946" />
      <trkpt lat="46.0715986" lon="11.0944445" />
      <trkpt lat="46.0716235" lon="11.0943810" />
      <trkpt lat="46.0716301" lon="11.0943115" />
      <trkpt lat="46.0716201" lon="11.0942415" />
      <trkpt lat="46.0716048" lon="11.0941666" />
      <trkpt lat="46.0715903" lon="11.0940929" />
      <trkpt lat="46.0715662" lon="11.0939631" />
      <trkpt lat="46.0715528" lon="11.0938308" />
      <trkpt lat="46.0715507" lon="11.0937431" />
      <trkpt lat="46.0715613" lon="11.0936670" />
      <trkpt lat="46.0715754" lon="11.0936034" />
      <trkpt lat="46.0715978" lon="11.0935345" />
      <trkpt lat="46.0716276" lon="11.0934677" />
      <trkpt lat="46.0716670" lon="11.0934047" />
      <trkpt lat="46.0717046" lon="11.0933659" />
      <trkpt lat="46.0717373" lon="11.0933416" />
      <trkpt lat="46.0717662" lon="11.0933246" />
      <trkpt lat="46.0717998" lon="11.0933157" />
      <trkpt lat="46.0721931" lon="11.0933161" />
      <trkpt lat="46.0722830" lon="11.0933167" />
      <trkpt lat="46.0723823" lon="11.0933226" />
      <trkpt lat="46.0724576" lon="11.0933319" />
      <trkpt lat="46.0725283" lon="11.0933480" />
      <trkpt lat="46.0727881" lon="11.0934231" />
      <trkpt lat="46.0728490" lon="11.0934344" />
      <trkpt lat="46.0729229" lon="11.0934322" />
      <trkpt lat="46.0729896" lon="11.0934241" />
      <trkpt lat="46.0730460" lon="11.0934241" />
      <trkpt lat="46.0730763" lon="11.0934255" />
      <trkpt lat="46.0731075" lon="11.0934363" />
      <trkpt lat="46.0731339" lon="11.0934627" />
      <trkpt lat="46.0731464" lon="11.0934855" />
      <trkpt lat="46.0731566" lon="11.0935133" />
      <trkpt lat="46.0731642" lon="11.0935564" />
      <trkpt lat="46.0731623" lon="11.0935931" />
      <trkpt lat="46.0731514" lon="11.0936250" />
      <trkpt lat="46.0731404" lon="11.0936405" />
      <trkpt lat="46.0731224" lon="11.0936561" />
      <trkpt lat="46.0730995" lon="11.0936679" />
      <trkpt lat="46.0730785" lon="11.0936744" />
      <trkpt lat="46.0730477" lon="11.0936748" />
      <trkpt lat="46.0730159" lon="11.0936671" />
      <trkpt lat="46.0728766" lon="11.0936180" />
      <trkpt lat="46.0727925" lon="11.0935941" />
      <trkpt lat="46.0727347" lon="11.0935754" />
      <trkpt lat="46.0726880" lon="11.0935701" />
      <trkpt lat="46.0724994" lon="11.0935868" />
      <trkpt lat="46.0723687" lon="11.0936251" />
      <trkpt lat="46.0722350" lon="11.0937004" />
      <trkpt lat="46.0721092" lon="11.0938038" />
      <trkpt lat="46.0720649" lon="11.0938673" />
      <trkpt lat="46.0720416" lon="11.0939383" />
      <trkpt lat="46.0720275" lon="11.0940027" />
      <trkpt lat="46.0720181" lon="11.0940798" />
      <trkpt lat="46.0720085" lon="11.0942849" />
      <trkpt lat="46.0720079" lon="11.0945195" />
      <trkpt lat="46.0719969" lon="11.0946121" />
      <trkpt lat="46.0719791" lon="11.0946949" />
      <trkpt lat="46.0719513" lon="11.0947873" />
      <trkpt lat="46.0719064" lon="11.0949026" />
      <trkpt lat="46.0718524" lon="11.0950178" />
      <trkpt lat="46.0717984" lon="11.0951323" />
      <trkpt lat="46.0717031" lon="11.0952966" />
      <trkpt lat="46.0714340" lon="11.0956459" />
      <trkpt lat="46.0713019" lon="11.0957998" />
      <trkpt lat="46.0712225" lon="11.0958898" />
      <trkpt lat="46.0711765" lon="11.0959307" />
      <trkpt lat="46.0711351" lon="11.0959618" />
      <trkpt lat="46.0712079" lon="11.0959886" />
      <trkpt lat="46.0714123" lon="11.0957803" />
      <trkpt lat="46.0717038" lon="11.0955451" />
      <trkpt lat="46.0719123" lon="11.0953389" />
      <trkpt lat="46.0720075" lon="11.0952328" />
      <trkpt lat="46.0720691" lon="11.0951700" />
      <trkpt lat="46.0721384" lon="11.0951176" />
      <trkpt lat="46.0721864" lon="11.0950704" />
      <trkpt lat="46.0722323" lon="11.0950015" />
      <trkpt lat="46.0722764" lon="11.0949236" />
      <trkpt lat="46.0723179" lon="11.0948484" />
      <trkpt lat="46.0723600" lon="11.0947923" />
      <trkpt lat="46.0724086" lon="11.0947614" />
      <trkpt lat="46.0724357" lon="11.0947607" />
      <trkpt lat="46.0725822" lon="11.0947823" />
      <trkpt lat="46.0727363" lon="11.0948095" />
      <trkpt lat="46.0728218" lon="11.0948595" />
      <trkpt lat="46.0729791" lon="11.0948889" />
      <trkpt lat="46.0731595" lon="11.0949427" />
      <trkpt lat="46.0729791" lon="11.0948889" />
      <trkpt lat="46.0728218" lon="11.0948595" />
      <trkpt lat="46.0727363" lon="11.0948095" />
      <trkpt lat="46.0725822" lon="11.0947823" />
      <trkpt lat="46.0724357" lon="11.0947607" />
      <trkpt lat="46.0724086" lon="11.0947614" />
      <trkpt lat="46.0723600" lon="11.0947923" />
      <trkpt lat="46.0723179" lon="11.0948484" />
      <trkpt lat="46.0722764" lon="11.0949236" />
      <trkpt lat="46.0722323" lon="11.0950015" />
      <trkpt lat="46.0721864" lon="11.0950704" />
      <trkpt lat="46.0721384" lon="11.0951176" />
      <trkpt lat="46.0720691" lon="11.0951700" />
      <trkpt lat="46.0720075" lon="11.0952328" />
      <trkpt lat="46.0719123" lon="11.0953389" />
      <trkpt lat="46.0717038" lon="11.0955451" />
      <trkpt lat="46.0714123" lon="11.0957803" />
      <trkpt lat="46.0712079" lon="11.0959886" />
      <trkpt lat="46.0711351" lon="11.0959618" />
      <trkpt lat="46.0710268" lon="11.0960383" />
      <trkpt lat="46.0708709" lon="11.0961447" />
      <trkpt lat="46.0707137" lon="11.0962511" />
      <trkpt lat="46.0706401" lon="11.0963145" />
      <trkpt lat="46.0705673" lon="11.0964164" />
      <trkpt lat="46.0705366" lon="11.0964687" />
      <trkpt lat="46.0704499" lon="11.0966111" />
      <trkpt lat="46.0703429" lon="11.0967970" />
      <trkpt lat="46.0702498" lon="11.0969134" />
      <trkpt lat="46.0700918" lon="11.0970979" />
      <trkpt lat="46.0699649" lon="11.0973082" />
      <trkpt lat="46.0698828" lon="11.0975223" />
      <trkpt lat="46.0698445" lon="11.0977551" />
      <trkpt lat="46.0698815" lon="11.0977568" />
      <trkpt lat="46.0699723" lon="11.0977572" />
      <trkpt lat="46.0701109" lon="11.0977713" />
      <trkpt lat="46.0702408" lon="11.0977608" />
      <trkpt lat="46.0703232" lon="11.0977313" />
      <trkpt lat="46.0705014" lon="11.0976207" />
      <trkpt lat="46.0707011" lon="11.0974372" />
      <trkpt lat="46.0708130" lon="11.0973476" />
      <trkpt lat="46.0708965" lon="11.0973109" />
      <trkpt lat="46.0710478" lon="11.0972658" />
      <trkpt lat="46.0711388" lon="11.0972505" />
      <trkpt lat="46.0712261" lon="11.0972620" />
      <trkpt lat="46.0714053" lon="11.0972851" />
      <trkpt lat="46.0714799" lon="11.0972844" />
      <trkpt lat="46.0715446" lon="11.0972757" />
      <trkpt lat="46.0717922" lon="11.0972134" />
      <trkpt lat="46.0720810" lon="11.0970783" />
      <trkpt lat="46.0721749" lon="11.0970719" />
      <trkpt lat="46.0722512" lon="11.0970808" />
      <trkpt lat="46.0725963" lon="11.0970961" />
      <trkpt lat="46.0727494" lon="11.0971079" />
      <trkpt lat="46.0728251" lon="11.0971279" />
      <trkpt lat="46.0731730" lon="11.0972468" />
      <trkpt lat="46.0734514" lon="11.0973257" />
      <trkpt lat="46.0737659" lon="11.0974709" />
      <trkpt lat="46.0739904" lon="11.0976348" />
      <trkpt lat="46.0742465" lon="11.0977462" />
      <trkpt lat="46.0743735" lon="11.0978433" />
      <trkpt lat="46.0744212" lon="11.0978917" />
      <trkpt lat="46.0744850" lon="11.0979667" />
      <trkpt lat="46.0745343" lon="11.0980142" />
      <trkpt lat="46.0745824" lon="11.0980490" />
      <trkpt lat="46.0747803" lon="11.0981722" />
      <trkpt lat="46.0747857" lon="11.0981756" />
      <trkpt lat="46.0747970" lon="11.0981827" />
      <trkpt lat="46.0748164" lon="11.0981915" />
      <trkpt lat="46.0748563" lon="11.0982034" />
      <trkpt lat="46.0748909" lon="11.0982090" />
      <trkpt lat="46.0749306" lon="11.0982090" />
      <trkpt lat="46.0750468" lon="11.0982070" />
      <trkpt lat="46.0751564" lon="11.0982257" />
      <trkpt lat="46.0752306" lon="11.0982303" />
      <trkpt lat="46.0752953" lon="11.0982233" />
      <trkpt lat="46.0754589" lon="11.0981709" />
      <trkpt lat="46.0756033" lon="11.0981184" />
      <trkpt lat="46.0757066" lon="11.0980899" />
      <trkpt lat="46.0757931" lon="11.0980767" />
      <trkpt lat="46.0758378" lon="11.0980712" />
      <trkpt lat="46.0760573" lon="11.0980396" />
      <trkpt lat="46.0761041" lon="11.0980418" />
      <trkpt lat="46.0761268" lon="11.0980519" />
      <trkpt lat="46.0761318" lon="11.0980736" />
      <trkpt lat="46.0760977" lon="11.0980800" />
      <trkpt lat="46.0758871" lon="11.0981321" />
      <trkpt lat="46.0757109" lon="11.0981872" />
      <trkpt lat="46.0755982" lon="11.0982296" />
      <trkpt lat="46.0754797" lon="11.0982762" />
      <trkpt lat="46.0754191" lon="11.0983048" />
      <trkpt lat="46.0754297" lon="11.0983454" />
      <trkpt lat="46.0754391" lon="11.0983677" />
      <trkpt lat="46.0754522" lon="11.0983769" />
      <trkpt lat="46.0754860" lon="11.0983652" />
      <trkpt lat="46.0756207" lon="11.0983036" />
      <trkpt lat="46.0757667" lon="11.0982506" />
      <trkpt lat="46.0758404" lon="11.0982414" />
      <trkpt lat="46.0759956" lon="11.0981951" />
      <trkpt lat="46.0761515" lon="11.0981716" />
      <trkpt lat="46.0763074" lon="11.0981715" />
      <trkpt lat="46.0763647" lon="11.0981809" />
      <trkpt lat="46.0764129" lon="11.0981987" />
      <trkpt lat="46.0764397" lon="11.0982127" />
      <trkpt lat="46.0769427" lon="11.0984686" />
      <trkpt lat="46.0773539" lon="11.0986912" />
      <trkpt lat="46.0773734" lon="11.0987315" />
      <trkpt lat="46.0773669" lon="11.0987811" />
      <trkpt lat="46.0773223" lon="11.0988200" />
      <trkpt lat="46.0765323" lon="11.0991369" />
      <trkpt lat="46.0763124" lon="11.0992154" />
      <trkpt lat="46.0761462" lon="11.0993051" />
      <trkpt lat="46.0759913" lon="11.0994284" />
      <trkpt lat="46.0757139" lon="11.0997798" />
      <trkpt lat="46.0755184" lon="11.1000739" />
      <trkpt lat="46.0754291" lon="11.1002348" />
      <trkpt lat="46.0753942" lon="11.1003389" />
      <trkpt lat="46.0753957" lon="11.1003917" />
      <trkpt lat="46.0754061" lon="11.1004601" />
      <trkpt lat="46.0754244" lon="11.1005272" />
      <trkpt lat="46.0753974" lon="11.1006103" />
      <trkpt lat="46.0752254" lon="11.1007922" />
      <trkpt lat="46.0748654" lon="11.1008552" />
      <trkpt lat="46.0748113" lon="11.1008853" />
      <trkpt lat="46.0751140" lon="11.1010738" />
      <trkpt lat="46.0751873" lon="11.1011067" />
      <trkpt lat="46.0752121" lon="11.1011310" />
      <trkpt lat="46.0752637" lon="11.1012854" />
      <trkpt lat="46.0753014" lon="11.1013797" />
      <trkpt lat="46.0753341" lon="11.1014183" />
      <trkpt lat="46.0753511" lon="11.1014370" />
      <trkpt lat="46.0753556" lon="11.1014268" />
      <trkpt lat="46.0753718" lon="11.1014081" />
      <trkpt lat="46.0753867" lon="11.1013978" />
      <trkpt lat="46.0754022" lon="11.1013913" />
      <trkpt lat="46.0754573" lon="11.1013857" />
      <trkpt lat="46.0754981" lon="11.1013773" />
      <trkpt lat="46.0755325" lon="11.1013605" />
      <trkpt lat="46.0755869" lon="11.1013147" />
      <trkpt lat="46.0756322" lon="11.1012755" />
      <trkpt lat="46.0756834" lon="11.1012278" />
      <trkpt lat="46.0757277" lon="11.1011750" />
      <trkpt lat="46.0757565" lon="11.1011508" />
      <trkpt lat="46.0758747" lon="11.1010328" />
      <trkpt lat="46.0759947" lon="11.1009165" />
      <trkpt lat="46.0761019" lon="11.1008122" />
      <trkpt lat="46.0761364" lon="11.1007829" />
      <trkpt lat="46.0761610" lon="11.1007694" />
      <trkpt lat="46.0761830" lon="11.1007660" />
      <trkpt lat="46.0762132" lon="11.1007824" />
      <trkpt lat="46.0761648" lon="11.1008993" />
      <trkpt lat="46.0757707" lon="11.1017405" />
      <trkpt lat="46.0756373" lon="11.1020427" />
      <trkpt lat="46.0756215" lon="11.1020786" />
      <trkpt lat="46.0755729" lon="11.1021560" />
      <trkpt lat="46.0755325" lon="11.1022082" />
      <trkpt lat="46.0754949" lon="11.1022410" />
      <trkpt lat="46.0754686" lon="11.1022577" />
      <trkpt lat="46.0754252" lon="11.1022851" />
      <trkpt lat="46.0753920" lon="11.1022937" />
      <trkpt lat="46.0753563" lon="11.1022910" />
      <trkpt lat="46.0753308" lon="11.1022802" />
      <trkpt lat="46.0752875" lon="11.1022527" />
      <trkpt lat="46.0752403" lon="11.1022009" />
      <trkpt lat="46.0750429" lon="11.1019263" />
      <trkpt lat="46.0750194" lon="11.1019050" />
      <trkpt lat="46.0750083" lon="11.1018974" />
      <trkpt lat="46.0749903" lon="11.1018917" />
      <trkpt lat="46.0749712" lon="11.1018938" />
      <trkpt lat="46.0749463" lon="11.1019031" />
      <trkpt lat="46.0748999" lon="11.1019379" />
      <trkpt lat="46.0748201" lon="11.1020348" />
      <trkpt lat="46.0747278" lon="11.1021692" />
      <trkpt lat="46.0746356" lon="11.1023305" />
      <trkpt lat="46.0745902" lon="11.1024447" />
      <trkpt lat="46.0745467" lon="11.1025871" />
      <trkpt lat="46.0743109" lon="11.1036012" />
      <trkpt lat="46.0742878" lon="11.1036991" />
      <trkpt lat="46.0742611" lon="11.1037864" />
      <trkpt lat="46.0742357" lon="11.1038350" />
      <trkpt lat="46.0742065" lon="11.1038756" />
      <trkpt lat="46.0740049" lon="11.1041204" />
      <trkpt lat="46.0738863" lon="11.1042657" />
      <trkpt lat="46.0737878" lon="11.1044088" />
      <trkpt lat="46.0737195" lon="11.1045304" />
      <trkpt lat="46.0737015" lon="11.1045622" />
      <trkpt lat="46.0736455" lon="11.1047063" />
      <trkpt lat="46.0736047" lon="11.1048427" />
      <trkpt lat="46.0734166" lon="11.1054688" />
      <trkpt lat="46.0734423" lon="11.1054859" />
      <trkpt lat="46.0735312" lon="11.1054870" />
      <trkpt lat="46.0736408" lon="11.1054310" />
      <trkpt lat="46.0737329" lon="11.1053846" />
      <trkpt lat="46.0738324" lon="11.1053276" />
      <trkpt lat="46.0739255" lon="11.1052638" />
      <trkpt lat="46.0739613" lon="11.1052470" />
      <trkpt lat="46.0739906" lon="11.1052409" />
      <trkpt lat="46.0740242" lon="11.1052531" />
      <trkpt lat="46.0740575" lon="11.1052852" />
      <trkpt lat="46.0740809" lon="11.1053117" />
      <trkpt lat="46.0741043" lon="11.1053440" />
      <trkpt lat="46.0741244" lon="11.1053899" />
      <trkpt lat="46.0741427" lon="11.1054406" />
      <trkpt lat="46.0742974" lon="11.1058320" />
      <trkpt lat="46.0744728" lon="11.1063251" />
      <trkpt lat="46.0745205" lon="11.1062506" />
      <trkpt lat="46.0746830" lon="11.1059971" />
      <trkpt lat="46.0747673" lon="11.1059872" />
      <trkpt lat="46.0749235" lon="11.1059723" />
      <trkpt lat="46.0750011" lon="11.1059610" />
      <trkpt lat="46.0750380" lon="11.1059556" />
      <trkpt lat="46.0751303" lon="11.1059422" />
      <trkpt lat="46.0751953" lon="11.1059252" />
      <trkpt lat="46.0752857" lon="11.1058962" />
      <trkpt lat="46.0753834" lon="11.1058423" />
      <trkpt lat="46.0754213" lon="11.1058154" />
      <trkpt lat="46.0754620" lon="11.1057786" />
      <trkpt lat="46.0754964" lon="11.1057327" />
      <trkpt lat="46.0755294" lon="11.1056829" />
      <trkpt lat="46.0754665" lon="11.1056033" />
      <trkpt lat="46.0752798" lon="11.1050309" />
      <trkpt lat="46.0752486" lon="11.1049253" />
      <trkpt lat="46.0751930" lon="11.1048453" />
      <trkpt lat="46.0751893" lon="11.1047890" />
      <trkpt lat="46.0752004" lon="11.1047327" />
      <trkpt lat="46.0752339" lon="11.1046656" />
      <trkpt lat="46.0752916" lon="11.1045959" />
      <trkpt lat="46.0754107" lon="11.1044591" />
      <trkpt lat="46.0754702" lon="11.1043974" />
      <trkpt lat="46.0755409" lon="11.1043303" />
      <trkpt lat="46.0756005" lon="11.1042713" />
      <trkpt lat="46.0756507" lon="11.1042016" />
      <trkpt lat="46.0757158" lon="11.1041399" />
      <trkpt lat="46.0757438" lon="11.1041185" />
      <trkpt lat="46.0757717" lon="11.1040863" />
      <trkpt lat="46.0758293" lon="11.1040165" />
      <trkpt lat="46.0759389" lon="11.1039107" />
      <trkpt lat="46.0758293" lon="11.1040165" />
      <trkpt lat="46.0757717" lon="11.1040863" />
      <trkpt lat="46.0757438" lon="11.1041185" />
      <trkpt lat="46.0757158" lon="11.1041399" />
      <trkpt lat="46.0756507" lon="11.1042016" />
      <trkpt lat="46.0756005" lon="11.1042713" />
      <trkpt lat="46.0755409" lon="11.1043303" />
      <trkpt lat="46.0754702" lon="11.1043974" />
      <trkpt lat="46.0754107" lon="11.1044591" />
      <trkpt lat="46.0752916" lon="11.1045959" />
      <trkpt lat="46.0752339" lon="11.1046656" />
      <trkpt lat="46.0752004" lon="11.1047327" />
      <trkpt lat="46.0751893" lon="11.1047890" />
      <trkpt lat="46.0751930" lon="11.1048453" />
      <trkpt lat="46.0752486" lon="11.1049253" />
      <trkpt lat="46.0752798" lon="11.1050309" />
      <trkpt lat="46.0754665" lon="11.1056033" />
      <trkpt lat="46.0755294" lon="11.1056829" />
      <trkpt lat="46.0757012" lon="11.1054896" />
      <trkpt lat="46.0759417" lon="11.1052701" />
      <trkpt lat="46.0759730" lon="11.1052467" />
      <trkpt lat="46.0759974" lon="11.1052433" />
      <trkpt lat="46.0760209" lon="11.1052519" />
      <trkpt lat="46.0760374" lon="11.1052666" />
      <trkpt lat="46.0760582" lon="11.1052926" />
      <trkpt lat="46.0761969" lon="11.1050832" />
      <trkpt lat="46.0762239" lon="11.1051163" />
      <trkpt lat="46.0761846" lon="11.1051837" />
      <trkpt lat="46.0761346" lon="11.1052549" />
      <trkpt lat="46.0760811" lon="11.1053251" />
      <trkpt lat="46.0760248" lon="11.1053864" />
      <trkpt lat="46.0759111" lon="11.1054869" />
      <trkpt lat="46.0758168" lon="11.1055615" />
      <trkpt lat="46.0757498" lon="11.1056256" />
      <trkpt lat="46.0756984" lon="11.1056879" />
      <trkpt lat="46.0756710" lon="11.1057314" />
      <trkpt lat="46.0756346" lon="11.1058194" />
      <trkpt lat="46.0756154" lon="11.1058895" />
      <trkpt lat="46.0756041" lon="11.1059634" />
      <trkpt lat="46.0756016" lon="11.1060672" />
      <trkpt lat="46.0756428" lon="11.1066940" />
      <trkpt lat="46.0756497" lon="11.1067832" />
      <trkpt lat="46.0756530" lon="11.1068497" />
      <trkpt lat="46.0756533" lon="11.1069164" />
      <trkpt lat="46.0756536" lon="11.1069579" />
      <trkpt lat="46.0756549" lon="11.1069987" />
      <trkpt lat="46.0756522" lon="11.1070446" />
      <trkpt lat="46.0755952" lon="11.1072167" />
      <trkpt lat="46.0755151" lon="11.1073143" />
      <trkpt lat="46.0754418" lon="11.1074264" />
      <trkpt lat="46.0754098" lon="11.1074843" />
      <trkpt lat="46.0753567" lon="11.1075771" />
      <trkpt lat="46.0752667" lon="11.1077605" />
      <trkpt lat="46.0752422" lon="11.1078244" />
      <trkpt lat="46.0754014" lon="11.1078394" />
      <trkpt lat="46.0754044" lon="11.1078281" />
      <trkpt lat="46.0754097" lon="11.1078188" />
      <trkpt lat="46.0754168" lon="11.1078124" />
      <trkpt lat="46.0754250" lon="11.1078097" />
      <trkpt lat="46.0754314" lon="11.1077233" />
      <trkpt lat="46.0754430" lon="11.1075057" />
      <trkpt lat="46.0754462" lon="11.1074839" />
      <trkpt lat="46.0754550" lon="11.1074672" />
      <trkpt lat="46.0755055" lon="11.1073790" />
      <trkpt lat="46.0755150" lon="11.1073693" />
      <trkpt lat="46.0755290" lon="11.1073649" />
      <trkpt lat="46.0758248" lon="11.1074021" />
      <trkpt lat="46.0758202" lon="11.1075429" />
      <trkpt lat="46.0758714" lon="11.1076368" />
      <trkpt lat="46.0758804" lon="11.1076898" />
      <trkpt lat="46.0758879" lon="11.1077454" />
      <trkpt lat="46.0758818" lon="11.1079091" />
      <trkpt lat="46.0758645" lon="11.1079069" />
      <trkpt lat="46.0758818" lon="11.1079091" />
      <trkpt lat="46.0758879" lon="11.1077454" />
      <trkpt lat="46.0758804" lon="11.1076898" />
      <trkpt lat="46.0758714" lon="11.1076368" />
      <trkpt lat="46.0758202" lon="11.1075429" />
      <trkpt lat="46.0758248" lon="11.1074021" />
      <trkpt lat="46.0755290" lon="11.1073649" />
      <trkpt lat="46.0755150" lon="11.1073693" />
      <trkpt lat="46.0755055" lon="11.1073790" />
      <trkpt lat="46.0754550" lon="11.1074672" />
      <trkpt lat="46.0754462" lon="11.1074839" />
      <trkpt lat="46.0754430" lon="11.1075057" />
      <trkpt lat="46.0754314" lon="11.1077233" />
      <trkpt lat="46.0754250" lon="11.1078097" />
      <trkpt lat="46.0754168" lon="11.1078124" />
      <trkpt lat="46.0754097" lon="11.1078188" />
      <trkpt lat="46.0754044" lon="11.1078281" />
      <trkpt lat="46.0754014" lon="11.1078394" />
      <trkpt lat="46.0754010" lon="11.1078515" />
      <trkpt lat="46.0754034" lon="11.1078631" />
      <trkpt lat="46.0754083" lon="11.1078729" />
      <trkpt lat="46.0754151" lon="11.1078801" />
      <trkpt lat="46.0754233" lon="11.1078837" />
      <trkpt lat="46.0754044" lon="11.1081966" />
      <trkpt lat="46.0754002" lon="11.1082665" />
      <trkpt lat="46.0755915" lon="11.1082840" />
      <trkpt lat="46.0755919" lon="11.1083175" />
      <trkpt lat="46.0755923" lon="11.1084073" />
      <trkpt lat="46.0755924" lon="11.1084454" />
      <trkpt lat="46.0755488" lon="11.1084435" />
      <trkpt lat="46.0755472" lon="11.1086090" />
      <trkpt lat="46.0755435" lon="11.1088402" />
      <trkpt lat="46.0755409" lon="11.1090352" />
      <trkpt lat="46.0755460" lon="11.1092295" />
      <trkpt lat="46.0755512" lon="11.1094277" />
      <trkpt lat="46.0755565" lon="11.1096322" />
      <trkpt lat="46.0755613" lon="11.1098166" />
      <trkpt lat="46.0755645" lon="11.1099396" />
      <trkpt lat="46.0755809" lon="11.1100225" />
      <trkpt lat="46.0760483" lon="11.1099914" />
      <trkpt lat="46.0760513" lon="11.1101583" />
      <trkpt lat="46.0760629" lon="11.1101924" />
      <trkpt lat="46.0756894" lon="11.1102086" />
      <trkpt lat="46.0755809" lon="11.1100225" />
      <trkpt lat="46.0755301" lon="11.1099736" />
      <trkpt lat="46.0754679" lon="11.1099138" />
      <trkpt lat="46.0754597" lon="11.1095794" />
      <trkpt lat="46.0752654" lon="11.1095975" />
      <trkpt lat="46.0751466" lon="11.1096704" />
      <trkpt lat="46.0750678" lon="11.1097455" />
      <trkpt lat="46.0750351" lon="11.1097998" />
      <trkpt lat="46.0750098" lon="11.1098648" />
      <trkpt lat="46.0749977" lon="11.1099065" />
      <trkpt lat="46.0749874" lon="11.1099670" />
      <trkpt lat="46.0749725" lon="11.1101647" />
      <trkpt lat="46.0749675" lon="11.1102344" />
      <trkpt lat="46.0749568" lon="11.1102786" />
      <trkpt lat="46.0749208" lon="11.1103402" />
      <trkpt lat="46.0749184" lon="11.1106646" />
      <trkpt lat="46.0749211" lon="11.1107384" />
      <trkpt lat="46.0749286" lon="11.1109429" />
      <trkpt lat="46.0749321" lon="11.1109999" />
      <trkpt lat="46.0748882" lon="11.1109999" />
      <trkpt lat="46.0748845" lon="11.1111467" />
      <trkpt lat="46.0748761" lon="11.1112634" />
      <trkpt lat="46.0748668" lon="11.1113680" />
      <trkpt lat="46.0748547" lon="11.1114618" />
      <trkpt lat="46.0748380" lon="11.1115584" />
      <trkpt lat="46.0748250" lon="11.1116233" />
      <trkpt lat="46.0748708" lon="11.1116491" />
      <trkpt lat="46.0748261" lon="11.1117896" />
      <trkpt lat="46.0747878" lon="11.1119541" />
      <trkpt lat="46.0747584" lon="11.1121259" />
      <trkpt lat="46.0747447" lon="11.1122221" />
      <trkpt lat="46.0746839" lon="11.1126392" />
      <trkpt lat="46.0746306" lon="11.1130853" />
      <trkpt lat="46.0745956" lon="11.1132796" />
      <trkpt lat="46.0745492" lon="11.1134686" />
      <trkpt lat="46.0745407" lon="11.1135033" />
      <trkpt lat="46.0745179" lon="11.1135539" />
      <trkpt lat="46.0744087" lon="11.1138053" />
      <trkpt lat="46.0744508" lon="11.1138037" />
      <trkpt lat="46.0744685" lon="11.1137621" />
      <trkpt lat="46.0745276" lon="11.1136196" />
      <trkpt lat="46.0745464" lon="11.1135782" />
      <trkpt lat="46.0745546" lon="11.1135568" />
      <trkpt lat="46.0745604" lon="11.1135425" />
      <trkpt lat="46.0746377" lon="11.1136010" />
      <trkpt lat="46.0746900" lon="11.1134188" />
      <trkpt lat="46.0747448" lon="11.1134152" />
      <trkpt lat="46.0755319" lon="11.1133748" />
      <trkpt lat="46.0755326" lon="11.1134872" />
      <trkpt lat="46.0755351" lon="11.1137043" />
      <trkpt lat="46.0755375" lon="11.1139063" />
      <trkpt lat="46.0755205" lon="11.1139071" />
      <trkpt lat="46.0755079" lon="11.1138945" />
      <trkpt lat="46.0755109" lon="11.1139982" />
      <trkpt lat="46.0753061" lon="11.1140077" />
      <trkpt lat="46.0750843" lon="11.1140188" />
      <trkpt lat="46.0750691" lon="11.1140196" />
      <trkpt lat="46.0749506" lon="11.1140265" />
      <trkpt lat="46.0749513" lon="11.1140793" />
      <trkpt lat="46.0749555" lon="11.1144906" />
      <trkpt lat="46.0749529" lon="11.1145460" />
      <trkpt lat="46.0749470" lon="11.1145809" />
      <trkpt lat="46.0748446" lon="11.1149774" />
      <trkpt lat="46.0748371" lon="11.1150060" />
      <trkpt lat="46.0747726" lon="11.1150196" />
      <trkpt lat="46.0747890" lon="11.1150569" />
      <trkpt lat="46.0748202" lon="11.1151339" />
      <trkpt lat="46.0748359" lon="11.1151781" />
      <trkpt lat="46.0748493" lon="11.1152270" />
      <trkpt lat="46.0748596" lon="11.1153066" />
      <trkpt lat="46.0748672" lon="11.1154038" />
      <trkpt lat="46.0748710" lon="11.1154585" />
      <trkpt lat="46.0748248" lon="11.1154628" />
      <trkpt lat="46.0744829" lon="11.1154987" />
      <trkpt lat="46.0741664" lon="11.1155311" />
      <trkpt lat="46.0741344" lon="11.1155336" />
      <trkpt lat="46.0741032" lon="11.1155349" />
      <trkpt lat="46.0741006" lon="11.1153506" />
      <trkpt lat="46.0741032" lon="11.1155349" />
      <trkpt lat="46.0740963" lon="11.1155352" />
      <trkpt lat="46.0738937" lon="11.1155379" />
      <trkpt lat="46.0738651" lon="11.1155461" />
      <trkpt lat="46.0738530" lon="11.1155526" />
      <trkpt lat="46.0738187" lon="11.1155537" />
      <trkpt lat="46.0737609" lon="11.1155556" />
      <trkpt lat="46.0736975" lon="11.1155526" />
      <trkpt lat="46.0736378" lon="11.1155501" />
      <trkpt lat="46.0735619" lon="11.1155469" />
      <trkpt lat="46.0735605" lon="11.1156021" />
      <trkpt lat="46.0733631" lon="11.1155992" />
      <trkpt lat="46.0731110" lon="11.1155687" />
      <trkpt lat="46.0729522" lon="11.1155442" />
      <trkpt lat="46.0727924" lon="11.1155111" />
      <trkpt lat="46.0725180" lon="11.1154430" />
      <trkpt lat="46.0720916" lon="11.1153124" />
      <trkpt lat="46.0720789" lon="11.1153994" />
      <trkpt lat="46.0718589" lon="11.1153122" />
      <trkpt lat="46.0716701" lon="11.1152371" />
      <trkpt lat="46.0715462" lon="11.1151968" />
      <trkpt lat="46.0714778" lon="11.1151767" />
      <trkpt lat="46.0714751" lon="11.1151881" />
      <trkpt lat="46.0714713" lon="11.1152069" />
      <trkpt lat="46.0712489" lon="11.1150973" />
      <trkpt lat="46.0711800" lon="11.1150634" />
      <trkpt lat="46.0711622" lon="11.1150542" />
      <trkpt lat="46.0709446" lon="11.1149414" />
      <trkpt lat="46.0708185" lon="11.1148581" />
      <trkpt lat="46.0707959" lon="11.1148434" />
      <trkpt lat="46.0708009" lon="11.1148281" />
      <trkpt lat="46.0708045" lon="11.1148160" />
      <trkpt lat="46.0707833" lon="11.1147994" />
      <trkpt lat="46.0705116" lon="11.1145755" />
      <trkpt lat="46.0704564" lon="11.1145311" />
      <trkpt lat="46.0703770" lon="11.1144800" />
      <trkpt lat="46.0703535" lon="11.1144784" />
      <trkpt lat="46.0703420" lon="11.1144768" />
      <trkpt lat="46.0703300" lon="11.1144739" />
      <trkpt lat="46.0702894" lon="11.1144548" />
      <trkpt lat="46.0702508" lon="11.1144356" />
      <trkpt lat="46.0702467" lon="11.1144529" />
      <trkpt lat="46.0699151" lon="11.1156990" />
      <trkpt lat="46.0698998" lon="11.1157127" />
      <trkpt lat="46.0698507" lon="11.1157710" />
      <trkpt lat="46.0697948" lon="11.1158159" />
      <trkpt lat="46.0697290" lon="11.1158495" />
      <trkpt lat="46.0696957" lon="11.1158516" />
      <trkpt lat="46.0696409" lon="11.1158489" />
      <trkpt lat="46.0696120" lon="11.1158421" />
      <trkpt lat="46.0695555" lon="11.1157924" />
      <trkpt lat="46.0694630" lon="11.1156868" />
      <trkpt lat="46.0694235" lon="11.1157469" />
      <trkpt lat="46.0693849" lon="11.1158089" />
      <trkpt lat="46.0694825" lon="11.1159653" />
      <trkpt lat="46.0695837" lon="11.1160774" />
      <trkpt lat="46.0696531" lon="11.1161456" />
      <trkpt lat="46.0698035" lon="11.1162762" />
      <trkpt lat="46.0699295" lon="11.1163939" />
      <trkpt lat="46.0699495" lon="11.1164167" />
      <trkpt lat="46.0699884" lon="11.1163713" />
      <trkpt lat="46.0700203" lon="11.1163341" />
      <trkpt lat="46.0700091" lon="11.1162886" />
      <trkpt lat="46.0700003" lon="11.1162009" />
      <trkpt lat="46.0700032" lon="11.1161537" />
      <trkpt lat="46.0700146" lon="11.1161265" />
      <trkpt lat="46.0700459" lon="11.1161000" />
      <trkpt lat="46.0700453" lon="11.1160451" />
      <trkpt lat="46.0701295" lon="11.1160285" />
      <trkpt lat="46.0701932" lon="11.1160178" />
      <trkpt lat="46.0704682" lon="11.1161518" />
      <trkpt lat="46.0711357" lon="11.1164538" />
      <trkpt lat="46.0711659" lon="11.1165062" />
      <trkpt lat="46.0711889" lon="11.1165971" />
      <trkpt lat="46.0712047" lon="11.1166541" />
      <trkpt lat="46.0712609" lon="11.1168561" />
      <trkpt lat="46.0713046" lon="11.1170127" />
      <trkpt lat="46.0713418" lon="11.1171366" />
      <trkpt lat="46.0713616" lon="11.1171855" />
      <trkpt lat="46.0713804" lon="11.1172189" />
      <trkpt lat="46.0713984" lon="11.1172344" />
      <trkpt lat="46.0713754" lon="11.1173445" />
      <trkpt lat="46.0714676" lon="11.1173874" />
      <trkpt lat="46.0717695" lon="11.1175280" />
      <trkpt lat="46.0720787" lon="11.1176720" />
      <trkpt lat="46.0724077" lon="11.1178252" />
      <trkpt lat="46.0726696" lon="11.1179464" />
      <trkpt lat="46.0726937" lon="11.1178436" />
      <trkpt lat="46.0727154" lon="11.1177517" />
      <trkpt lat="46.0726937" lon="11.1178436" />
      <trkpt lat="46.0726696" lon="11.1179464" />
      <trkpt lat="46.0724077" lon="11.1178252" />
      <trkpt lat="46.0720787" lon="11.1176720" />
      <trkpt lat="46.0717695" lon="11.1175280" />
      <trkpt lat="46.0714676" lon="11.1173874" />
      <trkpt lat="46.0713754" lon="11.1173445" />
      <trkpt lat="46.0711623" lon="11.1172452" />
      <trkpt lat="46.0710461" lon="11.1171924" />
      <trkpt lat="46.0710414" lon="11.1171481" />
      <trkpt lat="46.0709924" lon="11.1171707" />
      <trkpt lat="46.0707303" lon="11.1170747" />
      <trkpt lat="46.0705294" lon="11.1172114" />
      <trkpt lat="46.0704377" lon="11.1171721" />
      <trkpt lat="46.0704056" lon="11.1171552" />
      <trkpt lat="46.0704216" lon="11.1170936" />
      <trkpt lat="46.0703845" lon="11.1170776" />
      <trkpt lat="46.0703597" lon="11.1171696" />
      <trkpt lat="46.0703117" lon="11.1172218" />
      <trkpt lat="46.0703069" lon="11.1172369" />
      <trkpt lat="46.0702660" lon="11.1173628" />
      <trkpt lat="46.0701678" lon="11.1176586" />
      <trkpt lat="46.0701430" lon="11.1177348" />
      <trkpt lat="46.0701345" lon="11.1177694" />
      <trkpt lat="46.0701270" lon="11.1178031" />
      <trkpt lat="46.0701217" lon="11.1178469" />
      <trkpt lat="46.0701209" lon="11.1178944" />
      <trkpt lat="46.0701293" lon="11.1179819" />
      <trkpt lat="46.0705455" lon="11.1194189" />
      <trkpt lat="46.0705636" lon="11.1194654" />
      <trkpt lat="46.0705902" lon="11.1194906" />
      <trkpt lat="46.0706944" lon="11.1194953" />
      <trkpt lat="46.0708451" lon="11.1194613" />
      <trkpt lat="46.0709223" lon="11.1194321" />
      <trkpt lat="46.0709730" lon="11.1194211" />
      <trkpt lat="46.0710251" lon="11.1194572" />
      <trkpt lat="46.0709730" lon="11.1194211" />
      <trkpt lat="46.0709223" lon="11.1194321" />
      <trkpt lat="46.0708451" lon="11.1194613" />
      <trkpt lat="46.0706944" lon="11.1194953" />
      <trkpt lat="46.0705902" lon="11.1194906" />
      <trkpt lat="46.0705619" lon="11.1195372" />
      <trkpt lat="46.0705336" lon="11.1195841" />
      <trkpt lat="46.0704864" lon="11.1195912" />
      <trkpt lat="46.0704607" lon="11.1195907" />
      <trkpt lat="46.0704113" lon="11.1195552" />
      <trkpt lat="46.0703355" lon="11.1195009" />
      <trkpt lat="46.0702985" lon="11.1195474" />
      <trkpt lat="46.0702469" lon="11.1195768" />
      <trkpt lat="46.0701692" lon="11.1195634" />
      <trkpt lat="46.0701361" lon="11.1195172" />
      <trkpt lat="46.0700688" lon="11.1195498" />
      <trkpt lat="46.0700153" lon="11.1195757" />
      <trkpt lat="46.0700070" lon="11.1194923" />
      <trkpt lat="46.0699785" lon="11.1192586" />
      <trkpt lat="46.0699641" lon="11.1192603" />
      <trkpt lat="46.0699563" lon="11.1192603" />
      <trkpt lat="46.0696078" lon="11.1192604" />
      <trkpt lat="46.0696024" lon="11.1192604" />
      <trkpt lat="46.0695759" lon="11.1192602" />
      <trkpt lat="46.0695663" lon="11.1193364" />
      <trkpt lat="46.0694080" lon="11.1192639" />
      <trkpt lat="46.0693220" lon="11.1191997" />
      <trkpt lat="46.0691390" lon="11.1191580" />
      <trkpt lat="46.0690134" lon="11.1191326" />
      <trkpt lat="46.0689657" lon="11.1191278" />
      <trkpt lat="46.0688371" lon="11.1191393" />
      <trkpt lat="46.0687869" lon="11.1191504" />
      <trkpt lat="46.0687383" lon="11.1191654" />
      <trkpt lat="46.0687066" lon="11.1191764" />
      <trkpt lat="46.0684842" lon="11.1192388" />
      <trkpt lat="46.0684705" lon="11.1194031" />
      <trkpt lat="46.0684727" lon="11.1194502" />
      <trkpt lat="46.0684775" lon="11.1195346" />
      <trkpt lat="46.0685216" lon="11.1199091" />
      <trkpt lat="46.0685273" lon="11.1200042" />
      <trkpt lat="46.0685313" lon="11.1200706" />
      <trkpt lat="46.0686910" lon="11.1200385" />
      <trkpt lat="46.0686922" lon="11.1200685" />
      <trkpt lat="46.0686941" lon="11.1200894" />
      <trkpt lat="46.0686963" lon="11.1201124" />
      <trkpt lat="46.0687020" lon="11.1201725" />
      <trkpt lat="46.0687388" lon="11.1203760" />
      <trkpt lat="46.0687499" lon="11.1204587" />
      <trkpt lat="46.0688365" lon="11.1211527" />
      <trkpt lat="46.0688387" lon="11.1211858" />
      <trkpt lat="46.0689347" lon="11.1211696" />
      <trkpt lat="46.0689312" lon="11.1211356" />
      <trkpt lat="46.0688995" lon="11.1208272" />
      <trkpt lat="46.0689312" lon="11.1211356" />
      <trkpt lat="46.0689347" lon="11.1211696" />
      <trkpt lat="46.0688387" lon="11.1211858" />
      <trkpt lat="46.0688365" lon="11.1211527" />
      <trkpt lat="46.0687499" lon="11.1204587" />
      <trkpt lat="46.0687388" lon="11.1203760" />
      <trkpt lat="46.0687020" lon="11.1201725" />
      <trkpt lat="46.0686963" lon="11.1201124" />
      <trkpt lat="46.0686941" lon="11.1200894" />
      <trkpt lat="46.0686922" lon="11.1200685" />
      <trkpt lat="46.0686910" lon="11.1200385" />
      <trkpt lat="46.0685313" lon="11.1200706" />
      <trkpt lat="46.0685273" lon="11.1200042" />
      <trkpt lat="46.0684776" lon="11.1200039" />
      <trkpt lat="46.0684504" lon="11.1200865" />
      <trkpt lat="46.0683846" lon="11.1201435" />
      <trkpt lat="46.0682945" lon="11.1202664" />
      <trkpt lat="46.0681669" lon="11.1204445" />
      <trkpt lat="46.0681018" lon="11.1205393" />
      <trkpt lat="46.0679032" lon="11.1207116" />
      <trkpt lat="46.0678457" lon="11.1207672" />
      <trkpt lat="46.0678148" lon="11.1207864" />
      <trkpt lat="46.0677393" lon="11.1208327" />
      <trkpt lat="46.0676386" lon="11.1208917" />
      <trkpt lat="46.0675759" lon="11.1209222" />
      <trkpt lat="46.0674358" lon="11.1209903" />
      <trkpt lat="46.0673165" lon="11.1210193" />
      <trkpt lat="46.0670745" lon="11.1210291" />
      <trkpt lat="46.0670730" lon="11.1209842" />
      <trkpt lat="46.0670637" lon="11.1207156" />
      <trkpt lat="46.0670289" lon="11.1205458" />
      <trkpt lat="46.0668249" lon="11.1206182" />
      <trkpt lat="46.0668711" lon="11.1210492" />
    </trkseg>
  </trk>
</gpx>
