<?xml version="1.0" encoding="UTF-8"?>
<gpx xmlns="http://www.topografix.com/GPX/1/1" version="1.1" creator="ShapeRoute route-engine">
  <metadata>
    <name>heart 15 km · 2026-09-22</name>
    <author>
      <name>ShapeRoute route-engine</name>
    </author>
    <time>2026-09-22T21:32:24Z</time>
  </metadata>
  <trk>
    <name>heart 15 km · 2026-09-22</name>
    <trkseg>
      <trkpt lat="46.0668711" lon="11.1210492" />
      <trkpt lat="46.0667705" lon="11.1210629" />
      <trkpt lat="46.0667526" lon="11.1210542" />
      <trkpt lat="46.0667024" lon="11.1213629" />
      <trkpt lat="46.0666701" lon="11.1215352" />
      <trkpt lat="46.0666789" lon="11.1217092" />
      <trkpt lat="46.0667274" lon="11.1218448" />
      <trkpt lat="46.0667304" lon="11.1218751" />
      <trkpt lat="46.0667210" lon="11.1219626" />
      <trkpt lat="46.0667229" lon="11.1219913" />
      <trkpt lat="46.0667249" lon="11.1220591" />
      <trkpt lat="46.0667287" lon="11.1221612" />
      <trkpt lat="46.0667350" lon="11.1222603" />
      <trkpt lat="46.0667357" lon="11.1222747" />
      <trkpt lat="46.0667414" lon="11.1223091" />
      <trkpt lat="46.0667532" lon="11.1223909" />
      <trkpt lat="46.0667715" lon="11.1225101" />
      <trkpt lat="46.0667729" lon="11.1225194" />
      <trkpt lat="46.0667810" lon="11.1225726" />
      <trkpt lat="46.0668548" lon="11.1230552" />
      <trkpt lat="46.0668872" lon="11.1232848" />
      <trkpt lat="46.0668905" lon="11.1233334" />
      <trkpt lat="46.0668986" lon="11.1233290" />
      <trkpt lat="46.0669188" lon="11.1233181" />
      <trkpt lat="46.0669670" lon="11.1232923" />
      <trkpt lat="46.0672635" lon="11.1232024" />
      <trkpt lat="46.0672653" lon="11.1232368" />
      <trkpt lat="46.0672686" lon="11.1232351" />
      <trkpt lat="46.0672810" lon="11.1232291" />
      <trkpt lat="46.0672821" lon="11.1232581" />
      <trkpt lat="46.0672873" lon="11.1232576" />
      <trkpt lat="46.0673011" lon="11.1232564" />
      <trkpt lat="46.0673146" lon="11.1232553" />
      <trkpt lat="46.0673183" lon="11.1232550" />
      <trkpt lat="46.0673371" lon="11.1232534" />
      <trkpt lat="46.0674008" lon="11.1232483" />
      <trkpt lat="46.0674156" lon="11.1232472" />
      <trkpt lat="46.0676659" lon="11.1232331" />
      <trkpt lat="46.0677631" lon="11.1232283" />
      <trkpt lat="46.0678077" lon="11.1232267" />
      <trkpt lat="46.0678142" lon="11.1235709" />
      <trkpt lat="46.0680250" lon="11.1235503" />
      <trkpt lat="46.0682343" lon="11.1235128" />
      <trkpt lat="46.0682565" lon="11.1234891" />
      <trkpt lat="46.0682805" lon="11.1238337" />
      <trkpt lat="46.0682827" lon="11.1238602" />
      <trkpt lat="46.0682835" lon="11.1238873" />
      <trkpt lat="46.0683250" lon="11.1239053" />
      <trkpt lat="46.0683541" lon="11.1239478" />
      <trkpt lat="46.0683766" lon="11.1242292" />
      <trkpt lat="46.0683684" lon="11.1245203" />
      <trkpt lat="46.0683518" lon="11.1247826" />
      <trkpt lat="46.0683737" lon="11.1247791" />
      <trkpt lat="46.0683932" lon="11.1251886" />
      <trkpt lat="46.0684031" lon="11.1252346" />
      <trkpt lat="46.0684436" lon="11.1253302" />
      <trkpt lat="46.0685799" lon="11.1255744" />
      <trkpt lat="46.0686781" lon="11.1256876" />
      <trkpt lat="46.0687726" lon="11.1258097" />
      <trkpt lat="46.0688536" lon="11.1258788" />
      <trkpt lat="46.0689365" lon="11.1258826" />
      <trkpt lat="46.0689309" lon="11.1259038" />
      <trkpt lat="46.0689600" lon="11.1258922" />
      <trkpt lat="46.0690129" lon="11.1258657" />
      <trkpt lat="46.0690323" lon="11.1258559" />
      <trkpt lat="46.0691752" lon="11.1258084" />
      <trkpt lat="46.0693468" lon="11.1257235" />
      <trkpt lat="46.0694703" lon="11.1256455" />
      <trkpt lat="46.0695166" lon="11.1256194" />
      <trkpt lat="46.0696736" lon="11.1255595" />
      <trkpt lat="46.0696998" lon="11.1255439" />
      <trkpt lat="46.0699822" lon="11.1254971" />
      <trkpt lat="46.0701757" lon="11.1254398" />
      <trkpt lat="46.0701951" lon="11.1255251" />
      <trkpt lat="46.0703104" lon="11.1258937" />
      <trkpt lat="46.0703744" lon="11.1261142" />
      <trkpt lat="46.0704496" lon="11.1264614" />
      <trkpt lat="46.0704611" lon="11.1265307" />
      <trkpt lat="46.0704804" lon="11.1266564" />
      <trkpt lat="46.0705083" lon="11.1266443" />
      <trkpt lat="46.0705378" lon="11.1266280" />
      <trkpt lat="46.0705687" lon="11.1266685" />
      <trkpt lat="46.0709427" lon="11.1265551" />
      <trkpt lat="46.0709703" lon="11.1265422" />
      <trkpt lat="46.0714867" lon="11.1261603" />
      <trkpt lat="46.0714910" lon="11.1261744" />
      <trkpt lat="46.0715046" lon="11.1262192" />
      <trkpt lat="46.0715185" lon="11.1262647" />
      <trkpt lat="46.0715224" lon="11.1262776" />
      <trkpt lat="46.0715381" lon="11.1263281" />
      <trkpt lat="46.0718397" lon="11.1261925" />
      <trkpt lat="46.0718195" lon="11.1261313" />
      <trkpt lat="46.0718057" lon="11.1260913" />
      <trkpt lat="46.0719279" lon="11.1259983" />
      <trkpt lat="46.0719595" lon="11.1259970" />
      <trkpt lat="46.0720236" lon="11.1260184" />
      <trkpt lat="46.0720402" lon="11.1259968" />
      <trkpt lat="46.0720594" lon="11.1259585" />
      <trkpt lat="46.0720743" lon="11.1259287" />
      <trkpt lat="46.0720801" lon="11.1259174" />
      <trkpt lat="46.0720949" lon="11.1258874" />
      <trkpt lat="46.0721792" lon="11.1254450" />
      <trkpt lat="46.0721976" lon="11.1253427" />
      <trkpt lat="46.0722208" lon="11.1252132" />
      <trkpt lat="46.0723085" lon="11.1252311" />
      <trkpt lat="46.0727195" lon="11.1253147" />
      <trkpt lat="46.0730716" lon="11.1253856" />
      <trkpt lat="46.0731112" lon="11.1253935" />
      <trkpt lat="46.0731101" lon="11.1254840" />
      <trkpt lat="46.0731515" lon="11.1254814" />
      <trkpt lat="46.0731516" lon="11.1254532" />
      <trkpt lat="46.0731565" lon="11.1254463" />
      <trkpt lat="46.0731690" lon="11.1254454" />
      <trkpt lat="46.0734031" lon="11.1254700" />
      <trkpt lat="46.0736762" lon="11.1254607" />
      <trkpt lat="46.0737043" lon="11.1254537" />
      <trkpt lat="46.0738438" lon="11.1254301" />
      <trkpt lat="46.0738766" lon="11.1254193" />
      <trkpt lat="46.0742936" lon="11.1252822" />
      <trkpt lat="46.0744911" lon="11.1252180" />
      <trkpt lat="46.0744955" lon="11.1252706" />
      <trkpt lat="46.0744974" lon="11.1253131" />
      <trkpt lat="46.0744973" lon="11.1253342" />
      <trkpt lat="46.0744654" lon="11.1253720" />
      <trkpt lat="46.0739627" lon="11.1258798" />
      <trkpt lat="46.0738574" lon="11.1259851" />
      <trkpt lat="46.0737670" lon="11.1260733" />
      <trkpt lat="46.0736399" lon="11.1262152" />
      <trkpt lat="46.0736617" lon="11.1264186" />
      <trkpt lat="46.0737090" lon="11.1270530" />
      <trkpt lat="46.0737023" lon="11.1270824" />
      <trkpt lat="46.0736737" lon="11.1271080" />
      <trkpt lat="46.0735896" lon="11.1271588" />
      <trkpt lat="46.0735302" lon="11.1271951" />
      <trkpt lat="46.0734663" lon="11.1272419" />
      <trkpt lat="46.0734660" lon="11.1274177" />
      <trkpt lat="46.0734711" lon="11.1276069" />
      <trkpt lat="46.0734537" lon="11.1276617" />
      <trkpt lat="46.0733483" lon="11.1278310" />
      <trkpt lat="46.0732983" lon="11.1279491" />
      <trkpt lat="46.0733316" lon="11.1279510" />
      <trkpt lat="46.0733801" lon="11.1279390" />
      <trkpt lat="46.0735035" lon="11.1278998" />
      <trkpt lat="46.0735237" lon="11.1278934" />
      <trkpt lat="46.0735347" lon="11.1278881" />
      <trkpt lat="46.0735910" lon="11.1278598" />
      <trkpt lat="46.0736055" lon="11.1278536" />
      <trkpt lat="46.0736330" lon="11.1278374" />
      <trkpt lat="46.0736518" lon="11.1278337" />
      <trkpt lat="46.0737268" lon="11.1278281" />
      <trkpt lat="46.0738871" lon="11.1278374" />
      <trkpt lat="46.0738985" lon="11.1279014" />
      <trkpt lat="46.0739021" lon="11.1279049" />
      <trkpt lat="46.0740563" lon="11.1280547" />
      <trkpt lat="46.0740792" lon="11.1280566" />
      <trkpt lat="46.0741217" lon="11.1280537" />
      <trkpt lat="46.0741340" lon="11.1280529" />
      <trkpt lat="46.0742255" lon="11.1280386" />
      <trkpt lat="46.0741631" lon="11.1282502" />
      <trkpt lat="46.0741717" lon="11.1282818" />
      <trkpt lat="46.0741515" lon="11.1283292" />
      <trkpt lat="46.0741667" lon="11.1283468" />
      <trkpt lat="46.0741912" lon="11.1283750" />
      <trkpt lat="46.0742467" lon="11.1282269" />
      <trkpt lat="46.0743188" lon="11.1280689" />
      <trkpt lat="46.0744212" lon="11.1279428" />
      <trkpt lat="46.0745531" lon="11.1278791" />
      <trkpt lat="46.0746745" lon="11.1278750" />
      <trkpt lat="46.0748351" lon="11.1279289" />
      <trkpt lat="46.0751899" lon="11.1280282" />
      <trkpt lat="46.0752276" lon="11.1280388" />
      <trkpt lat="46.0756233" lon="11.1281540" />
      <trkpt lat="46.0757365" lon="11.1281867" />
      <trkpt lat="46.0757716" lon="11.1281967" />
      <trkpt lat="46.0758499" lon="11.1282191" />
      <trkpt lat="46.0759290" lon="11.1282301" />
      <trkpt lat="46.0759087" lon="11.1284264" />
      <trkpt lat="46.0759068" lon="11.1285458" />
      <trkpt lat="46.0758860" lon="11.1286618" />
      <trkpt lat="46.0758202" lon="11.1289142" />
      <trkpt lat="46.0757893" lon="11.1291059" />
      <trkpt lat="46.0757939" lon="11.1293083" />
      <trkpt lat="46.0758122" lon="11.1294045" />
      <trkpt lat="46.0758601" lon="11.1295688" />
      <trkpt lat="46.0759415" lon="11.1297726" />
      <trkpt lat="46.0760013" lon="11.1299493" />
      <trkpt lat="46.0760478" lon="11.1300123" />
      <trkpt lat="46.0761724" lon="11.1300875" />
      <trkpt lat="46.0764975" lon="11.1302832" />
      <trkpt lat="46.0766298" lon="11.1303343" />
      <trkpt lat="46.0767621" lon="11.1303772" />
      <trkpt lat="46.0770168" lon="11.1304446" />
      <trkpt lat="46.0771354" lon="11.1304578" />
      <trkpt lat="46.0772788" lon="11.1304450" />
      <trkpt lat="46.0773083" lon="11.1304503" />
      <trkpt lat="46.0773671" lon="11.1304666" />
      <trkpt lat="46.0774699" lon="11.1305183" />
      <trkpt lat="46.0775462" lon="11.1305548" />
      <trkpt lat="46.0776351" lon="11.1305890" />
      <trkpt lat="46.0776813" lon="11.1306004" />
      <trkpt lat="46.0779757" lon="11.1306368" />
      <trkpt lat="46.0780404" lon="11.1306618" />
      <trkpt lat="46.0781185" lon="11.1307095" />
      <trkpt lat="46.0782004" lon="11.1307831" />
      <trkpt lat="46.0782903" lon="11.1308929" />
      <trkpt lat="46.0783495" lon="11.1309923" />
      <trkpt lat="46.0783826" lon="11.1310924" />
      <trkpt lat="46.0783974" lon="11.1311663" />
      <trkpt lat="46.0783974" lon="11.1312138" />
      <trkpt lat="46.0783917" lon="11.1312810" />
      <trkpt lat="46.0783660" lon="11.1313499" />
      <trkpt lat="46.0783263" lon="11.1314152" />
      <trkpt lat="46.0781656" lon="11.1316469" />
      <trkpt lat="46.0778386" lon="11.1320741" />
      <trkpt lat="46.0775294" lon="11.1324748" />
      <trkpt lat="46.0771637" lon="11.1328149" />
      <trkpt lat="46.0770186" lon="11.1329397" />
      <trkpt lat="46.0769450" lon="11.1330030" />
      <trkpt lat="46.0767809" lon="11.1332183" />
      <trkpt lat="46.0766631" lon="11.1334795" />
      <trkpt lat="46.0765783" lon="11.1336710" />
      <trkpt lat="46.0764380" lon="11.1339313" />
      <trkpt lat="46.0759718" lon="11.1348107" />
      <trkpt lat="46.0758328" lon="11.1350534" />
      <trkpt lat="46.0757217" lon="11.1352906" />
      <trkpt lat="46.0753457" lon="11.1361392" />
      <trkpt lat="46.0751791" lon="11.1364057" />
      <trkpt lat="46.0751588" lon="11.1365343" />
      <trkpt lat="46.0751011" lon="11.1365647" />
      <trkpt lat="46.0750804" lon="11.1366130" />
      <trkpt lat="46.0750752" lon="11.1366973" />
      <trkpt lat="46.0750581" lon="11.1366994" />
      <trkpt lat="46.0749711" lon="11.1367069" />
      <trkpt lat="46.0746562" lon="11.1366373" />
      <trkpt lat="46.0745655" lon="11.1366369" />
      <trkpt lat="46.0746488" lon="11.1367399" />
      <trkpt lat="46.0747498" lon="11.1368544" />
      <trkpt lat="46.0746959" lon="11.1368796" />
      <trkpt lat="46.0746536" lon="11.1368912" />
      <trkpt lat="46.0746177" lon="11.1369476" />
      <trkpt lat="46.0747747" lon="11.1370136" />
      <trkpt lat="46.0748243" lon="11.1369891" />
      <trkpt lat="46.0748541" lon="11.1369925" />
      <trkpt lat="46.0749364" lon="11.1370247" />
      <trkpt lat="46.0750123" lon="11.1370958" />
      <trkpt lat="46.0750820" lon="11.1372178" />
      <trkpt lat="46.0751118" lon="11.1373070" />
      <trkpt lat="46.0751281" lon="11.1374069" />
      <trkpt lat="46.0751551" lon="11.1378233" />
      <trkpt lat="46.0751657" lon="11.1378679" />
      <trkpt lat="46.0751774" lon="11.1379165" />
      <trkpt lat="46.0752044" lon="11.1380634" />
      <trkpt lat="46.0752430" lon="11.1381465" />
      <trkpt lat="46.0752844" lon="11.1382357" />
      <trkpt lat="46.0753174" lon="11.1383222" />
      <trkpt lat="46.0753337" lon="11.1383958" />
      <trkpt lat="46.0753472" lon="11.1384568" />
      <trkpt lat="46.0753672" lon="11.1386253" />
      <trkpt lat="46.0753816" lon="11.1387693" />
      <trkpt lat="46.0754044" lon="11.1390711" />
      <trkpt lat="46.0753801" lon="11.1390713" />
      <trkpt lat="46.0753391" lon="11.1390759" />
      <trkpt lat="46.0753392" lon="11.1391766" />
      <trkpt lat="46.0753082" lon="11.1392350" />
      <trkpt lat="46.0753317" lon="11.1392821" />
      <trkpt lat="46.0753465" lon="11.1393539" />
      <trkpt lat="46.0753677" lon="11.1397802" />
      <trkpt lat="46.0753855" lon="11.1399167" />
      <trkpt lat="46.0753890" lon="11.1399436" />
      <trkpt lat="46.0754019" lon="11.1400111" />
      <trkpt lat="46.0755048" lon="11.1403588" />
      <trkpt lat="46.0755135" lon="11.1403925" />
      <trkpt lat="46.0755260" lon="11.1404410" />
      <trkpt lat="46.0755818" lon="11.1406369" />
      <trkpt lat="46.0756279" lon="11.1408473" />
      <trkpt lat="46.0756442" lon="11.1409588" />
      <trkpt lat="46.0756584" lon="11.1411160" />
      <trkpt lat="46.0756500" lon="11.1411392" />
      <trkpt lat="46.0756358" lon="11.1411551" />
      <trkpt lat="46.0756191" lon="11.1411996" />
      <trkpt lat="46.0755997" lon="11.1412512" />
      <trkpt lat="46.0756471" lon="11.1413212" />
      <trkpt lat="46.0756562" lon="11.1413456" />
      <trkpt lat="46.0756521" lon="11.1415130" />
      <trkpt lat="46.0756506" lon="11.1415594" />
      <trkpt lat="46.0756475" lon="11.1415997" />
      <trkpt lat="46.0756440" lon="11.1416450" />
      <trkpt lat="46.0756328" lon="11.1417201" />
      <trkpt lat="46.0756046" lon="11.1422289" />
      <trkpt lat="46.0756022" lon="11.1422721" />
      <trkpt lat="46.0755980" lon="11.1423328" />
      <trkpt lat="46.0755791" lon="11.1427211" />
      <trkpt lat="46.0755580" lon="11.1429158" />
      <trkpt lat="46.0755493" lon="11.1429977" />
      <trkpt lat="46.0755284" lon="11.1430871" />
      <trkpt lat="46.0755124" lon="11.1431357" />
      <trkpt lat="46.0754686" lon="11.1432843" />
      <trkpt lat="46.0754593" lon="11.1433993" />
      <trkpt lat="46.0754616" lon="11.1435889" />
      <trkpt lat="46.0754514" lon="11.1436214" />
      <trkpt lat="46.0754817" lon="11.1436801" />
      <trkpt lat="46.0755076" lon="11.1437302" />
      <trkpt lat="46.0755462" lon="11.1436895" />
      <trkpt lat="46.0755710" lon="11.1436809" />
      <trkpt lat="46.0755906" lon="11.1436819" />
      <trkpt lat="46.0756018" lon="11.1436993" />
      <trkpt lat="46.0756237" lon="11.1437871" />
      <trkpt lat="46.0756479" lon="11.1438569" />
      <trkpt lat="46.0756703" lon="11.1438373" />
      <trkpt lat="46.0756966" lon="11.1438143" />
      <trkpt lat="46.0757417" lon="11.1439281" />
      <trkpt lat="46.0758515" lon="11.1441742" />
      <trkpt lat="46.0760192" lon="11.1445883" />
      <trkpt lat="46.0760538" lon="11.1447173" />
      <trkpt lat="46.0760741" lon="11.1448734" />
      <trkpt lat="46.0760741" lon="11.1450511" />
      <trkpt lat="46.0760717" lon="11.1452127" />
      <trkpt lat="46.0760260" lon="11.1455441" />
      <trkpt lat="46.0760086" lon="11.1455875" />
      <trkpt lat="46.0759781" lon="11.1458755" />
      <trkpt lat="46.0759781" lon="11.1459552" />
      <trkpt lat="46.0759502" lon="11.1459796" />
      <trkpt lat="46.0759250" lon="11.1459889" />
      <trkpt lat="46.0759194" lon="11.1462853" />
      <trkpt lat="46.0759165" lon="11.1466263" />
      <trkpt lat="46.0758593" lon="11.1465937" />
      <trkpt lat="46.0757431" lon="11.1465275" />
      <trkpt lat="46.0756208" lon="11.1464438" />
      <trkpt lat="46.0755085" lon="11.1463525" />
      <trkpt lat="46.0754784" lon="11.1463269" />
      <trkpt lat="46.0753913" lon="11.1462528" />
      <trkpt lat="46.0751825" lon="11.1459941" />
      <trkpt lat="46.0751273" lon="11.1459705" />
      <trkpt lat="46.0749748" lon="11.1459054" />
      <trkpt lat="46.0746811" lon="11.1458327" />
      <trkpt lat="46.0746487" lon="11.1458183" />
      <trkpt lat="46.0744438" lon="11.1457733" />
      <trkpt lat="46.0744115" lon="11.1457665" />
      <trkpt lat="46.0743394" lon="11.1459332" />
      <trkpt lat="46.0742112" lon="11.1462299" />
      <trkpt lat="46.0740266" lon="11.1468117" />
      <trkpt lat="46.0739112" lon="11.1469852" />
      <trkpt lat="46.0737449" lon="11.1470891" />
      <trkpt lat="46.0736122" lon="11.1471970" />
      <trkpt lat="46.0735472" lon="11.1472740" />
      <trkpt lat="46.0734074" lon="11.1474537" />
      <trkpt lat="46.0733438" lon="11.1475583" />
      <trkpt lat="46.0732805" lon="11.1477023" />
      <trkpt lat="46.0732164" lon="11.1478455" />
      <trkpt lat="46.0731986" lon="11.1479102" />
      <trkpt lat="46.0731692" lon="11.1480321" />
      <trkpt lat="46.0730830" lon="11.1483800" />
      <trkpt lat="46.0730693" lon="11.1484486" />
      <trkpt lat="46.0730226" lon="11.1486574" />
      <trkpt lat="46.0729981" lon="11.1487979" />
      <trkpt lat="46.0729800" lon="11.1489351" />
      <trkpt lat="46.0729670" lon="11.1490796" />
      <trkpt lat="46.0729688" lon="11.1491988" />
      <trkpt lat="46.0729745" lon="11.1495145" />
      <trkpt lat="46.0729939" lon="11.1497925" />
      <trkpt lat="46.0730427" lon="11.1499477" />
      <trkpt lat="46.0730926" lon="11.1500983" />
      <trkpt lat="46.0731917" lon="11.1502589" />
      <trkpt lat="46.0731947" lon="11.1502638" />
      <trkpt lat="46.0732057" lon="11.1502803" />
      <trkpt lat="46.0732329" lon="11.1503096" />
      <trkpt lat="46.0733050" lon="11.1503409" />
      <trkpt lat="46.0733836" lon="11.1503761" />
      <trkpt lat="46.0735869" lon="11.1504493" />
      <trkpt lat="46.0736142" lon="11.1504548" />
      <trkpt lat="46.0736544" lon="11.1504341" />
      <trkpt lat="46.0737739" lon="11.1503230" />
      <trkpt lat="46.0738120" lon="11.1502872" />
      <trkpt lat="46.0738382" lon="11.1502821" />
      <trkpt lat="46.0738706" lon="11.1502968" />
      <trkpt lat="46.0738862" lon="11.1503298" />
      <trkpt lat="46.0738097" lon="11.1504015" />
      <trkpt lat="46.0738137" lon="11.1504478" />
      <trkpt lat="46.0738172" lon="11.1504916" />
      <trkpt lat="46.0738242" lon="11.1505689" />
      <trkpt lat="46.0738340" lon="11.1507583" />
      <trkpt lat="46.0738384" lon="11.1509548" />
      <trkpt lat="46.0738561" lon="11.1512187" />
      <trkpt lat="46.0738513" lon="11.1512777" />
      <trkpt lat="46.0738370" lon="11.1513101" />
      <trkpt lat="46.0738265" lon="11.1513755" />
      <trkpt lat="46.0737908" lon="11.1514269" />
      <trkpt lat="46.0737470" lon="11.1514946" />
      <trkpt lat="46.0737075" lon="11.1515758" />
      <trkpt lat="46.0736738" lon="11.1516633" />
      <trkpt lat="46.0736417" lon="11.1517564" />
      <trkpt lat="46.0736296" lon="11.1517666" />
      <trkpt lat="46.0736034" lon="11.1517746" />
      <trkpt lat="46.0735772" lon="11.1518722" />
      <trkpt lat="46.0735545" lon="11.1519535" />
      <trkpt lat="46.0735422" lon="11.1520154" />
      <trkpt lat="46.0735617" lon="11.1520581" />
      <trkpt lat="46.0735681" lon="11.1520721" />
      <trkpt lat="46.0735671" lon="11.1521282" />
      <trkpt lat="46.0735702" lon="11.1523118" />
      <trkpt lat="46.0735655" lon="11.1523619" />
      <trkpt lat="46.0735518" lon="11.1524104" />
      <trkpt lat="46.0735318" lon="11.1524491" />
      <trkpt lat="46.0735081" lon="11.1524749" />
      <trkpt lat="46.0734781" lon="11.1524886" />
      <trkpt lat="46.0734450" lon="11.1524939" />
      <trkpt lat="46.0734092" lon="11.1524840" />
      <trkpt lat="46.0733808" lon="11.1524620" />
      <trkpt lat="46.0733534" lon="11.1524264" />
      <trkpt lat="46.0733371" lon="11.1523915" />
      <trkpt lat="46.0732560" lon="11.1520744" />
      <trkpt lat="46.0732376" lon="11.1520175" />
      <trkpt lat="46.0732155" lon="11.1519765" />
      <trkpt lat="46.0731534" lon="11.1518930" />
      <trkpt lat="46.0731203" lon="11.1518612" />
      <trkpt lat="46.0730908" lon="11.1518475" />
      <trkpt lat="46.0730582" lon="11.1518559" />
      <trkpt lat="46.0730350" lon="11.1518756" />
      <trkpt lat="46.0730192" lon="11.1519067" />
      <trkpt lat="46.0730139" lon="11.1519416" />
      <trkpt lat="46.0730213" lon="11.1519939" />
      <trkpt lat="46.0730350" lon="11.1520296" />
      <trkpt lat="46.0730703" lon="11.1520774" />
      <trkpt lat="46.0731687" lon="11.1521904" />
      <trkpt lat="46.0731945" lon="11.1522413" />
      <trkpt lat="46.0732113" lon="11.1523057" />
      <trkpt lat="46.0732171" lon="11.1523664" />
      <trkpt lat="46.0732103" lon="11.1524431" />
      <trkpt lat="46.0732013" lon="11.1525075" />
      <trkpt lat="46.0732018" lon="11.1525432" />
      <trkpt lat="46.0731836" lon="11.1525705" />
      <trkpt lat="46.0731592" lon="11.1526069" />
      <trkpt lat="46.0731397" lon="11.1526054" />
      <trkpt lat="46.0731187" lon="11.1526122" />
      <trkpt lat="46.0730718" lon="11.1526350" />
      <trkpt lat="46.0730029" lon="11.1526494" />
      <trkpt lat="46.0729434" lon="11.1526615" />
      <trkpt lat="46.0729050" lon="11.1526889" />
      <trkpt lat="46.0728750" lon="11.1527238" />
      <trkpt lat="46.0728561" lon="11.1527662" />
      <trkpt lat="46.0727866" lon="11.1530106" />
      <trkpt lat="46.0727769" lon="11.1529376" />
      <trkpt lat="46.0727535" lon="11.1530179" />
      <trkpt lat="46.0727280" lon="11.1530617" />
      <trkpt lat="46.0726936" lon="11.1530971" />
      <trkpt lat="46.0726183" lon="11.1531457" />
      <trkpt lat="46.0724065" lon="11.1532515" />
      <trkpt lat="46.0723550" lon="11.1532703" />
      <trkpt lat="46.0723031" lon="11.1532715" />
      <trkpt lat="46.0722488" lon="11.1532618" />
      <trkpt lat="46.0721865" lon="11.1532283" />
      <trkpt lat="46.0721321" lon="11.1531753" />
      <trkpt lat="46.0720461" lon="11.1530860" />
      <trkpt lat="46.0718046" lon="11.1528130" />
      <trkpt lat="46.0716771" lon="11.1526513" />
      <trkpt lat="46.0715614" lon="11.1524494" />
      <trkpt lat="46.0714126" lon="11.1521247" />
      <trkpt lat="46.0712050" lon="11.1516738" />
      <trkpt lat="46.0711728" lon="11.1516156" />
      <trkpt lat="46.0710902" lon="11.1514704" />
      <trkpt lat="46.0710573" lon="11.1514049" />
      <trkpt lat="46.0708692" lon="11.1510112" />
      <trkpt lat="46.0708086" lon="11.1509107" />
      <trkpt lat="46.0707679" lon="11.1508647" />
      <trkpt lat="46.0707313" lon="11.1508299" />
      <trkpt lat="46.0706940" lon="11.1508091" />
      <trkpt lat="46.0706203" lon="11.1507682" />
      <trkpt lat="46.0703886" lon="11.1506376" />
      <trkpt lat="46.0703018" lon="11.1505759" />
      <trkpt lat="46.0701249" lon="11.1504501" />
      <trkpt lat="46.0700691" lon="11.1504187" />
      <trkpt lat="46.0700236" lon="11.1504023" />
      <trkpt lat="46.0699831" lon="11.1503967" />
      <trkpt lat="46.0698476" lon="11.1503880" />
      <trkpt lat="46.0697005" lon="11.1503930" />
      <trkpt lat="46.0696140" lon="11.1504044" />
      <trkpt lat="46.0693164" lon="11.1504773" />
      <trkpt lat="46.0691969" lon="11.1505045" />
      <trkpt lat="46.0689702" lon="11.1505561" />
      <trkpt lat="46.0686593" lon="11.1506505" />
      <trkpt lat="46.0686308" lon="11.1506609" />
      <trkpt lat="46.0686002" lon="11.1506325" />
      <trkpt lat="46.0685648" lon="11.1506201" />
      <trkpt lat="46.0685285" lon="11.1506251" />
      <trkpt lat="46.0684335" lon="11.1506000" />
      <trkpt lat="46.0683584" lon="11.1505966" />
      <trkpt lat="46.0684282" lon="11.1507247" />
      <trkpt lat="46.0684471" lon="11.1507790" />
      <trkpt lat="46.0684534" lon="11.1508307" />
      <trkpt lat="46.0684711" lon="11.1508766" />
      <trkpt lat="46.0684983" lon="11.1509117" />
      <trkpt lat="46.0685319" lon="11.1509320" />
      <trkpt lat="46.0685305" lon="11.1509835" />
      <trkpt lat="46.0685265" lon="11.1510534" />
      <trkpt lat="46.0684792" lon="11.1510383" />
      <trkpt lat="46.0684749" lon="11.1509983" />
      <trkpt lat="46.0684671" lon="11.1509587" />
      <trkpt lat="46.0684501" lon="11.1509228" />
      <trkpt lat="46.0684252" lon="11.1508713" />
      <trkpt lat="46.0684130" lon="11.1508259" />
      <trkpt lat="46.0684041" lon="11.1507697" />
      <trkpt lat="46.0683881" lon="11.1507148" />
      <trkpt lat="46.0683636" lon="11.1506782" />
      <trkpt lat="46.0683190" lon="11.1506355" />
      <trkpt lat="46.0682235" lon="11.1506071" />
      <trkpt lat="46.0679034" lon="11.1505657" />
      <trkpt lat="46.0675236" lon="11.1505381" />
      <trkpt lat="46.0674365" lon="11.1505356" />
      <trkpt lat="46.0673434" lon="11.1505330" />
      <trkpt lat="46.0672500" lon="11.1505303" />
      <trkpt lat="46.0665985" lon="11.1505068" />
      <trkpt lat="46.0665330" lon="11.1505049" />
      <trkpt lat="46.0665182" lon="11.1505108" />
      <trkpt lat="46.0664747" lon="11.1506085" />
      <trkpt lat="46.0664469" lon="11.1506079" />
      <trkpt lat="46.0664220" lon="11.1506069" />
      <trkpt lat="46.0664219" lon="11.1505875" />
      <trkpt lat="46.0664166" lon="11.1505618" />
      <trkpt lat="46.0664059" lon="11.1505377" />
      <trkpt lat="46.0663917" lon="11.1505182" />
      <trkpt lat="46.0663713" lon="11.1505046" />
      <trkpt lat="46.0662351" lon="11.1504769" />
      <trkpt lat="46.0660590" lon="11.1503979" />
      <trkpt lat="46.0658090" lon="11.1503776" />
      <trkpt lat="46.0653065" lon="11.1504290" />
      <trkpt lat="46.0652921" lon="11.1504574" />
      <trkpt lat="46.0652533" lon="11.1505340" />
      <trkpt lat="46.0652135" lon="11.1505328" />
      <trkpt lat="46.0651650" lon="11.1505194" />
      <trkpt lat="46.0651450" lon="11.1504968" />
      <trkpt lat="46.0651053" lon="11.1504610" />
      <trkpt lat="46.0650595" lon="11.1504307" />
      <trkpt lat="46.0649981" lon="11.1504152" />
      <trkpt lat="46.0648091" lon="11.1503809" />
      <trkpt lat="46.0645165" lon="11.1503468" />
      <trkpt lat="46.0641477" lon="11.1503372" />
      <trkpt lat="46.0641460" lon="11.1503140" />
      <trkpt lat="46.0641375" lon="11.1502884" />
      <trkpt lat="46.0641233" lon="11.1502679" />
      <trkpt lat="46.0641019" lon="11.1502546" />
      <trkpt lat="46.0640512" lon="11.1502449" />
      <trkpt lat="46.0639815" lon="11.1502344" />
      <trkpt lat="46.0639427" lon="11.1502416" />
      <trkpt lat="46.0639106" lon="11.1502719" />
      <trkpt lat="46.0638869" lon="11.1503126" />
      <trkpt lat="46.0638736" lon="11.1503620" />
      <trkpt lat="46.0638739" lon="11.1504120" />
      <trkpt lat="46.0639211" lon="11.1505505" />
      <trkpt lat="46.0638917" lon="11.1505726" />
      <trkpt lat="46.0638556" lon="11.1505998" />
      <trkpt lat="46.0637946" lon="11.1504659" />
      <trkpt lat="46.0636729" lon="11.1503045" />
      <trkpt lat="46.0635596" lon="11.1502174" />
      <trkpt lat="46.0634853" lon="11.1501871" />
      <trkpt lat="46.0632385" lon="11.1501888" />
      <trkpt lat="46.0630855" lon="11.1501893" />
      <trkpt lat="46.0628787" lon="11.1501892" />
      <trkpt lat="46.0628091" lon="11.1501925" />
      <trkpt lat="46.0627464" lon="11.1502001" />
      <trkpt lat="46.0626451" lon="11.1502176" />
      <trkpt lat="46.0625325" lon="11.1502481" />
      <trkpt lat="46.0624350" lon="11.1502840" />
      <trkpt lat="46.0622944" lon="11.1503417" />
      <trkpt lat="46.0621478" lon="11.1504060" />
      <trkpt lat="46.0620442" lon="11.1504561" />
      <trkpt lat="46.0619775" lon="11.1504873" />
      <trkpt lat="46.0619558" lon="11.1505051" />
      <trkpt lat="46.0619399" lon="11.1505335" />
      <trkpt lat="46.0619308" lon="11.1505727" />
      <trkpt lat="46.0619308" lon="11.1505956" />
      <trkpt lat="46.0619361" lon="11.1506391" />
      <trkpt lat="46.0620155" lon="11.1509529" />
      <trkpt lat="46.0619939" lon="11.1509652" />
      <trkpt lat="46.0619587" lon="11.1509791" />
      <trkpt lat="46.0619822" lon="11.1510748" />
      <trkpt lat="46.0620343" lon="11.1515388" />
      <trkpt lat="46.0620323" lon="11.1517098" />
      <trkpt lat="46.0620429" lon="11.1518324" />
      <trkpt lat="46.0620564" lon="11.1519157" />
      <trkpt lat="46.0620658" lon="11.1519523" />
      <trkpt lat="46.0620750" lon="11.1520659" />
      <trkpt lat="46.0620734" lon="11.1521021" />
      <trkpt lat="46.0620677" lon="11.1521278" />
      <trkpt lat="46.0621033" lon="11.1521490" />
      <trkpt lat="46.0620887" lon="11.1521997" />
      <trkpt lat="46.0620095" lon="11.1522829" />
      <trkpt lat="46.0619386" lon="11.1523297" />
      <trkpt lat="46.0619440" lon="11.1523701" />
      <trkpt lat="46.0619683" lon="11.1525527" />
      <trkpt lat="46.0619790" lon="11.1527256" />
      <trkpt lat="46.0619514" lon="11.1531154" />
      <trkpt lat="46.0619330" lon="11.1532015" />
      <trkpt lat="46.0618714" lon="11.1532855" />
      <trkpt lat="46.0618336" lon="11.1533760" />
      <trkpt lat="46.0617982" lon="11.1535056" />
      <trkpt lat="46.0617749" lon="11.1535414" />
      <trkpt lat="46.0617437" lon="11.1535649" />
      <trkpt lat="46.0615779" lon="11.1536541" />
      <trkpt lat="46.0614456" lon="11.1537290" />
      <trkpt lat="46.0613403" lon="11.1538597" />
      <trkpt lat="46.0612757" lon="11.1539424" />
      <trkpt lat="46.0612347" lon="11.1540046" />
      <trkpt lat="46.0611922" lon="11.1541062" />
      <trkpt lat="46.0611746" lon="11.1541645" />
      <trkpt lat="46.0611705" lon="11.1542214" />
      <trkpt lat="46.0611232" lon="11.1541874" />
      <trkpt lat="46.0610889" lon="11.1542406" />
      <trkpt lat="46.0610596" lon="11.1542683" />
      <trkpt lat="46.0610280" lon="11.1542819" />
      <trkpt lat="46.0609991" lon="11.1542806" />
      <trkpt lat="46.0609245" lon="11.1542630" />
      <trkpt lat="46.0607688" lon="11.1542299" />
      <trkpt lat="46.0605737" lon="11.1541947" />
      <trkpt lat="46.0603871" lon="11.1541609" />
      <trkpt lat="46.0602548" lon="11.1541328" />
      <trkpt lat="46.0600808" lon="11.1540913" />
      <trkpt lat="46.0598187" lon="11.1540136" />
      <trkpt lat="46.0597019" lon="11.1539784" />
      <trkpt lat="46.0595724" lon="11.1539305" />
      <trkpt lat="46.0594632" lon="11.1538791" />
      <trkpt lat="46.0593356" lon="11.1538162" />
      <trkpt lat="46.0591055" lon="11.1536830" />
      <trkpt lat="46.0590218" lon="11.1536001" />
      <trkpt lat="46.0584571" lon="11.1533589" />
      <trkpt lat="46.0584209" lon="11.1533687" />
      <trkpt lat="46.0583915" lon="11.1533555" />
      <trkpt lat="46.0580892" lon="11.1532229" />
      <trkpt lat="46.0578749" lon="11.1531451" />
      <trkpt lat="46.0577755" lon="11.1531174" />
      <trkpt lat="46.0575901" lon="11.1530722" />
      <trkpt lat="46.0574813" lon="11.1530586" />
      <trkpt lat="46.0573698" lon="11.1530567" />
      <trkpt lat="46.0572771" lon="11.1530722" />
      <trkpt lat="46.0571951" lon="11.1530993" />
      <trkpt lat="46.0570397" lon="11.1531787" />
      <trkpt lat="46.0570114" lon="11.1532357" />
      <trkpt lat="46.0569615" lon="11.1532641" />
      <trkpt lat="46.0567427" lon="11.1533396" />
      <trkpt lat="46.0566712" lon="11.1533402" />
      <trkpt lat="46.0565982" lon="11.1533470" />
      <trkpt lat="46.0565811" lon="11.1533464" />
      <trkpt lat="46.0565027" lon="11.1533435" />
      <trkpt lat="46.0564661" lon="11.1533445" />
      <trkpt lat="46.0564289" lon="11.1533414" />
      <trkpt lat="46.0563657" lon="11.1533112" />
      <trkpt lat="46.0563039" lon="11.1532476" />
      <trkpt lat="46.0562370" lon="11.1531433" />
      <trkpt lat="46.0561303" lon="11.1530541" />
      <trkpt lat="46.0559828" lon="11.1530042" />
      <trkpt lat="46.0558536" lon="11.1529562" />
      <trkpt lat="46.0556853" lon="11.1529096" />
      <trkpt lat="46.0557422" lon="11.1524413" />
      <trkpt lat="46.0557591" lon="11.1521725" />
      <trkpt lat="46.0557557" lon="11.1521274" />
      <trkpt lat="46.0557377" lon="11.1518907" />
      <trkpt lat="46.0556961" lon="11.1513630" />
      <trkpt lat="46.0556924" lon="11.1513028" />
      <trkpt lat="46.0557064" lon="11.1512821" />
      <trkpt lat="46.0557158" lon="11.1512495" />
      <trkpt lat="46.0557251" lon="11.1512122" />
      <trkpt lat="46.0557338" lon="11.1511031" />
      <trkpt lat="46.0557397" lon="11.1509931" />
      <trkpt lat="46.0557704" lon="11.1505167" />
      <trkpt lat="46.0557911" lon="11.1500144" />
      <trkpt lat="46.0558116" lon="11.1492398" />
      <trkpt lat="46.0557806" lon="11.1492435" />
      <trkpt lat="46.0557854" lon="11.1493104" />
      <trkpt lat="46.0557630" lon="11.1500134" />
      <trkpt lat="46.0557471" lon="11.1504205" />
      <trkpt lat="46.0557368" lon="11.1506406" />
      <trkpt lat="46.0557110" lon="11.1510231" />
      <trkpt lat="46.0557073" lon="11.1510776" />
      <trkpt lat="46.0557016" lon="11.1511385" />
      <trkpt lat="46.0556989" lon="11.1511678" />
      <trkpt lat="46.0556942" lon="11.1512050" />
      <trkpt lat="46.0556852" lon="11.1512300" />
      <trkpt lat="46.0556715" lon="11.1512445" />
      <trkpt lat="46.0556526" lon="11.1512528" />
      <trkpt lat="46.0556220" lon="11.1512543" />
      <trkpt lat="46.0555952" lon="11.1512536" />
      <trkpt lat="46.0550426" lon="11.1511393" />
      <trkpt lat="46.0549048" lon="11.1511146" />
      <trkpt lat="46.0547217" lon="11.1510867" />
      <trkpt lat="46.0545854" lon="11.1510696" />
      <trkpt lat="46.0544253" lon="11.1510513" />
      <trkpt lat="46.0543643" lon="11.1510417" />
      <trkpt lat="46.0542586" lon="11.1510116" />
      <trkpt lat="46.0541059" lon="11.1509462" />
      <trkpt lat="46.0537355" lon="11.1507756" />
      <trkpt lat="46.0536551" lon="11.1507215" />
      <trkpt lat="46.0535940" lon="11.1506753" />
      <trkpt lat="46.0535328" lon="11.1506116" />
      <trkpt lat="46.0535162" lon="11.1506386" />
      <trkpt lat="46.0534515" lon="11.1505676" />
      <trkpt lat="46.0533025" lon="11.1504108" />
      <trkpt lat="46.0532253" lon="11.1503444" />
      <trkpt lat="46.0531587" lon="11.1502991" />
      <trkpt lat="46.0525860" lon="11.1499345" />
      <trkpt lat="46.0525174" lon="11.1498957" />
      <trkpt lat="46.0524347" lon="11.1498605" />
      <trkpt lat="46.0523224" lon="11.1498008" />
      <trkpt lat="46.0522148" lon="11.1497298" />
      <trkpt lat="46.0520224" lon="11.1495681" />
      <trkpt lat="46.0518808" lon="11.1494669" />
      <trkpt lat="46.0516810" lon="11.1493679" />
      <trkpt lat="46.0516033" lon="11.1493356" />
      <trkpt lat="46.0513737" lon="11.1492740" />
      <trkpt lat="46.0513140" lon="11.1492498" />
      <trkpt lat="46.0511922" lon="11.1491714" />
      <trkpt lat="46.0512027" lon="11.1491271" />
      <trkpt lat="46.0511804" lon="11.1491083" />
      <trkpt lat="46.0511390" lon="11.1490584" />
      <trkpt lat="46.0511100" lon="11.1489989" />
      <trkpt lat="46.0510880" lon="11.1489436" />
      <trkpt lat="46.0510631" lon="11.1488701" />
      <trkpt lat="46.0510210" lon="11.1487639" />
      <trkpt lat="46.0509192" lon="11.1485666" />
      <trkpt lat="46.0508937" lon="11.1485172" />
      <trkpt lat="46.0508624" lon="11.1484753" />
      <trkpt lat="46.0508178" lon="11.1484324" />
      <trkpt lat="46.0506465" lon="11.1482854" />
      <trkpt lat="46.0505944" lon="11.1482243" />
      <trkpt lat="46.0503714" lon="11.1479614" />
      <trkpt lat="46.0502507" lon="11.1478048" />
      <trkpt lat="46.0502187" lon="11.1477543" />
      <trkpt lat="46.0502079" lon="11.1477216" />
      <trkpt lat="46.0502090" lon="11.1476841" />
      <trkpt lat="46.0502202" lon="11.1476540" />
      <trkpt lat="46.0502370" lon="11.1476379" />
      <trkpt lat="46.0502548" lon="11.1476331" />
      <trkpt lat="46.0502521" lon="11.1475935" />
      <trkpt lat="46.0504622" lon="11.1475690" />
      <trkpt lat="46.0506845" lon="11.1475676" />
      <trkpt lat="46.0509296" lon="11.1476619" />
      <trkpt lat="46.0510119" lon="11.1476883" />
      <trkpt lat="46.0511440" lon="11.1477284" />
      <trkpt lat="46.0512269" lon="11.1477505" />
      <trkpt lat="46.0512332" lon="11.1477139" />
      <trkpt lat="46.0514249" lon="11.1477608" />
      <trkpt lat="46.0516059" lon="11.1478017" />
      <trkpt lat="46.0517602" lon="11.1478307" />
      <trkpt lat="46.0518730" lon="11.1478691" />
      <trkpt lat="46.0519721" lon="11.1479236" />
      <trkpt lat="46.0520527" lon="11.1479857" />
      <trkpt lat="46.0521466" lon="11.1480630" />
      <trkpt lat="46.0522328" lon="11.1481140" />
      <trkpt lat="46.0523323" lon="11.1481535" />
      <trkpt lat="46.0524205" lon="11.1481634" />
      <trkpt lat="46.0524398" lon="11.1481610" />
      <trkpt lat="46.0525043" lon="11.1481262" />
      <trkpt lat="46.0525736" lon="11.1480525" />
      <trkpt lat="46.0527810" lon="11.1477638" />
      <trkpt lat="46.0528179" lon="11.1477526" />
      <trkpt lat="46.0528623" lon="11.1476877" />
      <trkpt lat="46.0528960" lon="11.1476310" />
      <trkpt lat="46.0529593" lon="11.1474784" />
      <trkpt lat="46.0530526" lon="11.1471769" />
      <trkpt lat="46.0530831" lon="11.1470301" />
      <trkpt lat="46.0530771" lon="11.1467984" />
      <trkpt lat="46.0530414" lon="11.1463950" />
      <trkpt lat="46.0530112" lon="11.1459280" />
      <trkpt lat="46.0530529" lon="11.1455503" />
      <trkpt lat="46.0531065" lon="11.1451383" />
      <trkpt lat="46.0531625" lon="11.1446580" />
      <trkpt lat="46.0532134" lon="11.1442451" />
      <trkpt lat="46.0532867" lon="11.1437628" />
      <trkpt lat="46.0533474" lon="11.1433268" />
      <trkpt lat="46.0534206" lon="11.1431620" />
      <trkpt lat="46.0535909" lon="11.1430158" />
      <trkpt lat="46.0537076" lon="11.1429287" />
      <trkpt lat="46.0538360" lon="11.1429007" />
      <trkpt lat="46.0539826" lon="11.1429111" />
      <trkpt lat="46.0540920" lon="11.1429547" />
      <trkpt lat="46.0541097" lon="11.1427126" />
      <trkpt lat="46.0540872" lon="11.1424493" />
      <trkpt lat="46.0540321" lon="11.1422698" />
      <trkpt lat="46.0539041" lon="11.1420457" />
      <trkpt lat="46.0538031" lon="11.1419455" />
      <trkpt lat="46.0537290" lon="11.1418176" />
      <trkpt lat="46.0537026" lon="11.1416942" />
      <trkpt lat="46.0536486" lon="11.1410493" />
      <trkpt lat="46.0536487" lon="11.1408360" />
      <trkpt lat="46.0536830" lon="11.1406517" />
      <trkpt lat="46.0537307" lon="11.1405459" />
      <trkpt lat="46.0538081" lon="11.1404491" />
      <trkpt lat="46.0539300" lon="11.1403919" />
      <trkpt lat="46.0540409" lon="11.1403829" />
      <trkpt lat="46.0541201" lon="11.1403777" />
      <trkpt lat="46.0542306" lon="11.1403460" />
      <trkpt lat="46.0543174" lon="11.1402559" />
      <trkpt lat="46.0543987" lon="11.1400683" />
      <trkpt lat="46.0545013" lon="11.1397236" />
      <trkpt lat="46.0545711" lon="11.1396280" />
      <trkpt lat="46.0547432" lon="11.1395677" />
      <trkpt lat="46.0549025" lon="11.1395447" />
      <trkpt lat="46.0550056" lon="11.1395039" />
      <trkpt lat="46.0550774" lon="11.1394124" />
      <trkpt lat="46.0550153" lon="11.1391708" />
      <trkpt lat="46.0549668" lon="11.1390220" />
      <trkpt lat="46.0548956" lon="11.1389023" />
      <trkpt lat="46.0547727" lon="11.1386888" />
      <trkpt lat="46.0546040" lon="11.1384793" />
      <trkpt lat="46.0544660" lon="11.1382853" />
      <trkpt lat="46.0543864" lon="11.1381726" />
      <trkpt lat="46.0542750" lon="11.1380800" />
      <trkpt lat="46.0541044" lon="11.1379238" />
      <trkpt lat="46.0540300" lon="11.1376691" />
      <trkpt lat="46.0539741" lon="11.1376798" />
      <trkpt lat="46.0530670" lon="11.1373619" />
      <trkpt lat="46.0529759" lon="11.1372941" />
      <trkpt lat="46.0528715" lon="11.1372289" />
      <trkpt lat="46.0523854" lon="11.1369259" />
      <trkpt lat="46.0522544" lon="11.1369409" />
      <trkpt lat="46.0520170" lon="11.1369344" />
      <trkpt lat="46.0517455" lon="11.1369304" />
      <trkpt lat="46.0515415" lon="11.1369283" />
      <trkpt lat="46.0515548" lon="11.1368720" />
      <trkpt lat="46.0515288" lon="11.1368296" />
      <trkpt lat="46.0515033" lon="11.1367896" />
      <trkpt lat="46.0516354" lon="11.1364756" />
      <trkpt lat="46.0516817" lon="11.1363868" />
      <trkpt lat="46.0516986" lon="11.1363611" />
      <trkpt lat="46.0517233" lon="11.1363261" />
      <trkpt lat="46.0517054" lon="11.1362797" />
      <trkpt lat="46.0516861" lon="11.1362323" />
      <trkpt lat="46.0515951" lon="11.1361272" />
      <trkpt lat="46.0513669" lon="11.1361208" />
      <trkpt lat="46.0512923" lon="11.1360782" />
      <trkpt lat="46.0512578" lon="11.1360021" />
      <trkpt lat="46.0512773" lon="11.1357976" />
      <trkpt lat="46.0512768" lon="11.1357493" />
      <trkpt lat="46.0512633" lon="11.1357024" />
      <trkpt lat="46.0512316" lon="11.1356491" />
      <trkpt lat="46.0511126" lon="11.1354486" />
      <trkpt lat="46.0510616" lon="11.1354707" />
      <trkpt lat="46.0510131" lon="11.1355015" />
      <trkpt lat="46.0509529" lon="11.1355354" />
      <trkpt lat="46.0509297" lon="11.1355464" />
      <trkpt lat="46.0508498" lon="11.1355827" />
      <trkpt lat="46.0507938" lon="11.1356081" />
      <trkpt lat="46.0507462" lon="11.1356274" />
      <trkpt lat="46.0508862" lon="11.1356645" />
      <trkpt lat="46.0509027" lon="11.1356638" />
      <trkpt lat="46.0509166" lon="11.1356574" />
      <trkpt lat="46.0509320" lon="11.1356366" />
      <trkpt lat="46.0509397" lon="11.1356081" />
      <trkpt lat="46.0509376" lon="11.1355790" />
      <trkpt lat="46.0509297" lon="11.1355464" />
      <trkpt lat="46.0509529" lon="11.1355354" />
      <trkpt lat="46.0510131" lon="11.1355015" />
      <trkpt lat="46.0510616" lon="11.1354707" />
      <trkpt lat="46.0511126" lon="11.1354486" />
      <trkpt lat="46.0511726" lon="11.1354355" />
      <trkpt lat="46.0512350" lon="11.1354388" />
      <trkpt lat="46.0512771" lon="11.1354471" />
      <trkpt lat="46.0512927" lon="11.1354502" />
      <trkpt lat="46.0513415" lon="11.1354643" />
      <trkpt lat="46.0513913" lon="11.1354824" />
      <trkpt lat="46.0514267" lon="11.1354911" />
      <trkpt lat="46.0514486" lon="11.1354884" />
      <trkpt lat="46.0516181" lon="11.1354545" />
      <trkpt lat="46.0517464" lon="11.1354388" />
      <trkpt lat="46.0518465" lon="11.1354429" />
      <trkpt lat="46.0519172" lon="11.1354536" />
      <trkpt lat="46.0519916" lon="11.1354672" />
      <trkpt lat="46.0520461" lon="11.1354986" />
      <trkpt lat="46.0521030" lon="11.1355030" />
      <trkpt lat="46.0521741" lon="11.1354428" />
      <trkpt lat="46.0522187" lon="11.1354053" />
      <trkpt lat="46.0522783" lon="11.1353798" />
      <trkpt lat="46.0523056" lon="11.1353774" />
      <trkpt lat="46.0524202" lon="11.1353671" />
      <trkpt lat="46.0524565" lon="11.1353610" />
      <trkpt lat="46.0524924" lon="11.1353443" />
      <trkpt lat="46.0525189" lon="11.1353128" />
      <trkpt lat="46.0525394" lon="11.1352450" />
      <trkpt lat="46.0525599" lon="11.1351619" />
      <trkpt lat="46.0525743" lon="11.1350734" />
      <trkpt lat="46.0525859" lon="11.1349091" />
      <trkpt lat="46.0525952" lon="11.1348672" />
      <trkpt lat="46.0526129" lon="11.1347877" />
      <trkpt lat="46.0526557" lon="11.1346201" />
      <trkpt lat="46.0527013" lon="11.1345141" />
      <trkpt lat="46.0527739" lon="11.1343686" />
      <trkpt lat="46.0528251" lon="11.1342701" />
      <trkpt lat="46.0528841" lon="11.1341805" />
      <trkpt lat="46.0528972" lon="11.1341594" />
      <trkpt lat="46.0529515" lon="11.1340881" />
      <trkpt lat="46.0530270" lon="11.1340089" />
      <trkpt lat="46.0530491" lon="11.1339857" />
      <trkpt lat="46.0531985" lon="11.1338745" />
      <trkpt lat="46.0532310" lon="11.1338530" />
      <trkpt lat="46.0532917" lon="11.1338139" />
      <trkpt lat="46.0533497" lon="11.1337597" />
      <trkpt lat="46.0533160" lon="11.1337172" />
      <trkpt lat="46.0532889" lon="11.1336562" />
      <trkpt lat="46.0532841" lon="11.1335893" />
      <trkpt lat="46.0532950" lon="11.1335122" />
      <trkpt lat="46.0533096" lon="11.1334206" />
      <trkpt lat="46.0533190" lon="11.1333545" />
      <trkpt lat="46.0533264" lon="11.1333021" />
      <trkpt lat="46.0533376" lon="11.1332233" />
      <trkpt lat="46.0533411" lon="11.1330833" />
      <trkpt lat="46.0533401" lon="11.1329688" />
      <trkpt lat="46.0533213" lon="11.1326102" />
      <trkpt lat="46.0533163" lon="11.1324654" />
      <trkpt lat="46.0533123" lon="11.1323914" />
      <trkpt lat="46.0526937" lon="11.1324304" />
      <trkpt lat="46.0523797" lon="11.1324502" />
      <trkpt lat="46.0521408" lon="11.1324653" />
      <trkpt lat="46.0521483" lon="11.1326638" />
      <trkpt lat="46.0517667" lon="11.1326819" />
      <trkpt lat="46.0517955" lon="11.1331366" />
      <trkpt lat="46.0516379" lon="11.1331578" />
      <trkpt lat="46.0516431" lon="11.1332253" />
      <trkpt lat="46.0515900" lon="11.1332294" />
      <trkpt lat="46.0515905" lon="11.1332647" />
      <trkpt lat="46.0515909" lon="11.1332908" />
      <trkpt lat="46.0515163" lon="11.1333085" />
      <trkpt lat="46.0513483" lon="11.1332952" />
      <trkpt lat="46.0512674" lon="11.1332755" />
      <trkpt lat="46.0511158" lon="11.1332384" />
      <trkpt lat="46.0510285" lon="11.1332094" />
      <trkpt lat="46.0509357" lon="11.1331640" />
      <trkpt lat="46.0508895" lon="11.1331565" />
      <trkpt lat="46.0508729" lon="11.1331538" />
      <trkpt lat="46.0507730" lon="11.1331215" />
      <trkpt lat="46.0507195" lon="11.1331051" />
      <trkpt lat="46.0502197" lon="11.1329521" />
      <trkpt lat="46.0501616" lon="11.1329343" />
      <trkpt lat="46.0501134" lon="11.1328643" />
      <trkpt lat="46.0501230" lon="11.1329261" />
      <trkpt lat="46.0501351" lon="11.1329789" />
      <trkpt lat="46.0501602" lon="11.1331724" />
      <trkpt lat="46.0501364" lon="11.1337277" />
      <trkpt lat="46.0501208" lon="11.1337942" />
      <trkpt lat="46.0500903" lon="11.1338230" />
      <trkpt lat="46.0500387" lon="11.1338228" />
      <trkpt lat="46.0500330" lon="11.1338962" />
      <trkpt lat="46.0494235" lon="11.1337634" />
      <trkpt lat="46.0493838" lon="11.1337567" />
      <trkpt lat="46.0493808" lon="11.1337955" />
      <trkpt lat="46.0493372" lon="11.1337895" />
      <trkpt lat="46.0492616" lon="11.1337543" />
      <trkpt lat="46.0489369" lon="11.1337192" />
      <trkpt lat="46.0489345" lon="11.1337757" />
      <trkpt lat="46.0489322" lon="11.1338323" />
      <trkpt lat="46.0489659" lon="11.1338357" />
      <trkpt lat="46.0489653" lon="11.1338461" />
      <trkpt lat="46.0489623" lon="11.1338986" />
      <trkpt lat="46.0489591" lon="11.1339523" />
      <trkpt lat="46.0489262" lon="11.1339482" />
      <trkpt lat="46.0488939" lon="11.1339443" />
      <trkpt lat="46.0488820" lon="11.1339469" />
      <trkpt lat="46.0488436" lon="11.1339442" />
      <trkpt lat="46.0487909" lon="11.1339405" />
      <trkpt lat="46.0485696" lon="11.1339072" />
      <trkpt lat="46.0485266" lon="11.1339007" />
      <trkpt lat="46.0484594" lon="11.1338906" />
      <trkpt lat="46.0483555" lon="11.1338687" />
      <trkpt lat="46.0483571" lon="11.1338228" />
      <trkpt lat="46.0483586" lon="11.1337653" />
      <trkpt lat="46.0482687" lon="11.1337457" />
      <trkpt lat="46.0482352" lon="11.1337431" />
      <trkpt lat="46.0482247" lon="11.1337423" />
      <trkpt lat="46.0481440" lon="11.1337219" />
      <trkpt lat="46.0481076" lon="11.1337058" />
      <trkpt lat="46.0479896" lon="11.1336471" />
      <trkpt lat="46.0479199" lon="11.1335890" />
      <trkpt lat="46.0478570" lon="11.1335143" />
      <trkpt lat="46.0477721" lon="11.1333938" />
      <trkpt lat="46.0476749" lon="11.1332558" />
      <trkpt lat="46.0475193" lon="11.1330306" />
      <trkpt lat="46.0472798" lon="11.1326839" />
      <trkpt lat="46.0472738" lon="11.1326699" />
      <trkpt lat="46.0472739" lon="11.1326546" />
      <trkpt lat="46.0472803" lon="11.1326372" />
      <trkpt lat="46.0473166" lon="11.1325752" />
      <trkpt lat="46.0472964" lon="11.1325248" />
      <trkpt lat="46.0472772" lon="11.1324778" />
      <trkpt lat="46.0472367" lon="11.1325000" />
      <trkpt lat="46.0471703" lon="11.1325070" />
      <trkpt lat="46.0471127" lon="11.1325000" />
      <trkpt lat="46.0470560" lon="11.1324895" />
      <trkpt lat="46.0469734" lon="11.1324813" />
      <trkpt lat="46.0464143" lon="11.1325047" />
      <trkpt lat="46.0456974" lon="11.1325300" />
      <trkpt lat="46.0456613" lon="11.1325312" />
      <trkpt lat="46.0455091" lon="11.1325362" />
      <trkpt lat="46.0454678" lon="11.1325233" />
      <trkpt lat="46.0454410" lon="11.1324971" />
      <trkpt lat="46.0454106" lon="11.1324410" />
      <trkpt lat="46.0454005" lon="11.1323844" />
      <trkpt lat="46.0453973" lon="11.1322898" />
      <trkpt lat="46.0454169" lon="11.1322549" />
      <trkpt lat="46.0454167" lon="11.1320143" />
      <trkpt lat="46.0453956" lon="11.1316967" />
      <trkpt lat="46.0453870" lon="11.1313318" />
      <trkpt lat="46.0453959" lon="11.1313101" />
      <trkpt lat="46.0453611" lon="11.1312799" />
      <trkpt lat="46.0453263" lon="11.1312485" />
      <trkpt lat="46.0453258" lon="11.1311984" />
      <trkpt lat="46.0453253" lon="11.1311533" />
      <trkpt lat="46.0454066" lon="11.1311514" />
      <trkpt lat="46.0454066" lon="11.1311294" />
      <trkpt lat="46.0454797" lon="11.1311292" />
      <trkpt lat="46.0454796" lon="11.1310662" />
      <trkpt lat="46.0454801" lon="11.1310154" />
      <trkpt lat="46.0454804" lon="11.1309507" />
      <trkpt lat="46.0453453" lon="11.1309492" />
      <trkpt lat="46.0452495" lon="11.1309552" />
      <trkpt lat="46.0451873" lon="11.1309749" />
      <trkpt lat="46.0451612" lon="11.1309565" />
      <trkpt lat="46.0450542" lon="11.1307438" />
      <trkpt lat="46.0450273" lon="11.1306818" />
      <trkpt lat="46.0450273" lon="11.1303096" />
      <trkpt lat="46.0450273" lon="11.1301431" />
      <trkpt lat="46.0450274" lon="11.1301220" />
      <trkpt lat="46.0450274" lon="11.1300328" />
      <trkpt lat="46.0448581" lon="11.1298305" />
      <trkpt lat="46.0447240" lon="11.1296721" />
      <trkpt lat="46.0447243" lon="11.1295581" />
      <trkpt lat="46.0447247" lon="11.1293489" />
      <trkpt lat="46.0450275" lon="11.1293516" />
      <trkpt lat="46.0450274" lon="11.1295608" />
      <trkpt lat="46.0450274" lon="11.1297767" />
      <trkpt lat="46.0450274" lon="11.1300328" />
      <trkpt lat="46.0450274" lon="11.1301220" />
      <trkpt lat="46.0450273" lon="11.1301431" />
      <trkpt lat="46.0450273" lon="11.1303096" />
      <trkpt lat="46.0450273" lon="11.1306818" />
      <trkpt lat="46.0450084" lon="11.1307452" />
      <trkpt lat="46.0449818" lon="11.1308415" />
      <trkpt lat="46.0449359" lon="11.1309679" />
      <trkpt lat="46.0449109" lon="11.1310282" />
      <trkpt lat="46.0447314" lon="11.1310567" />
      <trkpt lat="46.0443887" lon="11.1311048" />
      <trkpt lat="46.0438059" lon="11.1311978" />
      <trkpt lat="46.0437961" lon="11.1311686" />
      <trkpt lat="46.0437879" lon="11.1311699" />
      <trkpt lat="46.0437506" lon="11.1311755" />
      <trkpt lat="46.0437479" lon="11.1311407" />
      <trkpt lat="46.0437359" lon="11.1310135" />
      <trkpt lat="46.0437202" lon="11.1308375" />
      <trkpt lat="46.0435199" lon="11.1305374" />
      <trkpt lat="46.0431247" lon="11.1299454" />
      <trkpt lat="46.0431038" lon="11.1298960" />
      <trkpt lat="46.0431241" lon="11.1298555" />
      <trkpt lat="46.0431506" lon="11.1297991" />
      <trkpt lat="46.0431557" lon="11.1297572" />
      <trkpt lat="46.0431480" lon="11.1297318" />
      <trkpt lat="46.0431286" lon="11.1296885" />
      <trkpt lat="46.0430861" lon="11.1295896" />
      <trkpt lat="46.0430522" lon="11.1295132" />
      <trkpt lat="46.0429821" lon="11.1295232" />
      <trkpt lat="46.0428713" lon="11.1295004" />
      <trkpt lat="46.0427878" lon="11.1294750" />
      <trkpt lat="46.0426906" lon="11.1294721" />
      <trkpt lat="46.0413943" lon="11.1292350" />
      <trkpt lat="46.0413383" lon="11.1292338" />
      <trkpt lat="46.0412524" lon="11.1292362" />
      <trkpt lat="46.0411905" lon="11.1292162" />
      <trkpt lat="46.0411445" lon="11.1291907" />
      <trkpt lat="46.0411096" lon="11.1291639" />
      <trkpt lat="46.0410794" lon="11.1291334" />
      <trkpt lat="46.0410509" lon="11.1291046" />
      <trkpt lat="46.0410075" lon="11.1290594" />
      <trkpt lat="46.0409541" lon="11.1290153" />
      <trkpt lat="46.0408997" lon="11.1289792" />
      <trkpt lat="46.0408483" lon="11.1289248" />
      <trkpt lat="46.0408126" lon="11.1288393" />
      <trkpt lat="46.0407917" lon="11.1287058" />
      <trkpt lat="46.0407873" lon="11.1284889" />
      <trkpt lat="46.0407922" lon="11.1283773" />
      <trkpt lat="46.0408037" lon="11.1282630" />
      <trkpt lat="46.0408162" lon="11.1281746" />
      <trkpt lat="46.0408351" lon="11.1280301" />
      <trkpt lat="46.0408535" lon="11.1278668" />
      <trkpt lat="46.0408598" lon="11.1278197" />
      <trkpt lat="46.0408732" lon="11.1276802" />
      <trkpt lat="46.0408806" lon="11.1275019" />
      <trkpt lat="46.0408827" lon="11.1273632" />
      <trkpt lat="46.0408814" lon="11.1268330" />
      <trkpt lat="46.0408786" lon="11.1263557" />
      <trkpt lat="46.0408780" lon="11.1263285" />
      <trkpt lat="46.0408771" lon="11.1261213" />
      <trkpt lat="46.0408743" lon="11.1255600" />
      <trkpt lat="46.0408733" lon="11.1254916" />
      <trkpt lat="46.0408724" lon="11.1253249" />
      <trkpt lat="46.0408626" lon="11.1251886" />
      <trkpt lat="46.0408450" lon="11.1250528" />
      <trkpt lat="46.0408191" lon="11.1249318" />
      <trkpt lat="46.0407903" lon="11.1248347" />
      <trkpt lat="46.0407595" lon="11.1247372" />
      <trkpt lat="46.0406546" lon="11.1245587" />
      <trkpt lat="46.0406197" lon="11.1245136" />
      <trkpt lat="46.0405707" lon="11.1244784" />
      <trkpt lat="46.0405110" lon="11.1244463" />
      <trkpt lat="46.0404759" lon="11.1244393" />
      <trkpt lat="46.0404433" lon="11.1244192" />
      <trkpt lat="46.0404156" lon="11.1243872" />
      <trkpt lat="46.0403949" lon="11.1243458" />
      <trkpt lat="46.0403825" lon="11.1242978" />
      <trkpt lat="46.0402928" lon="11.1241921" />
      <trkpt lat="46.0401773" lon="11.1241028" />
      <trkpt lat="46.0401303" lon="11.1240975" />
      <trkpt lat="46.0400684" lon="11.1240974" />
      <trkpt lat="46.0399415" lon="11.1241096" />
      <trkpt lat="46.0399425" lon="11.1240164" />
      <trkpt lat="46.0399428" lon="11.1239737" />
      <trkpt lat="46.0399447" lon="11.1238931" />
      <trkpt lat="46.0399462" lon="11.1238265" />
      <trkpt lat="46.0399872" lon="11.1238156" />
      <trkpt lat="46.0400280" lon="11.1224388" />
      <trkpt lat="46.0401677" lon="11.1222786" />
      <trkpt lat="46.0403025" lon="11.1221249" />
      <trkpt lat="46.0403043" lon="11.1220433" />
      <trkpt lat="46.0403066" lon="11.1219346" />
      <trkpt lat="46.0403091" lon="11.1218227" />
      <trkpt lat="46.0404092" lon="11.1217119" />
      <trkpt lat="46.0408327" lon="11.1212542" />
      <trkpt lat="46.0414377" lon="11.1205977" />
      <trkpt lat="46.0419070" lon="11.1200924" />
      <trkpt lat="46.0427072" lon="11.1192159" />
      <trkpt lat="46.0427326" lon="11.1192116" />
      <trkpt lat="46.0427335" lon="11.1191163" />
      <trkpt lat="46.0427455" lon="11.1190317" />
      <trkpt lat="46.0429383" lon="11.1188010" />
      <trkpt lat="46.0428308" lon="11.1188267" />
      <trkpt lat="46.0434776" lon="11.1181060" />
      <trkpt lat="46.0434987" lon="11.1180778" />
      <trkpt lat="46.0437128" lon="11.1178452" />
      <trkpt lat="46.0439706" lon="11.1175655" />
      <trkpt lat="46.0441981" lon="11.1173889" />
      <trkpt lat="46.0442362" lon="11.1173594" />
      <trkpt lat="46.0444290" lon="11.1172242" />
      <trkpt lat="46.0445228" lon="11.1171788" />
      <trkpt lat="46.0448542" lon="11.1170258" />
      <trkpt lat="46.0450349" lon="11.1169732" />
      <trkpt lat="46.0453067" lon="11.1168820" />
      <trkpt lat="46.0455543" lon="11.1167537" />
      <trkpt lat="46.0457336" lon="11.1166323" />
      <trkpt lat="46.0458566" lon="11.1165445" />
      <trkpt lat="46.0460249" lon="11.1164080" />
      <trkpt lat="46.0460500" lon="11.1163831" />
      <trkpt lat="46.0462417" lon="11.1161932" />
      <trkpt lat="46.0463543" lon="11.1160808" />
      <trkpt lat="46.0465276" lon="11.1159256" />
      <trkpt lat="46.0467643" lon="11.1156055" />
      <trkpt lat="46.0469689" lon="11.1151836" />
      <trkpt lat="46.0470439" lon="11.1149241" />
      <trkpt lat="46.0471086" lon="11.1146412" />
      <trkpt lat="46.0471893" lon="11.1143676" />
      <trkpt lat="46.0472840" lon="11.1141003" />
      <trkpt lat="46.0473255" lon="11.1140069" />
      <trkpt lat="46.0473903" lon="11.1139030" />
      <trkpt lat="46.0474514" lon="11.1138146" />
      <trkpt lat="46.0475771" lon="11.1136519" />
      <trkpt lat="46.0476152" lon="11.1136151" />
      <trkpt lat="46.0477058" lon="11.1135353" />
      <trkpt lat="46.0478034" lon="11.1134538" />
      <trkpt lat="46.0479085" lon="11.1133707" />
      <trkpt lat="46.0479580" lon="11.1133292" />
      <trkpt lat="46.0479986" lon="11.1132965" />
      <trkpt lat="46.0483343" lon="11.1130414" />
      <trkpt lat="46.0485086" lon="11.1129123" />
      <trkpt lat="46.0487222" lon="11.1127527" />
      <trkpt lat="46.0488526" lon="11.1126744" />
      <trkpt lat="46.0489503" lon="11.1126249" />
      <trkpt lat="46.0490930" lon="11.1125780" />
      <trkpt lat="46.0491153" lon="11.1125707" />
      <trkpt lat="46.0492743" lon="11.1125478" />
      <trkpt lat="46.0494843" lon="11.1125326" />
      <trkpt lat="46.0496739" lon="11.1125269" />
      <trkpt lat="46.0497884" lon="11.1125403" />
      <trkpt lat="46.0499033" lon="11.1125709" />
      <trkpt lat="46.0499748" lon="11.1126297" />
      <trkpt lat="46.0500238" lon="11.1126701" />
      <trkpt lat="46.0501923" lon="11.1128039" />
      <trkpt lat="46.0503613" lon="11.1129400" />
      <trkpt lat="46.0505220" lon="11.1130360" />
      <trkpt lat="46.0507722" lon="11.1131140" />
      <trkpt lat="46.0508675" lon="11.1131416" />
      <trkpt lat="46.0509401" lon="11.1131940" />
      <trkpt lat="46.0509836" lon="11.1132479" />
      <trkpt lat="46.0510157" lon="11.1132100" />
      <trkpt lat="46.0510864" lon="11.1131821" />
      <trkpt lat="46.0511623" lon="11.1131463" />
      <trkpt lat="46.0512160" lon="11.1131181" />
      <trkpt lat="46.0512457" lon="11.1130923" />
      <trkpt lat="46.0512660" lon="11.1130638" />
      <trkpt lat="46.0513107" lon="11.1129183" />
      <trkpt lat="46.0513405" lon="11.1127533" />
      <trkpt lat="46.0513560" lon="11.1126565" />
      <trkpt lat="46.0513602" lon="11.1125832" />
      <trkpt lat="46.0514042" lon="11.1125886" />
      <trkpt lat="46.0514114" lon="11.1123014" />
      <trkpt lat="46.0514128" lon="11.1120788" />
      <trkpt lat="46.0514336" lon="11.1119868" />
      <trkpt lat="46.0514579" lon="11.1119099" />
      <trkpt lat="46.0514813" lon="11.1118417" />
      <trkpt lat="46.0515075" lon="11.1117660" />
      <trkpt lat="46.0516608" lon="11.1117874" />
      <trkpt lat="46.0517463" lon="11.1118020" />
      <trkpt lat="46.0517872" lon="11.1118106" />
      <trkpt lat="46.0519998" lon="11.1118688" />
      <trkpt lat="46.0520591" lon="11.1118853" />
      <trkpt lat="46.0524902" lon="11.1120001" />
      <trkpt lat="46.0526854" lon="11.1120529" />
      <trkpt lat="46.0527425" lon="11.1120706" />
      <trkpt lat="46.0529160" lon="11.1121163" />
      <trkpt lat="46.0530891" lon="11.1121620" />
      <trkpt lat="46.0530808" lon="11.1122208" />
      <trkpt lat="46.0530634" lon="11.1122544" />
      <trkpt lat="46.0532748" lon="11.1122859" />
      <trkpt lat="46.0534483" lon="11.1123211" />
      <trkpt lat="46.0535711" lon="11.1123346" />
      <trkpt lat="46.0537039" lon="11.1123464" />
      <trkpt lat="46.0538740" lon="11.1123544" />
      <trkpt lat="46.0560629" lon="11.1124910" />
      <trkpt lat="46.0567084" lon="11.1125329" />
      <trkpt lat="46.0567505" lon="11.1125442" />
      <trkpt lat="46.0567840" lon="11.1125592" />
      <trkpt lat="46.0568160" lon="11.1125909" />
      <trkpt lat="46.0568480" lon="11.1126295" />
      <trkpt lat="46.0568711" lon="11.1126825" />
      <trkpt lat="46.0568799" lon="11.1127190" />
      <trkpt lat="46.0570981" lon="11.1145176" />
      <trkpt lat="46.0571430" lon="11.1148658" />
      <trkpt lat="46.0571608" lon="11.1150138" />
      <trkpt lat="46.0571978" lon="11.1150050" />
      <trkpt lat="46.0572387" lon="11.1149953" />
      <trkpt lat="46.0572590" lon="11.1150231" />
      <trkpt lat="46.0572825" lon="11.1150448" />
      <trkpt lat="46.0573176" lon="11.1150518" />
      <trkpt lat="46.0573522" lon="11.1150513" />
      <trkpt lat="46.0573570" lon="11.1151119" />
      <trkpt lat="46.0573628" lon="11.1151863" />
      <trkpt lat="46.0574084" lon="11.1151807" />
      <trkpt lat="46.0574124" lon="11.1152374" />
      <trkpt lat="46.0582241" lon="11.1151208" />
      <trkpt lat="46.0583221" lon="11.1151063" />
      <trkpt lat="46.0583836" lon="11.1151144" />
      <trkpt lat="46.0588293" lon="11.1154658" />
      <trkpt lat="46.0588386" lon="11.1155073" />
      <trkpt lat="46.0590480" lon="11.1156575" />
      <trkpt lat="46.0591141" lon="11.1156763" />
      <trkpt lat="46.0592462" lon="11.1157930" />
      <trkpt lat="46.0594035" lon="11.1159070" />
      <trkpt lat="46.0596214" lon="11.1159799" />
      <trkpt lat="46.0596232" lon="11.1159672" />
      <trkpt lat="46.0596283" lon="11.1159318" />
      <trkpt lat="46.0596356" lon="11.1158808" />
      <trkpt lat="46.0596380" lon="11.1158637" />
      <trkpt lat="46.0596820" lon="11.1158647" />
      <trkpt lat="46.0596930" lon="11.1158502" />
      <trkpt lat="46.0596981" lon="11.1158315" />
      <trkpt lat="46.0596992" lon="11.1157980" />
      <trkpt lat="46.0596890" lon="11.1156571" />
      <trkpt lat="46.0597038" lon="11.1156548" />
      <trkpt lat="46.0597185" lon="11.1156524" />
      <trkpt lat="46.0597348" lon="11.1156499" />
      <trkpt lat="46.0597511" lon="11.1156473" />
      <trkpt lat="46.0597491" lon="11.1156197" />
      <trkpt lat="46.0597478" lon="11.1156023" />
      <trkpt lat="46.0597513" lon="11.1155809" />
      <trkpt lat="46.0597599" lon="11.1155692" />
      <trkpt lat="46.0597717" lon="11.1155625" />
      <trkpt lat="46.0599281" lon="11.1155413" />
      <trkpt lat="46.0602243" lon="11.1155012" />
      <trkpt lat="46.0607199" lon="11.1154316" />
      <trkpt lat="46.0609725" lon="11.1153961" />
      <trkpt lat="46.0611599" lon="11.1153697" />
      <trkpt lat="46.0611712" lon="11.1153727" />
      <trkpt lat="46.0611786" lon="11.1153803" />
      <trkpt lat="46.0611823" lon="11.1153970" />
      <trkpt lat="46.0611849" lon="11.1154325" />
      <trkpt lat="46.0611985" lon="11.1154306" />
      <trkpt lat="46.0612120" lon="11.1154287" />
      <trkpt lat="46.0612313" lon="11.1154259" />
      <trkpt lat="46.0612433" lon="11.1154242" />
      <trkpt lat="46.0612420" lon="11.1154014" />
      <trkpt lat="46.0612428" lon="11.1153787" />
      <trkpt lat="46.0612475" lon="11.1153646" />
      <trkpt lat="46.0612554" lon="11.1153612" />
      <trkpt lat="46.0614148" lon="11.1153383" />
      <trkpt lat="46.0617811" lon="11.1152857" />
      <trkpt lat="46.0621952" lon="11.1152262" />
      <trkpt lat="46.0623235" lon="11.1152078" />
      <trkpt lat="46.0623258" lon="11.1152459" />
      <trkpt lat="46.0623980" lon="11.1152361" />
      <trkpt lat="46.0624451" lon="11.1152295" />
      <trkpt lat="46.0624545" lon="11.1152502" />
      <trkpt lat="46.0624630" lon="11.1153766" />
      <trkpt lat="46.0624812" lon="11.1153737" />
      <trkpt lat="46.0624821" lon="11.1153882" />
      <trkpt lat="46.0624850" lon="11.1154315" />
      <trkpt lat="46.0624877" lon="11.1154771" />
      <trkpt lat="46.0625755" lon="11.1154629" />
      <trkpt lat="46.0627135" lon="11.1154394" />
      <trkpt lat="46.0628553" lon="11.1154153" />
      <trkpt lat="46.0628905" lon="11.1154105" />
      <trkpt lat="46.0630226" lon="11.1153925" />
      <trkpt lat="46.0630418" lon="11.1153936" />
      <trkpt lat="46.0630686" lon="11.1154094" />
      <trkpt lat="46.0630948" lon="11.1154337" />
      <trkpt lat="46.0631258" lon="11.1154721" />
      <trkpt lat="46.0632164" lon="11.1156132" />
      <trkpt lat="46.0632900" lon="11.1157231" />
      <trkpt lat="46.0633201" lon="11.1160412" />
      <trkpt lat="46.0633696" lon="11.1167056" />
      <trkpt lat="46.0633950" lon="11.1170509" />
      <trkpt lat="46.0634299" lon="11.1169932" />
      <trkpt lat="46.0635353" lon="11.1168949" />
      <trkpt lat="46.0641805" lon="11.1167941" />
      <trkpt lat="46.0644674" lon="11.1167469" />
      <trkpt lat="46.0645052" lon="11.1167422" />
      <trkpt lat="46.0645336" lon="11.1167401" />
      <trkpt lat="46.0645821" lon="11.1167575" />
      <trkpt lat="46.0648460" lon="11.1166995" />
      <trkpt lat="46.0649438" lon="11.1166932" />
      <trkpt lat="46.0650448" lon="11.1167071" />
      <trkpt lat="46.0651046" lon="11.1172245" />
      <trkpt lat="46.0651532" lon="11.1172758" />
      <trkpt lat="46.0651934" lon="11.1177089" />
      <trkpt lat="46.0652397" lon="11.1176989" />
      <trkpt lat="46.0656754" lon="11.1176028" />
      <trkpt lat="46.0661061" lon="11.1175142" />
      <trkpt lat="46.0664518" lon="11.1174437" />
      <trkpt lat="46.0664630" lon="11.1174414" />
      <trkpt lat="46.0665199" lon="11.1174314" />
      <trkpt lat="46.0665317" lon="11.1174270" />
      <trkpt lat="46.0665455" lon="11.1174243" />
      <trkpt lat="46.0665707" lon="11.1174180" />
      <trkpt lat="46.0667689" lon="11.1173796" />
      <trkpt lat="46.0667857" lon="11.1173756" />
      <trkpt lat="46.0670857" lon="11.1173151" />
      <trkpt lat="46.0671336" lon="11.1173057" />
      <trkpt lat="46.0673143" lon="11.1172705" />
      <trkpt lat="46.0673863" lon="11.1172558" />
      <trkpt lat="46.0680121" lon="11.1171283" />
      <trkpt lat="46.0681191" lon="11.1171294" />
      <trkpt lat="46.0681601" lon="11.1171031" />
      <trkpt lat="46.0686021" lon="11.1169041" />
      <trkpt lat="46.0688130" lon="11.1168193" />
      <trkpt lat="46.0688625" lon="11.1168212" />
      <trkpt lat="46.0689420" lon="11.1168633" />
      <trkpt lat="46.0690898" lon="11.1169530" />
      <trkpt lat="46.0694474" lon="11.1171906" />
      <trkpt lat="46.0696085" lon="11.1174443" />
      <trkpt lat="46.0697728" lon="11.1176277" />
      <trkpt lat="46.0697925" lon="11.1176638" />
      <trkpt lat="46.0698052" lon="11.1177080" />
      <trkpt lat="46.0698162" lon="11.1177869" />
      <trkpt lat="46.0698214" lon="11.1178923" />
      <trkpt lat="46.0698227" lon="11.1180755" />
      <trkpt lat="46.0698565" lon="11.1180693" />
      <trkpt lat="46.0698926" lon="11.1180856" />
      <trkpt lat="46.0699602" lon="11.1180863" />
      <trkpt lat="46.0699644" lon="11.1181025" />
      <trkpt lat="46.0699803" lon="11.1181633" />
      <trkpt lat="46.0700084" lon="11.1181540" />
      <trkpt lat="46.0699905" lon="11.1180483" />
      <trkpt lat="46.0699871" lon="11.1179668" />
      <trkpt lat="46.0699908" lon="11.1179414" />
      <trkpt lat="46.0700269" lon="11.1179061" />
      <trkpt lat="46.0700294" lon="11.1178856" />
      <trkpt lat="46.0700305" lon="11.1178362" />
      <trkpt lat="46.0700369" lon="11.1177882" />
      <trkpt lat="46.0700431" lon="11.1177476" />
      <trkpt lat="46.0700527" lon="11.1177069" />
      <trkpt lat="46.0700861" lon="11.1176034" />
      <trkpt lat="46.0701805" lon="11.1173050" />
      <trkpt lat="46.0702169" lon="11.1171918" />
      <trkpt lat="46.0702287" lon="11.1171541" />
      <trkpt lat="46.0702367" lon="11.1170213" />
      <trkpt lat="46.0702292" lon="11.1169470" />
      <trkpt lat="46.0702123" lon="11.1168786" />
      <trkpt lat="46.0701743" lon="11.1167917" />
      <trkpt lat="46.0701363" lon="11.1167225" />
      <trkpt lat="46.0701165" lon="11.1166890" />
      <trkpt lat="46.0700680" lon="11.1166069" />
      <trkpt lat="46.0700236" lon="11.1165374" />
      <trkpt lat="46.0700000" lon="11.1164941" />
      <trkpt lat="46.0699495" lon="11.1164167" />
      <trkpt lat="46.0699295" lon="11.1163939" />
      <trkpt lat="46.0698035" lon="11.1162762" />
      <trkpt lat="46.0696531" lon="11.1161456" />
      <trkpt lat="46.0695837" lon="11.1160774" />
      <trkpt lat="46.0694825" lon="11.1159653" />
      <trkpt lat="46.0693849" lon="11.1158089" />
      <trkpt lat="46.0694235" lon="11.1157469" />
      <trkpt lat="46.0694630" lon="11.1156868" />
      <trkpt lat="46.0695555" lon="11.1157924" />
      <trkpt lat="46.0696120" lon="11.1158421" />
      <trkpt lat="46.0696409" lon="11.1158489" />
      <trkpt lat="46.0696957" lon="11.1158516" />
      <trkpt lat="46.0697290" lon="11.1158495" />
      <trkpt lat="46.0697948" lon="11.1158159" />
      <trkpt lat="46.0698507" lon="11.1157710" />
      <trkpt lat="46.0698998" lon="11.1157127" />
      <trkpt lat="46.0699151" lon="11.1156990" />
      <trkpt lat="46.0702467" lon="11.1144529" />
      <trkpt lat="46.0702508" lon="11.1144356" />
      <trkpt lat="46.0702894" lon="11.1144548" />
      <trkpt lat="46.0703300" lon="11.1144739" />
      <trkpt lat="46.0703420" lon="11.1144768" />
      <trkpt lat="46.0703535" lon="11.1144784" />
      <trkpt lat="46.0703770" lon="11.1144800" />
      <trkpt lat="46.0704564" lon="11.1145311" />
      <trkpt lat="46.0705116" lon="11.1145755" />
      <trkpt lat="46.0707833" lon="11.1147994" />
      <trkpt lat="46.0708045" lon="11.1148160" />
      <trkpt lat="46.0708009" lon="11.1148281" />
      <trkpt lat="46.0707959" lon="11.1148434" />
      <trkpt lat="46.0708185" lon="11.1148581" />
      <trkpt lat="46.0709446" lon="11.1149414" />
      <trkpt lat="46.0711622" lon="11.1150542" />
      <trkpt lat="46.0711800" lon="11.1150634" />
      <trkpt lat="46.0712489" lon="11.1150973" />
      <trkpt lat="46.0714713" lon="11.1152069" />
      <trkpt lat="46.0714751" lon="11.1151881" />
      <trkpt lat="46.0714778" lon="11.1151767" />
      <trkpt lat="46.0715462" lon="11.1151968" />
      <trkpt lat="46.0716701" lon="11.1152371" />
      <trkpt lat="46.0716777" lon="11.1151800" />
      <trkpt lat="46.0716843" lon="11.1151327" />
      <trkpt lat="46.0716632" lon="11.1151227" />
      <trkpt lat="46.0716519" lon="11.1151115" />
      <trkpt lat="46.0716469" lon="11.1150926" />
      <trkpt lat="46.0716521" lon="11.1150762" />
      <trkpt lat="46.0716622" lon="11.1150668" />
      <trkpt lat="46.0716846" lon="11.1150533" />
      <trkpt lat="46.0717718" lon="11.1150156" />
      <trkpt lat="46.0718735" lon="11.1149919" />
      <trkpt lat="46.0721179" lon="11.1149561" />
      <trkpt lat="46.0722051" lon="11.1149428" />
      <trkpt lat="46.0723931" lon="11.1149142" />
      <trkpt lat="46.0726562" lon="11.1148756" />
      <trkpt lat="46.0726726" lon="11.1148737" />
      <trkpt lat="46.0729169" lon="11.1148591" />
      <trkpt lat="46.0731655" lon="11.1148314" />
      <trkpt lat="46.0732764" lon="11.1148142" />
      <trkpt lat="46.0732735" lon="11.1147777" />
      <trkpt lat="46.0732900" lon="11.1147742" />
      <trkpt lat="46.0733655" lon="11.1147433" />
      <trkpt lat="46.0735088" lon="11.1146736" />
      <trkpt lat="46.0735695" lon="11.1146397" />
      <trkpt lat="46.0736074" lon="11.1146186" />
      <trkpt lat="46.0736832" lon="11.1145732" />
      <trkpt lat="46.0738060" lon="11.1144997" />
      <trkpt lat="46.0738192" lon="11.1144918" />
      <trkpt lat="46.0739088" lon="11.1144313" />
      <trkpt lat="46.0740107" lon="11.1143450" />
      <trkpt lat="46.0741302" lon="11.1142471" />
      <trkpt lat="46.0742219" lon="11.1141469" />
      <trkpt lat="46.0742468" lon="11.1141034" />
      <trkpt lat="46.0742953" lon="11.1140309" />
      <trkpt lat="46.0744087" lon="11.1138053" />
      <trkpt lat="46.0745179" lon="11.1135539" />
      <trkpt lat="46.0745407" lon="11.1135033" />
      <trkpt lat="46.0745492" lon="11.1134686" />
      <trkpt lat="46.0745956" lon="11.1132796" />
      <trkpt lat="46.0746306" lon="11.1130853" />
      <trkpt lat="46.0746839" lon="11.1126392" />
      <trkpt lat="46.0747447" lon="11.1122221" />
      <trkpt lat="46.0747584" lon="11.1121259" />
      <trkpt lat="46.0747878" lon="11.1119541" />
      <trkpt lat="46.0748261" lon="11.1117896" />
      <trkpt lat="46.0748708" lon="11.1116491" />
      <trkpt lat="46.0749250" lon="11.1115297" />
      <trkpt lat="46.0749193" lon="11.1115082" />
      <trkpt lat="46.0749170" lon="11.1114829" />
      <trkpt lat="46.0749205" lon="11.1114510" />
      <trkpt lat="46.0749307" lon="11.1114222" />
      <trkpt lat="46.0749443" lon="11.1114020" />
      <trkpt lat="46.0749587" lon="11.1113894" />
      <trkpt lat="46.0749410" lon="11.1111442" />
      <trkpt lat="46.0749321" lon="11.1109999" />
      <trkpt lat="46.0749286" lon="11.1109429" />
      <trkpt lat="46.0749211" lon="11.1107384" />
      <trkpt lat="46.0749184" lon="11.1106646" />
      <trkpt lat="46.0749208" lon="11.1103402" />
      <trkpt lat="46.0749222" lon="11.1102751" />
      <trkpt lat="46.0749251" lon="11.1100558" />
      <trkpt lat="46.0749269" lon="11.1099176" />
      <trkpt lat="46.0749281" lon="11.1098210" />
      <trkpt lat="46.0749301" lon="11.1096600" />
      <trkpt lat="46.0749304" lon="11.1093306" />
      <trkpt lat="46.0749202" lon="11.1092355" />
      <trkpt lat="46.0749100" lon="11.1091645" />
      <trkpt lat="46.0748849" lon="11.1090531" />
      <trkpt lat="46.0748580" lon="11.1089216" />
      <trkpt lat="46.0748546" lon="11.1088440" />
      <trkpt lat="46.0748555" lon="11.1088092" />
      <trkpt lat="46.0748562" lon="11.1087858" />
      <trkpt lat="46.0748708" lon="11.1086846" />
      <trkpt lat="46.0748930" lon="11.1084447" />
      <trkpt lat="46.0748900" lon="11.1082794" />
      <trkpt lat="46.0748748" lon="11.1082242" />
      <trkpt lat="46.0748730" lon="11.1081650" />
      <trkpt lat="46.0748846" lon="11.1081081" />
      <trkpt lat="46.0749085" lon="11.1080598" />
      <trkpt lat="46.0749382" lon="11.1080270" />
      <trkpt lat="46.0749772" lon="11.1080094" />
      <trkpt lat="46.0750141" lon="11.1080090" />
      <trkpt lat="46.0751208" lon="11.1078842" />
      <trkpt lat="46.0752098" lon="11.1077728" />
      <trkpt lat="46.0752358" lon="11.1077233" />
      <trkpt lat="46.0753637" lon="11.1074805" />
      <trkpt lat="46.0754757" lon="11.1072992" />
      <trkpt lat="46.0755705" lon="11.1071218" />
      <trkpt lat="46.0755921" lon="11.1070670" />
      <trkpt lat="46.0756100" lon="11.1070029" />
      <trkpt lat="46.0756163" lon="11.1069420" />
      <trkpt lat="46.0756179" lon="11.1068772" />
      <trkpt lat="46.0756150" lon="11.1067014" />
      <trkpt lat="46.0755754" lon="11.1060665" />
      <trkpt lat="46.0755737" lon="11.1059754" />
      <trkpt lat="46.0755825" lon="11.1058923" />
      <trkpt lat="46.0755951" lon="11.1058352" />
      <trkpt lat="46.0756096" lon="11.1057795" />
      <trkpt lat="46.0756353" lon="11.1057107" />
      <trkpt lat="46.0756693" lon="11.1056513" />
      <trkpt lat="46.0757681" lon="11.1055552" />
      <trkpt lat="46.0758826" lon="11.1054640" />
      <trkpt lat="46.0759822" lon="11.1053733" />
      <trkpt lat="46.0760582" lon="11.1052926" />
      <trkpt lat="46.0760374" lon="11.1052666" />
      <trkpt lat="46.0760209" lon="11.1052519" />
      <trkpt lat="46.0759974" lon="11.1052433" />
      <trkpt lat="46.0759730" lon="11.1052467" />
      <trkpt lat="46.0759417" lon="11.1052701" />
      <trkpt lat="46.0757012" lon="11.1054896" />
      <trkpt lat="46.0755294" lon="11.1056829" />
      <trkpt lat="46.0754964" lon="11.1057327" />
      <trkpt lat="46.0754620" lon="11.1057786" />
      <trkpt lat="46.0754213" lon="11.1058154" />
      <trkpt lat="46.0753834" lon="11.1058423" />
      <trkpt lat="46.0752857" lon="11.1058962" />
      <trkpt lat="46.0751953" lon="11.1059252" />
      <trkpt lat="46.0751303" lon="11.1059422" />
      <trkpt lat="46.0750380" lon="11.1059556" />
      <trkpt lat="46.0750011" lon="11.1059610" />
      <trkpt lat="46.0749235" lon="11.1059723" />
      <trkpt lat="46.0747673" lon="11.1059872" />
      <trkpt lat="46.0746830" lon="11.1059971" />
      <trkpt lat="46.0745205" lon="11.1062506" />
      <trkpt lat="46.0744728" lon="11.1063251" />
      <trkpt lat="46.0742974" lon="11.1058320" />
      <trkpt lat="46.0741427" lon="11.1054406" />
      <trkpt lat="46.0741244" lon="11.1053899" />
      <trkpt lat="46.0741043" lon="11.1053440" />
      <trkpt lat="46.0740809" lon="11.1053117" />
      <trkpt lat="46.0740575" lon="11.1052852" />
      <trkpt lat="46.0740242" lon="11.1052531" />
      <trkpt lat="46.0739906" lon="11.1052409" />
      <trkpt lat="46.0739613" lon="11.1052470" />
      <trkpt lat="46.0739255" lon="11.1052638" />
      <trkpt lat="46.0738324" lon="11.1053276" />
      <trkpt lat="46.0737329" lon="11.1053846" />
      <trkpt lat="46.0736408" lon="11.1054310" />
      <trkpt lat="46.0735312" lon="11.1054870" />
      <trkpt lat="46.0734423" lon="11.1054859" />
      <trkpt lat="46.0734166" lon="11.1054688" />
      <trkpt lat="46.0736047" lon="11.1048427" />
      <trkpt lat="46.0736455" lon="11.1047063" />
      <trkpt lat="46.0737015" lon="11.1045622" />
      <trkpt lat="46.0737195" lon="11.1045304" />
      <trkpt lat="46.0737878" lon="11.1044088" />
      <trkpt lat="46.0738863" lon="11.1042657" />
      <trkpt lat="46.0740049" lon="11.1041204" />
      <trkpt lat="46.0742065" lon="11.1038756" />
      <trkpt lat="46.0742357" lon="11.1038350" />
      <trkpt lat="46.0742611" lon="11.1037864" />
      <trkpt lat="46.0742878" lon="11.1036991" />
      <trkpt lat="46.0743109" lon="11.1036012" />
      <trkpt lat="46.0745467" lon="11.1025871" />
      <trkpt lat="46.0745902" lon="11.1024447" />
      <trkpt lat="46.0746356" lon="11.1023305" />
      <trkpt lat="46.0747278" lon="11.1021692" />
      <trkpt lat="46.0748201" lon="11.1020348" />
      <trkpt lat="46.0748999" lon="11.1019379" />
      <trkpt lat="46.0749463" lon="11.1019031" />
      <trkpt lat="46.0749712" lon="11.1018938" />
      <trkpt lat="46.0749903" lon="11.1018917" />
      <trkpt lat="46.0750083" lon="11.1018974" />
      <trkpt lat="46.0750194" lon="11.1019050" />
      <trkpt lat="46.0750429" lon="11.1019263" />
      <trkpt lat="46.0752403" lon="11.1022009" />
      <trkpt lat="46.0752875" lon="11.1022527" />
      <trkpt lat="46.0753308" lon="11.1022802" />
      <trkpt lat="46.0753563" lon="11.1022910" />
      <trkpt lat="46.0753920" lon="11.1022937" />
      <trkpt lat="46.0754252" lon="11.1022851" />
      <trkpt lat="46.0754686" lon="11.1022577" />
      <trkpt lat="46.0754949" lon="11.1022410" />
      <trkpt lat="46.0755325" lon="11.1022082" />
      <trkpt lat="46.0755729" lon="11.1021560" />
      <trkpt lat="46.0756215" lon="11.1020786" />
      <trkpt lat="46.0756373" lon="11.1020427" />
      <trkpt lat="46.0757707" lon="11.1017405" />
      <trkpt lat="46.0761648" lon="11.1008993" />
      <trkpt lat="46.0762132" lon="11.1007824" />
      <trkpt lat="46.0761830" lon="11.1007660" />
      <trkpt lat="46.0761610" lon="11.1007694" />
      <trkpt lat="46.0761364" lon="11.1007829" />
      <trkpt lat="46.0761019" lon="11.1008122" />
      <trkpt lat="46.0759947" lon="11.1009165" />
      <trkpt lat="46.0758747" lon="11.1010328" />
      <trkpt lat="46.0757565" lon="11.1011508" />
      <trkpt lat="46.0757277" lon="11.1011750" />
      <trkpt lat="46.0756834" lon="11.1012278" />
      <trkpt lat="46.0756322" lon="11.1012755" />
      <trkpt lat="46.0755869" lon="11.1013147" />
      <trkpt lat="46.0755325" lon="11.1013605" />
      <trkpt lat="46.0754981" lon="11.1013773" />
      <trkpt lat="46.0754573" lon="11.1013857" />
      <trkpt lat="46.0754022" lon="11.1013913" />
      <trkpt lat="46.0753867" lon="11.1013978" />
      <trkpt lat="46.0753718" lon="11.1014081" />
      <trkpt lat="46.0753556" lon="11.1014268" />
      <trkpt lat="46.0753511" lon="11.1014370" />
      <trkpt lat="46.0753341" lon="11.1014183" />
      <trkpt lat="46.0753014" lon="11.1013797" />
      <trkpt lat="46.0752637" lon="11.1012854" />
      <trkpt lat="46.0752121" lon="11.1011310" />
      <trkpt lat="46.0751873" lon="11.1011067" />
      <trkpt lat="46.0751140" lon="11.1010738" />
      <trkpt lat="46.0748113" lon="11.1008853" />
      <trkpt lat="46.0748654" lon="11.1008552" />
      <trkpt lat="46.0752254" lon="11.1007922" />
      <trkpt lat="46.0753974" lon="11.1006103" />
      <trkpt lat="46.0754244" lon="11.1005272" />
      <trkpt lat="46.0754061" lon="11.1004601" />
      <trkpt lat="46.0753957" lon="11.1003917" />
      <trkpt lat="46.0753942" lon="11.1003389" />
      <trkpt lat="46.0753683" lon="11.1003133" />
      <trkpt lat="46.0753380" lon="11.1002619" />
      <trkpt lat="46.0753062" lon="11.1001942" />
      <trkpt lat="46.0750326" lon="11.0996120" />
      <trkpt lat="46.0750069" lon="11.0995847" />
      <trkpt lat="46.0749343" lon="11.0995200" />
      <trkpt lat="46.0749398" lon="11.0995150" />
      <trkpt lat="46.0750072" lon="11.0994749" />
      <trkpt lat="46.0752360" lon="11.0993988" />
      <trkpt lat="46.0753253" lon="11.0993576" />
      <trkpt lat="46.0753953" lon="11.0992931" />
      <trkpt lat="46.0757529" lon="11.0987535" />
      <trkpt lat="46.0758238" lon="11.0986543" />
      <trkpt lat="46.0760701" lon="11.0984850" />
      <trkpt lat="46.0762130" lon="11.0983854" />
      <trkpt lat="46.0763455" lon="11.0982852" />
      <trkpt lat="46.0763748" lon="11.0982483" />
      <trkpt lat="46.0764129" lon="11.0981987" />
      <trkpt lat="46.0764441" lon="11.0981841" />
      <trkpt lat="46.0764949" lon="11.0981771" />
      <trkpt lat="46.0765472" lon="11.0981745" />
      <trkpt lat="46.0765881" lon="11.0981730" />
      <trkpt lat="46.0766556" lon="11.0981704" />
      <trkpt lat="46.0767897" lon="11.0981422" />
      <trkpt lat="46.0765975" lon="11.0980933" />
      <trkpt lat="46.0763610" lon="11.0980727" />
      <trkpt lat="46.0762530" lon="11.0980695" />
      <trkpt lat="46.0761318" lon="11.0980736" />
      <trkpt lat="46.0761268" lon="11.0980519" />
      <trkpt lat="46.0761041" lon="11.0980418" />
      <trkpt lat="46.0760573" lon="11.0980396" />
      <trkpt lat="46.0758378" lon="11.0980712" />
      <trkpt lat="46.0757931" lon="11.0980767" />
      <trkpt lat="46.0757066" lon="11.0980899" />
      <trkpt lat="46.0756033" lon="11.0981184" />
      <trkpt lat="46.0754589" lon="11.0981709" />
      <trkpt lat="46.0752953" lon="11.0982233" />
      <trkpt lat="46.0752306" lon="11.0982303" />
      <trkpt lat="46.0751564" lon="11.0982257" />
      <trkpt lat="46.0750468" lon="11.0982070" />
      <trkpt lat="46.0749306" lon="11.0982090" />
      <trkpt lat="46.0748909" lon="11.0982090" />
      <trkpt lat="46.0748563" lon="11.0982034" />
      <trkpt lat="46.0748164" lon="11.0981915" />
      <trkpt lat="46.0747970" lon="11.0981827" />
      <trkpt lat="46.0747857" lon="11.0981756" />
      <trkpt lat="46.0747803" lon="11.0981722" />
      <trkpt lat="46.0745824" lon="11.0980490" />
      <trkpt lat="46.0745343" lon="11.0980142" />
      <trkpt lat="46.0744850" lon="11.0979667" />
      <trkpt lat="46.0744212" lon="11.0978917" />
      <trkpt lat="46.0743735" lon="11.0978433" />
      <trkpt lat="46.0742465" lon="11.0977462" />
      <trkpt lat="46.0739904" lon="11.0976348" />
      <trkpt lat="46.0737659" lon="11.0974709" />
      <trkpt lat="46.0734514" lon="11.0973257" />
      <trkpt lat="46.0731730" lon="11.0972468" />
      <trkpt lat="46.0728251" lon="11.0971279" />
      <trkpt lat="46.0727494" lon="11.0971079" />
      <trkpt lat="46.0725963" lon="11.0970961" />
      <trkpt lat="46.0722512" lon="11.0970808" />
      <trkpt lat="46.0721749" lon="11.0970719" />
      <trkpt lat="46.0720810" lon="11.0970783" />
      <trkpt lat="46.0717922" lon="11.0972134" />
      <trkpt lat="46.0715446" lon="11.0972757" />
      <trkpt lat="46.0714799" lon="11.0972844" />
      <trkpt lat="46.0714053" lon="11.0972851" />
      <trkpt lat="46.0712261" lon="11.0972620" />
      <trkpt lat="46.0711388" lon="11.0972505" />
      <trkpt lat="46.0710478" lon="11.0972658" />
      <trkpt lat="46.0708965" lon="11.0973109" />
      <trkpt lat="46.0708130" lon="11.0973476" />
      <trkpt lat="46.0707011" lon="11.0974372" />
      <trkpt lat="46.0705014" lon="11.0976207" />
      <trkpt lat="46.0703232" lon="11.0977313" />
      <trkpt lat="46.0702408" lon="11.0977608" />
      <trkpt lat="46.0701109" lon="11.0977713" />
      <trkpt lat="46.0699723" lon="11.0977572" />
      <trkpt lat="46.0698815" lon="11.0977568" />
      <trkpt lat="46.0698445" lon="11.0977551" />
      <trkpt lat="46.0697765" lon="11.0977766" />
      <trkpt lat="46.0695415" lon="11.0977620" />
      <trkpt lat="46.0694960" lon="11.0977783" />
      <trkpt lat="46.0693479" lon="11.0977368" />
      <trkpt lat="46.0692335" lon="11.0977315" />
      <trkpt lat="46.0692184" lon="11.0977308" />
      <trkpt lat="46.0692525" lon="11.0976526" />
      <trkpt lat="46.0693365" lon="11.0974971" />
      <trkpt lat="46.0694334" lon="11.0972864" />
      <trkpt lat="46.0695303" lon="11.0971000" />
      <trkpt lat="46.0695803" lon="11.0969896" />
      <trkpt lat="46.0695718" lon="11.0969794" />
      <trkpt lat="46.0695401" lon="11.0969899" />
      <trkpt lat="46.0695186" lon="11.0969926" />
      <trkpt lat="46.0694713" lon="11.0970339" />
      <trkpt lat="46.0693755" lon="11.0971444" />
      <trkpt lat="46.0692617" lon="11.0972357" />
      <trkpt lat="46.0691399" lon="11.0973305" />
      <trkpt lat="46.0690306" lon="11.0973712" />
      <trkpt lat="46.0689499" lon="11.0973754" />
      <trkpt lat="46.0688816" lon="11.0973826" />
      <trkpt lat="46.0686842" lon="11.0974144" />
      <trkpt lat="46.0685646" lon="11.0974613" />
      <trkpt lat="46.0684366" lon="11.0975826" />
      <trkpt lat="46.0682689" lon="11.0977092" />
      <trkpt lat="46.0681766" lon="11.0977835" />
      <trkpt lat="46.0681204" lon="11.0978229" />
      <trkpt lat="46.0678624" lon="11.0979606" />
      <trkpt lat="46.0677721" lon="11.0980020" />
      <trkpt lat="46.0676765" lon="11.0980472" />
      <trkpt lat="46.0675492" lon="11.0981059" />
      <trkpt lat="46.0674771" lon="11.0981565" />
      <trkpt lat="46.0673903" lon="11.0982400" />
      <trkpt lat="46.0672698" lon="11.0983294" />
      <trkpt lat="46.0671470" lon="11.0983637" />
      <trkpt lat="46.0670758" lon="11.0983761" />
      <trkpt lat="46.0670317" lon="11.0983896" />
      <trkpt lat="46.0669556" lon="11.0984128" />
      <trkpt lat="46.0668666" lon="11.0984645" />
      <trkpt lat="46.0667176" lon="11.0985492" />
      <trkpt lat="46.0666499" lon="11.0986085" />
      <trkpt lat="46.0664977" lon="11.0987229" />
      <trkpt lat="46.0664493" lon="11.0987849" />
      <trkpt lat="46.0664054" lon="11.0988681" />
      <trkpt lat="46.0663804" lon="11.0989597" />
      <trkpt lat="46.0663674" lon="11.0990604" />
      <trkpt lat="46.0663693" lon="11.0991486" />
      <trkpt lat="46.0664022" lon="11.0993084" />
      <trkpt lat="46.0664006" lon="11.0993615" />
      <trkpt lat="46.0663874" lon="11.0994028" />
      <trkpt lat="46.0663535" lon="11.0994354" />
      <trkpt lat="46.0663194" lon="11.0994536" />
      <trkpt lat="46.0662792" lon="11.0994496" />
      <trkpt lat="46.0662348" lon="11.0994102" />
      <trkpt lat="46.0661947" lon="11.0993482" />
      <trkpt lat="46.0661284" lon="11.0992431" />
      <trkpt lat="46.0660976" lon="11.0992057" />
      <trkpt lat="46.0660597" lon="11.0991665" />
      <trkpt lat="46.0660321" lon="11.0991487" />
      <trkpt lat="46.0660010" lon="11.0991385" />
      <trkpt lat="46.0658914" lon="11.0991295" />
      <trkpt lat="46.0657811" lon="11.0991232" />
      <trkpt lat="46.0656875" lon="11.0991031" />
      <trkpt lat="46.0656389" lon="11.0990974" />
      <trkpt lat="46.0656251" lon="11.0990934" />
      <trkpt lat="46.0656168" lon="11.0990873" />
      <trkpt lat="46.0656030" lon="11.0990723" />
      <trkpt lat="46.0655912" lon="11.0990439" />
      <trkpt lat="46.0655693" lon="11.0989723" />
      <trkpt lat="46.0655432" lon="11.0988847" />
      <trkpt lat="46.0655426" lon="11.0988748" />
      <trkpt lat="46.0655443" lon="11.0988648" />
      <trkpt lat="46.0655482" lon="11.0988476" />
      <trkpt lat="46.0655613" lon="11.0988108" />
      <trkpt lat="46.0655362" lon="11.0987850" />
      <trkpt lat="46.0655138" lon="11.0987618" />
      <trkpt lat="46.0654875" lon="11.0987260" />
      <trkpt lat="46.0652589" lon="11.0983599" />
      <trkpt lat="46.0650490" lon="11.0980363" />
      <trkpt lat="46.0650045" lon="11.0979043" />
      <trkpt lat="46.0649851" lon="11.0978239" />
      <trkpt lat="46.0649542" lon="11.0976742" />
      <trkpt lat="46.0649520" lon="11.0976640" />
      <trkpt lat="46.0649103" lon="11.0975166" />
      <trkpt lat="46.0648700" lon="11.0973972" />
      <trkpt lat="46.0647783" lon="11.0971979" />
      <trkpt lat="46.0647684" lon="11.0971782" />
      <trkpt lat="46.0646739" lon="11.0969900" />
      <trkpt lat="46.0646225" lon="11.0968931" />
      <trkpt lat="46.0645957" lon="11.0968383" />
      <trkpt lat="46.0645667" lon="11.0967788" />
      <trkpt lat="46.0645507" lon="11.0967384" />
      <trkpt lat="46.0645401" lon="11.0967116" />
      <trkpt lat="46.0645170" lon="11.0966291" />
      <trkpt lat="46.0645095" lon="11.0965696" />
      <trkpt lat="46.0645086" lon="11.0965213" />
      <trkpt lat="46.0644058" lon="11.0964420" />
      <trkpt lat="46.0640838" lon="11.0964354" />
      <trkpt lat="46.0640076" lon="11.0964212" />
      <trkpt lat="46.0639748" lon="11.0963758" />
      <trkpt lat="46.0639456" lon="11.0963334" />
      <trkpt lat="46.0638952" lon="11.0963078" />
      <trkpt lat="46.0638454" lon="11.0962902" />
      <trkpt lat="46.0638165" lon="11.0962862" />
      <trkpt lat="46.0637862" lon="11.0962903" />
      <trkpt lat="46.0637473" lon="11.0963091" />
      <trkpt lat="46.0637181" lon="11.0963384" />
      <trkpt lat="46.0636482" lon="11.0964399" />
      <trkpt lat="46.0636330" lon="11.0964627" />
      <trkpt lat="46.0636165" lon="11.0964922" />
      <trkpt lat="46.0635912" lon="11.0965479" />
      <trkpt lat="46.0633537" lon="11.0964671" />
      <trkpt lat="46.0633450" lon="11.0964574" />
      <trkpt lat="46.0633342" lon="11.0964521" />
      <trkpt lat="46.0633005" lon="11.0964419" />
      <trkpt lat="46.0632728" lon="11.0964340" />
      <trkpt lat="46.0632574" lon="11.0964276" />
      <trkpt lat="46.0632502" lon="11.0964246" />
      <trkpt lat="46.0631555" lon="11.0963738" />
      <trkpt lat="46.0631264" lon="11.0963552" />
      <trkpt lat="46.0630799" lon="11.0963374" />
      <trkpt lat="46.0629276" lon="11.0963363" />
      <trkpt lat="46.0628107" lon="11.0964742" />
      <trkpt lat="46.0627571" lon="11.0965131" />
      <trkpt lat="46.0627374" lon="11.0965210" />
      <trkpt lat="46.0626832" lon="11.0965426" />
      <trkpt lat="46.0626402" lon="11.0965591" />
      <trkpt lat="46.0626045" lon="11.0965710" />
      <trkpt lat="46.0625459" lon="11.0965723" />
      <trkpt lat="46.0625294" lon="11.0965701" />
      <trkpt lat="46.0624676" lon="11.0965677" />
      <trkpt lat="46.0621096" lon="11.0965206" />
      <trkpt lat="46.0620853" lon="11.0965228" />
      <trkpt lat="46.0620648" lon="11.0965303" />
      <trkpt lat="46.0619851" lon="11.0965790" />
      <trkpt lat="46.0619467" lon="11.0965972" />
      <trkpt lat="46.0619296" lon="11.0965987" />
      <trkpt lat="46.0618856" lon="11.0965697" />
      <trkpt lat="46.0617624" lon="11.0964506" />
      <trkpt lat="46.0617106" lon="11.0964000" />
      <trkpt lat="46.0616598" lon="11.0963679" />
      <trkpt lat="46.0615565" lon="11.0963162" />
      <trkpt lat="46.0614582" lon="11.0962928" />
      <trkpt lat="46.0612221" lon="11.0962906" />
      <trkpt lat="46.0609817" lon="11.0962812" />
      <trkpt lat="46.0601704" lon="11.0963080" />
      <trkpt lat="46.0601265" lon="11.0963424" />
      <trkpt lat="46.0600438" lon="11.0964072" />
      <trkpt lat="46.0599251" lon="11.0965633" />
      <trkpt lat="46.0597649" lon="11.0968037" />
      <trkpt lat="46.0595818" lon="11.0971956" />
      <trkpt lat="46.0594241" lon="11.0976035" />
      <trkpt lat="46.0593605" lon="11.0979433" />
      <trkpt lat="46.0593440" lon="11.0981239" />
      <trkpt lat="46.0591876" lon="11.0990480" />
      <trkpt lat="46.0591532" lon="11.0992210" />
      <trkpt lat="46.0591504" lon="11.0993215" />
      <trkpt lat="46.0591550" lon="11.0996085" />
      <trkpt lat="46.0591401" lon="11.0997587" />
      <trkpt lat="46.0591039" lon="11.0998499" />
      <trkpt lat="46.0590332" lon="11.0999473" />
      <trkpt lat="46.0588250" lon="11.1001140" />
      <trkpt lat="46.0587828" lon="11.1001383" />
      <trkpt lat="46.0587409" lon="11.1001343" />
      <trkpt lat="46.0586731" lon="11.1001038" />
      <trkpt lat="46.0586015" lon="11.1000471" />
      <trkpt lat="46.0581020" lon="11.0999002" />
      <trkpt lat="46.0580066" lon="11.0997877" />
      <trkpt lat="46.0579499" lon="11.0998647" />
      <trkpt lat="46.0577945" lon="11.0997815" />
      <trkpt lat="46.0577312" lon="11.0996716" />
      <trkpt lat="46.0576577" lon="11.0995670" />
      <trkpt lat="46.0575832" lon="11.0994301" />
      <trkpt lat="46.0575259" lon="11.0992994" />
      <trkpt lat="46.0574213" lon="11.0992290" />
      <trkpt lat="46.0573431" lon="11.0992464" />
      <trkpt lat="46.0572538" lon="11.0993551" />
      <trkpt lat="46.0571877" lon="11.0994624" />
      <trkpt lat="46.0571179" lon="11.0996622" />
      <trkpt lat="46.0570262" lon="11.0998526" />
      <trkpt lat="46.0569727" lon="11.0999706" />
      <trkpt lat="46.0569280" lon="11.1000431" />
      <trkpt lat="46.0568622" lon="11.1001225" />
      <trkpt lat="46.0568202" lon="11.1001129" />
      <trkpt lat="46.0566554" lon="11.1001731" />
      <trkpt lat="46.0564776" lon="11.1002348" />
      <trkpt lat="46.0563966" lon="11.1003086" />
      <trkpt lat="46.0561826" lon="11.1002938" />
      <trkpt lat="46.0560914" lon="11.1002241" />
      <trkpt lat="46.0559918" lon="11.1002295" />
      <trkpt lat="46.0558950" lon="11.1003260" />
      <trkpt lat="46.0558322" lon="11.1004028" />
      <trkpt lat="46.0557517" lon="11.1004588" />
      <trkpt lat="46.0556474" lon="11.1004561" />
      <trkpt lat="46.0555460" lon="11.1004266" />
      <trkpt lat="46.0550341" lon="11.1005621" />
      <trkpt lat="46.0549122" lon="11.1005661" />
      <trkpt lat="46.0547773" lon="11.1005366" />
      <trkpt lat="46.0546181" lon="11.1005554" />
      <trkpt lat="46.0545223" lon="11.1005500" />
      <trkpt lat="46.0544152" lon="11.1004709" />
      <trkpt lat="46.0543454" lon="11.1003609" />
      <trkpt lat="46.0542440" lon="11.1003166" />
      <trkpt lat="46.0541779" lon="11.1002415" />
      <trkpt lat="46.0539668" lon="11.0999498" />
      <trkpt lat="46.0537456" lon="11.0997620" />
      <trkpt lat="46.0536883" lon="11.0997440" />
      <trkpt lat="46.0536167" lon="11.0997829" />
      <trkpt lat="46.0535243" lon="11.0998316" />
      <trkpt lat="46.0533794" lon="11.0998540" />
      <trkpt lat="46.0532826" lon="11.0998660" />
      <trkpt lat="46.0532016" lon="11.0998338" />
      <trkpt lat="46.0530899" lon="11.0998821" />
      <trkpt lat="46.0529979" lon="11.0999632" />
      <trkpt lat="46.0528740" lon="11.0999545" />
      <trkpt lat="46.0527614" lon="11.1000068" />
      <trkpt lat="46.0526636" lon="11.1000095" />
      <trkpt lat="46.0525687" lon="11.1000404" />
      <trkpt lat="46.0525008" lon="11.1000766" />
      <trkpt lat="46.0524840" lon="11.1001530" />
      <trkpt lat="46.0525194" lon="11.1002281" />
      <trkpt lat="46.0526013" lon="11.1003381" />
      <trkpt lat="46.0526348" lon="11.1004320" />
      <trkpt lat="46.0526393" lon="11.1005678" />
      <trkpt lat="46.0526202" lon="11.1006546" />
      <trkpt lat="46.0526469" lon="11.1007423" />
      <trkpt lat="46.0525363" lon="11.1008377" />
      <trkpt lat="46.0525058" lon="11.1008129" />
      <trkpt lat="46.0524943" lon="11.1008329" />
      <trkpt lat="46.0524104" lon="11.1007299" />
      <trkpt lat="46.0523875" lon="11.1008635" />
      <trkpt lat="46.0522578" lon="11.1008377" />
      <trkpt lat="46.0522540" lon="11.1009254" />
      <trkpt lat="46.0521930" lon="11.1009388" />
      <trkpt lat="46.0521777" lon="11.1009808" />
      <trkpt lat="46.0521930" lon="11.1010704" />
      <trkpt lat="46.0522731" lon="11.1013098" />
      <trkpt lat="46.0523570" lon="11.1013165" />
      <trkpt lat="46.0524859" lon="11.1013359" />
      <trkpt lat="46.0525325" lon="11.1014357" />
      <trkpt lat="46.0524486" lon="11.1014814" />
      <trkpt lat="46.0523453" lon="11.1015773" />
      <trkpt lat="46.0521890" lon="11.1016913" />
      <trkpt lat="46.0521024" lon="11.1017168" />
      <trkpt lat="46.0519814" lon="11.1017194" />
      <trkpt lat="46.0517990" lon="11.1016725" />
      <trkpt lat="46.0517134" lon="11.1015961" />
      <trkpt lat="46.0516054" lon="11.1015692" />
      <trkpt lat="46.0515369" lon="11.1016655" />
      <trkpt lat="46.0514949" lon="11.1017246" />
      <trkpt lat="46.0514644" lon="11.1017122" />
      <trkpt lat="46.0514339" lon="11.1016617" />
      <trkpt lat="46.0514072" lon="11.1015196" />
      <trkpt lat="46.0513576" lon="11.1014328" />
      <trkpt lat="46.0513385" lon="11.1014280" />
      <trkpt lat="46.0513194" lon="11.1015558" />
      <trkpt lat="46.0512508" lon="11.1015272" />
      <trkpt lat="46.0512317" lon="11.1013184" />
      <trkpt lat="46.0511516" lon="11.1013155" />
      <trkpt lat="46.0509151" lon="11.1012049" />
      <trkpt lat="46.0508693" lon="11.1012068" />
      <trkpt lat="46.0507968" lon="11.1011410" />
      <trkpt lat="46.0507396" lon="11.1011496" />
      <trkpt lat="46.0507510" lon="11.1012230" />
      <trkpt lat="46.0507100" lon="11.1012420" />
      <trkpt lat="46.0506404" lon="11.1011906" />
      <trkpt lat="46.0506213" lon="11.1010218" />
      <trkpt lat="46.0505794" lon="11.1010141" />
      <trkpt lat="46.0505946" lon="11.1010656" />
      <trkpt lat="46.0505260" lon="11.1010752" />
      <trkpt lat="46.0504916" lon="11.1011353" />
      <trkpt lat="46.0505639" lon="11.1013077" />
      <trkpt lat="46.0506067" lon="11.1014016" />
      <trkpt lat="46.0505983" lon="11.1015210" />
      <trkpt lat="46.0505025" lon="11.1015236" />
      <trkpt lat="46.0503200" lon="11.1015424" />
      <trkpt lat="46.0502170" lon="11.1015816" />
      <trkpt lat="46.0501395" lon="11.1016336" />
      <trkpt lat="46.0500538" lon="11.1016363" />
      <trkpt lat="46.0499486" lon="11.1016028" />
      <trkpt lat="46.0498174" lon="11.1015679" />
      <trkpt lat="46.0496677" lon="11.1015749" />
      <trkpt lat="46.0496486" lon="11.1015539" />
      <trkpt lat="46.0494846" lon="11.1016397" />
      <trkpt lat="46.0493549" lon="11.1016655" />
      <trkpt lat="46.0491770" lon="11.1017905" />
      <trkpt lat="46.0490058" lon="11.1020333" />
      <trkpt lat="46.0489509" lon="11.1020654" />
      <trkpt lat="46.0488438" lon="11.1020708" />
      <trkpt lat="46.0486797" lon="11.1019363" />
      <trkpt lat="46.0485538" lon="11.1018829" />
      <trkpt lat="46.0484164" lon="11.1017818" />
      <trkpt lat="46.0483554" lon="11.1017084" />
      <trkpt lat="46.0483134" lon="11.1017065" />
      <trkpt lat="46.0483058" lon="11.1018667" />
      <trkpt lat="46.0482947" lon="11.1020558" />
      <trkpt lat="46.0482219" lon="11.1021309" />
      <trkpt lat="46.0479684" lon="11.1023578" />
      <trkpt lat="46.0478800" lon="11.1024380" />
      <trkpt lat="46.0477725" lon="11.1024472" />
      <trkpt lat="46.0476969" lon="11.1024295" />
      <trkpt lat="46.0476185" lon="11.1023907" />
      <trkpt lat="46.0475839" lon="11.1024015" />
      <trkpt lat="46.0475350" lon="11.1024561" />
      <trkpt lat="46.0474570" lon="11.1025311" />
      <trkpt lat="46.0473216" lon="11.1026579" />
      <trkpt lat="46.0472687" lon="11.1027047" />
      <trkpt lat="46.0472047" lon="11.1027481" />
      <trkpt lat="46.0471817" lon="11.1027714" />
      <trkpt lat="46.0471460" lon="11.1028171" />
      <trkpt lat="46.0471283" lon="11.1028661" />
      <trkpt lat="46.0470827" lon="11.1029271" />
      <trkpt lat="46.0470311" lon="11.1029734" />
      <trkpt lat="46.0468598" lon="11.1030914" />
      <trkpt lat="46.0468021" lon="11.1031511" />
      <trkpt lat="46.0467841" lon="11.1031962" />
      <trkpt lat="46.0467695" lon="11.1032329" />
      <trkpt lat="46.0465810" lon="11.1034555" />
      <trkpt lat="46.0464712" lon="11.1035554" />
      <trkpt lat="46.0464209" lon="11.1035889" />
      <trkpt lat="46.0461994" lon="11.1037988" />
      <trkpt lat="46.0460870" lon="11.1039229" />
      <trkpt lat="46.0458256" lon="11.1043228" />
      <trkpt lat="46.0457528" lon="11.1044212" />
      <trkpt lat="46.0456631" lon="11.1045403" />
      <trkpt lat="46.0456295" lon="11.1045694" />
      <trkpt lat="46.0455952" lon="11.1045991" />
      <trkpt lat="46.0455103" lon="11.1046239" />
      <trkpt lat="46.0454408" lon="11.1046538" />
      <trkpt lat="46.0453826" lon="11.1046966" />
      <trkpt lat="46.0452907" lon="11.1047904" />
      <trkpt lat="46.0452792" lon="11.1047979" />
      <trkpt lat="46.0452686" lon="11.1048027" />
      <trkpt lat="46.0452049" lon="11.1048121" />
      <trkpt lat="46.0451413" lon="11.1048202" />
      <trkpt lat="46.0451237" lon="11.1048304" />
      <trkpt lat="46.0451149" lon="11.1048402" />
      <trkpt lat="46.0451088" lon="11.1048512" />
      <trkpt lat="46.0451052" lon="11.1048876" />
      <trkpt lat="46.0450969" lon="11.1049702" />
      <trkpt lat="46.0450894" lon="11.1050470" />
      <trkpt lat="46.0450821" lon="11.1051409" />
      <trkpt lat="46.0450689" lon="11.1052029" />
      <trkpt lat="46.0450735" lon="11.1052456" />
      <trkpt lat="46.0450743" lon="11.1053523" />
      <trkpt lat="46.0450749" lon="11.1054377" />
      <trkpt lat="46.0452170" lon="11.1054183" />
      <trkpt lat="46.0454036" lon="11.1054649" />
      <trkpt lat="46.0455308" lon="11.1055178" />
      <trkpt lat="46.0456392" lon="11.1055945" />
      <trkpt lat="46.0457627" lon="11.1056965" />
      <trkpt lat="46.0458291" lon="11.1057318" />
      <trkpt lat="46.0458888" lon="11.1057508" />
      <trkpt lat="46.0459730" lon="11.1057566" />
      <trkpt lat="46.0459983" lon="11.1057583" />
      <trkpt lat="46.0460999" lon="11.1057594" />
      <trkpt lat="46.0461419" lon="11.1057567" />
      <trkpt lat="46.0462766" lon="11.1057302" />
      <trkpt lat="46.0464008" lon="11.1056936" />
      <trkpt lat="46.0465900" lon="11.1056447" />
      <trkpt lat="46.0466952" lon="11.1056226" />
      <trkpt lat="46.0468332" lon="11.1055849" />
      <trkpt lat="46.0469034" lon="11.1055649" />
      <trkpt lat="46.0469729" lon="11.1055509" />
      <trkpt lat="46.0470351" lon="11.1055438" />
      <trkpt lat="46.0471015" lon="11.1055408" />
      <trkpt lat="46.0471571" lon="11.1055520" />
      <trkpt lat="46.0472056" lon="11.1055736" />
      <trkpt lat="46.0472767" lon="11.1056144" />
      <trkpt lat="46.0474242" lon="11.1057021" />
      <trkpt lat="46.0475554" lon="11.1057880" />
      <trkpt lat="46.0475962" lon="11.1058260" />
      <trkpt lat="46.0476494" lon="11.1058807" />
      <trkpt lat="46.0478651" lon="11.1058768" />
      <trkpt lat="46.0479189" lon="11.1058875" />
      <trkpt lat="46.0479658" lon="11.1059091" />
      <trkpt lat="46.0480142" lon="11.1059318" />
      <trkpt lat="46.0480817" lon="11.1059667" />
      <trkpt lat="46.0481512" lon="11.1060017" />
      <trkpt lat="46.0482875" lon="11.1060548" />
      <trkpt lat="46.0483614" lon="11.1060716" />
      <trkpt lat="46.0484354" lon="11.1060842" />
      <trkpt lat="46.0486053" lon="11.1061047" />
      <trkpt lat="46.0489864" lon="11.1061146" />
      <trkpt lat="46.0492193" lon="11.1060938" />
      <trkpt lat="46.0492708" lon="11.1061029" />
      <trkpt lat="46.0492566" lon="11.1066051" />
      <trkpt lat="46.0492649" lon="11.1066380" />
      <trkpt lat="46.0492834" lon="11.1066563" />
      <trkpt lat="46.0494264" lon="11.1067105" />
      <trkpt lat="46.0494579" lon="11.1067384" />
      <trkpt lat="46.0494786" lon="11.1067724" />
      <trkpt lat="46.0494933" lon="11.1068180" />
      <trkpt lat="46.0494940" lon="11.1068726" />
      <trkpt lat="46.0494907" lon="11.1069329" />
      <trkpt lat="46.0494698" lon="11.1070082" />
      <trkpt lat="46.0494513" lon="11.1070385" />
      <trkpt lat="46.0494318" lon="11.1070645" />
      <trkpt lat="46.0494104" lon="11.1070816" />
      <trkpt lat="46.0493899" lon="11.1070943" />
      <trkpt lat="46.0493039" lon="11.1071160" />
      <trkpt lat="46.0492818" lon="11.1071512" />
      <trkpt lat="46.0492645" lon="11.1072146" />
      <trkpt lat="46.0491656" lon="11.1071786" />
      <trkpt lat="46.0490181" lon="11.1071113" />
      <trkpt lat="46.0488852" lon="11.1070200" />
      <trkpt lat="46.0486129" lon="11.1068985" />
      <trkpt lat="46.0485027" lon="11.1068534" />
      <trkpt lat="46.0483790" lon="11.1067759" />
      <trkpt lat="46.0483185" lon="11.1067300" />
      <trkpt lat="46.0482344" lon="11.1066540" />
      <trkpt lat="46.0481018" lon="11.1065058" />
      <trkpt lat="46.0480113" lon="11.1063977" />
      <trkpt lat="46.0479838" lon="11.1063651" />
      <trkpt lat="46.0478920" lon="11.1062450" />
      <trkpt lat="46.0478146" lon="11.1061372" />
      <trkpt lat="46.0476494" lon="11.1058807" />
      <trkpt lat="46.0475962" lon="11.1058260" />
      <trkpt lat="46.0475554" lon="11.1057880" />
      <trkpt lat="46.0474242" lon="11.1057021" />
      <trkpt lat="46.0472767" lon="11.1056144" />
      <trkpt lat="46.0472056" lon="11.1055736" />
      <trkpt lat="46.0471571" lon="11.1055520" />
      <trkpt lat="46.0471015" lon="11.1055408" />
      <trkpt lat="46.0470351" lon="11.1055438" />
      <trkpt lat="46.0469729" lon="11.1055509" />
      <trkpt lat="46.0469034" lon="11.1055649" />
      <trkpt lat="46.0468332" lon="11.1055849" />
      <trkpt lat="46.0466952" lon="11.1056226" />
      <trkpt lat="46.0465900" lon="11.1056447" />
      <trkpt lat="46.0464008" lon="11.1056936" />
      <trkpt lat="46.0462766" lon="11.1057302" />
      <trkpt lat="46.0461419" lon="11.1057567" />
      <trkpt lat="46.0460999" lon="11.1057594" />
      <trkpt lat="46.0459983" lon="11.1057583" />
      <trkpt lat="46.0459730" lon="11.1057566" />
      <trkpt lat="46.0458888" lon="11.1057508" />
      <trkpt lat="46.0458291" lon="11.1057318" />
      <trkpt lat="46.0457627" lon="11.1056965" />
      <trkpt lat="46.0456392" lon="11.1055945" />
      <trkpt lat="46.0455308" lon="11.1055178" />
      <trkpt lat="46.0455596" lon="11.1054861" />
      <trkpt lat="46.0455758" lon="11.1054687" />
      <trkpt lat="46.0456044" lon="11.1054331" />
      <trkpt lat="46.0456211" lon="11.1054093" />
      <trkpt lat="46.0456485" lon="11.1053649" />
      <trkpt lat="46.0456739" lon="11.1053133" />
      <trkpt lat="46.0456893" lon="11.1052615" />
      <trkpt lat="46.0456947" lon="11.1052126" />
      <trkpt lat="46.0455485" lon="11.1051613" />
      <trkpt lat="46.0453892" lon="11.1050981" />
      <trkpt lat="46.0453587" lon="11.1050835" />
      <trkpt lat="46.0453146" lon="11.1050623" />
      <trkpt lat="46.0452375" lon="11.1050152" />
      <trkpt lat="46.0451854" lon="11.1049984" />
      <trkpt lat="46.0451165" lon="11.1049752" />
      <trkpt lat="46.0450969" lon="11.1049702" />
      <trkpt lat="46.0451052" lon="11.1048876" />
      <trkpt lat="46.0451088" lon="11.1048512" />
      <trkpt lat="46.0451149" lon="11.1048402" />
      <trkpt lat="46.0451237" lon="11.1048304" />
      <trkpt lat="46.0451413" lon="11.1048202" />
      <trkpt lat="46.0452049" lon="11.1048121" />
      <trkpt lat="46.0452686" lon="11.1048027" />
      <trkpt lat="46.0452792" lon="11.1047979" />
      <trkpt lat="46.0452907" lon="11.1047904" />
      <trkpt lat="46.0453826" lon="11.1046966" />
      <trkpt lat="46.0454408" lon="11.1046538" />
      <trkpt lat="46.0455103" lon="11.1046239" />
      <trkpt lat="46.0455952" lon="11.1045991" />
      <trkpt lat="46.0456295" lon="11.1045694" />
      <trkpt lat="46.0456631" lon="11.1045403" />
      <trkpt lat="46.0457528" lon="11.1044212" />
      <trkpt lat="46.0458256" lon="11.1043228" />
      <trkpt lat="46.0458612" lon="11.1040470" />
      <trkpt lat="46.0458670" lon="11.1040017" />
      <trkpt lat="46.0458893" lon="11.1037388" />
      <trkpt lat="46.0459204" lon="11.1035097" />
      <trkpt lat="46.0459505" lon="11.1033356" />
      <trkpt lat="46.0459633" lon="11.1031972" />
      <trkpt lat="46.0459658" lon="11.1030889" />
      <trkpt lat="46.0459525" lon="11.1029730" />
      <trkpt lat="46.0459200" lon="11.1028080" />
      <trkpt lat="46.0458622" lon="11.1026241" />
      <trkpt lat="46.0458263" lon="11.1025586" />
      <trkpt lat="46.0458881" lon="11.1026016" />
      <trkpt lat="46.0461431" lon="11.1027133" />
      <trkpt lat="46.0461772" lon="11.1027278" />
      <trkpt lat="46.0462184" lon="11.1027365" />
      <trkpt lat="46.0462656" lon="11.1027379" />
      <trkpt lat="46.0462958" lon="11.1027365" />
      <trkpt lat="46.0463209" lon="11.1027205" />
      <trkpt lat="46.0465288" lon="11.1025208" />
      <trkpt lat="46.0465570" lon="11.1024875" />
      <trkpt lat="46.0465871" lon="11.1024672" />
      <trkpt lat="46.0466258" lon="11.1024555" />
      <trkpt lat="46.0467287" lon="11.1024469" />
      <trkpt lat="46.0468155" lon="11.1024518" />
      <trkpt lat="46.0468529" lon="11.1024579" />
      <trkpt lat="46.0469014" lon="11.1024677" />
      <trkpt lat="46.0469439" lon="11.1024849" />
      <trkpt lat="46.0470622" lon="11.1025364" />
      <trkpt lat="46.0471098" lon="11.1025646" />
      <trkpt lat="46.0471472" lon="11.1025940" />
      <trkpt lat="46.0471642" lon="11.1026307" />
      <trkpt lat="46.0471779" lon="11.1026834" />
      <trkpt lat="46.0471817" lon="11.1027714" />
      <trkpt lat="46.0472047" lon="11.1027481" />
      <trkpt lat="46.0472687" lon="11.1027047" />
      <trkpt lat="46.0473216" lon="11.1026579" />
      <trkpt lat="46.0474570" lon="11.1025311" />
      <trkpt lat="46.0475350" lon="11.1024561" />
      <trkpt lat="46.0475839" lon="11.1024015" />
      <trkpt lat="46.0476185" lon="11.1023907" />
      <trkpt lat="46.0476969" lon="11.1024295" />
      <trkpt lat="46.0477725" lon="11.1024472" />
      <trkpt lat="46.0478800" lon="11.1024380" />
      <trkpt lat="46.0479684" lon="11.1023578" />
      <trkpt lat="46.0482219" lon="11.1021309" />
      <trkpt lat="46.0482947" lon="11.1020558" />
      <trkpt lat="46.0483058" lon="11.1018667" />
      <trkpt lat="46.0483134" lon="11.1017065" />
      <trkpt lat="46.0483554" lon="11.1017084" />
      <trkpt lat="46.0484164" lon="11.1017818" />
      <trkpt lat="46.0485538" lon="11.1018829" />
      <trkpt lat="46.0486797" lon="11.1019363" />
      <trkpt lat="46.0488438" lon="11.1020708" />
      <trkpt lat="46.0489509" lon="11.1020654" />
      <trkpt lat="46.0490058" lon="11.1020333" />
      <trkpt lat="46.0491770" lon="11.1017905" />
      <trkpt lat="46.0493549" lon="11.1016655" />
      <trkpt lat="46.0494846" lon="11.1016397" />
      <trkpt lat="46.0496486" lon="11.1015539" />
      <trkpt lat="46.0496677" lon="11.1015749" />
      <trkpt lat="46.0498174" lon="11.1015679" />
      <trkpt lat="46.0499486" lon="11.1016028" />
      <trkpt lat="46.0500538" lon="11.1016363" />
      <trkpt lat="46.0501395" lon="11.1016336" />
      <trkpt lat="46.0502170" lon="11.1015816" />
      <trkpt lat="46.0503200" lon="11.1015424" />
      <trkpt lat="46.0505025" lon="11.1015236" />
      <trkpt lat="46.0505983" lon="11.1015210" />
      <trkpt lat="46.0506067" lon="11.1014016" />
      <trkpt lat="46.0505639" lon="11.1013077" />
      <trkpt lat="46.0504916" lon="11.1011353" />
      <trkpt lat="46.0505260" lon="11.1010752" />
      <trkpt lat="46.0505946" lon="11.1010656" />
      <trkpt lat="46.0505794" lon="11.1010141" />
      <trkpt lat="46.0506213" lon="11.1010218" />
      <trkpt lat="46.0506404" lon="11.1011906" />
      <trkpt lat="46.0507100" lon="11.1012420" />
      <trkpt lat="46.0507510" lon="11.1012230" />
      <trkpt lat="46.0507396" lon="11.1011496" />
      <trkpt lat="46.0507968" lon="11.1011410" />
      <trkpt lat="46.0508693" lon="11.1012068" />
      <trkpt lat="46.0509151" lon="11.1012049" />
      <trkpt lat="46.0511516" lon="11.1013155" />
      <trkpt lat="46.0512317" lon="11.1013184" />
      <trkpt lat="46.0512508" lon="11.1015272" />
      <trkpt lat="46.0513194" lon="11.1015558" />
      <trkpt lat="46.0513385" lon="11.1014280" />
      <trkpt lat="46.0513576" lon="11.1014328" />
      <trkpt lat="46.0514072" lon="11.1015196" />
      <trkpt lat="46.0514339" lon="11.1016617" />
      <trkpt lat="46.0514644" lon="11.1017122" />
      <trkpt lat="46.0514949" lon="11.1017246" />
      <trkpt lat="46.0515369" lon="11.1016655" />
      <trkpt lat="46.0516054" lon="11.1015692" />
      <trkpt lat="46.0517134" lon="11.1015961" />
      <trkpt lat="46.0517990" lon="11.1016725" />
      <trkpt lat="46.0519814" lon="11.1017194" />
      <trkpt lat="46.0521024" lon="11.1017168" />
      <trkpt lat="46.0521890" lon="11.1016913" />
      <trkpt lat="46.0523453" lon="11.1015773" />
      <trkpt lat="46.0524486" lon="11.1014814" />
      <trkpt lat="46.0525325" lon="11.1014357" />
      <trkpt lat="46.0524859" lon="11.1013359" />
      <trkpt lat="46.0523570" lon="11.1013165" />
      <trkpt lat="46.0522731" lon="11.1013098" />
      <trkpt lat="46.0521930" lon="11.1010704" />
      <trkpt lat="46.0521777" lon="11.1009808" />
      <trkpt lat="46.0521930" lon="11.1009388" />
      <trkpt lat="46.0522540" lon="11.1009254" />
      <trkpt lat="46.0522578" lon="11.1008377" />
      <trkpt lat="46.0523875" lon="11.1008635" />
      <trkpt lat="46.0524104" lon="11.1007299" />
      <trkpt lat="46.0524943" lon="11.1008329" />
      <trkpt lat="46.0525058" lon="11.1008129" />
      <trkpt lat="46.0525363" lon="11.1008377" />
      <trkpt lat="46.0526469" lon="11.1007423" />
      <trkpt lat="46.0526202" lon="11.1006546" />
      <trkpt lat="46.0526393" lon="11.1005678" />
      <trkpt lat="46.0526348" lon="11.1004320" />
      <trkpt lat="46.0526013" lon="11.1003381" />
      <trkpt lat="46.0525194" lon="11.1002281" />
      <trkpt lat="46.0524840" lon="11.1001530" />
      <trkpt lat="46.0525008" lon="11.1000766" />
      <trkpt lat="46.0525687" lon="11.1000404" />
      <trkpt lat="46.0526636" lon="11.1000095" />
      <trkpt lat="46.0527614" lon="11.1000068" />
      <trkpt lat="46.0528740" lon="11.0999545" />
      <trkpt lat="46.0529979" lon="11.0999632" />
      <trkpt lat="46.0530899" lon="11.0998821" />
      <trkpt lat="46.0532016" lon="11.0998338" />
      <trkpt lat="46.0532826" lon="11.0998660" />
      <trkpt lat="46.0533794" lon="11.0998540" />
      <trkpt lat="46.0535243" lon="11.0998316" />
      <trkpt lat="46.0536167" lon="11.0997829" />
      <trkpt lat="46.0536883" lon="11.0997440" />
      <trkpt lat="46.0537456" lon="11.0997620" />
      <trkpt lat="46.0539668" lon="11.0999498" />
      <trkpt lat="46.0541779" lon="11.1002415" />
      <trkpt lat="46.0542440" lon="11.1003166" />
      <trkpt lat="46.0543454" lon="11.1003609" />
      <trkpt lat="46.0544152" lon="11.1004709" />
      <trkpt lat="46.0545223" lon="11.1005500" />
      <trkpt lat="46.0546181" lon="11.1005554" />
      <trkpt lat="46.0547773" lon="11.1005366" />
      <trkpt lat="46.0549122" lon="11.1005661" />
      <trkpt lat="46.0550341" lon="11.1005621" />
      <trkpt lat="46.0555460" lon="11.1004266" />
      <trkpt lat="46.0556474" lon="11.1004561" />
      <trkpt lat="46.0557517" lon="11.1004588" />
      <trkpt lat="46.0558322" lon="11.1004028" />
      <trkpt lat="46.0558950" lon="11.1003260" />
      <trkpt lat="46.0559918" lon="11.1002295" />
      <trkpt lat="46.0560914" lon="11.1002241" />
      <trkpt lat="46.0561826" lon="11.1002938" />
      <trkpt lat="46.0563966" lon="11.1003086" />
      <trkpt lat="46.0564776" lon="11.1002348" />
      <trkpt lat="46.0566554" lon="11.1001731" />
      <trkpt lat="46.0568202" lon="11.1001129" />
      <trkpt lat="46.0568622" lon="11.1001225" />
      <trkpt lat="46.0569280" lon="11.1000431" />
      <trkpt lat="46.0569727" lon="11.0999706" />
      <trkpt lat="46.0570262" lon="11.0998526" />
      <trkpt lat="46.0571179" lon="11.0996622" />
      <trkpt lat="46.0571877" lon="11.0994624" />
      <trkpt lat="46.0572538" lon="11.0993551" />
      <trkpt lat="46.0573431" lon="11.0992464" />
      <trkpt lat="46.0574213" lon="11.0992290" />
      <trkpt lat="46.0575259" lon="11.0992994" />
      <trkpt lat="46.0575832" lon="11.0994301" />
      <trkpt lat="46.0576577" lon="11.0995670" />
      <trkpt lat="46.0577312" lon="11.0996716" />
      <trkpt lat="46.0577945" lon="11.0997815" />
      <trkpt lat="46.0579499" lon="11.0998647" />
      <trkpt lat="46.0580066" lon="11.0997877" />
      <trkpt lat="46.0581020" lon="11.0999002" />
      <trkpt lat="46.0586015" lon="11.1000471" />
      <trkpt lat="46.0586731" lon="11.1001038" />
      <trkpt lat="46.0587409" lon="11.1001343" />
      <trkpt lat="46.0587828" lon="11.1001383" />
      <trkpt lat="46.0588250" lon="11.1001140" />
      <trkpt lat="46.0590332" lon="11.0999473" />
      <trkpt lat="46.0591039" lon="11.0998499" />
      <trkpt lat="46.0591401" lon="11.0997587" />
      <trkpt lat="46.0591550" lon="11.0996085" />
      <trkpt lat="46.0591504" lon="11.0993215" />
      <trkpt lat="46.0591532" lon="11.0992210" />
      <trkpt lat="46.0591876" lon="11.0990480" />
      <trkpt lat="46.0593440" lon="11.0981239" />
      <trkpt lat="46.0593605" lon="11.0979433" />
      <trkpt lat="46.0594241" lon="11.0976035" />
      <trkpt lat="46.0595818" lon="11.0971956" />
      <trkpt lat="46.0597649" lon="11.0968037" />
      <trkpt lat="46.0599251" lon="11.0965633" />
      <trkpt lat="46.0600438" lon="11.0964072" />
      <trkpt lat="46.0601265" lon="11.0963424" />
      <trkpt lat="46.0598660" lon="11.0963041" />
      <trkpt lat="46.0597404" lon="11.0964583" />
      <trkpt lat="46.0596991" lon="11.0964503" />
      <trkpt lat="46.0596480" lon="11.0964405" />
      <trkpt lat="46.0596138" lon="11.0964274" />
      <trkpt lat="46.0595966" lon="11.0963941" />
      <trkpt lat="46.0595884" lon="11.0963338" />
      <trkpt lat="46.0595884" lon="11.0962585" />
      <trkpt lat="46.0595824" lon="11.0961671" />
      <trkpt lat="46.0595757" lon="11.0960896" />
      <trkpt lat="46.0595608" lon="11.0960165" />
      <trkpt lat="46.0595324" lon="11.0959455" />
      <trkpt lat="46.0594817" lon="11.0958282" />
      <trkpt lat="46.0594189" lon="11.0957004" />
      <trkpt lat="46.0593951" lon="11.0956518" />
      <trkpt lat="46.0593757" lon="11.0956044" />
      <trkpt lat="46.0593709" lon="11.0955815" />
      <trkpt lat="46.0593365" lon="11.0955547" />
      <trkpt lat="46.0592856" lon="11.0955115" />
      <trkpt lat="46.0592669" lon="11.0954508" />
      <trkpt lat="46.0592197" lon="11.0954518" />
      <trkpt lat="46.0592248" lon="11.0953934" />
      <trkpt lat="46.0592239" lon="11.0953552" />
      <trkpt lat="46.0591499" lon="11.0952567" />
      <trkpt lat="46.0592220" lon="11.0950005" />
      <trkpt lat="46.0593095" lon="11.0948811" />
      <trkpt lat="46.0596742" lon="11.0945899" />
      <trkpt lat="46.0599023" lon="11.0944659" />
      <trkpt lat="46.0600399" lon="11.0943789" />
      <trkpt lat="46.0601402" lon="11.0942765" />
      <trkpt lat="46.0601846" lon="11.0942241" />
      <trkpt lat="46.0602282" lon="11.0941214" />
      <trkpt lat="46.0602520" lon="11.0940654" />
      <trkpt lat="46.0602698" lon="11.0939797" />
      <trkpt lat="46.0602723" lon="11.0938862" />
      <trkpt lat="46.0602157" lon="11.0936139" />
      <trkpt lat="46.0601597" lon="11.0932466" />
      <trkpt lat="46.0600753" lon="11.0930554" />
      <trkpt lat="46.0599783" lon="11.0929195" />
      <trkpt lat="46.0598772" lon="11.0927876" />
      <trkpt lat="46.0598643" lon="11.0927640" />
      <trkpt lat="46.0596090" lon="11.0922957" />
      <trkpt lat="46.0595450" lon="11.0921470" />
      <trkpt lat="46.0595032" lon="11.0919021" />
      <trkpt lat="46.0594426" lon="11.0913223" />
      <trkpt lat="46.0593858" lon="11.0909527" />
      <trkpt lat="46.0593739" lon="11.0909238" />
      <trkpt lat="46.0593392" lon="11.0906252" />
      <trkpt lat="46.0593709" lon="11.0905452" />
      <trkpt lat="46.0594946" lon="11.0905835" />
      <trkpt lat="46.0595737" lon="11.0907653" />
      <trkpt lat="46.0596772" lon="11.0909709" />
      <trkpt lat="46.0598664" lon="11.0912649" />
      <trkpt lat="46.0601240" lon="11.0916705" />
      <trkpt lat="46.0602176" lon="11.0918086" />
      <trkpt lat="46.0602461" lon="11.0918476" />
      <trkpt lat="46.0603037" lon="11.0919265" />
      <trkpt lat="46.0603837" lon="11.0919996" />
      <trkpt lat="46.0605233" lon="11.0920467" />
      <trkpt lat="46.0605899" lon="11.0920953" />
      <trkpt lat="46.0607848" lon="11.0922080" />
      <trkpt lat="46.0608806" lon="11.0922307" />
      <trkpt lat="46.0609103" lon="11.0921501" />
      <trkpt lat="46.0609464" lon="11.0920606" />
      <trkpt lat="46.0609858" lon="11.0920098" />
      <trkpt lat="46.0610515" lon="11.0919403" />
      <trkpt lat="46.0611898" lon="11.0918071" />
      <trkpt lat="46.0612436" lon="11.0917809" />
      <trkpt lat="46.0613578" lon="11.0917926" />
      <trkpt lat="46.0614787" lon="11.0917899" />
      <trkpt lat="46.0615978" lon="11.0918194" />
      <trkpt lat="46.0617802" lon="11.0918194" />
      <trkpt lat="46.0621125" lon="11.0917987" />
      <trkpt lat="46.0621636" lon="11.0917443" />
      <trkpt lat="46.0621704" lon="11.0916743" />
      <trkpt lat="46.0621469" lon="11.0916182" />
      <trkpt lat="46.0620929" lon="11.0915995" />
      <trkpt lat="46.0620371" lon="11.0915700" />
      <trkpt lat="46.0619626" lon="11.0915029" />
      <trkpt lat="46.0619031" lon="11.0914788" />
      <trkpt lat="46.0617784" lon="11.0914379" />
      <trkpt lat="46.0616613" lon="11.0913682" />
      <trkpt lat="46.0616410" lon="11.0913159" />
      <trkpt lat="46.0616939" lon="11.0912659" />
      <trkpt lat="46.0617723" lon="11.0912386" />
      <trkpt lat="46.0619940" lon="11.0912099" />
      <trkpt lat="46.0621516" lon="11.0911892" />
      <trkpt lat="46.0623129" lon="11.0911819" />
      <trkpt lat="46.0625316" lon="11.0911736" />
      <trkpt lat="46.0627658" lon="11.0911783" />
      <trkpt lat="46.0629898" lon="11.0911530" />
      <trkpt lat="46.0633901" lon="11.0911866" />
      <trkpt lat="46.0636786" lon="11.0913058" />
      <trkpt lat="46.0639016" lon="11.0913646" />
      <trkpt lat="46.0640930" lon="11.0913721" />
      <trkpt lat="46.0642923" lon="11.0914094" />
      <trkpt lat="46.0644449" lon="11.0914466" />
      <trkpt lat="46.0646467" lon="11.0914951" />
      <trkpt lat="46.0649883" lon="11.0914765" />
      <trkpt lat="46.0651435" lon="11.0914951" />
      <trkpt lat="46.0655113" lon="11.0915220" />
      <trkpt lat="46.0656029" lon="11.0916398" />
      <trkpt lat="46.0657439" lon="11.0916692" />
      <trkpt lat="46.0658620" lon="11.0917410" />
      <trkpt lat="46.0658980" lon="11.0917454" />
      <trkpt lat="46.0659885" lon="11.0917815" />
      <trkpt lat="46.0660983" lon="11.0918136" />
      <trkpt lat="46.0662491" lon="11.0918217" />
      <trkpt lat="46.0663328" lon="11.0918217" />
      <trkpt lat="46.0664500" lon="11.0918351" />
      <trkpt lat="46.0665357" lon="11.0918405" />
      <trkpt lat="46.0666417" lon="11.0918431" />
      <trkpt lat="46.0666994" lon="11.0918405" />
      <trkpt lat="46.0667887" lon="11.0918512" />
      <trkpt lat="46.0668948" lon="11.0919022" />
      <trkpt lat="46.0669246" lon="11.0919638" />
      <trkpt lat="46.0669395" lon="11.0920416" />
      <trkpt lat="46.0670028" lon="11.0920577" />
      <trkpt lat="46.0670567" lon="11.0920738" />
      <trkpt lat="46.0670660" lon="11.0921194" />
      <trkpt lat="46.0670567" lon="11.0921623" />
      <trkpt lat="46.0670121" lon="11.0922455" />
      <trkpt lat="46.0669668" lon="11.0923171" />
      <trkpt lat="46.0669883" lon="11.0923043" />
      <trkpt lat="46.0671669" lon="11.0921365" />
      <trkpt lat="46.0673273" lon="11.0919687" />
      <trkpt lat="46.0676455" lon="11.0917412" />
      <trkpt lat="46.0678551" lon="11.0915622" />
      <trkpt lat="46.0681289" lon="11.0913373" />
      <trkpt lat="46.0683027" lon="11.0911670" />
      <trkpt lat="46.0684967" lon="11.0909395" />
      <trkpt lat="46.0686028" lon="11.0908351" />
      <trkpt lat="46.0687051" lon="11.0907081" />
      <trkpt lat="46.0686016" lon="11.0909340" />
      <trkpt lat="46.0684810" lon="11.0911394" />
      <trkpt lat="46.0684014" lon="11.0913374" />
      <trkpt lat="46.0684079" lon="11.0914141" />
      <trkpt lat="46.0684700" lon="11.0914137" />
      <trkpt lat="46.0689316" lon="11.0912952" />
      <trkpt lat="46.0690308" lon="11.0912828" />
      <trkpt lat="46.0691414" lon="11.0913067" />
      <trkpt lat="46.0691032" lon="11.0914125" />
      <trkpt lat="46.0690498" lon="11.0914631" />
      <trkpt lat="46.0690346" lon="11.0916281" />
      <trkpt lat="46.0689058" lon="11.0917577" />
      <trkpt lat="46.0685041" lon="11.0921377" />
      <trkpt lat="46.0683660" lon="11.0923729" />
      <trkpt lat="46.0682996" lon="11.0924956" />
      <trkpt lat="46.0681735" lon="11.0926527" />
      <trkpt lat="46.0680122" lon="11.0929759" />
      <trkpt lat="46.0679282" lon="11.0931279" />
      <trkpt lat="46.0677787" lon="11.0933433" />
      <trkpt lat="46.0675386" lon="11.0935909" />
      <trkpt lat="46.0673239" lon="11.0939022" />
      <trkpt lat="46.0670591" lon="11.0942320" />
      <trkpt lat="46.0667415" lon="11.0945268" />
      <trkpt lat="46.0666469" lon="11.0945854" />
      <trkpt lat="46.0666274" lon="11.0945879" />
      <trkpt lat="46.0664533" lon="11.0946050" />
      <trkpt lat="46.0663786" lon="11.0946739" />
      <trkpt lat="46.0663241" lon="11.0946870" />
      <trkpt lat="46.0662133" lon="11.0947404" />
      <trkpt lat="46.0661374" lon="11.0948061" />
      <trkpt lat="46.0660895" lon="11.0948661" />
      <trkpt lat="46.0660521" lon="11.0949658" />
      <trkpt lat="46.0660254" lon="11.0950592" />
      <trkpt lat="46.0660046" lon="11.0951529" />
      <trkpt lat="46.0659784" lon="11.0952469" />
      <trkpt lat="46.0659463" lon="11.0953331" />
      <trkpt lat="46.0659182" lon="11.0953832" />
      <trkpt lat="46.0658723" lon="11.0954652" />
      <trkpt lat="46.0658179" lon="11.0955492" />
      <trkpt lat="46.0657650" lon="11.0956107" />
      <trkpt lat="46.0657489" lon="11.0956295" />
      <trkpt lat="46.0656979" lon="11.0956671" />
      <trkpt lat="46.0656851" lon="11.0956766" />
      <trkpt lat="46.0656296" lon="11.0957058" />
      <trkpt lat="46.0655840" lon="11.0957217" />
      <trkpt lat="46.0655077" lon="11.0957383" />
      <trkpt lat="46.0654331" lon="11.0957495" />
      <trkpt lat="46.0653487" lon="11.0957454" />
      <trkpt lat="46.0648892" lon="11.0957229" />
      <trkpt lat="46.0648440" lon="11.0957250" />
      <trkpt lat="46.0647977" lon="11.0957346" />
      <trkpt lat="46.0647604" lon="11.0957474" />
      <trkpt lat="46.0647273" lon="11.0957745" />
      <trkpt lat="46.0646822" lon="11.0958339" />
      <trkpt lat="46.0646528" lon="11.0959031" />
      <trkpt lat="46.0646084" lon="11.0960557" />
      <trkpt lat="46.0645647" lon="11.0962205" />
      <trkpt lat="46.0645554" lon="11.0962557" />
      <trkpt lat="46.0645409" lon="11.0963109" />
      <trkpt lat="46.0645228" lon="11.0963956" />
      <trkpt lat="46.0645129" lon="11.0964479" />
      <trkpt lat="46.0645458" lon="11.0964528" />
      <trkpt lat="46.0645719" lon="11.0964561" />
      <trkpt lat="46.0645891" lon="11.0965265" />
      <trkpt lat="46.0646741" lon="11.0968329" />
      <trkpt lat="46.0646413" lon="11.0968713" />
      <trkpt lat="46.0646225" lon="11.0968931" />
      <trkpt lat="46.0645959" lon="11.0969229" />
      <trkpt lat="46.0646705" lon="11.0970537" />
      <trkpt lat="46.0647286" lon="11.0971804" />
      <trkpt lat="46.0647478" lon="11.0972222" />
      <trkpt lat="46.0647910" lon="11.0973140" />
      <trkpt lat="46.0647971" lon="11.0973318" />
      <trkpt lat="46.0647995" lon="11.0973436" />
      <trkpt lat="46.0648006" lon="11.0973555" />
      <trkpt lat="46.0648002" lon="11.0973653" />
      <trkpt lat="46.0647987" lon="11.0973802" />
      <trkpt lat="46.0647757" lon="11.0974483" />
      <trkpt lat="46.0647701" lon="11.0974562" />
      <trkpt lat="46.0647622" lon="11.0974655" />
      <trkpt lat="46.0647530" lon="11.0974705" />
      <trkpt lat="46.0647413" lon="11.0974716" />
      <trkpt lat="46.0647444" lon="11.0975600" />
      <trkpt lat="46.0647465" lon="11.0976190" />
      <trkpt lat="46.0647946" lon="11.0976141" />
      <trkpt lat="46.0648430" lon="11.0976562" />
      <trkpt lat="46.0648770" lon="11.0976512" />
      <trkpt lat="46.0649196" lon="11.0976809" />
      <trkpt lat="46.0649244" lon="11.0976997" />
      <trkpt lat="46.0649294" lon="11.0977200" />
      <trkpt lat="46.0649504" lon="11.0978269" />
      <trkpt lat="46.0649565" lon="11.0978578" />
      <trkpt lat="46.0649709" lon="11.0979149" />
      <trkpt lat="46.0649816" lon="11.0979490" />
      <trkpt lat="46.0649980" lon="11.0979924" />
      <trkpt lat="46.0650121" lon="11.0980231" />
      <trkpt lat="46.0650350" lon="11.0980682" />
      <trkpt lat="46.0651767" lon="11.0982785" />
      <trkpt lat="46.0651901" lon="11.0982988" />
      <trkpt lat="46.0652172" lon="11.0983471" />
      <trkpt lat="46.0653974" lon="11.0986684" />
      <trkpt lat="46.0654141" lon="11.0987003" />
      <trkpt lat="46.0654324" lon="11.0987431" />
      <trkpt lat="46.0654416" lon="11.0987849" />
      <trkpt lat="46.0654477" lon="11.0988266" />
      <trkpt lat="46.0654499" lon="11.0988859" />
      <trkpt lat="46.0654497" lon="11.0989082" />
      <trkpt lat="46.0654802" lon="11.0989040" />
      <trkpt lat="46.0655188" lon="11.0988222" />
      <trkpt lat="46.0655362" lon="11.0987850" />
      <trkpt lat="46.0655613" lon="11.0988108" />
      <trkpt lat="46.0655759" lon="11.0988200" />
      <trkpt lat="46.0656193" lon="11.0988379" />
      <trkpt lat="46.0657013" lon="11.0988549" />
      <trkpt lat="46.0657735" lon="11.0988495" />
      <trkpt lat="46.0658361" lon="11.0988269" />
      <trkpt lat="46.0658501" lon="11.0988166" />
      <trkpt lat="46.0658708" lon="11.0988013" />
      <trkpt lat="46.0659022" lon="11.0987727" />
      <trkpt lat="46.0659609" lon="11.0986939" />
      <trkpt lat="46.0660731" lon="11.0985141" />
      <trkpt lat="46.0662223" lon="11.0983190" />
      <trkpt lat="46.0664309" lon="11.0981395" />
      <trkpt lat="46.0666347" lon="11.0980065" />
      <trkpt lat="46.0668445" lon="11.0979533" />
      <trkpt lat="46.0670079" lon="11.0978901" />
      <trkpt lat="46.0671433" lon="11.0978055" />
      <trkpt lat="46.0672790" lon="11.0977048" />
      <trkpt lat="46.0674101" lon="11.0975870" />
      <trkpt lat="46.0675630" lon="11.0974332" />
      <trkpt lat="46.0677132" lon="11.0972746" />
      <trkpt lat="46.0678214" lon="11.0970977" />
      <trkpt lat="46.0678958" lon="11.0969290" />
      <trkpt lat="46.0679405" lon="11.0968625" />
      <trkpt lat="46.0679828" lon="11.0968104" />
      <trkpt lat="46.0680078" lon="11.0967842" />
      <trkpt lat="46.0681597" lon="11.0966642" />
      <trkpt lat="46.0683309" lon="11.0965259" />
      <trkpt lat="46.0683495" lon="11.0965133" />
      <trkpt lat="46.0684043" lon="11.0964844" />
      <trkpt lat="46.0684606" lon="11.0964690" />
      <trkpt lat="46.0685446" lon="11.0964607" />
      <trkpt lat="46.0686278" lon="11.0964626" />
      <trkpt lat="46.0687331" lon="11.0964528" />
      <trkpt lat="46.0687930" lon="11.0964246" />
      <trkpt lat="46.0688383" lon="11.0963895" />
      <trkpt lat="46.0688742" lon="11.0963476" />
      <trkpt lat="46.0689059" lon="11.0962922" />
      <trkpt lat="46.0689453" lon="11.0961495" />
      <trkpt lat="46.0690285" lon="11.0958038" />
      <trkpt lat="46.0690617" lon="11.0956981" />
      <trkpt lat="46.0691013" lon="11.0955935" />
      <trkpt lat="46.0691322" lon="11.0955210" />
      <trkpt lat="46.0691654" lon="11.0954486" />
      <trkpt lat="46.0692427" lon="11.0953389" />
      <trkpt lat="46.0693027" lon="11.0952759" />
      <trkpt lat="46.0693341" lon="11.0952520" />
      <trkpt lat="46.0693695" lon="11.0952357" />
      <trkpt lat="46.0696315" lon="11.0951948" />
      <trkpt lat="46.0700044" lon="11.0951516" />
      <trkpt lat="46.0704741" lon="11.0950986" />
      <trkpt lat="46.0707137" lon="11.0950714" />
      <trkpt lat="46.0709215" lon="11.0950476" />
      <trkpt lat="46.0711274" lon="11.0950131" />
      <trkpt lat="46.0711994" lon="11.0949971" />
      <trkpt lat="46.0712301" lon="11.0949768" />
      <trkpt lat="46.0712626" lon="11.0949377" />
      <trkpt lat="46.0715031" lon="11.0945930" />
      <trkpt lat="46.0715668" lon="11.0944946" />
      <trkpt lat="46.0715986" lon="11.0944445" />
      <trkpt lat="46.0716235" lon="11.0943810" />
      <trkpt lat="46.0716301" lon="11.0943115" />
      <trkpt lat="46.0716201" lon="11.0942415" />
      <trkpt lat="46.0716048" lon="11.0941666" />
      <trkpt lat="46.0715903" lon="11.0940929" />
      <trkpt lat="46.0715662" lon="11.0939631" />
      <trkpt lat="46.0715528" lon="11.0938308" />
      <trkpt lat="46.0715507" lon="11.0937431" />
      <trkpt lat="46.0715613" lon="11.0936670" />
      <trkpt lat="46.0715754" lon="11.0936034" />
      <trkpt lat="46.0715978" lon="11.0935345" />
      <trkpt lat="46.0716276" lon="11.0934677" />
      <trkpt lat="46.0716670" lon="11.0934047" />
      <trkpt lat="46.0717046" lon="11.0933659" />
      <trkpt lat="46.0717373" lon="11.0933416" />
      <trkpt lat="46.0717662" lon="11.0933246" />
      <trkpt lat="46.0717998" lon="11.0933157" />
      <trkpt lat="46.0721931" lon="11.0933161" />
      <trkpt lat="46.0722830" lon="11.0933167" />
      <trkpt lat="46.0723823" lon="11.0933226" />
      <trkpt lat="46.0724576" lon="11.0933319" />
      <trkpt lat="46.0725283" lon="11.0933480" />
      <trkpt lat="46.0727881" lon="11.0934231" />
      <trkpt lat="46.0728490" lon="11.0934344" />
      <trkpt lat="46.0729229" lon="11.0934322" />
      <trkpt lat="46.0729896" lon="11.0934241" />
      <trkpt lat="46.0730460" lon="11.0934241" />
      <trkpt lat="46.0730763" lon="11.0934255" />
      <trkpt lat="46.0731075" lon="11.0934363" />
      <trkpt lat="46.0731339" lon="11.0934627" />
      <trkpt lat="46.0731464" lon="11.0934855" />
      <trkpt lat="46.0731566" lon="11.0935133" />
      <trkpt lat="46.0731642" lon="11.0935564" />
      <trkpt lat="46.0731623" lon="11.0935931" />
      <trkpt lat="46.0731514" lon="11.0936250" />
      <trkpt lat="46.0731404" lon="11.0936405" />
      <trkpt lat="46.0731224" lon="11.0936561" />
      <trkpt lat="46.0730995" lon="11.0936679" />
      <trkpt lat="46.0730785" lon="11.0936744" />
      <trkpt lat="46.0730477" lon="11.0936748" />
      <trkpt lat="46.0730159" lon="11.0936671" />
      <trkpt lat="46.0728766" lon="11.0936180" />
      <trkpt lat="46.0727925" lon="11.0935941" />
      <trkpt lat="46.0727347" lon="11.0935754" />
      <trkpt lat="46.0726880" lon="11.0935701" />
      <trkpt lat="46.0724994" lon="11.0935868" />
      <trkpt lat="46.0723687" lon="11.0936251" />
      <trkpt lat="46.0722350" lon="11.0937004" />
      <trkpt lat="46.0721092" lon="11.0938038" />
      <trkpt lat="46.0720649" lon="11.0938673" />
      <trkpt lat="46.0720416" lon="11.0939383" />
      <trkpt lat="46.0720275" lon="11.0940027" />
      <trkpt lat="46.0720181" lon="11.0940798" />
      <trkpt lat="46.0720085" lon="11.0942849" />
      <trkpt lat="46.0720079" lon="11.0945195" />
      <trkpt lat="46.0719969" lon="11.0946121" />
      <trkpt lat="46.0719791" lon="11.0946949" />
      <trkpt lat="46.0719513" lon="11.0947873" />
      <trkpt lat="46.0719064" lon="11.0949026" />
      <trkpt lat="46.0718524" lon="11.0950178" />
      <trkpt lat="46.0717984" lon="11.0951323" />
      <trkpt lat="46.0717031" lon="11.0952966" />
      <trkpt lat="46.0714340" lon="11.0956459" />
      <trkpt lat="46.0713019" lon="11.0957998" />
      <trkpt lat="46.0712225" lon="11.0958898" />
      <trkpt lat="46.0711765" lon="11.0959307" />
      <trkpt lat="46.0711351" lon="11.0959618" />
      <trkpt lat="46.0710268" lon="11.0960383" />
      <trkpt lat="46.0708709" lon="11.0961447" />
      <trkpt lat="46.0707137" lon="11.0962511" />
      <trkpt lat="46.0706401" lon="11.0963145" />
      <trkpt lat="46.0705673" lon="11.0964164" />
      <trkpt lat="46.0705366" lon="11.0964687" />
      <trkpt lat="46.0704499" lon="11.0966111" />
      <trkpt lat="46.0703429" lon="11.0967970" />
      <trkpt lat="46.0702498" lon="11.0969134" />
      <trkpt lat="46.0700918" lon="11.0970979" />
      <trkpt lat="46.0699649" lon="11.0973082" />
      <trkpt lat="46.0698828" lon="11.0975223" />
      <trkpt lat="46.0698445" lon="11.0977551" />
      <trkpt lat="46.0698815" lon="11.0977568" />
      <trkpt lat="46.0699723" lon="11.0977572" />
      <trkpt lat="46.0701109" lon="11.0977713" />
      <trkpt lat="46.0702408" lon="11.0977608" />
      <trkpt lat="46.0703232" lon="11.0977313" />
      <trkpt lat="46.0705014" lon="11.0976207" />
      <trkpt lat="46.0707011" lon="11.0974372" />
      <trkpt lat="46.0708130" lon="11.0973476" />
      <trkpt lat="46.0708965" lon="11.0973109" />
      <trkpt lat="46.0710478" lon="11.0972658" />
      <trkpt lat="46.0711388" lon="11.0972505" />
      <trkpt lat="46.0712261" lon="11.0972620" />
      <trkpt lat="46.0714053" lon="11.0972851" />
      <trkpt lat="46.0714799" lon="11.0972844" />
      <trkpt lat="46.0715446" lon="11.0972757" />
      <trkpt lat="46.0717922" lon="11.0972134" />
      <trkpt lat="46.0720810" lon="11.0970783" />
      <trkpt lat="46.0721749" lon="11.0970719" />
      <trkpt lat="46.0722512" lon="11.0970808" />
      <trkpt lat="46.0725963" lon="11.0970961" />
      <trkpt lat="46.0727494" lon="11.0971079" />
      <trkpt lat="46.0728251" lon="11.0971279" />
      <trkpt lat="46.0731730" lon="11.0972468" />
      <trkpt lat="46.0734514" lon="11.0973257" />
      <trkpt lat="46.0737659" lon="11.0974709" />
      <trkpt lat="46.0739904" lon="11.0976348" />
      <trkpt lat="46.0742465" lon="11.0977462" />
      <trkpt lat="46.0743735" lon="11.0978433" />
      <trkpt lat="46.0744212" lon="11.0978917" />
      <trkpt lat="46.0744850" lon="11.0979667" />
      <trkpt lat="46.0745343" lon="11.0980142" />
      <trkpt lat="46.0745824" lon="11.0980490" />
      <trkpt lat="46.0747803" lon="11.0981722" />
      <trkpt lat="46.0747857" lon="11.0981756" />
      <trkpt lat="46.0747970" lon="11.0981827" />
      <trkpt lat="46.0748164" lon="11.0981915" />
      <trkpt lat="46.0748563" lon="11.0982034" />
      <trkpt lat="46.0748909" lon="11.0982090" />
      <trkpt lat="46.0749306" lon="11.0982090" />
      <trkpt lat="46.0750468" lon="11.0982070" />
      <trkpt lat="46.0751564" lon="11.0982257" />
      <trkpt lat="46.0752306" lon="11.0982303" />
      <trkpt lat="46.0752953" lon="11.0982233" />
      <trkpt lat="46.0754589" lon="11.0981709" />
      <trkpt lat="46.0756033" lon="11.0981184" />
      <trkpt lat="46.0757066" lon="11.0980899" />
      <trkpt lat="46.0757931" lon="11.0980767" />
      <trkpt lat="46.0758378" lon="11.0980712" />
      <trkpt lat="46.0760573" lon="11.0980396" />
      <trkpt lat="46.0761041" lon="11.0980418" />
      <trkpt lat="46.0761268" lon="11.0980519" />
      <trkpt lat="46.0761318" lon="11.0980736" />
      <trkpt lat="46.0760977" lon="11.0980800" />
      <trkpt lat="46.0758871" lon="11.0981321" />
      <trkpt lat="46.0757109" lon="11.0981872" />
      <trkpt lat="46.0755982" lon="11.0982296" />
      <trkpt lat="46.0754797" lon="11.0982762" />
      <trkpt lat="46.0754191" lon="11.0983048" />
      <trkpt lat="46.0754297" lon="11.0983454" />
      <trkpt lat="46.0754391" lon="11.0983677" />
      <trkpt lat="46.0754522" lon="11.0983769" />
      <trkpt lat="46.0754860" lon="11.0983652" />
      <trkpt lat="46.0756207" lon="11.0983036" />
      <trkpt lat="46.0757667" lon="11.0982506" />
      <trkpt lat="46.0758404" lon="11.0982414" />
      <trkpt lat="46.0759956" lon="11.0981951" />
      <trkpt lat="46.0761515" lon="11.0981716" />
      <trkpt lat="46.0763074" lon="11.0981715" />
      <trkpt lat="46.0763647" lon="11.0981809" />
      <trkpt lat="46.0764129" lon="11.0981987" />
      <trkpt lat="46.0764397" lon="11.0982127" />
      <trkpt lat="46.0769427" lon="11.0984686" />
      <trkpt lat="46.0773539" lon="11.0986912" />
      <trkpt lat="46.0773734" lon="11.0987315" />
      <trkpt lat="46.0773669" lon="11.0987811" />
      <trkpt lat="46.0773223" lon="11.0988200" />
      <trkpt lat="46.0765323" lon="11.0991369" />
      <trkpt lat="46.0763124" lon="11.0992154" />
      <trkpt lat="46.0761462" lon="11.0993051" />
      <trkpt lat="46.0759913" lon="11.0994284" />
      <trkpt lat="46.0757139" lon="11.0997798" />
      <trkpt lat="46.0755184" lon="11.1000739" />
      <trkpt lat="46.0754291" lon="11.1002348" />
      <trkpt lat="46.0753942" lon="11.1003389" />
      <trkpt lat="46.0753957" lon="11.1003917" />
      <trkpt lat="46.0754061" lon="11.1004601" />
      <trkpt lat="46.0754244" lon="11.1005272" />
      <trkpt lat="46.0753974" lon="11.1006103" />
      <trkpt lat="46.0752254" lon="11.1007922" />
      <trkpt lat="46.0748654" lon="11.1008552" />
      <trkpt lat="46.0748113" lon="11.1008853" />
      <trkpt lat="46.0751140" lon="11.1010738" />
      <trkpt lat="46.0751873" lon="11.1011067" />
      <trkpt lat="46.0752121" lon="11.1011310" />
      <trkpt lat="46.0752637" lon="11.1012854" />
      <trkpt lat="46.0753014" lon="11.1013797" />
      <trkpt lat="46.0753341" lon="11.1014183" />
      <trkpt lat="46.0753511" lon="11.1014370" />
      <trkpt lat="46.0753556" lon="11.1014268" />
      <trkpt lat="46.0753718" lon="11.1014081" />
      <trkpt lat="46.0753867" lon="11.1013978" />
      <trkpt lat="46.0754022" lon="11.1013913" />
      <trkpt lat="46.0754573" lon="11.1013857" />
      <trkpt lat="46.0754981" lon="11.1013773" />
      <trkpt lat="46.0755325" lon="11.1013605" />
      <trkpt lat="46.0755869" lon="11.1013147" />
      <trkpt lat="46.0756322" lon="11.1012755" />
      <trkpt lat="46.0756834" lon="11.1012278" />
      <trkpt lat="46.0757277" lon="11.1011750" />
      <trkpt lat="46.0757565" lon="11.1011508" />
      <trkpt lat="46.0758747" lon="11.1010328" />
      <trkpt lat="46.0759947" lon="11.1009165" />
      <trkpt lat="46.0761019" lon="11.1008122" />
      <trkpt lat="46.0761364" lon="11.1007829" />
      <trkpt lat="46.0761610" lon="11.1007694" />
      <trkpt lat="46.0761830" lon="11.1007660" />
      <trkpt lat="46.0762132" lon="11.1007824" />
      <trkpt lat="46.0761648" lon="11.1008993" />
      <trkpt lat="46.0757707" lon="11.1017405" />
      <trkpt lat="46.0756373" lon="11.1020427" />
      <trkpt lat="46.0756215" lon="11.1020786" />
      <trkpt lat="46.0755729" lon="11.1021560" />
      <trkpt lat="46.0755325" lon="11.1022082" />
      <trkpt lat="46.0754949" lon="11.1022410" />
      <trkpt lat="46.0754686" lon="11.1022577" />
      <trkpt lat="46.0754252" lon="11.1022851" />
      <trkpt lat="46.0753920" lon="11.1022937" />
      <trkpt lat="46.0753563" lon="11.1022910" />
      <trkpt lat="46.0753308" lon="11.1022802" />
      <trkpt lat="46.0752875" lon="11.1022527" />
      <trkpt lat="46.0752403" lon="11.1022009" />
      <trkpt lat="46.0750429" lon="11.1019263" />
      <trkpt lat="46.0750194" lon="11.1019050" />
      <trkpt lat="46.0750083" lon="11.1018974" />
      <trkpt lat="46.0749903" lon="11.1018917" />
      <trkpt lat="46.0749712" lon="11.1018938" />
      <trkpt lat="46.0749463" lon="11.1019031" />
      <trkpt lat="46.0748999" lon="11.1019379" />
      <trkpt lat="46.0748201" lon="11.1020348" />
      <trkpt lat="46.0747278" lon="11.1021692" />
      <trkpt lat="46.0746356" lon="11.1023305" />
      <trkpt lat="46.0745902" lon="11.1024447" />
      <trkpt lat="46.0745467" lon="11.1025871" />
      <trkpt lat="46.0743109" lon="11.1036012" />
      <trkpt lat="46.0742878" lon="11.1036991" />
      <trkpt lat="46.0742611" lon="11.1037864" />
      <trkpt lat="46.0742357" lon="11.1038350" />
      <trkpt lat="46.0742065" lon="11.1038756" />
      <trkpt lat="46.0740049" lon="11.1041204" />
      <trkpt lat="46.0738863" lon="11.1042657" />
      <trkpt lat="46.0737878" lon="11.1044088" />
      <trkpt lat="46.0737195" lon="11.1045304" />
      <trkpt lat="46.0737015" lon="11.1045622" />
      <trkpt lat="46.0736455" lon="11.1047063" />
      <trkpt lat="46.0736047" lon="11.1048427" />
      <trkpt lat="46.0734166" lon="11.1054688" />
      <trkpt lat="46.0734423" lon="11.1054859" />
      <trkpt lat="46.0735312" lon="11.1054870" />
      <trkpt lat="46.0736408" lon="11.1054310" />
      <trkpt lat="46.0737329" lon="11.1053846" />
      <trkpt lat="46.0738324" lon="11.1053276" />
      <trkpt lat="46.0739255" lon="11.1052638" />
      <trkpt lat="46.0739613" lon="11.1052470" />
      <trkpt lat="46.0739906" lon="11.1052409" />
      <trkpt lat="46.0740242" lon="11.1052531" />
      <trkpt lat="46.0740575" lon="11.1052852" />
      <trkpt lat="46.0740809" lon="11.1053117" />
      <trkpt lat="46.0741043" lon="11.1053440" />
      <trkpt lat="46.0741244" lon="11.1053899" />
      <trkpt lat="46.0741427" lon="11.1054406" />
      <trkpt lat="46.0742974" lon="11.1058320" />
      <trkpt lat="46.0744728" lon="11.1063251" />
      <trkpt lat="46.0744036" lon="11.1064331" />
      <trkpt lat="46.0743430" lon="11.1064951" />
      <trkpt lat="46.0742953" lon="11.1065304" />
      <trkpt lat="46.0742499" lon="11.1065600" />
      <trkpt lat="46.0742045" lon="11.1065789" />
      <trkpt lat="46.0741302" lon="11.1066046" />
      <trkpt lat="46.0739311" lon="11.1066734" />
      <trkpt lat="46.0737678" lon="11.1067322" />
      <trkpt lat="46.0734734" lon="11.1068471" />
      <trkpt lat="46.0731905" lon="11.1069631" />
      <trkpt lat="46.0731747" lon="11.1068677" />
      <trkpt lat="46.0729362" lon="11.1069375" />
      <trkpt lat="46.0729202" lon="11.1069509" />
      <trkpt lat="46.0729069" lon="11.1069711" />
      <trkpt lat="46.0728983" lon="11.1070068" />
      <trkpt lat="46.0728896" lon="11.1070900" />
      <trkpt lat="46.0728855" lon="11.1072382" />
      <trkpt lat="46.0728769" lon="11.1072875" />
      <trkpt lat="46.0728596" lon="11.1073203" />
      <trkpt lat="46.0728214" lon="11.1073759" />
      <trkpt lat="46.0728078" lon="11.1073899" />
      <trkpt lat="46.0728102" lon="11.1074116" />
      <trkpt lat="46.0728651" lon="11.1074387" />
      <trkpt lat="46.0728283" lon="11.1075079" />
      <trkpt lat="46.0728317" lon="11.1075393" />
      <trkpt lat="46.0728385" lon="11.1075590" />
      <trkpt lat="46.0728490" lon="11.1075747" />
      <trkpt lat="46.0728674" lon="11.1075960" />
      <trkpt lat="46.0728850" lon="11.1075829" />
      <trkpt lat="46.0729323" lon="11.1075476" />
      <trkpt lat="46.0730084" lon="11.1075045" />
      <trkpt lat="46.0732338" lon="11.1073935" />
      <trkpt lat="46.0734077" lon="11.1073276" />
      <trkpt lat="46.0735984" lon="11.1072671" />
      <trkpt lat="46.0738991" lon="11.1071802" />
      <trkpt lat="46.0741158" lon="11.1072007" />
      <trkpt lat="46.0741882" lon="11.1072052" />
      <trkpt lat="46.0741901" lon="11.1071702" />
      <trkpt lat="46.0741943" lon="11.1071561" />
      <trkpt lat="46.0742004" lon="11.1071507" />
      <trkpt lat="46.0742129" lon="11.1071474" />
      <trkpt lat="46.0743013" lon="11.1071333" />
      <trkpt lat="46.0743278" lon="11.1071286" />
      <trkpt lat="46.0743446" lon="11.1071259" />
      <trkpt lat="46.0743604" lon="11.1071252" />
      <trkpt lat="46.0743748" lon="11.1071252" />
      <trkpt lat="46.0743911" lon="11.1071286" />
      <trkpt lat="46.0744050" lon="11.1071320" />
      <trkpt lat="46.0744213" lon="11.1071407" />
      <trkpt lat="46.0744432" lon="11.1071574" />
      <trkpt lat="46.0744683" lon="11.1071816" />
      <trkpt lat="46.0744942" lon="11.1072158" />
      <trkpt lat="46.0746169" lon="11.1074458" />
      <trkpt lat="46.0746520" lon="11.1074333" />
      <trkpt lat="46.0747035" lon="11.1074149" />
      <trkpt lat="46.0747350" lon="11.1075129" />
      <trkpt lat="46.0747583" lon="11.1075879" />
      <trkpt lat="46.0747826" lon="11.1076670" />
      <trkpt lat="46.0748058" lon="11.1077167" />
      <trkpt lat="46.0748226" lon="11.1077543" />
      <trkpt lat="46.0748479" lon="11.1078192" />
      <trkpt lat="46.0748694" lon="11.1078579" />
      <trkpt lat="46.0748891" lon="11.1078796" />
      <trkpt lat="46.0749067" lon="11.1078969" />
      <trkpt lat="46.0749270" lon="11.1079124" />
      <trkpt lat="46.0749457" lon="11.1079211" />
      <trkpt lat="46.0749666" lon="11.1079263" />
      <trkpt lat="46.0749871" lon="11.1079302" />
      <trkpt lat="46.0750098" lon="11.1079301" />
      <trkpt lat="46.0750317" lon="11.1079174" />
      <trkpt lat="46.0750558" lon="11.1079055" />
      <trkpt lat="46.0750747" lon="11.1078803" />
      <trkpt lat="46.0750942" lon="11.1078562" />
      <trkpt lat="46.0751119" lon="11.1078280" />
      <trkpt lat="46.0751398" lon="11.1077864" />
      <trkpt lat="46.0751760" lon="11.1077230" />
      <trkpt lat="46.0752003" lon="11.1076805" />
      <trkpt lat="46.0752358" lon="11.1077233" />
      <trkpt lat="46.0752667" lon="11.1077605" />
      <trkpt lat="46.0752422" lon="11.1078244" />
      <trkpt lat="46.0754014" lon="11.1078394" />
      <trkpt lat="46.0754010" lon="11.1078515" />
      <trkpt lat="46.0754034" lon="11.1078631" />
      <trkpt lat="46.0754083" lon="11.1078729" />
      <trkpt lat="46.0754151" lon="11.1078801" />
      <trkpt lat="46.0754233" lon="11.1078837" />
      <trkpt lat="46.0754044" lon="11.1081966" />
      <trkpt lat="46.0754002" lon="11.1082665" />
      <trkpt lat="46.0755915" lon="11.1082840" />
      <trkpt lat="46.0755919" lon="11.1083175" />
      <trkpt lat="46.0755923" lon="11.1084073" />
      <trkpt lat="46.0755924" lon="11.1084454" />
      <trkpt lat="46.0755488" lon="11.1084435" />
      <trkpt lat="46.0755472" lon="11.1086090" />
      <trkpt lat="46.0755435" lon="11.1088402" />
      <trkpt lat="46.0755409" lon="11.1090352" />
      <trkpt lat="46.0754425" lon="11.1090409" />
      <trkpt lat="46.0754461" lon="11.1091520" />
      <trkpt lat="46.0754527" lon="11.1093562" />
      <trkpt lat="46.0754597" lon="11.1095794" />
      <trkpt lat="46.0752654" lon="11.1095975" />
      <trkpt lat="46.0751466" lon="11.1096704" />
      <trkpt lat="46.0750678" lon="11.1097455" />
      <trkpt lat="46.0750351" lon="11.1097998" />
      <trkpt lat="46.0750098" lon="11.1098648" />
      <trkpt lat="46.0749977" lon="11.1099065" />
      <trkpt lat="46.0749874" lon="11.1099670" />
      <trkpt lat="46.0749725" lon="11.1101647" />
      <trkpt lat="46.0749675" lon="11.1102344" />
      <trkpt lat="46.0749568" lon="11.1102786" />
      <trkpt lat="46.0749208" lon="11.1103402" />
      <trkpt lat="46.0749184" lon="11.1106646" />
      <trkpt lat="46.0749211" lon="11.1107384" />
      <trkpt lat="46.0749286" lon="11.1109429" />
      <trkpt lat="46.0749321" lon="11.1109999" />
      <trkpt lat="46.0748882" lon="11.1109999" />
      <trkpt lat="46.0748845" lon="11.1111467" />
      <trkpt lat="46.0748761" lon="11.1112634" />
      <trkpt lat="46.0748668" lon="11.1113680" />
      <trkpt lat="46.0748547" lon="11.1114618" />
      <trkpt lat="46.0748380" lon="11.1115584" />
      <trkpt lat="46.0748250" lon="11.1116233" />
      <trkpt lat="46.0748708" lon="11.1116491" />
      <trkpt lat="46.0748261" lon="11.1117896" />
      <trkpt lat="46.0747878" lon="11.1119541" />
      <trkpt lat="46.0747584" lon="11.1121259" />
      <trkpt lat="46.0747447" lon="11.1122221" />
      <trkpt lat="46.0746839" lon="11.1126392" />
      <trkpt lat="46.0746306" lon="11.1130853" />
      <trkpt lat="46.0745956" lon="11.1132796" />
      <trkpt lat="46.0745492" lon="11.1134686" />
      <trkpt lat="46.0745407" lon="11.1135033" />
      <trkpt lat="46.0745179" lon="11.1135539" />
      <trkpt lat="46.0744087" lon="11.1138053" />
      <trkpt lat="46.0744508" lon="11.1138037" />
      <trkpt lat="46.0744319" lon="11.1138418" />
      <trkpt lat="46.0744213" lon="11.1138630" />
      <trkpt lat="46.0743627" lon="11.1139898" />
      <trkpt lat="46.0743337" lon="11.1140401" />
      <trkpt lat="46.0742711" lon="11.1141476" />
      <trkpt lat="46.0742485" lon="11.1141802" />
      <trkpt lat="46.0741613" lon="11.1142768" />
      <trkpt lat="46.0740698" lon="11.1143674" />
      <trkpt lat="46.0739644" lon="11.1144472" />
      <trkpt lat="46.0739329" lon="11.1144737" />
      <trkpt lat="46.0738359" lon="11.1145444" />
      <trkpt lat="46.0738211" lon="11.1145531" />
      <trkpt lat="46.0736995" lon="11.1146214" />
      <trkpt lat="46.0735399" lon="11.1146939" />
      <trkpt lat="46.0734409" lon="11.1147375" />
      <trkpt lat="46.0733209" lon="11.1148073" />
      <trkpt lat="46.0732764" lon="11.1148142" />
      <trkpt lat="46.0732735" lon="11.1147777" />
      <trkpt lat="46.0732198" lon="11.1147888" />
      <trkpt lat="46.0729125" lon="11.1148105" />
      <trkpt lat="46.0728046" lon="11.1148168" />
      <trkpt lat="46.0726695" lon="11.1148299" />
      <trkpt lat="46.0726402" lon="11.1148331" />
      <trkpt lat="46.0723894" lon="11.1148627" />
      <trkpt lat="46.0723769" lon="11.1148644" />
      <trkpt lat="46.0722597" lon="11.1148795" />
      <trkpt lat="46.0722020" lon="11.1148889" />
      <trkpt lat="46.0720992" lon="11.1149019" />
      <trkpt lat="46.0719889" lon="11.1149170" />
      <trkpt lat="46.0718069" lon="11.1149429" />
      <trkpt lat="46.0717453" lon="11.1149588" />
      <trkpt lat="46.0717718" lon="11.1150156" />
      <trkpt lat="46.0718305" lon="11.1151510" />
      <trkpt lat="46.0718098" lon="11.1152261" />
      <trkpt lat="46.0716777" lon="11.1151800" />
      <trkpt lat="46.0716701" lon="11.1152371" />
      <trkpt lat="46.0715462" lon="11.1151968" />
      <trkpt lat="46.0714778" lon="11.1151767" />
      <trkpt lat="46.0714751" lon="11.1151881" />
      <trkpt lat="46.0714713" lon="11.1152069" />
      <trkpt lat="46.0712489" lon="11.1150973" />
      <trkpt lat="46.0711800" lon="11.1150634" />
      <trkpt lat="46.0711622" lon="11.1150542" />
      <trkpt lat="46.0709446" lon="11.1149414" />
      <trkpt lat="46.0708185" lon="11.1148581" />
      <trkpt lat="46.0707959" lon="11.1148434" />
      <trkpt lat="46.0708009" lon="11.1148281" />
      <trkpt lat="46.0708045" lon="11.1148160" />
      <trkpt lat="46.0708171" lon="11.1147747" />
      <trkpt lat="46.0708319" lon="11.1147234" />
      <trkpt lat="46.0706094" lon="11.1145490" />
      <trkpt lat="46.0705843" lon="11.1145160" />
      <trkpt lat="46.0705662" lon="11.1144787" />
      <trkpt lat="46.0705372" lon="11.1145196" />
      <trkpt lat="46.0705116" lon="11.1145755" />
      <trkpt lat="46.0704564" lon="11.1145311" />
      <trkpt lat="46.0703770" lon="11.1144800" />
      <trkpt lat="46.0703535" lon="11.1144784" />
      <trkpt lat="46.0703420" lon="11.1144768" />
      <trkpt lat="46.0703300" lon="11.1144739" />
      <trkpt lat="46.0702894" lon="11.1144548" />
      <trkpt lat="46.0702508" lon="11.1144356" />
      <trkpt lat="46.0702467" lon="11.1144529" />
      <trkpt lat="46.0699151" lon="11.1156990" />
      <trkpt lat="46.0698998" lon="11.1157127" />
      <trkpt lat="46.0698507" lon="11.1157710" />
      <trkpt lat="46.0697948" lon="11.1158159" />
      <trkpt lat="46.0697290" lon="11.1158495" />
      <trkpt lat="46.0696957" lon="11.1158516" />
      <trkpt lat="46.0696409" lon="11.1158489" />
      <trkpt lat="46.0696120" lon="11.1158421" />
      <trkpt lat="46.0695555" lon="11.1157924" />
      <trkpt lat="46.0694630" lon="11.1156868" />
      <trkpt lat="46.0694235" lon="11.1157469" />
      <trkpt lat="46.0693849" lon="11.1158089" />
      <trkpt lat="46.0694825" lon="11.1159653" />
      <trkpt lat="46.0695837" lon="11.1160774" />
      <trkpt lat="46.0696531" lon="11.1161456" />
      <trkpt lat="46.0698035" lon="11.1162762" />
      <trkpt lat="46.0699295" lon="11.1163939" />
      <trkpt lat="46.0699495" lon="11.1164167" />
      <trkpt lat="46.0699884" lon="11.1163713" />
      <trkpt lat="46.0700203" lon="11.1163341" />
      <trkpt lat="46.0700363" lon="11.1163380" />
      <trkpt lat="46.0701001" lon="11.1163371" />
      <trkpt lat="46.0701090" lon="11.1163383" />
      <trkpt lat="46.0701450" lon="11.1163432" />
      <trkpt lat="46.0701808" lon="11.1163636" />
      <trkpt lat="46.0702254" lon="11.1164238" />
      <trkpt lat="46.0703886" lon="11.1166767" />
      <trkpt lat="46.0703747" lon="11.1168007" />
      <trkpt lat="46.0703575" lon="11.1168896" />
      <trkpt lat="46.0703473" lon="11.1169586" />
      <trkpt lat="46.0703477" lon="11.1170434" />
      <trkpt lat="46.0703201" lon="11.1171936" />
      <trkpt lat="46.0703117" lon="11.1172218" />
      <trkpt lat="46.0703069" lon="11.1172369" />
      <trkpt lat="46.0702660" lon="11.1173628" />
      <trkpt lat="46.0701678" lon="11.1176586" />
      <trkpt lat="46.0701430" lon="11.1177348" />
      <trkpt lat="46.0701345" lon="11.1177694" />
      <trkpt lat="46.0701270" lon="11.1178031" />
      <trkpt lat="46.0701217" lon="11.1178469" />
      <trkpt lat="46.0701209" lon="11.1178944" />
      <trkpt lat="46.0701293" lon="11.1179819" />
      <trkpt lat="46.0705455" lon="11.1194189" />
      <trkpt lat="46.0705636" lon="11.1194654" />
      <trkpt lat="46.0705619" lon="11.1195372" />
      <trkpt lat="46.0705336" lon="11.1195841" />
      <trkpt lat="46.0704864" lon="11.1195912" />
      <trkpt lat="46.0704607" lon="11.1195907" />
      <trkpt lat="46.0704113" lon="11.1195552" />
      <trkpt lat="46.0703355" lon="11.1195009" />
      <trkpt lat="46.0702985" lon="11.1195474" />
      <trkpt lat="46.0702469" lon="11.1195768" />
      <trkpt lat="46.0701692" lon="11.1195634" />
      <trkpt lat="46.0701361" lon="11.1195172" />
      <trkpt lat="46.0700688" lon="11.1195498" />
      <trkpt lat="46.0700153" lon="11.1195757" />
      <trkpt lat="46.0700221" lon="11.1196829" />
      <trkpt lat="46.0699981" lon="11.1197027" />
      <trkpt lat="46.0699049" lon="11.1197056" />
      <trkpt lat="46.0695787" lon="11.1198028" />
      <trkpt lat="46.0695493" lon="11.1198090" />
      <trkpt lat="46.0695220" lon="11.1198116" />
      <trkpt lat="46.0694763" lon="11.1198434" />
      <trkpt lat="46.0693982" lon="11.1198734" />
      <trkpt lat="46.0692352" lon="11.1199271" />
      <trkpt lat="46.0691667" lon="11.1199367" />
      <trkpt lat="46.0691086" lon="11.1199380" />
      <trkpt lat="46.0690484" lon="11.1199429" />
      <trkpt lat="46.0689900" lon="11.1199487" />
      <trkpt lat="46.0688928" lon="11.1199633" />
      <trkpt lat="46.0688785" lon="11.1199652" />
      <trkpt lat="46.0688503" lon="11.1199666" />
      <trkpt lat="46.0688097" lon="11.1199685" />
      <trkpt lat="46.0687784" lon="11.1199700" />
      <trkpt lat="46.0687688" lon="11.1199699" />
      <trkpt lat="46.0687055" lon="11.1199855" />
      <trkpt lat="46.0686285" lon="11.1199921" />
      <trkpt lat="46.0685273" lon="11.1200042" />
      <trkpt lat="46.0684776" lon="11.1200039" />
      <trkpt lat="46.0684504" lon="11.1200865" />
      <trkpt lat="46.0683846" lon="11.1201435" />
      <trkpt lat="46.0682945" lon="11.1202664" />
      <trkpt lat="46.0681669" lon="11.1204445" />
      <trkpt lat="46.0681018" lon="11.1205393" />
      <trkpt lat="46.0679032" lon="11.1207116" />
      <trkpt lat="46.0678457" lon="11.1207672" />
      <trkpt lat="46.0678148" lon="11.1207864" />
      <trkpt lat="46.0677393" lon="11.1208327" />
      <trkpt lat="46.0676386" lon="11.1208917" />
      <trkpt lat="46.0675759" lon="11.1209222" />
      <trkpt lat="46.0674358" lon="11.1209903" />
      <trkpt lat="46.0673165" lon="11.1210193" />
      <trkpt lat="46.0670745" lon="11.1210291" />
      <trkpt lat="46.0670730" lon="11.1209842" />
      <trkpt lat="46.0670637" lon="11.1207156" />
      <trkpt lat="46.0670289" lon="11.1205458" />
      <trkpt lat="46.0668249" lon="11.1206182" />
      <trkpt lat="46.0668711" lon="11.1210492" />
    </trkseg>
  </trk>
</gpx>
