<?xml version="1.0" encoding="UTF-8"?>
<gpx xmlns="http://www.topografix.com/GPX/1/1" version="1.1" creator="ShapeRoute route-engine">
  <metadata>
    <name>circle 5 km · 2026-09-22</name>
    <author>
      <name>ShapeRoute route-engine</name>
    </author>
    <time>2026-09-22T19:28:07Z</time>
  </metadata>
  <trk>
    <name>circle 5 km · 2026-09-22</name>
    <trkseg>
      <trkpt lat="46.0668711" lon="11.1210492" />
      <trkpt lat="46.0668249" lon="11.1206182" />
      <trkpt lat="46.0670289" lon="11.1205458" />
      <trkpt lat="46.0670637" lon="11.1207156" />
      <trkpt lat="46.0670730" lon="11.1209842" />
      <trkpt lat="46.0670745" lon="11.1210291" />
      <trkpt lat="46.0673165" lon="11.1210193" />
      <trkpt lat="46.0674358" lon="11.1209903" />
      <trkpt lat="46.0675759" lon="11.1209222" />
      <trkpt lat="46.0676386" lon="11.1208917" />
      <trkpt lat="46.0677393" lon="11.1208327" />
      <trkpt lat="46.0678148" lon="11.1207864" />
      <trkpt lat="46.0678457" lon="11.1207672" />
      <trkpt lat="46.0679032" lon="11.1207116" />
      <trkpt lat="46.0681018" lon="11.1205393" />
      <trkpt lat="46.0681669" lon="11.1204445" />
      <trkpt lat="46.0682945" lon="11.1202664" />
      <trkpt lat="46.0683846" lon="11.1201435" />
      <trkpt lat="46.0684504" lon="11.1200865" />
      <trkpt lat="46.0684776" lon="11.1200039" />
      <trkpt lat="46.0685273" lon="11.1200042" />
      <trkpt lat="46.0685313" lon="11.1200706" />
      <trkpt lat="46.0686910" lon="11.1200385" />
      <trkpt lat="46.0686922" lon="11.1200685" />
      <trkpt lat="46.0684801" lon="11.1201221" />
      <trkpt lat="46.0684033" lon="11.1201948" />
      <trkpt lat="46.0684108" lon="11.1202377" />
      <trkpt lat="46.0681614" lon="11.1205301" />
      <trkpt lat="46.0680491" lon="11.1206378" />
      <trkpt lat="46.0679158" lon="11.1207701" />
      <trkpt lat="46.0677967" lon="11.1208452" />
      <trkpt lat="46.0676946" lon="11.1209139" />
      <trkpt lat="46.0676984" lon="11.1209260" />
      <trkpt lat="46.0677134" lon="11.1209889" />
      <trkpt lat="46.0677248" lon="11.1210895" />
      <trkpt lat="46.0677350" lon="11.1212207" />
      <trkpt lat="46.0677480" lon="11.1213582" />
      <trkpt lat="46.0677493" lon="11.1213735" />
      <trkpt lat="46.0681439" lon="11.1213200" />
      <trkpt lat="46.0682611" lon="11.1213011" />
      <trkpt lat="46.0684364" lon="11.1212718" />
      <trkpt lat="46.0688387" lon="11.1211858" />
      <trkpt lat="46.0688409" lon="11.1212316" />
      <trkpt lat="46.0688448" lon="11.1212725" />
      <trkpt lat="46.0690418" lon="11.1212454" />
      <trkpt lat="46.0690374" lon="11.1212082" />
      <trkpt lat="46.0690418" lon="11.1212454" />
      <trkpt lat="46.0688448" lon="11.1212725" />
      <trkpt lat="46.0688409" lon="11.1212316" />
      <trkpt lat="46.0688387" lon="11.1211858" />
      <trkpt lat="46.0689347" lon="11.1211696" />
      <trkpt lat="46.0690379" lon="11.1211537" />
      <trkpt lat="46.0696455" lon="11.1211148" />
      <trkpt lat="46.0696073" lon="11.1206481" />
      <trkpt lat="46.0695646" lon="11.1203360" />
      <trkpt lat="46.0695830" lon="11.1203314" />
      <trkpt lat="46.0695646" lon="11.1203360" />
      <trkpt lat="46.0694938" lon="11.1199011" />
      <trkpt lat="46.0691868" lon="11.1200084" />
      <trkpt lat="46.0689783" lon="11.1200338" />
      <trkpt lat="46.0688309" lon="11.1200486" />
      <trkpt lat="46.0687820" lon="11.1200553" />
      <trkpt lat="46.0687373" lon="11.1200593" />
      <trkpt lat="46.0686922" lon="11.1200685" />
      <trkpt lat="46.0686910" lon="11.1200385" />
      <trkpt lat="46.0685313" lon="11.1200706" />
      <trkpt lat="46.0685273" lon="11.1200042" />
      <trkpt lat="46.0686285" lon="11.1199921" />
      <trkpt lat="46.0687055" lon="11.1199855" />
      <trkpt lat="46.0687688" lon="11.1199699" />
      <trkpt lat="46.0687784" lon="11.1199700" />
      <trkpt lat="46.0688097" lon="11.1199685" />
      <trkpt lat="46.0688503" lon="11.1199666" />
      <trkpt lat="46.0688785" lon="11.1199652" />
      <trkpt lat="46.0688928" lon="11.1199633" />
      <trkpt lat="46.0689900" lon="11.1199487" />
      <trkpt lat="46.0690484" lon="11.1199429" />
      <trkpt lat="46.0691086" lon="11.1199380" />
      <trkpt lat="46.0691667" lon="11.1199367" />
      <trkpt lat="46.0692352" lon="11.1199271" />
      <trkpt lat="46.0693982" lon="11.1198734" />
      <trkpt lat="46.0694763" lon="11.1198434" />
      <trkpt lat="46.0695220" lon="11.1198116" />
      <trkpt lat="46.0695493" lon="11.1198090" />
      <trkpt lat="46.0695787" lon="11.1198028" />
      <trkpt lat="46.0699049" lon="11.1197056" />
      <trkpt lat="46.0699981" lon="11.1197027" />
      <trkpt lat="46.0700021" lon="11.1197557" />
      <trkpt lat="46.0700053" lon="11.1197976" />
      <trkpt lat="46.0700337" lon="11.1198021" />
      <trkpt lat="46.0700585" lon="11.1200224" />
      <trkpt lat="46.0701087" lon="11.1200099" />
      <trkpt lat="46.0701965" lon="11.1199880" />
      <trkpt lat="46.0701974" lon="11.1199473" />
      <trkpt lat="46.0702177" lon="11.1199022" />
      <trkpt lat="46.0703493" lon="11.1200342" />
      <trkpt lat="46.0704204" lon="11.1200085" />
      <trkpt lat="46.0705204" lon="11.1200037" />
      <trkpt lat="46.0706900" lon="11.1199987" />
      <trkpt lat="46.0708119" lon="11.1199698" />
      <trkpt lat="46.0709093" lon="11.1199156" />
      <trkpt lat="46.0710160" lon="11.1198515" />
      <trkpt lat="46.0711657" lon="11.1197929" />
      <trkpt lat="46.0711402" lon="11.1196327" />
      <trkpt lat="46.0711321" lon="11.1195546" />
      <trkpt lat="46.0711236" lon="11.1194739" />
      <trkpt lat="46.0714274" lon="11.1194035" />
      <trkpt lat="46.0714512" lon="11.1194011" />
      <trkpt lat="46.0715071" lon="11.1193966" />
      <trkpt lat="46.0715269" lon="11.1193964" />
      <trkpt lat="46.0716394" lon="11.1194029" />
      <trkpt lat="46.0716742" lon="11.1194223" />
      <trkpt lat="46.0717283" lon="11.1193503" />
      <trkpt lat="46.0717587" lon="11.1193721" />
      <trkpt lat="46.0717830" lon="11.1192983" />
      <trkpt lat="46.0718962" lon="11.1193760" />
      <trkpt lat="46.0720591" lon="11.1194878" />
      <trkpt lat="46.0720818" lon="11.1194179" />
      <trkpt lat="46.0721119" lon="11.1193255" />
      <trkpt lat="46.0720519" lon="11.1192849" />
      <trkpt lat="46.0720903" lon="11.1191642" />
      <trkpt lat="46.0720684" lon="11.1191488" />
      <trkpt lat="46.0720867" lon="11.1190867" />
      <trkpt lat="46.0720915" lon="11.1190724" />
      <trkpt lat="46.0721077" lon="11.1190285" />
      <trkpt lat="46.0715984" lon="11.1186925" />
      <trkpt lat="46.0715865" lon="11.1187261" />
      <trkpt lat="46.0715721" lon="11.1187691" />
      <trkpt lat="46.0715624" lon="11.1187982" />
      <trkpt lat="46.0714935" lon="11.1189690" />
      <trkpt lat="46.0714849" lon="11.1190276" />
      <trkpt lat="46.0714935" lon="11.1189690" />
      <trkpt lat="46.0715624" lon="11.1187982" />
      <trkpt lat="46.0715529" lon="11.1187992" />
      <trkpt lat="46.0715436" lon="11.1187954" />
      <trkpt lat="46.0715358" lon="11.1187874" />
      <trkpt lat="46.0715303" lon="11.1187761" />
      <trkpt lat="46.0715277" lon="11.1187628" />
      <trkpt lat="46.0715284" lon="11.1187491" />
      <trkpt lat="46.0715322" lon="11.1187364" />
      <trkpt lat="46.0715387" lon="11.1187263" />
      <trkpt lat="46.0715472" lon="11.1187199" />
      <trkpt lat="46.0715556" lon="11.1187179" />
      <trkpt lat="46.0715640" lon="11.1187197" />
      <trkpt lat="46.0716208" lon="11.1185180" />
      <trkpt lat="46.0716755" lon="11.1183518" />
      <trkpt lat="46.0716859" lon="11.1183590" />
      <trkpt lat="46.0717175" lon="11.1183819" />
      <trkpt lat="46.0717247" lon="11.1183584" />
      <trkpt lat="46.0721816" lon="11.1186640" />
      <trkpt lat="46.0721867" lon="11.1186484" />
      <trkpt lat="46.0721816" lon="11.1186640" />
      <trkpt lat="46.0721735" lon="11.1186886" />
      <trkpt lat="46.0722286" lon="11.1187235" />
      <trkpt lat="46.0721724" lon="11.1189047" />
      <trkpt lat="46.0721295" lon="11.1190429" />
      <trkpt lat="46.0720970" lon="11.1191430" />
      <trkpt lat="46.0720903" lon="11.1191642" />
      <trkpt lat="46.0720519" lon="11.1192849" />
      <trkpt lat="46.0721119" lon="11.1193255" />
      <trkpt lat="46.0720818" lon="11.1194179" />
      <trkpt lat="46.0720591" lon="11.1194878" />
      <trkpt lat="46.0720445" lon="11.1195324" />
      <trkpt lat="46.0720348" lon="11.1195641" />
      <trkpt lat="46.0720098" lon="11.1196544" />
      <trkpt lat="46.0719946" lon="11.1197010" />
      <trkpt lat="46.0719683" lon="11.1197820" />
      <trkpt lat="46.0719480" lon="11.1198441" />
      <trkpt lat="46.0719325" lon="11.1198947" />
      <trkpt lat="46.0718210" lon="11.1198308" />
      <trkpt lat="46.0714755" lon="11.1196059" />
      <trkpt lat="46.0713909" lon="11.1196025" />
      <trkpt lat="46.0711961" lon="11.1196218" />
      <trkpt lat="46.0711402" lon="11.1196327" />
      <trkpt lat="46.0711321" lon="11.1195546" />
      <trkpt lat="46.0711236" lon="11.1194739" />
      <trkpt lat="46.0710926" lon="11.1194817" />
      <trkpt lat="46.0710665" lon="11.1194830" />
      <trkpt lat="46.0710517" lon="11.1194757" />
      <trkpt lat="46.0710251" lon="11.1194572" />
      <trkpt lat="46.0709730" lon="11.1194211" />
      <trkpt lat="46.0709223" lon="11.1194321" />
      <trkpt lat="46.0708451" lon="11.1194613" />
      <trkpt lat="46.0706944" lon="11.1194953" />
      <trkpt lat="46.0705902" lon="11.1194906" />
      <trkpt lat="46.0705636" lon="11.1194654" />
      <trkpt lat="46.0705455" lon="11.1194189" />
      <trkpt lat="46.0701293" lon="11.1179819" />
      <trkpt lat="46.0701209" lon="11.1178944" />
      <trkpt lat="46.0701217" lon="11.1178469" />
      <trkpt lat="46.0701270" lon="11.1178031" />
      <trkpt lat="46.0701345" lon="11.1177694" />
      <trkpt lat="46.0701430" lon="11.1177348" />
      <trkpt lat="46.0701678" lon="11.1176586" />
      <trkpt lat="46.0702660" lon="11.1173628" />
      <trkpt lat="46.0703069" lon="11.1172369" />
      <trkpt lat="46.0703117" lon="11.1172218" />
      <trkpt lat="46.0703597" lon="11.1171696" />
      <trkpt lat="46.0703845" lon="11.1170776" />
      <trkpt lat="46.0704216" lon="11.1170936" />
      <trkpt lat="46.0704056" lon="11.1171552" />
      <trkpt lat="46.0704377" lon="11.1171721" />
      <trkpt lat="46.0705294" lon="11.1172114" />
      <trkpt lat="46.0707303" lon="11.1170747" />
      <trkpt lat="46.0709924" lon="11.1171707" />
      <trkpt lat="46.0710414" lon="11.1171481" />
      <trkpt lat="46.0710461" lon="11.1171924" />
      <trkpt lat="46.0711623" lon="11.1172452" />
      <trkpt lat="46.0713754" lon="11.1173445" />
      <trkpt lat="46.0714676" lon="11.1173874" />
      <trkpt lat="46.0717695" lon="11.1175280" />
      <trkpt lat="46.0720787" lon="11.1176720" />
      <trkpt lat="46.0724077" lon="11.1178252" />
      <trkpt lat="46.0726696" lon="11.1179464" />
      <trkpt lat="46.0726937" lon="11.1178436" />
      <trkpt lat="46.0727154" lon="11.1177517" />
      <trkpt lat="46.0726937" lon="11.1178436" />
      <trkpt lat="46.0726696" lon="11.1179464" />
      <trkpt lat="46.0724077" lon="11.1178252" />
      <trkpt lat="46.0720787" lon="11.1176720" />
      <trkpt lat="46.0717695" lon="11.1175280" />
      <trkpt lat="46.0714676" lon="11.1173874" />
      <trkpt lat="46.0713754" lon="11.1173445" />
      <trkpt lat="46.0713984" lon="11.1172344" />
      <trkpt lat="46.0714256" lon="11.1172554" />
      <trkpt lat="46.0716232" lon="11.1173482" />
      <trkpt lat="46.0722903" lon="11.1176551" />
      <trkpt lat="46.0723144" lon="11.1175475" />
      <trkpt lat="46.0724292" lon="11.1170250" />
      <trkpt lat="46.0724805" lon="11.1170460" />
      <trkpt lat="46.0724942" lon="11.1169884" />
      <trkpt lat="46.0725092" lon="11.1169626" />
      <trkpt lat="46.0734418" lon="11.1170916" />
      <trkpt lat="46.0725092" lon="11.1169626" />
      <trkpt lat="46.0725145" lon="11.1169173" />
      <trkpt lat="46.0724563" lon="11.1169019" />
      <trkpt lat="46.0717788" lon="11.1166762" />
      <trkpt lat="46.0714646" lon="11.1165715" />
      <trkpt lat="46.0714062" lon="11.1165521" />
      <trkpt lat="46.0713418" lon="11.1165274" />
      <trkpt lat="46.0712674" lon="11.1165005" />
      <trkpt lat="46.0711357" lon="11.1164538" />
      <trkpt lat="46.0704682" lon="11.1161518" />
      <trkpt lat="46.0701932" lon="11.1160178" />
      <trkpt lat="46.0701295" lon="11.1160285" />
      <trkpt lat="46.0700453" lon="11.1160451" />
      <trkpt lat="46.0700459" lon="11.1161000" />
      <trkpt lat="46.0700146" lon="11.1161265" />
      <trkpt lat="46.0700032" lon="11.1161537" />
      <trkpt lat="46.0700003" lon="11.1162009" />
      <trkpt lat="46.0700091" lon="11.1162886" />
      <trkpt lat="46.0700203" lon="11.1163341" />
      <trkpt lat="46.0699884" lon="11.1163713" />
      <trkpt lat="46.0699495" lon="11.1164167" />
      <trkpt lat="46.0699295" lon="11.1163939" />
      <trkpt lat="46.0698035" lon="11.1162762" />
      <trkpt lat="46.0696531" lon="11.1161456" />
      <trkpt lat="46.0695837" lon="11.1160774" />
      <trkpt lat="46.0694825" lon="11.1159653" />
      <trkpt lat="46.0693849" lon="11.1158089" />
      <trkpt lat="46.0694235" lon="11.1157469" />
      <trkpt lat="46.0694630" lon="11.1156868" />
      <trkpt lat="46.0695555" lon="11.1157924" />
      <trkpt lat="46.0696120" lon="11.1158421" />
      <trkpt lat="46.0696409" lon="11.1158489" />
      <trkpt lat="46.0696957" lon="11.1158516" />
      <trkpt lat="46.0697290" lon="11.1158495" />
      <trkpt lat="46.0697948" lon="11.1158159" />
      <trkpt lat="46.0698507" lon="11.1157710" />
      <trkpt lat="46.0698998" lon="11.1157127" />
      <trkpt lat="46.0699151" lon="11.1156990" />
      <trkpt lat="46.0702467" lon="11.1144529" />
      <trkpt lat="46.0702508" lon="11.1144356" />
      <trkpt lat="46.0702894" lon="11.1144548" />
      <trkpt lat="46.0703300" lon="11.1144739" />
      <trkpt lat="46.0703420" lon="11.1144768" />
      <trkpt lat="46.0703535" lon="11.1144784" />
      <trkpt lat="46.0703770" lon="11.1144800" />
      <trkpt lat="46.0704564" lon="11.1145311" />
      <trkpt lat="46.0705116" lon="11.1145755" />
      <trkpt lat="46.0707833" lon="11.1147994" />
      <trkpt lat="46.0708045" lon="11.1148160" />
      <trkpt lat="46.0708009" lon="11.1148281" />
      <trkpt lat="46.0707959" lon="11.1148434" />
      <trkpt lat="46.0708185" lon="11.1148581" />
      <trkpt lat="46.0709446" lon="11.1149414" />
      <trkpt lat="46.0711622" lon="11.1150542" />
      <trkpt lat="46.0711800" lon="11.1150634" />
      <trkpt lat="46.0712489" lon="11.1150973" />
      <trkpt lat="46.0714713" lon="11.1152069" />
      <trkpt lat="46.0714751" lon="11.1151881" />
      <trkpt lat="46.0714778" lon="11.1151767" />
      <trkpt lat="46.0715462" lon="11.1151968" />
      <trkpt lat="46.0716701" lon="11.1152371" />
      <trkpt lat="46.0718589" lon="11.1153122" />
      <trkpt lat="46.0720789" lon="11.1153994" />
      <trkpt lat="46.0723415" lon="11.1154825" />
      <trkpt lat="46.0725065" lon="11.1155240" />
      <trkpt lat="46.0727694" lon="11.1155859" />
      <trkpt lat="46.0731609" lon="11.1156567" />
      <trkpt lat="46.0733551" lon="11.1156832" />
      <trkpt lat="46.0735607" lon="11.1156902" />
      <trkpt lat="46.0735605" lon="11.1156021" />
      <trkpt lat="46.0735619" lon="11.1155469" />
      <trkpt lat="46.0736378" lon="11.1155501" />
      <trkpt lat="46.0736975" lon="11.1155526" />
      <trkpt lat="46.0737609" lon="11.1155556" />
      <trkpt lat="46.0738187" lon="11.1155537" />
      <trkpt lat="46.0738530" lon="11.1155526" />
      <trkpt lat="46.0738651" lon="11.1155461" />
      <trkpt lat="46.0738937" lon="11.1155379" />
      <trkpt lat="46.0740963" lon="11.1155352" />
      <trkpt lat="46.0741032" lon="11.1155349" />
      <trkpt lat="46.0741344" lon="11.1155336" />
      <trkpt lat="46.0741664" lon="11.1155311" />
      <trkpt lat="46.0741569" lon="11.1152636" />
      <trkpt lat="46.0741592" lon="11.1152365" />
      <trkpt lat="46.0741655" lon="11.1151624" />
      <trkpt lat="46.0741574" lon="11.1149973" />
      <trkpt lat="46.0741523" lon="11.1149474" />
      <trkpt lat="46.0741442" lon="11.1148921" />
      <trkpt lat="46.0741347" lon="11.1148585" />
      <trkpt lat="46.0740762" lon="11.1147062" />
      <trkpt lat="46.0739644" lon="11.1144472" />
      <trkpt lat="46.0739329" lon="11.1144737" />
      <trkpt lat="46.0738359" lon="11.1145444" />
      <trkpt lat="46.0738211" lon="11.1145531" />
      <trkpt lat="46.0736995" lon="11.1146214" />
      <trkpt lat="46.0737443" lon="11.1147971" />
      <trkpt lat="46.0736995" lon="11.1146214" />
      <trkpt lat="46.0736832" lon="11.1145732" />
      <trkpt lat="46.0738060" lon="11.1144997" />
      <trkpt lat="46.0738192" lon="11.1144918" />
      <trkpt lat="46.0737998" lon="11.1144274" />
      <trkpt lat="46.0739987" lon="11.1143023" />
      <trkpt lat="46.0737998" lon="11.1144274" />
      <trkpt lat="46.0738192" lon="11.1144918" />
      <trkpt lat="46.0739088" lon="11.1144313" />
      <trkpt lat="46.0740107" lon="11.1143450" />
      <trkpt lat="46.0741302" lon="11.1142471" />
      <trkpt lat="46.0742219" lon="11.1141469" />
      <trkpt lat="46.0742468" lon="11.1141034" />
      <trkpt lat="46.0742953" lon="11.1140309" />
      <trkpt lat="46.0744087" lon="11.1138053" />
      <trkpt lat="46.0745179" lon="11.1135539" />
      <trkpt lat="46.0745407" lon="11.1135033" />
      <trkpt lat="46.0745492" lon="11.1134686" />
      <trkpt lat="46.0745774" lon="11.1131578" />
      <trkpt lat="46.0745888" lon="11.1130670" />
      <trkpt lat="46.0745774" lon="11.1131578" />
      <trkpt lat="46.0745492" lon="11.1134686" />
      <trkpt lat="46.0745956" lon="11.1132796" />
      <trkpt lat="46.0746306" lon="11.1130853" />
      <trkpt lat="46.0746839" lon="11.1126392" />
      <trkpt lat="46.0747447" lon="11.1122221" />
      <trkpt lat="46.0747584" lon="11.1121259" />
      <trkpt lat="46.0747878" lon="11.1119541" />
      <trkpt lat="46.0748261" lon="11.1117896" />
      <trkpt lat="46.0748708" lon="11.1116491" />
      <trkpt lat="46.0749250" lon="11.1115297" />
      <trkpt lat="46.0749193" lon="11.1115082" />
      <trkpt lat="46.0749170" lon="11.1114829" />
      <trkpt lat="46.0749205" lon="11.1114510" />
      <trkpt lat="46.0749307" lon="11.1114222" />
      <trkpt lat="46.0749443" lon="11.1114020" />
      <trkpt lat="46.0749587" lon="11.1113894" />
      <trkpt lat="46.0749410" lon="11.1111442" />
      <trkpt lat="46.0749321" lon="11.1109999" />
      <trkpt lat="46.0749286" lon="11.1109429" />
      <trkpt lat="46.0749211" lon="11.1107384" />
      <trkpt lat="46.0749184" lon="11.1106646" />
      <trkpt lat="46.0749208" lon="11.1103402" />
      <trkpt lat="46.0749222" lon="11.1102751" />
      <trkpt lat="46.0749251" lon="11.1100558" />
      <trkpt lat="46.0749269" lon="11.1099176" />
      <trkpt lat="46.0749281" lon="11.1098210" />
      <trkpt lat="46.0749301" lon="11.1096600" />
      <trkpt lat="46.0749304" lon="11.1093306" />
      <trkpt lat="46.0749202" lon="11.1092355" />
      <trkpt lat="46.0749100" lon="11.1091645" />
      <trkpt lat="46.0748849" lon="11.1090531" />
      <trkpt lat="46.0748580" lon="11.1089216" />
      <trkpt lat="46.0748546" lon="11.1088440" />
      <trkpt lat="46.0748555" lon="11.1088092" />
      <trkpt lat="46.0748562" lon="11.1087858" />
      <trkpt lat="46.0748708" lon="11.1086846" />
      <trkpt lat="46.0748930" lon="11.1084447" />
      <trkpt lat="46.0748900" lon="11.1082794" />
      <trkpt lat="46.0748748" lon="11.1082242" />
      <trkpt lat="46.0748730" lon="11.1081650" />
      <trkpt lat="46.0748846" lon="11.1081081" />
      <trkpt lat="46.0748603" lon="11.1079893" />
      <trkpt lat="46.0748210" lon="11.1078489" />
      <trkpt lat="46.0747157" lon="11.1075790" />
      <trkpt lat="46.0746520" lon="11.1074333" />
      <trkpt lat="46.0746169" lon="11.1074458" />
      <trkpt lat="46.0744942" lon="11.1072158" />
      <trkpt lat="46.0744683" lon="11.1071816" />
      <trkpt lat="46.0744432" lon="11.1071574" />
      <trkpt lat="46.0744213" lon="11.1071407" />
      <trkpt lat="46.0744050" lon="11.1071320" />
      <trkpt lat="46.0743911" lon="11.1071286" />
      <trkpt lat="46.0743748" lon="11.1071252" />
      <trkpt lat="46.0743604" lon="11.1071252" />
      <trkpt lat="46.0743446" lon="11.1071259" />
      <trkpt lat="46.0743278" lon="11.1071286" />
      <trkpt lat="46.0743013" lon="11.1071333" />
      <trkpt lat="46.0742129" lon="11.1071474" />
      <trkpt lat="46.0742004" lon="11.1071507" />
      <trkpt lat="46.0741943" lon="11.1071561" />
      <trkpt lat="46.0741901" lon="11.1071702" />
      <trkpt lat="46.0741882" lon="11.1072052" />
      <trkpt lat="46.0742185" lon="11.1072070" />
      <trkpt lat="46.0742606" lon="11.1072115" />
      <trkpt lat="46.0742859" lon="11.1072294" />
      <trkpt lat="46.0743060" lon="11.1072601" />
      <trkpt lat="46.0743288" lon="11.1073059" />
      <trkpt lat="46.0743638" lon="11.1074059" />
      <trkpt lat="46.0744767" lon="11.1078631" />
      <trkpt lat="46.0745375" lon="11.1080791" />
      <trkpt lat="46.0745788" lon="11.1082391" />
      <trkpt lat="46.0745926" lon="11.1083364" />
      <trkpt lat="46.0746213" lon="11.1086430" />
      <trkpt lat="46.0746175" lon="11.1086794" />
      <trkpt lat="46.0745672" lon="11.1088768" />
      <trkpt lat="46.0745603" lon="11.1089300" />
      <trkpt lat="46.0745478" lon="11.1092460" />
      <trkpt lat="46.0745380" lon="11.1092761" />
      <trkpt lat="46.0745272" lon="11.1092981" />
      <trkpt lat="46.0744918" lon="11.1093233" />
      <trkpt lat="46.0744552" lon="11.1093307" />
      <trkpt lat="46.0744261" lon="11.1093194" />
      <trkpt lat="46.0742522" lon="11.1091571" />
      <trkpt lat="46.0742303" lon="11.1090979" />
      <trkpt lat="46.0742232" lon="11.1089851" />
      <trkpt lat="46.0742715" lon="11.1086430" />
      <trkpt lat="46.0743412" lon="11.1083804" />
      <trkpt lat="46.0743459" lon="11.1083298" />
      <trkpt lat="46.0743440" lon="11.1082925" />
      <trkpt lat="46.0743346" lon="11.1082580" />
      <trkpt lat="46.0743171" lon="11.1082041" />
      <trkpt lat="46.0742815" lon="11.1081629" />
      <trkpt lat="46.0742348" lon="11.1081405" />
      <trkpt lat="46.0740680" lon="11.1081547" />
      <trkpt lat="46.0739623" lon="11.1081637" />
      <trkpt lat="46.0737536" lon="11.1081811" />
      <trkpt lat="46.0737198" lon="11.1081930" />
      <trkpt lat="46.0736879" lon="11.1082236" />
      <trkpt lat="46.0736821" lon="11.1082894" />
      <trkpt lat="46.0737883" lon="11.1084382" />
      <trkpt lat="46.0738367" lon="11.1085560" />
      <trkpt lat="46.0738676" lon="11.1089310" />
      <trkpt lat="46.0739835" lon="11.1094895" />
      <trkpt lat="46.0740029" lon="11.1097716" />
      <trkpt lat="46.0739545" lon="11.1100538" />
      <trkpt lat="46.0738618" lon="11.1103456" />
      <trkpt lat="46.0738270" lon="11.1105369" />
      <trkpt lat="46.0738463" lon="11.1107243" />
      <trkpt lat="46.0738714" lon="11.1110142" />
      <trkpt lat="46.0738598" lon="11.1113041" />
      <trkpt lat="46.0738405" lon="11.1117119" />
      <trkpt lat="46.0738598" lon="11.1113041" />
      <trkpt lat="46.0738714" lon="11.1110142" />
      <trkpt lat="46.0737620" lon="11.1109297" />
      <trkpt lat="46.0736663" lon="11.1108574" />
      <trkpt lat="46.0735717" lon="11.1107859" />
      <trkpt lat="46.0735228" lon="11.1107489" />
      <trkpt lat="46.0735023" lon="11.1107334" />
      <trkpt lat="46.0734534" lon="11.1106967" />
      <trkpt lat="46.0734256" lon="11.1106759" />
      <trkpt lat="46.0733443" lon="11.1106312" />
      <trkpt lat="46.0733072" lon="11.1106385" />
      <trkpt lat="46.0732604" lon="11.1106016" />
      <trkpt lat="46.0731650" lon="11.1105891" />
      <trkpt lat="46.0731556" lon="11.1104528" />
      <trkpt lat="46.0730984" lon="11.1103508" />
      <trkpt lat="46.0729923" lon="11.1102087" />
      <trkpt lat="46.0729049" lon="11.1102113" />
      <trkpt lat="46.0728212" lon="11.1102784" />
      <trkpt lat="46.0727356" lon="11.1104179" />
      <trkpt lat="46.0726537" lon="11.1105627" />
      <trkpt lat="46.0726114" lon="11.1105949" />
      <trkpt lat="46.0725710" lon="11.1106057" />
      <trkpt lat="46.0725033" lon="11.1105905" />
      <trkpt lat="46.0724598" lon="11.1105966" />
      <trkpt lat="46.0724300" lon="11.1106130" />
      <trkpt lat="46.0723273" lon="11.1108762" />
      <trkpt lat="46.0722984" lon="11.1109610" />
      <trkpt lat="46.0720403" lon="11.1107747" />
      <trkpt lat="46.0719615" lon="11.1107227" />
      <trkpt lat="46.0719516" lon="11.1107162" />
      <trkpt lat="46.0719144" lon="11.1108513" />
      <trkpt lat="46.0718919" lon="11.1109332" />
      <trkpt lat="46.0718607" lon="11.1110519" />
      <trkpt lat="46.0717581" lon="11.1109906" />
      <trkpt lat="46.0717300" lon="11.1110902" />
      <trkpt lat="46.0716770" lon="11.1112780" />
      <trkpt lat="46.0716344" lon="11.1112601" />
      <trkpt lat="46.0716089" lon="11.1112482" />
      <trkpt lat="46.0715974" lon="11.1112433" />
      <trkpt lat="46.0715909" lon="11.1112883" />
      <trkpt lat="46.0715866" lon="11.1113621" />
      <trkpt lat="46.0715851" lon="11.1114408" />
      <trkpt lat="46.0715836" lon="11.1115764" />
      <trkpt lat="46.0715835" lon="11.1115853" />
      <trkpt lat="46.0715783" lon="11.1115833" />
      <trkpt lat="46.0715722" lon="11.1115806" />
      <trkpt lat="46.0715617" lon="11.1115800" />
      <trkpt lat="46.0715485" lon="11.1115845" />
      <trkpt lat="46.0715399" lon="11.1115931" />
      <trkpt lat="46.0715167" lon="11.1116276" />
      <trkpt lat="46.0715111" lon="11.1116352" />
      <trkpt lat="46.0715074" lon="11.1116352" />
      <trkpt lat="46.0715051" lon="11.1116333" />
      <trkpt lat="46.0715025" lon="11.1116256" />
      <trkpt lat="46.0714980" lon="11.1115790" />
      <trkpt lat="46.0714924" lon="11.1115276" />
      <trkpt lat="46.0714845" lon="11.1114560" />
      <trkpt lat="46.0714778" lon="11.1113943" />
      <trkpt lat="46.0714744" lon="11.1113632" />
      <trkpt lat="46.0714684" lon="11.1113503" />
      <trkpt lat="46.0714606" lon="11.1113414" />
      <trkpt lat="46.0714540" lon="11.1113365" />
      <trkpt lat="46.0714460" lon="11.1113336" />
      <trkpt lat="46.0714347" lon="11.1113330" />
      <trkpt lat="46.0714282" lon="11.1113324" />
      <trkpt lat="46.0714223" lon="11.1113292" />
      <trkpt lat="46.0714196" lon="11.1113196" />
      <trkpt lat="46.0714190" lon="11.1113073" />
      <trkpt lat="46.0714177" lon="11.1112599" />
      <trkpt lat="46.0714159" lon="11.1111943" />
      <trkpt lat="46.0714138" lon="11.1111192" />
      <trkpt lat="46.0714140" lon="11.1111145" />
      <trkpt lat="46.0714178" lon="11.1110274" />
      <trkpt lat="46.0714188" lon="11.1110035" />
      <trkpt lat="46.0714178" lon="11.1109956" />
      <trkpt lat="46.0714159" lon="11.1109877" />
      <trkpt lat="46.0714128" lon="11.1109807" />
      <trkpt lat="46.0714060" lon="11.1109752" />
      <trkpt lat="46.0713993" lon="11.1109764" />
      <trkpt lat="46.0713944" lon="11.1109795" />
      <trkpt lat="46.0713898" lon="11.1109861" />
      <trkpt lat="46.0713863" lon="11.1109936" />
      <trkpt lat="46.0713816" lon="11.1110121" />
      <trkpt lat="46.0713475" lon="11.1111378" />
      <trkpt lat="46.0713264" lon="11.1112125" />
      <trkpt lat="46.0713221" lon="11.1112415" />
      <trkpt lat="46.0713190" lon="11.1112563" />
      <trkpt lat="46.0713148" lon="11.1112783" />
      <trkpt lat="46.0713308" lon="11.1113295" />
      <trkpt lat="46.0713355" lon="11.1113408" />
      <trkpt lat="46.0713413" lon="11.1113729" />
      <trkpt lat="46.0713430" lon="11.1113952" />
      <trkpt lat="46.0713445" lon="11.1114437" />
      <trkpt lat="46.0713468" lon="11.1114637" />
      <trkpt lat="46.0713717" lon="11.1115461" />
      <trkpt lat="46.0713803" lon="11.1115937" />
      <trkpt lat="46.0713842" lon="11.1116345" />
      <trkpt lat="46.0713554" lon="11.1116563" />
      <trkpt lat="46.0713267" lon="11.1115351" />
      <trkpt lat="46.0713168" lon="11.1115003" />
      <trkpt lat="46.0713013" lon="11.1114601" />
      <trkpt lat="46.0712805" lon="11.1114153" />
      <trkpt lat="46.0712603" lon="11.1113718" />
      <trkpt lat="46.0712439" lon="11.1113316" />
      <trkpt lat="46.0712289" lon="11.1112940" />
      <trkpt lat="46.0712171" lon="11.1112530" />
      <trkpt lat="46.0712145" lon="11.1112211" />
      <trkpt lat="46.0712155" lon="11.1111919" />
      <trkpt lat="46.0712178" lon="11.1111481" />
      <trkpt lat="46.0712275" lon="11.1110909" />
      <trkpt lat="46.0712565" lon="11.1109940" />
      <trkpt lat="46.0712819" lon="11.1108810" />
      <trkpt lat="46.0713114" lon="11.1106974" />
      <trkpt lat="46.0713372" lon="11.1105567" />
      <trkpt lat="46.0713655" lon="11.1104406" />
      <trkpt lat="46.0713405" lon="11.1104227" />
      <trkpt lat="46.0713627" lon="11.1103530" />
      <trkpt lat="46.0713873" lon="11.1102859" />
      <trkpt lat="46.0714167" lon="11.1102030" />
      <trkpt lat="46.0714397" lon="11.1101094" />
      <trkpt lat="46.0714686" lon="11.1100618" />
      <trkpt lat="46.0714921" lon="11.1100592" />
      <trkpt lat="46.0715275" lon="11.1099978" />
      <trkpt lat="46.0715100" lon="11.1099822" />
      <trkpt lat="46.0714822" lon="11.1100221" />
      <trkpt lat="46.0714714" lon="11.1100101" />
      <trkpt lat="46.0714750" lon="11.1099654" />
      <trkpt lat="46.0714834" lon="11.1098639" />
      <trkpt lat="46.0714314" lon="11.1098654" />
      <trkpt lat="46.0713749" lon="11.1098781" />
      <trkpt lat="46.0713232" lon="11.1099632" />
      <trkpt lat="46.0713155" lon="11.1100308" />
      <trkpt lat="46.0712804" lon="11.1100276" />
      <trkpt lat="46.0712530" lon="11.1100360" />
      <trkpt lat="46.0712386" lon="11.1100758" />
      <trkpt lat="46.0712181" lon="11.1100599" />
      <trkpt lat="46.0712075" lon="11.1100506" />
      <trkpt lat="46.0709745" lon="11.1098705" />
      <trkpt lat="46.0709782" lon="11.1098558" />
      <trkpt lat="46.0709804" lon="11.1098152" />
      <trkpt lat="46.0709793" lon="11.1097840" />
      <trkpt lat="46.0709758" lon="11.1097204" />
      <trkpt lat="46.0710472" lon="11.1095792" />
      <trkpt lat="46.0710922" lon="11.1094943" />
      <trkpt lat="46.0713762" lon="11.1089573" />
      <trkpt lat="46.0714037" lon="11.1089823" />
      <trkpt lat="46.0714095" lon="11.1089883" />
      <trkpt lat="46.0714165" lon="11.1089957" />
      <trkpt lat="46.0714200" lon="11.1089993" />
      <trkpt lat="46.0714442" lon="11.1090129" />
      <trkpt lat="46.0714730" lon="11.1090157" />
      <trkpt lat="46.0714936" lon="11.1090119" />
      <trkpt lat="46.0715235" lon="11.1089966" />
      <trkpt lat="46.0715781" lon="11.1089572" />
      <trkpt lat="46.0719234" lon="11.1087240" />
      <trkpt lat="46.0719534" lon="11.1087121" />
      <trkpt lat="46.0720357" lon="11.1086793" />
      <trkpt lat="46.0721295" lon="11.1086345" />
      <trkpt lat="46.0721832" lon="11.1085918" />
      <trkpt lat="46.0722070" lon="11.1085728" />
      <trkpt lat="46.0722305" lon="11.1085482" />
      <trkpt lat="46.0722827" lon="11.1084936" />
      <trkpt lat="46.0723827" lon="11.1083766" />
      <trkpt lat="46.0724764" lon="11.1082474" />
      <trkpt lat="46.0724974" lon="11.1082185" />
      <trkpt lat="46.0725437" lon="11.1081547" />
      <trkpt lat="46.0726665" lon="11.1079740" />
      <trkpt lat="46.0726972" lon="11.1079194" />
      <trkpt lat="46.0727342" lon="11.1078492" />
      <trkpt lat="46.0728674" lon="11.1075960" />
      <trkpt lat="46.0728850" lon="11.1075829" />
      <trkpt lat="46.0729323" lon="11.1075476" />
      <trkpt lat="46.0730084" lon="11.1075045" />
      <trkpt lat="46.0732338" lon="11.1073935" />
      <trkpt lat="46.0734077" lon="11.1073276" />
      <trkpt lat="46.0735984" lon="11.1072671" />
      <trkpt lat="46.0738991" lon="11.1071802" />
      <trkpt lat="46.0743143" lon="11.1070669" />
      <trkpt lat="46.0743717" lon="11.1070660" />
      <trkpt lat="46.0744235" lon="11.1070799" />
      <trkpt lat="46.0744561" lon="11.1070973" />
      <trkpt lat="46.0744799" lon="11.1071213" />
      <trkpt lat="46.0745109" lon="11.1071559" />
      <trkpt lat="46.0746216" lon="11.1073637" />
      <trkpt lat="46.0746520" lon="11.1074333" />
      <trkpt lat="46.0747157" lon="11.1075790" />
      <trkpt lat="46.0748210" lon="11.1078489" />
      <trkpt lat="46.0748603" lon="11.1079893" />
      <trkpt lat="46.0748846" lon="11.1081081" />
      <trkpt lat="46.0748730" lon="11.1081650" />
      <trkpt lat="46.0748748" lon="11.1082242" />
      <trkpt lat="46.0748900" lon="11.1082794" />
      <trkpt lat="46.0748930" lon="11.1084447" />
      <trkpt lat="46.0748708" lon="11.1086846" />
      <trkpt lat="46.0748562" lon="11.1087858" />
      <trkpt lat="46.0748555" lon="11.1088092" />
      <trkpt lat="46.0748546" lon="11.1088440" />
      <trkpt lat="46.0748580" lon="11.1089216" />
      <trkpt lat="46.0748849" lon="11.1090531" />
      <trkpt lat="46.0749100" lon="11.1091645" />
      <trkpt lat="46.0749202" lon="11.1092355" />
      <trkpt lat="46.0749304" lon="11.1093306" />
      <trkpt lat="46.0749301" lon="11.1096600" />
      <trkpt lat="46.0749281" lon="11.1098210" />
      <trkpt lat="46.0749269" lon="11.1099176" />
      <trkpt lat="46.0748769" lon="11.1099156" />
      <trkpt lat="46.0749269" lon="11.1099176" />
      <trkpt lat="46.0749281" lon="11.1098210" />
      <trkpt lat="46.0749301" lon="11.1096600" />
      <trkpt lat="46.0749304" lon="11.1093306" />
      <trkpt lat="46.0749202" lon="11.1092355" />
      <trkpt lat="46.0749100" lon="11.1091645" />
      <trkpt lat="46.0748849" lon="11.1090531" />
      <trkpt lat="46.0748580" lon="11.1089216" />
      <trkpt lat="46.0748546" lon="11.1088440" />
      <trkpt lat="46.0748555" lon="11.1088092" />
      <trkpt lat="46.0748562" lon="11.1087858" />
      <trkpt lat="46.0748708" lon="11.1086846" />
      <trkpt lat="46.0748930" lon="11.1084447" />
      <trkpt lat="46.0748900" lon="11.1082794" />
      <trkpt lat="46.0748748" lon="11.1082242" />
      <trkpt lat="46.0748730" lon="11.1081650" />
      <trkpt lat="46.0748846" lon="11.1081081" />
      <trkpt lat="46.0748603" lon="11.1079893" />
      <trkpt lat="46.0748210" lon="11.1078489" />
      <trkpt lat="46.0747157" lon="11.1075790" />
      <trkpt lat="46.0746520" lon="11.1074333" />
      <trkpt lat="46.0746169" lon="11.1074458" />
      <trkpt lat="46.0744942" lon="11.1072158" />
      <trkpt lat="46.0744683" lon="11.1071816" />
      <trkpt lat="46.0744432" lon="11.1071574" />
      <trkpt lat="46.0744213" lon="11.1071407" />
      <trkpt lat="46.0744050" lon="11.1071320" />
      <trkpt lat="46.0743911" lon="11.1071286" />
      <trkpt lat="46.0743748" lon="11.1071252" />
      <trkpt lat="46.0743604" lon="11.1071252" />
      <trkpt lat="46.0743446" lon="11.1071259" />
      <trkpt lat="46.0743278" lon="11.1071286" />
      <trkpt lat="46.0743013" lon="11.1071333" />
      <trkpt lat="46.0742129" lon="11.1071474" />
      <trkpt lat="46.0742004" lon="11.1071507" />
      <trkpt lat="46.0741943" lon="11.1071561" />
      <trkpt lat="46.0741901" lon="11.1071702" />
      <trkpt lat="46.0741882" lon="11.1072052" />
      <trkpt lat="46.0742185" lon="11.1072070" />
      <trkpt lat="46.0742606" lon="11.1072115" />
      <trkpt lat="46.0742859" lon="11.1072294" />
      <trkpt lat="46.0743060" lon="11.1072601" />
      <trkpt lat="46.0743288" lon="11.1073059" />
      <trkpt lat="46.0743638" lon="11.1074059" />
      <trkpt lat="46.0744767" lon="11.1078631" />
      <trkpt lat="46.0745375" lon="11.1080791" />
      <trkpt lat="46.0745788" lon="11.1082391" />
      <trkpt lat="46.0745926" lon="11.1083364" />
      <trkpt lat="46.0746213" lon="11.1086430" />
      <trkpt lat="46.0746175" lon="11.1086794" />
      <trkpt lat="46.0745672" lon="11.1088768" />
      <trkpt lat="46.0745603" lon="11.1089300" />
      <trkpt lat="46.0745478" lon="11.1092460" />
      <trkpt lat="46.0745380" lon="11.1092761" />
      <trkpt lat="46.0745272" lon="11.1092981" />
      <trkpt lat="46.0744918" lon="11.1093233" />
      <trkpt lat="46.0744552" lon="11.1093307" />
      <trkpt lat="46.0744261" lon="11.1093194" />
      <trkpt lat="46.0742522" lon="11.1091571" />
      <trkpt lat="46.0742303" lon="11.1090979" />
      <trkpt lat="46.0742232" lon="11.1089851" />
      <trkpt lat="46.0742715" lon="11.1086430" />
      <trkpt lat="46.0743412" lon="11.1083804" />
      <trkpt lat="46.0743459" lon="11.1083298" />
      <trkpt lat="46.0743440" lon="11.1082925" />
      <trkpt lat="46.0743346" lon="11.1082580" />
      <trkpt lat="46.0743171" lon="11.1082041" />
      <trkpt lat="46.0742815" lon="11.1081629" />
      <trkpt lat="46.0742348" lon="11.1081405" />
      <trkpt lat="46.0740680" lon="11.1081547" />
      <trkpt lat="46.0740604" lon="11.1081809" />
      <trkpt lat="46.0740474" lon="11.1083083" />
      <trkpt lat="46.0740762" lon="11.1084491" />
      <trkpt lat="46.0741032" lon="11.1085873" />
      <trkpt lat="46.0740986" lon="11.1087321" />
      <trkpt lat="46.0741032" lon="11.1085873" />
      <trkpt lat="46.0740762" lon="11.1084491" />
      <trkpt lat="46.0740474" lon="11.1083083" />
      <trkpt lat="46.0740604" lon="11.1081809" />
      <trkpt lat="46.0740680" lon="11.1081547" />
      <trkpt lat="46.0742348" lon="11.1081405" />
      <trkpt lat="46.0742815" lon="11.1081629" />
      <trkpt lat="46.0743171" lon="11.1082041" />
      <trkpt lat="46.0743346" lon="11.1082580" />
      <trkpt lat="46.0743440" lon="11.1082925" />
      <trkpt lat="46.0743459" lon="11.1083298" />
      <trkpt lat="46.0743412" lon="11.1083804" />
      <trkpt lat="46.0742715" lon="11.1086430" />
      <trkpt lat="46.0742232" lon="11.1089851" />
      <trkpt lat="46.0742303" lon="11.1090979" />
      <trkpt lat="46.0742522" lon="11.1091571" />
      <trkpt lat="46.0744261" lon="11.1093194" />
      <trkpt lat="46.0744552" lon="11.1093307" />
      <trkpt lat="46.0744918" lon="11.1093233" />
      <trkpt lat="46.0745272" lon="11.1092981" />
      <trkpt lat="46.0745380" lon="11.1092761" />
      <trkpt lat="46.0745478" lon="11.1092460" />
      <trkpt lat="46.0745603" lon="11.1089300" />
      <trkpt lat="46.0745672" lon="11.1088768" />
      <trkpt lat="46.0746175" lon="11.1086794" />
      <trkpt lat="46.0746213" lon="11.1086430" />
      <trkpt lat="46.0745926" lon="11.1083364" />
      <trkpt lat="46.0745788" lon="11.1082391" />
      <trkpt lat="46.0745375" lon="11.1080791" />
      <trkpt lat="46.0744767" lon="11.1078631" />
      <trkpt lat="46.0743638" lon="11.1074059" />
      <trkpt lat="46.0743288" lon="11.1073059" />
      <trkpt lat="46.0743060" lon="11.1072601" />
      <trkpt lat="46.0742859" lon="11.1072294" />
      <trkpt lat="46.0742606" lon="11.1072115" />
      <trkpt lat="46.0742185" lon="11.1072070" />
      <trkpt lat="46.0741882" lon="11.1072052" />
      <trkpt lat="46.0741158" lon="11.1072007" />
      <trkpt lat="46.0738991" lon="11.1071802" />
      <trkpt lat="46.0735984" lon="11.1072671" />
      <trkpt lat="46.0734077" lon="11.1073276" />
      <trkpt lat="46.0732338" lon="11.1073935" />
      <trkpt lat="46.0730084" lon="11.1075045" />
      <trkpt lat="46.0729323" lon="11.1075476" />
      <trkpt lat="46.0728850" lon="11.1075829" />
      <trkpt lat="46.0728674" lon="11.1075960" />
      <trkpt lat="46.0728490" lon="11.1075747" />
      <trkpt lat="46.0728385" lon="11.1075590" />
      <trkpt lat="46.0728317" lon="11.1075393" />
      <trkpt lat="46.0728283" lon="11.1075079" />
      <trkpt lat="46.0728651" lon="11.1074387" />
      <trkpt lat="46.0728102" lon="11.1074116" />
      <trkpt lat="46.0728078" lon="11.1073899" />
      <trkpt lat="46.0728214" lon="11.1073759" />
      <trkpt lat="46.0728596" lon="11.1073203" />
      <trkpt lat="46.0728769" lon="11.1072875" />
      <trkpt lat="46.0728855" lon="11.1072382" />
      <trkpt lat="46.0728896" lon="11.1070900" />
      <trkpt lat="46.0728983" lon="11.1070068" />
      <trkpt lat="46.0729069" lon="11.1069711" />
      <trkpt lat="46.0729202" lon="11.1069509" />
      <trkpt lat="46.0729362" lon="11.1069375" />
      <trkpt lat="46.0731747" lon="11.1068677" />
      <trkpt lat="46.0731905" lon="11.1069631" />
      <trkpt lat="46.0734734" lon="11.1068471" />
      <trkpt lat="46.0733208" lon="11.1063685" />
      <trkpt lat="46.0734734" lon="11.1068471" />
      <trkpt lat="46.0737678" lon="11.1067322" />
      <trkpt lat="46.0739311" lon="11.1066734" />
      <trkpt lat="46.0741302" lon="11.1066046" />
      <trkpt lat="46.0742045" lon="11.1065789" />
      <trkpt lat="46.0742499" lon="11.1065600" />
      <trkpt lat="46.0742953" lon="11.1065304" />
      <trkpt lat="46.0743430" lon="11.1064951" />
      <trkpt lat="46.0744036" lon="11.1064331" />
      <trkpt lat="46.0744728" lon="11.1063251" />
      <trkpt lat="46.0742974" lon="11.1058320" />
      <trkpt lat="46.0741427" lon="11.1054406" />
      <trkpt lat="46.0741244" lon="11.1053899" />
      <trkpt lat="46.0741043" lon="11.1053440" />
      <trkpt lat="46.0740809" lon="11.1053117" />
      <trkpt lat="46.0740575" lon="11.1052852" />
      <trkpt lat="46.0740242" lon="11.1052531" />
      <trkpt lat="46.0739906" lon="11.1052409" />
      <trkpt lat="46.0739613" lon="11.1052470" />
      <trkpt lat="46.0739255" lon="11.1052638" />
      <trkpt lat="46.0738324" lon="11.1053276" />
      <trkpt lat="46.0737329" lon="11.1053846" />
      <trkpt lat="46.0736408" lon="11.1054310" />
      <trkpt lat="46.0735312" lon="11.1054870" />
      <trkpt lat="46.0734423" lon="11.1054859" />
      <trkpt lat="46.0734166" lon="11.1054688" />
      <trkpt lat="46.0734030" lon="11.1055081" />
      <trkpt lat="46.0733780" lon="11.1055867" />
      <trkpt lat="46.0733546" lon="11.1055749" />
      <trkpt lat="46.0733173" lon="11.1055729" />
      <trkpt lat="46.0732897" lon="11.1055779" />
      <trkpt lat="46.0732700" lon="11.1055829" />
      <trkpt lat="46.0732582" lon="11.1055860" />
      <trkpt lat="46.0732475" lon="11.1055948" />
      <trkpt lat="46.0732016" lon="11.1056510" />
      <trkpt lat="46.0731883" lon="11.1056751" />
      <trkpt lat="46.0731798" lon="11.1056924" />
      <trkpt lat="46.0731736" lon="11.1057055" />
      <trkpt lat="46.0731662" lon="11.1057190" />
      <trkpt lat="46.0731736" lon="11.1057055" />
      <trkpt lat="46.0731798" lon="11.1056924" />
      <trkpt lat="46.0731883" lon="11.1056751" />
      <trkpt lat="46.0732016" lon="11.1056510" />
      <trkpt lat="46.0732475" lon="11.1055948" />
      <trkpt lat="46.0732582" lon="11.1055860" />
      <trkpt lat="46.0732700" lon="11.1055829" />
      <trkpt lat="46.0732897" lon="11.1055779" />
      <trkpt lat="46.0733173" lon="11.1055729" />
      <trkpt lat="46.0733546" lon="11.1055749" />
      <trkpt lat="46.0733780" lon="11.1055867" />
      <trkpt lat="46.0734030" lon="11.1055081" />
      <trkpt lat="46.0734166" lon="11.1054688" />
      <trkpt lat="46.0736047" lon="11.1048427" />
      <trkpt lat="46.0735849" lon="11.1048268" />
      <trkpt lat="46.0735777" lon="11.1048082" />
      <trkpt lat="46.0735734" lon="11.1047896" />
      <trkpt lat="46.0735713" lon="11.1047482" />
      <trkpt lat="46.0735731" lon="11.1047068" />
      <trkpt lat="46.0735871" lon="11.1045837" />
      <trkpt lat="46.0736012" lon="11.1044490" />
      <trkpt lat="46.0736110" lon="11.1043623" />
      <trkpt lat="46.0736199" lon="11.1043194" />
      <trkpt lat="46.0736308" lon="11.1042891" />
      <trkpt lat="46.0736436" lon="11.1042580" />
      <trkpt lat="46.0736940" lon="11.1041558" />
      <trkpt lat="46.0737945" lon="11.1039258" />
      <trkpt lat="46.0738940" lon="11.1037097" />
      <trkpt lat="46.0739310" lon="11.1036315" />
      <trkpt lat="46.0739365" lon="11.1036084" />
      <trkpt lat="46.0739401" lon="11.1035838" />
      <trkpt lat="46.0739408" lon="11.1035403" />
      <trkpt lat="46.0739208" lon="11.1035281" />
      <trkpt lat="46.0738991" lon="11.1035227" />
      <trkpt lat="46.0738668" lon="11.1035227" />
      <trkpt lat="46.0738513" lon="11.1035279" />
      <trkpt lat="46.0734945" lon="11.1036422" />
      <trkpt lat="46.0733101" lon="11.1037945" />
      <trkpt lat="46.0732070" lon="11.1039198" />
      <trkpt lat="46.0730724" lon="11.1041653" />
      <trkpt lat="46.0729831" lon="11.1042237" />
      <trkpt lat="46.0730724" lon="11.1041653" />
      <trkpt lat="46.0732070" lon="11.1039198" />
      <trkpt lat="46.0733101" lon="11.1037945" />
      <trkpt lat="46.0734945" lon="11.1036422" />
      <trkpt lat="46.0738513" lon="11.1035279" />
      <trkpt lat="46.0738668" lon="11.1035227" />
      <trkpt lat="46.0738991" lon="11.1035227" />
      <trkpt lat="46.0739208" lon="11.1035281" />
      <trkpt lat="46.0739408" lon="11.1035403" />
      <trkpt lat="46.0739401" lon="11.1035838" />
      <trkpt lat="46.0739365" lon="11.1036084" />
      <trkpt lat="46.0739310" lon="11.1036315" />
      <trkpt lat="46.0738940" lon="11.1037097" />
      <trkpt lat="46.0737945" lon="11.1039258" />
      <trkpt lat="46.0736940" lon="11.1041558" />
      <trkpt lat="46.0736436" lon="11.1042580" />
      <trkpt lat="46.0736308" lon="11.1042891" />
      <trkpt lat="46.0736199" lon="11.1043194" />
      <trkpt lat="46.0736110" lon="11.1043623" />
      <trkpt lat="46.0736012" lon="11.1044490" />
      <trkpt lat="46.0735871" lon="11.1045837" />
      <trkpt lat="46.0735731" lon="11.1047068" />
      <trkpt lat="46.0735713" lon="11.1047482" />
      <trkpt lat="46.0735734" lon="11.1047896" />
      <trkpt lat="46.0735777" lon="11.1048082" />
      <trkpt lat="46.0735849" lon="11.1048268" />
      <trkpt lat="46.0736047" lon="11.1048427" />
      <trkpt lat="46.0734166" lon="11.1054688" />
      <trkpt lat="46.0734030" lon="11.1055081" />
      <trkpt lat="46.0733756" lon="11.1055039" />
      <trkpt lat="46.0733551" lon="11.1055019" />
      <trkpt lat="46.0732163" lon="11.1055082" />
      <trkpt lat="46.0732021" lon="11.1055067" />
      <trkpt lat="46.0731860" lon="11.1055039" />
      <trkpt lat="46.0731631" lon="11.1054990" />
      <trkpt lat="46.0731436" lon="11.1055008" />
      <trkpt lat="46.0730665" lon="11.1055186" />
      <trkpt lat="46.0729591" lon="11.1055567" />
      <trkpt lat="46.0728648" lon="11.1056031" />
      <trkpt lat="46.0727759" lon="11.1056658" />
      <trkpt lat="46.0726814" lon="11.1057606" />
      <trkpt lat="46.0724810" lon="11.1060040" />
      <trkpt lat="46.0722893" lon="11.1062431" />
      <trkpt lat="46.0722320" lon="11.1062946" />
      <trkpt lat="46.0721887" lon="11.1063259" />
      <trkpt lat="46.0721134" lon="11.1063618" />
      <trkpt lat="46.0720068" lon="11.1064030" />
      <trkpt lat="46.0718550" lon="11.1064816" />
      <trkpt lat="46.0716749" lon="11.1066140" />
      <trkpt lat="46.0715860" lon="11.1067126" />
      <trkpt lat="46.0714814" lon="11.1068834" />
      <trkpt lat="46.0713812" lon="11.1070307" />
      <trkpt lat="46.0713099" lon="11.1071258" />
      <trkpt lat="46.0711960" lon="11.1072143" />
      <trkpt lat="46.0711537" lon="11.1072441" />
      <trkpt lat="46.0711289" lon="11.1072599" />
      <trkpt lat="46.0711111" lon="11.1072710" />
      <trkpt lat="46.0710934" lon="11.1072680" />
      <trkpt lat="46.0710770" lon="11.1072479" />
      <trkpt lat="46.0710690" lon="11.1072037" />
      <trkpt lat="46.0710615" lon="11.1071404" />
      <trkpt lat="46.0710658" lon="11.1069633" />
      <trkpt lat="46.0710817" lon="11.1067605" />
      <trkpt lat="46.0710883" lon="11.1066279" />
      <trkpt lat="46.0710837" lon="11.1065577" />
      <trkpt lat="46.0710809" lon="11.1064921" />
      <trkpt lat="46.0710684" lon="11.1064607" />
      <trkpt lat="46.0710494" lon="11.1064437" />
      <trkpt lat="46.0710283" lon="11.1064457" />
      <trkpt lat="46.0710111" lon="11.1064552" />
      <trkpt lat="46.0709871" lon="11.1064903" />
      <trkpt lat="46.0709263" lon="11.1066278" />
      <trkpt lat="46.0708036" lon="11.1069156" />
      <trkpt lat="46.0707602" lon="11.1069849" />
      <trkpt lat="46.0707164" lon="11.1070232" />
      <trkpt lat="46.0706614" lon="11.1070494" />
      <trkpt lat="46.0705938" lon="11.1070578" />
      <trkpt lat="46.0704786" lon="11.1070412" />
      <trkpt lat="46.0704616" lon="11.1070376" />
      <trkpt lat="46.0703531" lon="11.1070145" />
      <trkpt lat="46.0701850" lon="11.1069673" />
      <trkpt lat="46.0700588" lon="11.1069583" />
      <trkpt lat="46.0699614" lon="11.1069641" />
      <trkpt lat="46.0698625" lon="11.1069881" />
      <trkpt lat="46.0697499" lon="11.1070222" />
      <trkpt lat="46.0695976" lon="11.1070935" />
      <trkpt lat="46.0693760" lon="11.1071472" />
      <trkpt lat="46.0693400" lon="11.1071582" />
      <trkpt lat="46.0693068" lon="11.1071693" />
      <trkpt lat="46.0692312" lon="11.1072155" />
      <trkpt lat="46.0691696" lon="11.1072500" />
      <trkpt lat="46.0690932" lon="11.1072988" />
      <trkpt lat="46.0690168" lon="11.1073557" />
      <trkpt lat="46.0688622" lon="11.1075004" />
      <trkpt lat="46.0688082" lon="11.1075421" />
      <trkpt lat="46.0687738" lon="11.1075589" />
      <trkpt lat="46.0687394" lon="11.1075677" />
      <trkpt lat="46.0686934" lon="11.1075740" />
      <trkpt lat="46.0686447" lon="11.1075803" />
      <trkpt lat="46.0686015" lon="11.1075826" />
      <trkpt lat="46.0685535" lon="11.1075311" />
      <trkpt lat="46.0685256" lon="11.1075181" />
      <trkpt lat="46.0684967" lon="11.1075124" />
      <trkpt lat="46.0683847" lon="11.1075034" />
      <trkpt lat="46.0683283" lon="11.1074975" />
      <trkpt lat="46.0682737" lon="11.1074876" />
      <trkpt lat="46.0682524" lon="11.1074809" />
      <trkpt lat="46.0682329" lon="11.1074716" />
      <trkpt lat="46.0682120" lon="11.1074616" />
      <trkpt lat="46.0681917" lon="11.1074463" />
      <trkpt lat="46.0681553" lon="11.1074176" />
      <trkpt lat="46.0681310" lon="11.1073754" />
      <trkpt lat="46.0681183" lon="11.1073154" />
      <trkpt lat="46.0681148" lon="11.1072581" />
      <trkpt lat="46.0681195" lon="11.1072104" />
      <trkpt lat="46.0681470" lon="11.1070863" />
      <trkpt lat="46.0682040" lon="11.1069284" />
      <trkpt lat="46.0683067" lon="11.1066073" />
      <trkpt lat="46.0683645" lon="11.1065071" />
      <trkpt lat="46.0684760" lon="11.1063648" />
      <trkpt lat="46.0686694" lon="11.1061956" />
      <trkpt lat="46.0687224" lon="11.1061567" />
      <trkpt lat="46.0688261" lon="11.1060842" />
      <trkpt lat="46.0689842" lon="11.1059706" />
      <trkpt lat="46.0690852" lon="11.1058820" />
      <trkpt lat="46.0691825" lon="11.1057870" />
      <trkpt lat="46.0692859" lon="11.1056815" />
      <trkpt lat="46.0693881" lon="11.1055711" />
      <trkpt lat="46.0695004" lon="11.1054396" />
      <trkpt lat="46.0696858" lon="11.1051996" />
      <trkpt lat="46.0698882" lon="11.1049319" />
      <trkpt lat="46.0701332" lon="11.1044844" />
      <trkpt lat="46.0702867" lon="11.1041664" />
      <trkpt lat="46.0704134" lon="11.1039409" />
      <trkpt lat="46.0704798" lon="11.1038840" />
      <trkpt lat="46.0706316" lon="11.1037408" />
      <trkpt lat="46.0707454" lon="11.1036053" />
      <trkpt lat="46.0709442" lon="11.1033474" />
      <trkpt lat="46.0710328" lon="11.1032042" />
      <trkpt lat="46.0711520" lon="11.1027092" />
      <trkpt lat="46.0711340" lon="11.1024175" />
      <trkpt lat="46.0710581" lon="11.1021309" />
      <trkpt lat="46.0710310" lon="11.1018757" />
      <trkpt lat="46.0709551" lon="11.1020997" />
      <trkpt lat="46.0709063" lon="11.1022846" />
      <trkpt lat="46.0708864" lon="11.1024930" />
      <trkpt lat="46.0708864" lon="11.1026441" />
      <trkpt lat="46.0708864" lon="11.1024930" />
      <trkpt lat="46.0709063" lon="11.1022846" />
      <trkpt lat="46.0709551" lon="11.1020997" />
      <trkpt lat="46.0710310" lon="11.1018757" />
      <trkpt lat="46.0710382" lon="11.1018446" />
      <trkpt lat="46.0710392" lon="11.1018408" />
      <trkpt lat="46.0710536" lon="11.1017835" />
      <trkpt lat="46.0710221" lon="11.1017506" />
      <trkpt lat="46.0710138" lon="11.1017139" />
      <trkpt lat="46.0710128" lon="11.1016690" />
      <trkpt lat="46.0710156" lon="11.1016394" />
      <trkpt lat="46.0710404" lon="11.1015704" />
      <trkpt lat="46.0710804" lon="11.1015014" />
      <trkpt lat="46.0711200" lon="11.1014517" />
      <trkpt lat="46.0711738" lon="11.1014021" />
      <trkpt lat="46.0712204" lon="11.1013487" />
      <trkpt lat="46.0712510" lon="11.1013048" />
      <trkpt lat="46.0712687" lon="11.1012443" />
      <trkpt lat="46.0712754" lon="11.1011867" />
      <trkpt lat="46.0712689" lon="11.1011210" />
      <trkpt lat="46.0712376" lon="11.1010388" />
      <trkpt lat="46.0711844" lon="11.1009460" />
      <trkpt lat="46.0711028" lon="11.1008389" />
      <trkpt lat="46.0710402" lon="11.1007549" />
      <trkpt lat="46.0709727" lon="11.1006856" />
      <trkpt lat="46.0709332" lon="11.1006482" />
      <trkpt lat="46.0709023" lon="11.1006326" />
      <trkpt lat="46.0708776" lon="11.1006221" />
      <trkpt lat="46.0708528" lon="11.1006171" />
      <trkpt lat="46.0707967" lon="11.1006152" />
      <trkpt lat="46.0707028" lon="11.1006106" />
      <trkpt lat="46.0706118" lon="11.1006032" />
      <trkpt lat="46.0705759" lon="11.1005913" />
      <trkpt lat="46.0705443" lon="11.1005740" />
      <trkpt lat="46.0705174" lon="11.1005540" />
      <trkpt lat="46.0704909" lon="11.1005153" />
      <trkpt lat="46.0704698" lon="11.1004564" />
      <trkpt lat="46.0704498" lon="11.1003960" />
      <trkpt lat="46.0704304" lon="11.1003244" />
      <trkpt lat="46.0704049" lon="11.1002601" />
      <trkpt lat="46.0703803" lon="11.1002241" />
      <trkpt lat="46.0703009" lon="11.1001360" />
      <trkpt lat="46.0702659" lon="11.1000968" />
      <trkpt lat="46.0702073" lon="11.1000130" />
      <trkpt lat="46.0701742" lon="11.0999544" />
      <trkpt lat="46.0701528" lon="11.0998986" />
      <trkpt lat="46.0701342" lon="11.0998564" />
      <trkpt lat="46.0701066" lon="11.0998129" />
      <trkpt lat="46.0700767" lon="11.0997944" />
      <trkpt lat="46.0700402" lon="11.0997894" />
      <trkpt lat="46.0700108" lon="11.0998033" />
      <trkpt lat="46.0699980" lon="11.0998177" />
      <trkpt lat="46.0699889" lon="11.0998389" />
      <trkpt lat="46.0699790" lon="11.0998758" />
      <trkpt lat="46.0699757" lon="11.0999154" />
      <trkpt lat="46.0699790" lon="11.0999594" />
      <trkpt lat="46.0699936" lon="11.1000033" />
      <trkpt lat="46.0700204" lon="11.1000395" />
      <trkpt lat="46.0700501" lon="11.1000688" />
      <trkpt lat="46.0701172" lon="11.1001403" />
      <trkpt lat="46.0701658" lon="11.1001941" />
      <trkpt lat="46.0701813" lon="11.1002203" />
      <trkpt lat="46.0701958" lon="11.1002532" />
      <trkpt lat="46.0702083" lon="11.1003010" />
      <trkpt lat="46.0702152" lon="11.1003568" />
      <trkpt lat="46.0702093" lon="11.1005322" />
      <trkpt lat="46.0702092" lon="11.1005786" />
      <trkpt lat="46.0702176" lon="11.1006319" />
      <trkpt lat="46.0702381" lon="11.1007016" />
      <trkpt lat="46.0702777" lon="11.1007757" />
      <trkpt lat="46.0703220" lon="11.1008335" />
      <trkpt lat="46.0703639" lon="11.1008741" />
      <trkpt lat="46.0704039" lon="11.1009202" />
      <trkpt lat="46.0704365" lon="11.1009765" />
      <trkpt lat="46.0704606" lon="11.1010300" />
      <trkpt lat="46.0704731" lon="11.1010709" />
      <trkpt lat="46.0704761" lon="11.1011117" />
      <trkpt lat="46.0704662" lon="11.1011685" />
      <trkpt lat="46.0704383" lon="11.1012212" />
      <trkpt lat="46.0704117" lon="11.1012466" />
      <trkpt lat="46.0703813" lon="11.1012556" />
      <trkpt lat="46.0703492" lon="11.1012536" />
      <trkpt lat="46.0703096" lon="11.1012312" />
      <trkpt lat="46.0702877" lon="11.1011920" />
      <trkpt lat="46.0702640" lon="11.1011432" />
      <trkpt lat="46.0702203" lon="11.1010374" />
      <trkpt lat="46.0701573" lon="11.1009235" />
      <trkpt lat="46.0700914" lon="11.1008042" />
      <trkpt lat="46.0699289" lon="11.1005161" />
      <trkpt lat="46.0698023" lon="11.1002888" />
      <trkpt lat="46.0696153" lon="11.0999783" />
      <trkpt lat="46.0695571" lon="11.0998708" />
      <trkpt lat="46.0695248" lon="11.0998000" />
      <trkpt lat="46.0695098" lon="11.0997291" />
      <trkpt lat="46.0695205" lon="11.0996503" />
      <trkpt lat="46.0695406" lon="11.0995716" />
      <trkpt lat="46.0695490" lon="11.0994281" />
      <trkpt lat="46.0694504" lon="11.0993347" />
      <trkpt lat="46.0693686" lon="11.0992625" />
      <trkpt lat="46.0692802" lon="11.0991893" />
      <trkpt lat="46.0692038" lon="11.0990748" />
      <trkpt lat="46.0691109" lon="11.0989366" />
      <trkpt lat="46.0690463" lon="11.0987718" />
      <trkpt lat="46.0690159" lon="11.0986376" />
      <trkpt lat="46.0690047" lon="11.0985142" />
      <trkpt lat="46.0690272" lon="11.0983266" />
      <trkpt lat="46.0690609" lon="11.0981876" />
      <trkpt lat="46.0691056" lon="11.0980416" />
      <trkpt lat="46.0691688" lon="11.0978561" />
      <trkpt lat="46.0692184" lon="11.0977308" />
      <trkpt lat="46.0692525" lon="11.0976526" />
      <trkpt lat="46.0693365" lon="11.0974971" />
      <trkpt lat="46.0694334" lon="11.0972864" />
      <trkpt lat="46.0695303" lon="11.0971000" />
      <trkpt lat="46.0695803" lon="11.0969896" />
      <trkpt lat="46.0695718" lon="11.0969794" />
      <trkpt lat="46.0695401" lon="11.0969899" />
      <trkpt lat="46.0695186" lon="11.0969926" />
      <trkpt lat="46.0694713" lon="11.0970339" />
      <trkpt lat="46.0693755" lon="11.0971444" />
      <trkpt lat="46.0692617" lon="11.0972357" />
      <trkpt lat="46.0691399" lon="11.0973305" />
      <trkpt lat="46.0690306" lon="11.0973712" />
      <trkpt lat="46.0689499" lon="11.0973754" />
      <trkpt lat="46.0688816" lon="11.0973826" />
      <trkpt lat="46.0686842" lon="11.0974144" />
      <trkpt lat="46.0685646" lon="11.0974613" />
      <trkpt lat="46.0684366" lon="11.0975826" />
      <trkpt lat="46.0682689" lon="11.0977092" />
      <trkpt lat="46.0681766" lon="11.0977835" />
      <trkpt lat="46.0681204" lon="11.0978229" />
      <trkpt lat="46.0678624" lon="11.0979606" />
      <trkpt lat="46.0677721" lon="11.0980020" />
      <trkpt lat="46.0676765" lon="11.0980472" />
      <trkpt lat="46.0675492" lon="11.0981059" />
      <trkpt lat="46.0674771" lon="11.0981565" />
      <trkpt lat="46.0673903" lon="11.0982400" />
      <trkpt lat="46.0672698" lon="11.0983294" />
      <trkpt lat="46.0671470" lon="11.0983637" />
      <trkpt lat="46.0670758" lon="11.0983761" />
      <trkpt lat="46.0670317" lon="11.0983896" />
      <trkpt lat="46.0669556" lon="11.0984128" />
      <trkpt lat="46.0668666" lon="11.0984645" />
      <trkpt lat="46.0667176" lon="11.0985492" />
      <trkpt lat="46.0666499" lon="11.0986085" />
      <trkpt lat="46.0664977" lon="11.0987229" />
      <trkpt lat="46.0664493" lon="11.0987849" />
      <trkpt lat="46.0664054" lon="11.0988681" />
      <trkpt lat="46.0663804" lon="11.0989597" />
      <trkpt lat="46.0663674" lon="11.0990604" />
      <trkpt lat="46.0663693" lon="11.0991486" />
      <trkpt lat="46.0664022" lon="11.0993084" />
      <trkpt lat="46.0664006" lon="11.0993615" />
      <trkpt lat="46.0663874" lon="11.0994028" />
      <trkpt lat="46.0663535" lon="11.0994354" />
      <trkpt lat="46.0663194" lon="11.0994536" />
      <trkpt lat="46.0662792" lon="11.0994496" />
      <trkpt lat="46.0662348" lon="11.0994102" />
      <trkpt lat="46.0661947" lon="11.0993482" />
      <trkpt lat="46.0661284" lon="11.0992431" />
      <trkpt lat="46.0660976" lon="11.0992057" />
      <trkpt lat="46.0660597" lon="11.0991665" />
      <trkpt lat="46.0660321" lon="11.0991487" />
      <trkpt lat="46.0660010" lon="11.0991385" />
      <trkpt lat="46.0658914" lon="11.0991295" />
      <trkpt lat="46.0657811" lon="11.0991232" />
      <trkpt lat="46.0656875" lon="11.0991031" />
      <trkpt lat="46.0656389" lon="11.0990974" />
      <trkpt lat="46.0656251" lon="11.0990934" />
      <trkpt lat="46.0656168" lon="11.0990873" />
      <trkpt lat="46.0655906" lon="11.0991007" />
      <trkpt lat="46.0655686" lon="11.0991114" />
      <trkpt lat="46.0655621" lon="11.0990840" />
      <trkpt lat="46.0655533" lon="11.0990470" />
      <trkpt lat="46.0655261" lon="11.0990652" />
      <trkpt lat="46.0655032" lon="11.0990859" />
      <trkpt lat="46.0655113" lon="11.0991067" />
      <trkpt lat="46.0655193" lon="11.0991274" />
      <trkpt lat="46.0655239" lon="11.0991379" />
      <trkpt lat="46.0655369" lon="11.0991676" />
      <trkpt lat="46.0655563" lon="11.0992028" />
      <trkpt lat="46.0655877" lon="11.0992595" />
      <trkpt lat="46.0657105" lon="11.0994459" />
      <trkpt lat="46.0658840" lon="11.0996614" />
      <trkpt lat="46.0660063" lon="11.0997866" />
      <trkpt lat="46.0660463" lon="11.0998321" />
      <trkpt lat="46.0660585" lon="11.0998570" />
      <trkpt lat="46.0660712" lon="11.0998927" />
      <trkpt lat="46.0661957" lon="11.0998195" />
      <trkpt lat="46.0662106" lon="11.0998164" />
      <trkpt lat="46.0662245" lon="11.0998157" />
      <trkpt lat="46.0662463" lon="11.0998227" />
      <trkpt lat="46.0662649" lon="11.0998371" />
      <trkpt lat="46.0662897" lon="11.0998649" />
      <trkpt lat="46.0663209" lon="11.0999448" />
      <trkpt lat="46.0663275" lon="11.0999968" />
      <trkpt lat="46.0663360" lon="11.1000656" />
      <trkpt lat="46.0663714" lon="11.1002176" />
      <trkpt lat="46.0663983" lon="11.1002710" />
      <trkpt lat="46.0664411" lon="11.1003515" />
      <trkpt lat="46.0665168" lon="11.1004651" />
      <trkpt lat="46.0666058" lon="11.1005548" />
      <trkpt lat="46.0667171" lon="11.1006512" />
      <trkpt lat="46.0668310" lon="11.1007136" />
      <trkpt lat="46.0668872" lon="11.1008046" />
      <trkpt lat="46.0669172" lon="11.1008626" />
      <trkpt lat="46.0669416" lon="11.1009260" />
      <trkpt lat="46.0669687" lon="11.1010311" />
      <trkpt lat="46.0670173" lon="11.1012506" />
      <trkpt lat="46.0670481" lon="11.1014561" />
      <trkpt lat="46.0671048" lon="11.1016055" />
      <trkpt lat="46.0671842" lon="11.1018133" />
      <trkpt lat="46.0672668" lon="11.1019815" />
      <trkpt lat="46.0672972" lon="11.1020023" />
      <trkpt lat="46.0673710" lon="11.1019401" />
      <trkpt lat="46.0674345" lon="11.1018237" />
      <trkpt lat="46.0674540" lon="11.1017490" />
      <trkpt lat="46.0674961" lon="11.1014385" />
      <trkpt lat="46.0676536" lon="11.1012245" />
      <trkpt lat="46.0677378" lon="11.1011142" />
      <trkpt lat="46.0678564" lon="11.1009515" />
      <trkpt lat="46.0679119" lon="11.1008991" />
      <trkpt lat="46.0678564" lon="11.1009515" />
      <trkpt lat="46.0677378" lon="11.1011142" />
      <trkpt lat="46.0676536" lon="11.1012245" />
      <trkpt lat="46.0674961" lon="11.1014385" />
      <trkpt lat="46.0674540" lon="11.1017490" />
      <trkpt lat="46.0674345" lon="11.1018237" />
      <trkpt lat="46.0673710" lon="11.1019401" />
      <trkpt lat="46.0672972" lon="11.1020023" />
      <trkpt lat="46.0672668" lon="11.1019815" />
      <trkpt lat="46.0671842" lon="11.1018133" />
      <trkpt lat="46.0671048" lon="11.1016055" />
      <trkpt lat="46.0670481" lon="11.1014561" />
      <trkpt lat="46.0670173" lon="11.1012506" />
      <trkpt lat="46.0669687" lon="11.1010311" />
      <trkpt lat="46.0669416" lon="11.1009260" />
      <trkpt lat="46.0669172" lon="11.1008626" />
      <trkpt lat="46.0668872" lon="11.1008046" />
      <trkpt lat="46.0668310" lon="11.1007136" />
      <trkpt lat="46.0667171" lon="11.1006512" />
      <trkpt lat="46.0666058" lon="11.1005548" />
      <trkpt lat="46.0665168" lon="11.1004651" />
      <trkpt lat="46.0664411" lon="11.1003515" />
      <trkpt lat="46.0663983" lon="11.1002710" />
      <trkpt lat="46.0663714" lon="11.1002176" />
      <trkpt lat="46.0663320" lon="11.1002945" />
      <trkpt lat="46.0663094" lon="11.1003317" />
      <trkpt lat="46.0662846" lon="11.1003499" />
      <trkpt lat="46.0662090" lon="11.1003925" />
      <trkpt lat="46.0661953" lon="11.1004045" />
      <trkpt lat="46.0661831" lon="11.1004225" />
      <trkpt lat="46.0661627" lon="11.1004789" />
      <trkpt lat="46.0661216" lon="11.1005810" />
      <trkpt lat="46.0660756" lon="11.1006758" />
      <trkpt lat="46.0659630" lon="11.1008884" />
      <trkpt lat="46.0659369" lon="11.1009381" />
      <trkpt lat="46.0659165" lon="11.1009647" />
      <trkpt lat="46.0659369" lon="11.1009381" />
      <trkpt lat="46.0659630" lon="11.1008884" />
      <trkpt lat="46.0660756" lon="11.1006758" />
      <trkpt lat="46.0661216" lon="11.1005810" />
      <trkpt lat="46.0661627" lon="11.1004789" />
      <trkpt lat="46.0661831" lon="11.1004225" />
      <trkpt lat="46.0661953" lon="11.1004045" />
      <trkpt lat="46.0662090" lon="11.1003925" />
      <trkpt lat="46.0662846" lon="11.1003499" />
      <trkpt lat="46.0663094" lon="11.1003317" />
      <trkpt lat="46.0663320" lon="11.1002945" />
      <trkpt lat="46.0663714" lon="11.1002176" />
      <trkpt lat="46.0663360" lon="11.1000656" />
      <trkpt lat="46.0663275" lon="11.0999968" />
      <trkpt lat="46.0663209" lon="11.0999448" />
      <trkpt lat="46.0662897" lon="11.0998649" />
      <trkpt lat="46.0662649" lon="11.0998371" />
      <trkpt lat="46.0662463" lon="11.0998227" />
      <trkpt lat="46.0662245" lon="11.0998157" />
      <trkpt lat="46.0662106" lon="11.0998164" />
      <trkpt lat="46.0661957" lon="11.0998195" />
      <trkpt lat="46.0660712" lon="11.0998927" />
      <trkpt lat="46.0660767" lon="11.0999264" />
      <trkpt lat="46.0660759" lon="11.0999747" />
      <trkpt lat="46.0660713" lon="11.1000086" />
      <trkpt lat="46.0660629" lon="11.1000433" />
      <trkpt lat="46.0660420" lon="11.1000860" />
      <trkpt lat="46.0660277" lon="11.1001066" />
      <trkpt lat="46.0660146" lon="11.1001241" />
      <trkpt lat="46.0659872" lon="11.1001445" />
      <trkpt lat="46.0659598" lon="11.1001602" />
      <trkpt lat="46.0658462" lon="11.1002097" />
      <trkpt lat="46.0657605" lon="11.1002535" />
      <trkpt lat="46.0656635" lon="11.1003187" />
      <trkpt lat="46.0655558" lon="11.1004113" />
      <trkpt lat="46.0654543" lon="11.1004979" />
      <trkpt lat="46.0653456" lon="11.1006213" />
      <trkpt lat="46.0652581" lon="11.1007310" />
      <trkpt lat="46.0652117" lon="11.1007904" />
      <trkpt lat="46.0651764" lon="11.1008307" />
      <trkpt lat="46.0651604" lon="11.1008425" />
      <trkpt lat="46.0651536" lon="11.1008475" />
      <trkpt lat="46.0651443" lon="11.1008544" />
      <trkpt lat="46.0651132" lon="11.1008674" />
      <trkpt lat="46.0650605" lon="11.1008803" />
      <trkpt lat="46.0650015" lon="11.1008749" />
      <trkpt lat="46.0649546" lon="11.1008689" />
      <trkpt lat="46.0649190" lon="11.1008643" />
      <trkpt lat="46.0649166" lon="11.1009054" />
      <trkpt lat="46.0649213" lon="11.1009222" />
      <trkpt lat="46.0649293" lon="11.1009306" />
      <trkpt lat="46.0649426" lon="11.1009358" />
      <trkpt lat="46.0649695" lon="11.1009424" />
      <trkpt lat="46.0649426" lon="11.1009358" />
      <trkpt lat="46.0649293" lon="11.1009306" />
      <trkpt lat="46.0649213" lon="11.1009222" />
      <trkpt lat="46.0649166" lon="11.1009054" />
      <trkpt lat="46.0649190" lon="11.1008643" />
      <trkpt lat="46.0648724" lon="11.1008621" />
      <trkpt lat="46.0648300" lon="11.1008646" />
      <trkpt lat="46.0647823" lon="11.1008738" />
      <trkpt lat="46.0647367" lon="11.1008953" />
      <trkpt lat="46.0646943" lon="11.1009230" />
      <trkpt lat="46.0646495" lon="11.1009635" />
      <trkpt lat="46.0646317" lon="11.1009838" />
      <trkpt lat="46.0645997" lon="11.1010349" />
      <trkpt lat="46.0645686" lon="11.1010928" />
      <trkpt lat="46.0645587" lon="11.1011118" />
      <trkpt lat="46.0644931" lon="11.1012397" />
      <trkpt lat="46.0645587" lon="11.1011118" />
      <trkpt lat="46.0645686" lon="11.1010928" />
      <trkpt lat="46.0645276" lon="11.1011257" />
      <trkpt lat="46.0645512" lon="11.1010799" />
      <trkpt lat="46.0645862" lon="11.1010190" />
      <trkpt lat="46.0645085" lon="11.1010739" />
      <trkpt lat="46.0641003" lon="11.1014183" />
      <trkpt lat="46.0640719" lon="11.1014394" />
      <trkpt lat="46.0638815" lon="11.1015813" />
      <trkpt lat="46.0640719" lon="11.1014394" />
      <trkpt lat="46.0641003" lon="11.1014183" />
      <trkpt lat="46.0645085" lon="11.1010739" />
      <trkpt lat="46.0645862" lon="11.1010190" />
      <trkpt lat="46.0646008" lon="11.1009964" />
      <trkpt lat="46.0646327" lon="11.1009478" />
      <trkpt lat="46.0646636" lon="11.1009143" />
      <trkpt lat="46.0646903" lon="11.1008945" />
      <trkpt lat="46.0647336" lon="11.1008667" />
      <trkpt lat="46.0647543" lon="11.1008553" />
      <trkpt lat="46.0647708" lon="11.1008472" />
      <trkpt lat="46.0648158" lon="11.1008319" />
      <trkpt lat="46.0648467" lon="11.1008258" />
      <trkpt lat="46.0648844" lon="11.1008258" />
      <trkpt lat="46.0649168" lon="11.1008296" />
      <trkpt lat="46.0649567" lon="11.1008361" />
      <trkpt lat="46.0650290" lon="11.1008480" />
      <trkpt lat="46.0650583" lon="11.1008503" />
      <trkpt lat="46.0650896" lon="11.1008449" />
      <trkpt lat="46.0651083" lon="11.1008403" />
      <trkpt lat="46.0651465" lon="11.1008173" />
      <trkpt lat="46.0651539" lon="11.1008115" />
      <trkpt lat="46.0651747" lon="11.1007951" />
      <trkpt lat="46.0652077" lon="11.1007530" />
      <trkpt lat="46.0652391" lon="11.1007108" />
      <trkpt lat="46.0652858" lon="11.1006534" />
      <trkpt lat="46.0653411" lon="11.1005859" />
      <trkpt lat="46.0653821" lon="11.1005415" />
      <trkpt lat="46.0654810" lon="11.1004449" />
      <trkpt lat="46.0655831" lon="11.1003537" />
      <trkpt lat="46.0656368" lon="11.1003062" />
      <trkpt lat="46.0656788" lon="11.1002763" />
      <trkpt lat="46.0657181" lon="11.1002495" />
      <trkpt lat="46.0657777" lon="11.1002119" />
      <trkpt lat="46.0658245" lon="11.1001851" />
      <trkpt lat="46.0659712" lon="11.1001062" />
      <trkpt lat="46.0659946" lon="11.1000893" />
      <trkpt lat="46.0660132" lon="11.1000717" />
      <trkpt lat="46.0660233" lon="11.1000564" />
      <trkpt lat="46.0660313" lon="11.1000411" />
      <trkpt lat="46.0660371" lon="11.1000250" />
      <trkpt lat="46.0660419" lon="11.1000066" />
      <trkpt lat="46.0660440" lon="11.0999844" />
      <trkpt lat="46.0660451" lon="11.0999629" />
      <trkpt lat="46.0660446" lon="11.0999422" />
      <trkpt lat="46.0660398" lon="11.0999184" />
      <trkpt lat="46.0660339" lon="11.0998993" />
      <trkpt lat="46.0660254" lon="11.0998817" />
      <trkpt lat="46.0659064" lon="11.0997479" />
      <trkpt lat="46.0658971" lon="11.0997426" />
      <trkpt lat="46.0658837" lon="11.0997403" />
      <trkpt lat="46.0658734" lon="11.0997444" />
      <trkpt lat="46.0658547" lon="11.0997529" />
      <trkpt lat="46.0658359" lon="11.0997673" />
      <trkpt lat="46.0658081" lon="11.0997892" />
      <trkpt lat="46.0657930" lon="11.0997510" />
      <trkpt lat="46.0657795" lon="11.0997166" />
      <trkpt lat="46.0657893" lon="11.0997091" />
      <trkpt lat="46.0657987" lon="11.0996961" />
      <trkpt lat="46.0658036" lon="11.0996873" />
      <trkpt lat="46.0658069" lon="11.0996737" />
      <trkpt lat="46.0658081" lon="11.0996637" />
      <trkpt lat="46.0658077" lon="11.0996508" />
      <trkpt lat="46.0658036" lon="11.0996355" />
      <trkpt lat="46.0657975" lon="11.0996196" />
      <trkpt lat="46.0657807" lon="11.0995925" />
      <trkpt lat="46.0657361" lon="11.0995355" />
      <trkpt lat="46.0656791" lon="11.0994506" />
      <trkpt lat="46.0656222" lon="11.0993659" />
      <trkpt lat="46.0655497" lon="11.0992544" />
      <trkpt lat="46.0655329" lon="11.0992242" />
      <trkpt lat="46.0655225" lon="11.0992056" />
      <trkpt lat="46.0654884" lon="11.0991426" />
      <trkpt lat="46.0654749" lon="11.0991114" />
      <trkpt lat="46.0654644" lon="11.0990738" />
      <trkpt lat="46.0654522" lon="11.0990144" />
      <trkpt lat="46.0654492" lon="11.0989518" />
      <trkpt lat="46.0654497" lon="11.0989082" />
      <trkpt lat="46.0654499" lon="11.0988859" />
      <trkpt lat="46.0654477" lon="11.0988266" />
      <trkpt lat="46.0654416" lon="11.0987849" />
      <trkpt lat="46.0654324" lon="11.0987431" />
      <trkpt lat="46.0654141" lon="11.0987003" />
      <trkpt lat="46.0653974" lon="11.0986684" />
      <trkpt lat="46.0652172" lon="11.0983471" />
      <trkpt lat="46.0651901" lon="11.0982988" />
      <trkpt lat="46.0651767" lon="11.0982785" />
      <trkpt lat="46.0650350" lon="11.0980682" />
      <trkpt lat="46.0650121" lon="11.0980231" />
      <trkpt lat="46.0649980" lon="11.0979924" />
      <trkpt lat="46.0649816" lon="11.0979490" />
      <trkpt lat="46.0649709" lon="11.0979149" />
      <trkpt lat="46.0649565" lon="11.0978578" />
      <trkpt lat="46.0649504" lon="11.0978269" />
      <trkpt lat="46.0649294" lon="11.0977200" />
      <trkpt lat="46.0649244" lon="11.0976997" />
      <trkpt lat="46.0649196" lon="11.0976809" />
      <trkpt lat="46.0648770" lon="11.0976512" />
      <trkpt lat="46.0648430" lon="11.0976562" />
      <trkpt lat="46.0647946" lon="11.0976141" />
      <trkpt lat="46.0647465" lon="11.0976190" />
      <trkpt lat="46.0647444" lon="11.0975600" />
      <trkpt lat="46.0646996" lon="11.0975645" />
      <trkpt lat="46.0644927" lon="11.0975854" />
      <trkpt lat="46.0641320" lon="11.0976234" />
      <trkpt lat="46.0638378" lon="11.0976537" />
      <trkpt lat="46.0635765" lon="11.0976859" />
      <trkpt lat="46.0635921" lon="11.0978068" />
      <trkpt lat="46.0636020" lon="11.0978905" />
      <trkpt lat="46.0636090" lon="11.0979662" />
      <trkpt lat="46.0636188" lon="11.0980723" />
      <trkpt lat="46.0636289" lon="11.0982285" />
      <trkpt lat="46.0636414" lon="11.0984077" />
      <trkpt lat="46.0636441" lon="11.0985134" />
      <trkpt lat="46.0636430" lon="11.0987704" />
      <trkpt lat="46.0636338" lon="11.0989014" />
      <trkpt lat="46.0636552" lon="11.0989842" />
      <trkpt lat="46.0638083" lon="11.0998614" />
      <trkpt lat="46.0639642" lon="11.1007243" />
      <trkpt lat="46.0639726" lon="11.1007899" />
      <trkpt lat="46.0639738" lon="11.1008555" />
      <trkpt lat="46.0639673" lon="11.1008948" />
      <trkpt lat="46.0639501" lon="11.1009480" />
      <trkpt lat="46.0639105" lon="11.1010554" />
      <trkpt lat="46.0638069" lon="11.1012152" />
      <trkpt lat="46.0637557" lon="11.1012718" />
      <trkpt lat="46.0636037" lon="11.1014183" />
      <trkpt lat="46.0634919" lon="11.1015116" />
      <trkpt lat="46.0634724" lon="11.1015150" />
      <trkpt lat="46.0634604" lon="11.1015138" />
      <trkpt lat="46.0634483" lon="11.1015103" />
      <trkpt lat="46.0634371" lon="11.1014988" />
      <trkpt lat="46.0634090" lon="11.1014733" />
      <trkpt lat="46.0633793" lon="11.1014479" />
      <trkpt lat="46.0633497" lon="11.1014294" />
      <trkpt lat="46.0633232" lon="11.1014213" />
      <trkpt lat="46.0633031" lon="11.1014167" />
      <trkpt lat="46.0632807" lon="11.1014202" />
      <trkpt lat="46.0632117" lon="11.1014641" />
      <trkpt lat="46.0632807" lon="11.1014202" />
      <trkpt lat="46.0633031" lon="11.1014167" />
      <trkpt lat="46.0633232" lon="11.1014213" />
      <trkpt lat="46.0633497" lon="11.1014294" />
      <trkpt lat="46.0633793" lon="11.1014479" />
      <trkpt lat="46.0634090" lon="11.1014733" />
      <trkpt lat="46.0634371" lon="11.1014988" />
      <trkpt lat="46.0634483" lon="11.1015103" />
      <trkpt lat="46.0634604" lon="11.1015138" />
      <trkpt lat="46.0634724" lon="11.1015150" />
      <trkpt lat="46.0634919" lon="11.1015116" />
      <trkpt lat="46.0636037" lon="11.1014183" />
      <trkpt lat="46.0637557" lon="11.1012718" />
      <trkpt lat="46.0638069" lon="11.1012152" />
      <trkpt lat="46.0639105" lon="11.1010554" />
      <trkpt lat="46.0639501" lon="11.1009480" />
      <trkpt lat="46.0639673" lon="11.1008948" />
      <trkpt lat="46.0639738" lon="11.1008555" />
      <trkpt lat="46.0639726" lon="11.1007899" />
      <trkpt lat="46.0639642" lon="11.1007243" />
      <trkpt lat="46.0638083" lon="11.0998614" />
      <trkpt lat="46.0636552" lon="11.0989842" />
      <trkpt lat="46.0636338" lon="11.0989014" />
      <trkpt lat="46.0635976" lon="11.0989836" />
      <trkpt lat="46.0635525" lon="11.0990550" />
      <trkpt lat="46.0635016" lon="11.0991190" />
      <trkpt lat="46.0634255" lon="11.0991902" />
      <trkpt lat="46.0633026" lon="11.0992869" />
      <trkpt lat="46.0630703" lon="11.0994105" />
      <trkpt lat="46.0628135" lon="11.0995471" />
      <trkpt lat="46.0626349" lon="11.0996356" />
      <trkpt lat="46.0625279" lon="11.0997132" />
      <trkpt lat="46.0624215" lon="11.0998315" />
      <trkpt lat="46.0623156" lon="11.0999503" />
      <trkpt lat="46.0622032" lon="11.1000764" />
      <trkpt lat="46.0621506" lon="11.1001610" />
      <trkpt lat="46.0621321" lon="11.1002218" />
      <trkpt lat="46.0621121" lon="11.1003307" />
      <trkpt lat="46.0620839" lon="11.1005142" />
      <trkpt lat="46.0620598" lon="11.1006436" />
      <trkpt lat="46.0620389" lon="11.1007026" />
      <trkpt lat="46.0619551" lon="11.1008966" />
      <trkpt lat="46.0618640" lon="11.1011155" />
      <trkpt lat="46.0617078" lon="11.1013620" />
      <trkpt lat="46.0616556" lon="11.1014655" />
      <trkpt lat="46.0616364" lon="11.1015159" />
      <trkpt lat="46.0616229" lon="11.1015772" />
      <trkpt lat="46.0616088" lon="11.1016923" />
      <trkpt lat="46.0615958" lon="11.1018223" />
      <trkpt lat="46.0615887" lon="11.1018393" />
      <trkpt lat="46.0615807" lon="11.1018495" />
      <trkpt lat="46.0615676" lon="11.1018611" />
      <trkpt lat="46.0615602" lon="11.1019126" />
      <trkpt lat="46.0615469" lon="11.1020177" />
      <trkpt lat="46.0615454" lon="11.1020296" />
      <trkpt lat="46.0615469" lon="11.1020177" />
      <trkpt lat="46.0614827" lon="11.1019990" />
      <trkpt lat="46.0614724" lon="11.1020100" />
      <trkpt lat="46.0614693" lon="11.1020293" />
      <trkpt lat="46.0614405" lon="11.1022088" />
      <trkpt lat="46.0614306" lon="11.1022711" />
      <trkpt lat="46.0615576" lon="11.1022814" />
      <trkpt lat="46.0615891" lon="11.1020308" />
      <trkpt lat="46.0615469" lon="11.1020177" />
      <trkpt lat="46.0615602" lon="11.1019126" />
      <trkpt lat="46.0615676" lon="11.1018611" />
      <trkpt lat="46.0612604" lon="11.1017610" />
      <trkpt lat="46.0612251" lon="11.1019579" />
      <trkpt lat="46.0612175" lon="11.1019784" />
      <trkpt lat="46.0612094" lon="11.1019910" />
      <trkpt lat="46.0611944" lon="11.1020171" />
      <trkpt lat="46.0611750" lon="11.1020603" />
      <trkpt lat="46.0611657" lon="11.1020964" />
      <trkpt lat="46.0611588" lon="11.1021252" />
      <trkpt lat="46.0611556" lon="11.1021585" />
      <trkpt lat="46.0611531" lon="11.1021937" />
      <trkpt lat="46.0611519" lon="11.1022387" />
      <trkpt lat="46.0611538" lon="11.1022856" />
      <trkpt lat="46.0611563" lon="11.1023234" />
      <trkpt lat="46.0611588" lon="11.1023657" />
      <trkpt lat="46.0611563" lon="11.1023234" />
      <trkpt lat="46.0611538" lon="11.1022856" />
      <trkpt lat="46.0611519" lon="11.1022387" />
      <trkpt lat="46.0611531" lon="11.1021937" />
      <trkpt lat="46.0611556" lon="11.1021585" />
      <trkpt lat="46.0611588" lon="11.1021252" />
      <trkpt lat="46.0611657" lon="11.1020964" />
      <trkpt lat="46.0611750" lon="11.1020603" />
      <trkpt lat="46.0611944" lon="11.1020171" />
      <trkpt lat="46.0612094" lon="11.1019910" />
      <trkpt lat="46.0612175" lon="11.1019784" />
      <trkpt lat="46.0612251" lon="11.1019579" />
      <trkpt lat="46.0612604" lon="11.1017610" />
      <trkpt lat="46.0615676" lon="11.1018611" />
      <trkpt lat="46.0615807" lon="11.1018495" />
      <trkpt lat="46.0615887" lon="11.1018393" />
      <trkpt lat="46.0615958" lon="11.1018223" />
      <trkpt lat="46.0616088" lon="11.1016923" />
      <trkpt lat="46.0616229" lon="11.1015772" />
      <trkpt lat="46.0616364" lon="11.1015159" />
      <trkpt lat="46.0616556" lon="11.1014655" />
      <trkpt lat="46.0617078" lon="11.1013620" />
      <trkpt lat="46.0618640" lon="11.1011155" />
      <trkpt lat="46.0619551" lon="11.1008966" />
      <trkpt lat="46.0620389" lon="11.1007026" />
      <trkpt lat="46.0620598" lon="11.1006436" />
      <trkpt lat="46.0620839" lon="11.1005142" />
      <trkpt lat="46.0621121" lon="11.1003307" />
      <trkpt lat="46.0621321" lon="11.1002218" />
      <trkpt lat="46.0621506" lon="11.1001610" />
      <trkpt lat="46.0622032" lon="11.1000764" />
      <trkpt lat="46.0623156" lon="11.0999503" />
      <trkpt lat="46.0624215" lon="11.0998315" />
      <trkpt lat="46.0625279" lon="11.0997132" />
      <trkpt lat="46.0626349" lon="11.0996356" />
      <trkpt lat="46.0628135" lon="11.0995471" />
      <trkpt lat="46.0628123" lon="11.0995048" />
      <trkpt lat="46.0630183" lon="11.0994027" />
      <trkpt lat="46.0630631" lon="11.0993786" />
      <trkpt lat="46.0632780" lon="11.0992628" />
      <trkpt lat="46.0633233" lon="11.0992310" />
      <trkpt lat="46.0635011" lon="11.0990666" />
      <trkpt lat="46.0635358" lon="11.0990282" />
      <trkpt lat="46.0635659" lon="11.0989786" />
      <trkpt lat="46.0635846" lon="11.0989334" />
      <trkpt lat="46.0635947" lon="11.0988994" />
      <trkpt lat="46.0636034" lon="11.0988523" />
      <trkpt lat="46.0636095" lon="11.0987926" />
      <trkpt lat="46.0636151" lon="11.0986827" />
      <trkpt lat="46.0636182" lon="11.0985263" />
      <trkpt lat="46.0636152" lon="11.0984101" />
      <trkpt lat="46.0636138" lon="11.0983529" />
      <trkpt lat="46.0636003" lon="11.0981694" />
      <trkpt lat="46.0635808" lon="11.0979633" />
      <trkpt lat="46.0636090" lon="11.0979662" />
      <trkpt lat="46.0636020" lon="11.0978905" />
      <trkpt lat="46.0635921" lon="11.0978068" />
      <trkpt lat="46.0635765" lon="11.0976859" />
      <trkpt lat="46.0635486" lon="11.0975905" />
      <trkpt lat="46.0635634" lon="11.0975879" />
      <trkpt lat="46.0636011" lon="11.0976310" />
      <trkpt lat="46.0643282" lon="11.0975574" />
      <trkpt lat="46.0643540" lon="11.0975099" />
      <trkpt lat="46.0645543" lon="11.0974897" />
      <trkpt lat="46.0646966" lon="11.0974759" />
      <trkpt lat="46.0647413" lon="11.0974716" />
      <trkpt lat="46.0647444" lon="11.0975600" />
      <trkpt lat="46.0649103" lon="11.0975166" />
      <trkpt lat="46.0649520" lon="11.0976640" />
      <trkpt lat="46.0649542" lon="11.0976742" />
      <trkpt lat="46.0649851" lon="11.0978239" />
      <trkpt lat="46.0650045" lon="11.0979043" />
      <trkpt lat="46.0650490" lon="11.0980363" />
      <trkpt lat="46.0652589" lon="11.0983599" />
      <trkpt lat="46.0654875" lon="11.0987260" />
      <trkpt lat="46.0655138" lon="11.0987618" />
      <trkpt lat="46.0655362" lon="11.0987850" />
      <trkpt lat="46.0655613" lon="11.0988108" />
      <trkpt lat="46.0655482" lon="11.0988476" />
      <trkpt lat="46.0655443" lon="11.0988648" />
      <trkpt lat="46.0655426" lon="11.0988748" />
      <trkpt lat="46.0655432" lon="11.0988847" />
      <trkpt lat="46.0655693" lon="11.0989723" />
      <trkpt lat="46.0655912" lon="11.0990439" />
      <trkpt lat="46.0656030" lon="11.0990723" />
      <trkpt lat="46.0656168" lon="11.0990873" />
      <trkpt lat="46.0656251" lon="11.0990934" />
      <trkpt lat="46.0656389" lon="11.0990974" />
      <trkpt lat="46.0656875" lon="11.0991031" />
      <trkpt lat="46.0657811" lon="11.0991232" />
      <trkpt lat="46.0658914" lon="11.0991295" />
      <trkpt lat="46.0660010" lon="11.0991385" />
      <trkpt lat="46.0660321" lon="11.0991487" />
      <trkpt lat="46.0660597" lon="11.0991665" />
      <trkpt lat="46.0660976" lon="11.0992057" />
      <trkpt lat="46.0661284" lon="11.0992431" />
      <trkpt lat="46.0661947" lon="11.0993482" />
      <trkpt lat="46.0662348" lon="11.0994102" />
      <trkpt lat="46.0662792" lon="11.0994496" />
      <trkpt lat="46.0663194" lon="11.0994536" />
      <trkpt lat="46.0663535" lon="11.0994354" />
      <trkpt lat="46.0663874" lon="11.0994028" />
      <trkpt lat="46.0664006" lon="11.0993615" />
      <trkpt lat="46.0664022" lon="11.0993084" />
      <trkpt lat="46.0663693" lon="11.0991486" />
      <trkpt lat="46.0663674" lon="11.0990604" />
      <trkpt lat="46.0663804" lon="11.0989597" />
      <trkpt lat="46.0664054" lon="11.0988681" />
      <trkpt lat="46.0664493" lon="11.0987849" />
      <trkpt lat="46.0664977" lon="11.0987229" />
      <trkpt lat="46.0666499" lon="11.0986085" />
      <trkpt lat="46.0667176" lon="11.0985492" />
      <trkpt lat="46.0668666" lon="11.0984645" />
      <trkpt lat="46.0669556" lon="11.0984128" />
      <trkpt lat="46.0670317" lon="11.0983896" />
      <trkpt lat="46.0670758" lon="11.0983761" />
      <trkpt lat="46.0671470" lon="11.0983637" />
      <trkpt lat="46.0672698" lon="11.0983294" />
      <trkpt lat="46.0673903" lon="11.0982400" />
      <trkpt lat="46.0674771" lon="11.0981565" />
      <trkpt lat="46.0675492" lon="11.0981059" />
      <trkpt lat="46.0676765" lon="11.0980472" />
      <trkpt lat="46.0677721" lon="11.0980020" />
      <trkpt lat="46.0678624" lon="11.0979606" />
      <trkpt lat="46.0681204" lon="11.0978229" />
      <trkpt lat="46.0681766" lon="11.0977835" />
      <trkpt lat="46.0682689" lon="11.0977092" />
      <trkpt lat="46.0684366" lon="11.0975826" />
      <trkpt lat="46.0685646" lon="11.0974613" />
      <trkpt lat="46.0686842" lon="11.0974144" />
      <trkpt lat="46.0688816" lon="11.0973826" />
      <trkpt lat="46.0689499" lon="11.0973754" />
      <trkpt lat="46.0690306" lon="11.0973712" />
      <trkpt lat="46.0691399" lon="11.0973305" />
      <trkpt lat="46.0692617" lon="11.0972357" />
      <trkpt lat="46.0693755" lon="11.0971444" />
      <trkpt lat="46.0694713" lon="11.0970339" />
      <trkpt lat="46.0695186" lon="11.0969926" />
      <trkpt lat="46.0695401" lon="11.0969899" />
      <trkpt lat="46.0695718" lon="11.0969794" />
      <trkpt lat="46.0695803" lon="11.0969896" />
      <trkpt lat="46.0695303" lon="11.0971000" />
      <trkpt lat="46.0694334" lon="11.0972864" />
      <trkpt lat="46.0693365" lon="11.0974971" />
      <trkpt lat="46.0692525" lon="11.0976526" />
      <trkpt lat="46.0692184" lon="11.0977308" />
      <trkpt lat="46.0692335" lon="11.0977315" />
      <trkpt lat="46.0693479" lon="11.0977368" />
      <trkpt lat="46.0694960" lon="11.0977783" />
      <trkpt lat="46.0695415" lon="11.0977620" />
      <trkpt lat="46.0697765" lon="11.0977766" />
      <trkpt lat="46.0698445" lon="11.0977551" />
      <trkpt lat="46.0698815" lon="11.0977568" />
      <trkpt lat="46.0699723" lon="11.0977572" />
      <trkpt lat="46.0701109" lon="11.0977713" />
      <trkpt lat="46.0702408" lon="11.0977608" />
      <trkpt lat="46.0703232" lon="11.0977313" />
      <trkpt lat="46.0705014" lon="11.0976207" />
      <trkpt lat="46.0707011" lon="11.0974372" />
      <trkpt lat="46.0708130" lon="11.0973476" />
      <trkpt lat="46.0708965" lon="11.0973109" />
      <trkpt lat="46.0710478" lon="11.0972658" />
      <trkpt lat="46.0711388" lon="11.0972505" />
      <trkpt lat="46.0712261" lon="11.0972620" />
      <trkpt lat="46.0714053" lon="11.0972851" />
      <trkpt lat="46.0714799" lon="11.0972844" />
      <trkpt lat="46.0715446" lon="11.0972757" />
      <trkpt lat="46.0717922" lon="11.0972134" />
      <trkpt lat="46.0720810" lon="11.0970783" />
      <trkpt lat="46.0721749" lon="11.0970719" />
      <trkpt lat="46.0722512" lon="11.0970808" />
      <trkpt lat="46.0725963" lon="11.0970961" />
      <trkpt lat="46.0727494" lon="11.0971079" />
      <trkpt lat="46.0728251" lon="11.0971279" />
      <trkpt lat="46.0731730" lon="11.0972468" />
      <trkpt lat="46.0734514" lon="11.0973257" />
      <trkpt lat="46.0737659" lon="11.0974709" />
      <trkpt lat="46.0739904" lon="11.0976348" />
      <trkpt lat="46.0742465" lon="11.0977462" />
      <trkpt lat="46.0743735" lon="11.0978433" />
      <trkpt lat="46.0744212" lon="11.0978917" />
      <trkpt lat="46.0744850" lon="11.0979667" />
      <trkpt lat="46.0745343" lon="11.0980142" />
      <trkpt lat="46.0745824" lon="11.0980490" />
      <trkpt lat="46.0747803" lon="11.0981722" />
      <trkpt lat="46.0747857" lon="11.0981756" />
      <trkpt lat="46.0747970" lon="11.0981827" />
      <trkpt lat="46.0748164" lon="11.0981915" />
      <trkpt lat="46.0748563" lon="11.0982034" />
      <trkpt lat="46.0748909" lon="11.0982090" />
      <trkpt lat="46.0749306" lon="11.0982090" />
      <trkpt lat="46.0750468" lon="11.0982070" />
      <trkpt lat="46.0751564" lon="11.0982257" />
      <trkpt lat="46.0752306" lon="11.0982303" />
      <trkpt lat="46.0752953" lon="11.0982233" />
      <trkpt lat="46.0754589" lon="11.0981709" />
      <trkpt lat="46.0756033" lon="11.0981184" />
      <trkpt lat="46.0757066" lon="11.0980899" />
      <trkpt lat="46.0757931" lon="11.0980767" />
      <trkpt lat="46.0758378" lon="11.0980712" />
      <trkpt lat="46.0760573" lon="11.0980396" />
      <trkpt lat="46.0761041" lon="11.0980418" />
      <trkpt lat="46.0761268" lon="11.0980519" />
      <trkpt lat="46.0761318" lon="11.0980736" />
      <trkpt lat="46.0762530" lon="11.0980695" />
      <trkpt lat="46.0763610" lon="11.0980727" />
      <trkpt lat="46.0765975" lon="11.0980933" />
      <trkpt lat="46.0767897" lon="11.0981422" />
      <trkpt lat="46.0766556" lon="11.0981704" />
      <trkpt lat="46.0765881" lon="11.0981730" />
      <trkpt lat="46.0765472" lon="11.0981745" />
      <trkpt lat="46.0764949" lon="11.0981771" />
      <trkpt lat="46.0764441" lon="11.0981841" />
      <trkpt lat="46.0764129" lon="11.0981987" />
      <trkpt lat="46.0763748" lon="11.0982483" />
      <trkpt lat="46.0763455" lon="11.0982852" />
      <trkpt lat="46.0762130" lon="11.0983854" />
      <trkpt lat="46.0760701" lon="11.0984850" />
      <trkpt lat="46.0758238" lon="11.0986543" />
      <trkpt lat="46.0757529" lon="11.0987535" />
      <trkpt lat="46.0753953" lon="11.0992931" />
      <trkpt lat="46.0753253" lon="11.0993576" />
      <trkpt lat="46.0752360" lon="11.0993988" />
      <trkpt lat="46.0750072" lon="11.0994749" />
      <trkpt lat="46.0749398" lon="11.0995150" />
      <trkpt lat="46.0749343" lon="11.0995200" />
      <trkpt lat="46.0750069" lon="11.0995847" />
      <trkpt lat="46.0750326" lon="11.0996120" />
      <trkpt lat="46.0753062" lon="11.1001942" />
      <trkpt lat="46.0753380" lon="11.1002619" />
      <trkpt lat="46.0753683" lon="11.1003133" />
      <trkpt lat="46.0753942" lon="11.1003389" />
      <trkpt lat="46.0753957" lon="11.1003917" />
      <trkpt lat="46.0754061" lon="11.1004601" />
      <trkpt lat="46.0754244" lon="11.1005272" />
      <trkpt lat="46.0753974" lon="11.1006103" />
      <trkpt lat="46.0752254" lon="11.1007922" />
      <trkpt lat="46.0748654" lon="11.1008552" />
      <trkpt lat="46.0748113" lon="11.1008853" />
      <trkpt lat="46.0751140" lon="11.1010738" />
      <trkpt lat="46.0751873" lon="11.1011067" />
      <trkpt lat="46.0752121" lon="11.1011310" />
      <trkpt lat="46.0752637" lon="11.1012854" />
      <trkpt lat="46.0753014" lon="11.1013797" />
      <trkpt lat="46.0753341" lon="11.1014183" />
      <trkpt lat="46.0753511" lon="11.1014370" />
      <trkpt lat="46.0753556" lon="11.1014268" />
      <trkpt lat="46.0753718" lon="11.1014081" />
      <trkpt lat="46.0753867" lon="11.1013978" />
      <trkpt lat="46.0754022" lon="11.1013913" />
      <trkpt lat="46.0754573" lon="11.1013857" />
      <trkpt lat="46.0754981" lon="11.1013773" />
      <trkpt lat="46.0755325" lon="11.1013605" />
      <trkpt lat="46.0755869" lon="11.1013147" />
      <trkpt lat="46.0756322" lon="11.1012755" />
      <trkpt lat="46.0756834" lon="11.1012278" />
      <trkpt lat="46.0757277" lon="11.1011750" />
      <trkpt lat="46.0757565" lon="11.1011508" />
      <trkpt lat="46.0758747" lon="11.1010328" />
      <trkpt lat="46.0759947" lon="11.1009165" />
      <trkpt lat="46.0761019" lon="11.1008122" />
      <trkpt lat="46.0761364" lon="11.1007829" />
      <trkpt lat="46.0761610" lon="11.1007694" />
      <trkpt lat="46.0761830" lon="11.1007660" />
      <trkpt lat="46.0762132" lon="11.1007824" />
      <trkpt lat="46.0761648" lon="11.1008993" />
      <trkpt lat="46.0757707" lon="11.1017405" />
      <trkpt lat="46.0756373" lon="11.1020427" />
      <trkpt lat="46.0756215" lon="11.1020786" />
      <trkpt lat="46.0755729" lon="11.1021560" />
      <trkpt lat="46.0755325" lon="11.1022082" />
      <trkpt lat="46.0754949" lon="11.1022410" />
      <trkpt lat="46.0754686" lon="11.1022577" />
      <trkpt lat="46.0754252" lon="11.1022851" />
      <trkpt lat="46.0753920" lon="11.1022937" />
      <trkpt lat="46.0753563" lon="11.1022910" />
      <trkpt lat="46.0753308" lon="11.1022802" />
      <trkpt lat="46.0752875" lon="11.1022527" />
      <trkpt lat="46.0752403" lon="11.1022009" />
      <trkpt lat="46.0750429" lon="11.1019263" />
      <trkpt lat="46.0750194" lon="11.1019050" />
      <trkpt lat="46.0750083" lon="11.1018974" />
      <trkpt lat="46.0749903" lon="11.1018917" />
      <trkpt lat="46.0749712" lon="11.1018938" />
      <trkpt lat="46.0749463" lon="11.1019031" />
      <trkpt lat="46.0748999" lon="11.1019379" />
      <trkpt lat="46.0748201" lon="11.1020348" />
      <trkpt lat="46.0747278" lon="11.1021692" />
      <trkpt lat="46.0746356" lon="11.1023305" />
      <trkpt lat="46.0745902" lon="11.1024447" />
      <trkpt lat="46.0745467" lon="11.1025871" />
      <trkpt lat="46.0743109" lon="11.1036012" />
      <trkpt lat="46.0742878" lon="11.1036991" />
      <trkpt lat="46.0742611" lon="11.1037864" />
      <trkpt lat="46.0742357" lon="11.1038350" />
      <trkpt lat="46.0742065" lon="11.1038756" />
      <trkpt lat="46.0740049" lon="11.1041204" />
      <trkpt lat="46.0738863" lon="11.1042657" />
      <trkpt lat="46.0737878" lon="11.1044088" />
      <trkpt lat="46.0737195" lon="11.1045304" />
      <trkpt lat="46.0737015" lon="11.1045622" />
      <trkpt lat="46.0736455" lon="11.1047063" />
      <trkpt lat="46.0736047" lon="11.1048427" />
      <trkpt lat="46.0734166" lon="11.1054688" />
      <trkpt lat="46.0734030" lon="11.1055081" />
      <trkpt lat="46.0733780" lon="11.1055867" />
      <trkpt lat="46.0733546" lon="11.1055749" />
      <trkpt lat="46.0733173" lon="11.1055729" />
      <trkpt lat="46.0732897" lon="11.1055779" />
      <trkpt lat="46.0732700" lon="11.1055829" />
      <trkpt lat="46.0732582" lon="11.1055860" />
      <trkpt lat="46.0732475" lon="11.1055948" />
      <trkpt lat="46.0732016" lon="11.1056510" />
      <trkpt lat="46.0731883" lon="11.1056751" />
      <trkpt lat="46.0731798" lon="11.1056924" />
      <trkpt lat="46.0731736" lon="11.1057055" />
      <trkpt lat="46.0731662" lon="11.1057190" />
      <trkpt lat="46.0731562" lon="11.1057281" />
      <trkpt lat="46.0730114" lon="11.1057895" />
      <trkpt lat="46.0730011" lon="11.1057973" />
      <trkpt lat="46.0729925" lon="11.1058067" />
      <trkpt lat="46.0729880" lon="11.1058165" />
      <trkpt lat="46.0729852" lon="11.1058253" />
      <trkpt lat="46.0729843" lon="11.1058347" />
      <trkpt lat="46.0729853" lon="11.1058462" />
      <trkpt lat="46.0730147" lon="11.1060053" />
      <trkpt lat="46.0730138" lon="11.1060302" />
      <trkpt lat="46.0730079" lon="11.1060518" />
      <trkpt lat="46.0729984" lon="11.1060699" />
      <trkpt lat="46.0729870" lon="11.1060840" />
      <trkpt lat="46.0729673" lon="11.1061017" />
      <trkpt lat="46.0728710" lon="11.1061878" />
      <trkpt lat="46.0726588" lon="11.1064327" />
      <trkpt lat="46.0724889" lon="11.1066444" />
      <trkpt lat="46.0724705" lon="11.1066936" />
      <trkpt lat="46.0724569" lon="11.1067669" />
      <trkpt lat="46.0724508" lon="11.1068510" />
      <trkpt lat="46.0724488" lon="11.1069223" />
      <trkpt lat="46.0724490" lon="11.1069671" />
      <trkpt lat="46.0724492" lon="11.1070009" />
      <trkpt lat="46.0724468" lon="11.1070359" />
      <trkpt lat="46.0724425" lon="11.1070683" />
      <trkpt lat="46.0724149" lon="11.1071537" />
      <trkpt lat="46.0723799" lon="11.1072337" />
      <trkpt lat="46.0723358" lon="11.1073203" />
      <trkpt lat="46.0722843" lon="11.1074068" />
      <trkpt lat="46.0722417" lon="11.1074623" />
      <trkpt lat="46.0721972" lon="11.1075152" />
      <trkpt lat="46.0721555" lon="11.1075667" />
      <trkpt lat="46.0721388" lon="11.1075918" />
      <trkpt lat="46.0721249" lon="11.1076155" />
      <trkpt lat="46.0721171" lon="11.1076376" />
      <trkpt lat="46.0720982" lon="11.1077067" />
      <trkpt lat="46.0720873" lon="11.1077336" />
      <trkpt lat="46.0720748" lon="11.1077531" />
      <trkpt lat="46.0718613" lon="11.1079758" />
      <trkpt lat="46.0716436" lon="11.1082496" />
      <trkpt lat="46.0716002" lon="11.1082846" />
      <trkpt lat="46.0715782" lon="11.1082920" />
      <trkpt lat="46.0715589" lon="11.1082860" />
      <trkpt lat="46.0715446" lon="11.1082793" />
      <trkpt lat="46.0715190" lon="11.1082666" />
      <trkpt lat="46.0715019" lon="11.1082646" />
      <trkpt lat="46.0714827" lon="11.1082763" />
      <trkpt lat="46.0714543" lon="11.1083203" />
      <trkpt lat="46.0713877" lon="11.1084257" />
      <trkpt lat="46.0713090" lon="11.1089748" />
      <trkpt lat="46.0711536" lon="11.1092756" />
      <trkpt lat="46.0710546" lon="11.1094317" />
      <trkpt lat="46.0710705" lon="11.1094582" />
      <trkpt lat="46.0710196" lon="11.1095462" />
      <trkpt lat="46.0709205" lon="11.1097366" />
      <trkpt lat="46.0708693" lon="11.1098647" />
      <trkpt lat="46.0708554" lon="11.1099003" />
      <trkpt lat="46.0708316" lon="11.1099613" />
      <trkpt lat="46.0707497" lon="11.1101838" />
      <trkpt lat="46.0707018" lon="11.1103180" />
      <trkpt lat="46.0706665" lon="11.1104467" />
      <trkpt lat="46.0706453" lon="11.1105284" />
      <trkpt lat="46.0706014" lon="11.1107079" />
      <trkpt lat="46.0705938" lon="11.1107384" />
      <trkpt lat="46.0705787" lon="11.1108167" />
      <trkpt lat="46.0705413" lon="11.1111003" />
      <trkpt lat="46.0705361" lon="11.1111626" />
      <trkpt lat="46.0705257" lon="11.1113296" />
      <trkpt lat="46.0705187" lon="11.1114760" />
      <trkpt lat="46.0705136" lon="11.1116151" />
      <trkpt lat="46.0705106" lon="11.1117214" />
      <trkpt lat="46.0704958" lon="11.1117395" />
      <trkpt lat="46.0705047" lon="11.1117917" />
      <trkpt lat="46.0705169" lon="11.1118466" />
      <trkpt lat="46.0705292" lon="11.1118991" />
      <trkpt lat="46.0706025" lon="11.1118700" />
      <trkpt lat="46.0706390" lon="11.1118595" />
      <trkpt lat="46.0706788" lon="11.1120416" />
      <trkpt lat="46.0707116" lon="11.1121405" />
      <trkpt lat="46.0707388" lon="11.1122047" />
      <trkpt lat="46.0708272" lon="11.1124134" />
      <trkpt lat="46.0708645" lon="11.1125010" />
      <trkpt lat="46.0708906" lon="11.1125624" />
      <trkpt lat="46.0709759" lon="11.1127520" />
      <trkpt lat="46.0710044" lon="11.1128120" />
      <trkpt lat="46.0711426" lon="11.1130964" />
      <trkpt lat="46.0711659" lon="11.1131444" />
      <trkpt lat="46.0711916" lon="11.1131957" />
      <trkpt lat="46.0712260" lon="11.1132822" />
      <trkpt lat="46.0712590" lon="11.1133721" />
      <trkpt lat="46.0712858" lon="11.1134671" />
      <trkpt lat="46.0713211" lon="11.1136075" />
      <trkpt lat="46.0713250" lon="11.1136230" />
      <trkpt lat="46.0713294" lon="11.1136394" />
      <trkpt lat="46.0713398" lon="11.1136831" />
      <trkpt lat="46.0713254" lon="11.1136882" />
      <trkpt lat="46.0713602" lon="11.1138424" />
      <trkpt lat="46.0713938" lon="11.1138528" />
      <trkpt lat="46.0713979" lon="11.1138918" />
      <trkpt lat="46.0714095" lon="11.1139887" />
      <trkpt lat="46.0714292" lon="11.1140880" />
      <trkpt lat="46.0715524" lon="11.1145972" />
      <trkpt lat="46.0716461" lon="11.1150144" />
      <trkpt lat="46.0716005" lon="11.1150685" />
      <trkpt lat="46.0715565" lon="11.1151446" />
      <trkpt lat="46.0716777" lon="11.1151800" />
      <trkpt lat="46.0716701" lon="11.1152371" />
      <trkpt lat="46.0715462" lon="11.1151968" />
      <trkpt lat="46.0714778" lon="11.1151767" />
      <trkpt lat="46.0714751" lon="11.1151881" />
      <trkpt lat="46.0714713" lon="11.1152069" />
      <trkpt lat="46.0712489" lon="11.1150973" />
      <trkpt lat="46.0711800" lon="11.1150634" />
      <trkpt lat="46.0711622" lon="11.1150542" />
      <trkpt lat="46.0709446" lon="11.1149414" />
      <trkpt lat="46.0708185" lon="11.1148581" />
      <trkpt lat="46.0707959" lon="11.1148434" />
      <trkpt lat="46.0708009" lon="11.1148281" />
      <trkpt lat="46.0708045" lon="11.1148160" />
      <trkpt lat="46.0708171" lon="11.1147747" />
      <trkpt lat="46.0708319" lon="11.1147234" />
      <trkpt lat="46.0706094" lon="11.1145490" />
      <trkpt lat="46.0705843" lon="11.1145160" />
      <trkpt lat="46.0705662" lon="11.1144787" />
      <trkpt lat="46.0705372" lon="11.1145196" />
      <trkpt lat="46.0705116" lon="11.1145755" />
      <trkpt lat="46.0704564" lon="11.1145311" />
      <trkpt lat="46.0703770" lon="11.1144800" />
      <trkpt lat="46.0703535" lon="11.1144784" />
      <trkpt lat="46.0703420" lon="11.1144768" />
      <trkpt lat="46.0703300" lon="11.1144739" />
      <trkpt lat="46.0702894" lon="11.1144548" />
      <trkpt lat="46.0702508" lon="11.1144356" />
      <trkpt lat="46.0702467" lon="11.1144529" />
      <trkpt lat="46.0699151" lon="11.1156990" />
      <trkpt lat="46.0698998" lon="11.1157127" />
      <trkpt lat="46.0698507" lon="11.1157710" />
      <trkpt lat="46.0697948" lon="11.1158159" />
      <trkpt lat="46.0697290" lon="11.1158495" />
      <trkpt lat="46.0696957" lon="11.1158516" />
      <trkpt lat="46.0696409" lon="11.1158489" />
      <trkpt lat="46.0696120" lon="11.1158421" />
      <trkpt lat="46.0695555" lon="11.1157924" />
      <trkpt lat="46.0694630" lon="11.1156868" />
      <trkpt lat="46.0694235" lon="11.1157469" />
      <trkpt lat="46.0693849" lon="11.1158089" />
      <trkpt lat="46.0694825" lon="11.1159653" />
      <trkpt lat="46.0695837" lon="11.1160774" />
      <trkpt lat="46.0696531" lon="11.1161456" />
      <trkpt lat="46.0698035" lon="11.1162762" />
      <trkpt lat="46.0699295" lon="11.1163939" />
      <trkpt lat="46.0699495" lon="11.1164167" />
      <trkpt lat="46.0700000" lon="11.1164941" />
      <trkpt lat="46.0700236" lon="11.1165374" />
      <trkpt lat="46.0700680" lon="11.1166069" />
      <trkpt lat="46.0701165" lon="11.1166890" />
      <trkpt lat="46.0701363" lon="11.1167225" />
      <trkpt lat="46.0701743" lon="11.1167917" />
      <trkpt lat="46.0702123" lon="11.1168786" />
      <trkpt lat="46.0702292" lon="11.1169470" />
      <trkpt lat="46.0702367" lon="11.1170213" />
      <trkpt lat="46.0702287" lon="11.1171541" />
      <trkpt lat="46.0702169" lon="11.1171918" />
      <trkpt lat="46.0701805" lon="11.1173050" />
      <trkpt lat="46.0700861" lon="11.1176034" />
      <trkpt lat="46.0700527" lon="11.1177069" />
      <trkpt lat="46.0700431" lon="11.1177476" />
      <trkpt lat="46.0700369" lon="11.1177882" />
      <trkpt lat="46.0700305" lon="11.1178362" />
      <trkpt lat="46.0700294" lon="11.1178856" />
      <trkpt lat="46.0700269" lon="11.1179061" />
      <trkpt lat="46.0699908" lon="11.1179414" />
      <trkpt lat="46.0699871" lon="11.1179668" />
      <trkpt lat="46.0699905" lon="11.1180483" />
      <trkpt lat="46.0700084" lon="11.1181540" />
      <trkpt lat="46.0699803" lon="11.1181633" />
      <trkpt lat="46.0699644" lon="11.1181025" />
      <trkpt lat="46.0699602" lon="11.1180863" />
      <trkpt lat="46.0698926" lon="11.1180856" />
      <trkpt lat="46.0698565" lon="11.1180693" />
      <trkpt lat="46.0698227" lon="11.1180755" />
      <trkpt lat="46.0698214" lon="11.1178923" />
      <trkpt lat="46.0698162" lon="11.1177869" />
      <trkpt lat="46.0698052" lon="11.1177080" />
      <trkpt lat="46.0697925" lon="11.1176638" />
      <trkpt lat="46.0697728" lon="11.1176277" />
      <trkpt lat="46.0696085" lon="11.1174443" />
      <trkpt lat="46.0694474" lon="11.1171906" />
      <trkpt lat="46.0690898" lon="11.1169530" />
      <trkpt lat="46.0689420" lon="11.1168633" />
      <trkpt lat="46.0688625" lon="11.1168212" />
      <trkpt lat="46.0688130" lon="11.1168193" />
      <trkpt lat="46.0686021" lon="11.1169041" />
      <trkpt lat="46.0681601" lon="11.1171031" />
      <trkpt lat="46.0681191" lon="11.1171294" />
      <trkpt lat="46.0680545" lon="11.1170328" />
      <trkpt lat="46.0679940" lon="11.1164565" />
      <trkpt lat="46.0679753" lon="11.1163254" />
      <trkpt lat="46.0680338" lon="11.1160199" />
      <trkpt lat="46.0680707" lon="11.1158822" />
      <trkpt lat="46.0680737" lon="11.1158721" />
      <trkpt lat="46.0680940" lon="11.1158801" />
      <trkpt lat="46.0682188" lon="11.1153837" />
      <trkpt lat="46.0681850" lon="11.1153880" />
      <trkpt lat="46.0681384" lon="11.1153939" />
      <trkpt lat="46.0681265" lon="11.1153883" />
      <trkpt lat="46.0680332" lon="11.1153684" />
      <trkpt lat="46.0679464" lon="11.1153270" />
      <trkpt lat="46.0677902" lon="11.1152526" />
      <trkpt lat="46.0677326" lon="11.1152266" />
      <trkpt lat="46.0677254" lon="11.1152228" />
      <trkpt lat="46.0669565" lon="11.1148188" />
      <trkpt lat="46.0669080" lon="11.1147934" />
      <trkpt lat="46.0668587" lon="11.1147689" />
      <trkpt lat="46.0664895" lon="11.1145858" />
      <trkpt lat="46.0663840" lon="11.1145473" />
      <trkpt lat="46.0663506" lon="11.1145446" />
      <trkpt lat="46.0663315" lon="11.1145516" />
      <trkpt lat="46.0663055" lon="11.1145612" />
      <trkpt lat="46.0662432" lon="11.1145505" />
      <trkpt lat="46.0661796" lon="11.1145362" />
      <trkpt lat="46.0660937" lon="11.1145610" />
      <trkpt lat="46.0660821" lon="11.1145378" />
      <trkpt lat="46.0660532" lon="11.1145050" />
      <trkpt lat="46.0659947" lon="11.1144847" />
      <trkpt lat="46.0659856" lon="11.1144795" />
      <trkpt lat="46.0659923" lon="11.1143291" />
      <trkpt lat="46.0659951" lon="11.1143098" />
      <trkpt lat="46.0655416" lon="11.1140592" />
      <trkpt lat="46.0652836" lon="11.1139468" />
      <trkpt lat="46.0651362" lon="11.1138670" />
      <trkpt lat="46.0650965" lon="11.1138455" />
      <trkpt lat="46.0648206" lon="11.1137084" />
      <trkpt lat="46.0647463" lon="11.1136623" />
      <trkpt lat="46.0646967" lon="11.1136437" />
      <trkpt lat="46.0641463" lon="11.1134375" />
      <trkpt lat="46.0637524" lon="11.1132971" />
      <trkpt lat="46.0636983" lon="11.1132832" />
      <trkpt lat="46.0636621" lon="11.1132752" />
      <trkpt lat="46.0634818" lon="11.1132254" />
      <trkpt lat="46.0633090" lon="11.1131770" />
      <trkpt lat="46.0631257" lon="11.1131259" />
      <trkpt lat="46.0627502" lon="11.1130204" />
      <trkpt lat="46.0625630" lon="11.1130073" />
      <trkpt lat="46.0625007" lon="11.1130063" />
      <trkpt lat="46.0624579" lon="11.1130163" />
      <trkpt lat="46.0624262" lon="11.1130355" />
      <trkpt lat="46.0623907" lon="11.1130695" />
      <trkpt lat="46.0623572" lon="11.1131131" />
      <trkpt lat="46.0623316" lon="11.1131631" />
      <trkpt lat="46.0623205" lon="11.1131998" />
      <trkpt lat="46.0623104" lon="11.1132523" />
      <trkpt lat="46.0623098" lon="11.1132833" />
      <trkpt lat="46.0623245" lon="11.1135043" />
      <trkpt lat="46.0623318" lon="11.1135988" />
      <trkpt lat="46.0622819" lon="11.1135872" />
      <trkpt lat="46.0622377" lon="11.1135805" />
      <trkpt lat="46.0620544" lon="11.1135429" />
      <trkpt lat="46.0618492" lon="11.1135112" />
      <trkpt lat="46.0616604" lon="11.1134805" />
      <trkpt lat="46.0615126" lon="11.1134600" />
      <trkpt lat="46.0612735" lon="11.1134347" />
      <trkpt lat="46.0611072" lon="11.1134227" />
      <trkpt lat="46.0610721" lon="11.1134257" />
      <trkpt lat="46.0605715" lon="11.1134088" />
      <trkpt lat="46.0604255" lon="11.1134099" />
      <trkpt lat="46.0602254" lon="11.1134139" />
      <trkpt lat="46.0600655" lon="11.1134229" />
      <trkpt lat="46.0600073" lon="11.1125645" />
      <trkpt lat="46.0599813" lon="11.1121852" />
      <trkpt lat="46.0600073" lon="11.1125645" />
      <trkpt lat="46.0600655" lon="11.1134229" />
      <trkpt lat="46.0601347" lon="11.1144337" />
      <trkpt lat="46.0601466" lon="11.1146140" />
      <trkpt lat="46.0601826" lon="11.1151494" />
      <trkpt lat="46.0601831" lon="11.1151661" />
      <trkpt lat="46.0601849" lon="11.1151841" />
      <trkpt lat="46.0601871" lon="11.1152110" />
      <trkpt lat="46.0601885" lon="11.1152359" />
      <trkpt lat="46.0601919" lon="11.1152793" />
      <trkpt lat="46.0601937" lon="11.1153058" />
      <trkpt lat="46.0604699" lon="11.1151843" />
      <trkpt lat="46.0606424" lon="11.1151018" />
      <trkpt lat="46.0606629" lon="11.1153865" />
      <trkpt lat="46.0607156" lon="11.1153792" />
      <trkpt lat="46.0607170" lon="11.1153976" />
      <trkpt lat="46.0607199" lon="11.1154316" />
      <trkpt lat="46.0607229" lon="11.1154737" />
      <trkpt lat="46.0607404" lon="11.1157208" />
      <trkpt lat="46.0611979" lon="11.1156496" />
      <trkpt lat="46.0611849" lon="11.1154325" />
      <trkpt lat="46.0611985" lon="11.1154306" />
      <trkpt lat="46.0612120" lon="11.1154287" />
      <trkpt lat="46.0612266" lon="11.1156451" />
      <trkpt lat="46.0612313" lon="11.1157114" />
      <trkpt lat="46.0612359" lon="11.1157778" />
      <trkpt lat="46.0612400" lon="11.1158378" />
      <trkpt lat="46.0612441" lon="11.1158990" />
      <trkpt lat="46.0612549" lon="11.1160629" />
      <trkpt lat="46.0612742" lon="11.1163432" />
      <trkpt lat="46.0613042" lon="11.1167878" />
      <trkpt lat="46.0613082" lon="11.1168400" />
      <trkpt lat="46.0612985" lon="11.1169094" />
      <trkpt lat="46.0613057" lon="11.1170753" />
      <trkpt lat="46.0612750" lon="11.1170808" />
      <trkpt lat="46.0611270" lon="11.1171073" />
      <trkpt lat="46.0610720" lon="11.1171165" />
      <trkpt lat="46.0610477" lon="11.1168106" />
      <trkpt lat="46.0610720" lon="11.1171165" />
      <trkpt lat="46.0611270" lon="11.1171073" />
      <trkpt lat="46.0612750" lon="11.1170808" />
      <trkpt lat="46.0613013" lon="11.1174065" />
      <trkpt lat="46.0613318" lon="11.1174016" />
      <trkpt lat="46.0613260" lon="11.1173293" />
      <trkpt lat="46.0613057" lon="11.1170753" />
      <trkpt lat="46.0612985" lon="11.1169094" />
      <trkpt lat="46.0613082" lon="11.1168400" />
      <trkpt lat="46.0613498" lon="11.1168295" />
      <trkpt lat="46.0614958" lon="11.1167926" />
      <trkpt lat="46.0617513" lon="11.1167507" />
      <trkpt lat="46.0618143" lon="11.1167407" />
      <trkpt lat="46.0618330" lon="11.1167644" />
      <trkpt lat="46.0621527" lon="11.1167167" />
      <trkpt lat="46.0621757" lon="11.1170371" />
      <trkpt lat="46.0626678" lon="11.1169643" />
      <trkpt lat="46.0626978" lon="11.1173313" />
      <trkpt lat="46.0627561" lon="11.1180476" />
      <trkpt lat="46.0623273" lon="11.1181129" />
      <trkpt lat="46.0622417" lon="11.1179534" />
      <trkpt lat="46.0621994" lon="11.1174124" />
      <trkpt lat="46.0626978" lon="11.1173313" />
      <trkpt lat="46.0626678" lon="11.1169643" />
      <trkpt lat="46.0621757" lon="11.1170371" />
      <trkpt lat="46.0621527" lon="11.1167167" />
      <trkpt lat="46.0618330" lon="11.1167644" />
      <trkpt lat="46.0618770" lon="11.1168203" />
      <trkpt lat="46.0618998" lon="11.1170957" />
      <trkpt lat="46.0619577" lon="11.1171628" />
      <trkpt lat="46.0619896" lon="11.1175736" />
      <trkpt lat="46.0620017" lon="11.1177148" />
      <trkpt lat="46.0620138" lon="11.1178375" />
      <trkpt lat="46.0620256" lon="11.1181078" />
      <trkpt lat="46.0620628" lon="11.1185561" />
      <trkpt lat="46.0620768" lon="11.1186213" />
      <trkpt lat="46.0621289" lon="11.1186766" />
      <trkpt lat="46.0621460" lon="11.1189084" />
      <trkpt lat="46.0621434" lon="11.1189993" />
      <trkpt lat="46.0622231" lon="11.1190085" />
      <trkpt lat="46.0623649" lon="11.1190100" />
      <trkpt lat="46.0624647" lon="11.1189964" />
      <trkpt lat="46.0624680" lon="11.1190822" />
      <trkpt lat="46.0624700" lon="11.1191342" />
      <trkpt lat="46.0624147" lon="11.1191413" />
      <trkpt lat="46.0624188" lon="11.1192059" />
      <trkpt lat="46.0624198" lon="11.1192204" />
      <trkpt lat="46.0624228" lon="11.1192674" />
      <trkpt lat="46.0625129" lon="11.1192575" />
      <trkpt lat="46.0625097" lon="11.1192088" />
      <trkpt lat="46.0626564" lon="11.1191723" />
      <trkpt lat="46.0630506" lon="11.1191321" />
      <trkpt lat="46.0630946" lon="11.1191565" />
      <trkpt lat="46.0631523" lon="11.1191907" />
      <trkpt lat="46.0631822" lon="11.1192234" />
      <trkpt lat="46.0632082" lon="11.1196665" />
      <trkpt lat="46.0633968" lon="11.1196407" />
      <trkpt lat="46.0633996" lon="11.1196838" />
      <trkpt lat="46.0635104" lon="11.1196687" />
      <trkpt lat="46.0635529" lon="11.1196629" />
      <trkpt lat="46.0635700" lon="11.1196605" />
      <trkpt lat="46.0635728" lon="11.1197002" />
      <trkpt lat="46.0635783" lon="11.1197799" />
      <trkpt lat="46.0636186" lon="11.1203657" />
      <trkpt lat="46.0636517" lon="11.1208449" />
      <trkpt lat="46.0636534" lon="11.1208697" />
      <trkpt lat="46.0636766" lon="11.1208667" />
      <trkpt lat="46.0637099" lon="11.1208570" />
      <trkpt lat="46.0637055" lon="11.1208128" />
      <trkpt lat="46.0639261" lon="11.1207751" />
      <trkpt lat="46.0639399" lon="11.1207926" />
      <trkpt lat="46.0642803" lon="11.1207486" />
      <trkpt lat="46.0644680" lon="11.1207244" />
      <trkpt lat="46.0644698" lon="11.1207609" />
      <trkpt lat="46.0644719" lon="11.1208030" />
      <trkpt lat="46.0645093" lon="11.1208030" />
      <trkpt lat="46.0645237" lon="11.1210780" />
      <trkpt lat="46.0645248" lon="11.1210973" />
      <trkpt lat="46.0645259" lon="11.1211184" />
      <trkpt lat="46.0645414" lon="11.1214142" />
      <trkpt lat="46.0645577" lon="11.1214758" />
      <trkpt lat="46.0645715" lon="11.1215283" />
      <trkpt lat="46.0646307" lon="11.1215162" />
      <trkpt lat="46.0646368" lon="11.1215196" />
      <trkpt lat="46.0646401" lon="11.1215279" />
      <trkpt lat="46.0646469" lon="11.1215649" />
      <trkpt lat="46.0646849" lon="11.1215509" />
      <trkpt lat="46.0647313" lon="11.1215338" />
      <trkpt lat="46.0647373" lon="11.1216055" />
      <trkpt lat="46.0647812" lon="11.1216031" />
      <trkpt lat="46.0651896" lon="11.1215990" />
      <trkpt lat="46.0652158" lon="11.1214189" />
      <trkpt lat="46.0651896" lon="11.1215990" />
      <trkpt lat="46.0647812" lon="11.1216031" />
      <trkpt lat="46.0647373" lon="11.1216055" />
      <trkpt lat="46.0647313" lon="11.1215338" />
      <trkpt lat="46.0647686" lon="11.1215322" />
      <trkpt lat="46.0647927" lon="11.1214765" />
      <trkpt lat="46.0647781" lon="11.1214005" />
      <trkpt lat="46.0648869" lon="11.1212041" />
      <trkpt lat="46.0654209" lon="11.1212172" />
      <trkpt lat="46.0654688" lon="11.1212196" />
      <trkpt lat="46.0655300" lon="11.1212233" />
      <trkpt lat="46.0656826" lon="11.1212248" />
      <trkpt lat="46.0657118" lon="11.1211893" />
      <trkpt lat="46.0657149" lon="11.1211459" />
      <trkpt lat="46.0661065" lon="11.1211467" />
      <trkpt lat="46.0661586" lon="11.1211285" />
      <trkpt lat="46.0664061" lon="11.1210506" />
      <trkpt lat="46.0665614" lon="11.1210220" />
      <trkpt lat="46.0666115" lon="11.1210169" />
      <trkpt lat="46.0666602" lon="11.1210169" />
      <trkpt lat="46.0667526" lon="11.1210542" />
      <trkpt lat="46.0667705" lon="11.1210629" />
      <trkpt lat="46.0668711" lon="11.1210492" />
    </trkseg>
  </trk>
</gpx>
