<?xml version="1.0" encoding="UTF-8"?>
<gpx xmlns="http://www.topografix.com/GPX/1/1" version="1.1" creator="ShapeRoute route-engine">
  <metadata>
    <name>circle 15 km · 2026-09-22</name>
    <author>
      <name>ShapeRoute route-engine</name>
    </author>
    <time>2026-09-22T19:35:59Z</time>
  </metadata>
  <trk>
    <name>circle 15 km · 2026-09-22</name>
    <trkseg>
      <trkpt lat="46.0123552" lon="11.2985082" />
      <trkpt lat="46.0125364" lon="11.2982718" />
      <trkpt lat="46.0127682" lon="11.2980215" />
      <trkpt lat="46.0128013" lon="11.2980024" />
      <trkpt lat="46.0128770" lon="11.2979586" />
      <trkpt lat="46.0129712" lon="11.2978899" />
      <trkpt lat="46.0130468" lon="11.2977714" />
      <trkpt lat="46.0131199" lon="11.2976603" />
      <trkpt lat="46.0131919" lon="11.2975460" />
      <trkpt lat="46.0132320" lon="11.2976177" />
      <trkpt lat="46.0133454" lon="11.2977970" />
      <trkpt lat="46.0134865" lon="11.2979792" />
      <trkpt lat="46.0136470" lon="11.2981837" />
      <trkpt lat="46.0136746" lon="11.2981500" />
      <trkpt lat="46.0137274" lon="11.2981551" />
      <trkpt lat="46.0138146" lon="11.2981599" />
      <trkpt lat="46.0138137" lon="11.2982047" />
      <trkpt lat="46.0138733" lon="11.2982637" />
      <trkpt lat="46.0139534" lon="11.2983240" />
      <trkpt lat="46.0141687" lon="11.2983454" />
      <trkpt lat="46.0139534" lon="11.2983240" />
      <trkpt lat="46.0138733" lon="11.2982637" />
      <trkpt lat="46.0138137" lon="11.2982047" />
      <trkpt lat="46.0138146" lon="11.2981599" />
      <trkpt lat="46.0138716" lon="11.2981659" />
      <trkpt lat="46.0139269" lon="11.2981602" />
      <trkpt lat="46.0139981" lon="11.2981438" />
      <trkpt lat="46.0140799" lon="11.2980571" />
      <trkpt lat="46.0139900" lon="11.2979244" />
      <trkpt lat="46.0139600" lon="11.2978680" />
      <trkpt lat="46.0139502" lon="11.2978049" />
      <trkpt lat="46.0139456" lon="11.2975985" />
      <trkpt lat="46.0140364" lon="11.2974192" />
      <trkpt lat="46.0140662" lon="11.2973583" />
      <trkpt lat="46.0141187" lon="11.2973459" />
      <trkpt lat="46.0141775" lon="11.2973351" />
      <trkpt lat="46.0141194" lon="11.2972125" />
      <trkpt lat="46.0140565" lon="11.2970602" />
      <trkpt lat="46.0139217" lon="11.2968977" />
      <trkpt lat="46.0140508" lon="11.2967979" />
      <trkpt lat="46.0140627" lon="11.2968161" />
      <trkpt lat="46.0140812" lon="11.2968272" />
      <trkpt lat="46.0141489" lon="11.2968261" />
      <trkpt lat="46.0143698" lon="11.2967863" />
      <trkpt lat="46.0144941" lon="11.2967329" />
      <trkpt lat="46.0147829" lon="11.2966885" />
      <trkpt lat="46.0149241" lon="11.2966919" />
      <trkpt lat="46.0151964" lon="11.2967112" />
      <trkpt lat="46.0155617" lon="11.2967634" />
      <trkpt lat="46.0158035" lon="11.2968203" />
      <trkpt lat="46.0159253" lon="11.2968559" />
      <trkpt lat="46.0159835" lon="11.2971449" />
      <trkpt lat="46.0161832" lon="11.2977458" />
      <trkpt lat="46.0163840" lon="11.2983334" />
      <trkpt lat="46.0161832" lon="11.2977458" />
      <trkpt lat="46.0159835" lon="11.2971449" />
      <trkpt lat="46.0159253" lon="11.2968559" />
      <trkpt lat="46.0158035" lon="11.2968203" />
      <trkpt lat="46.0155617" lon="11.2967634" />
      <trkpt lat="46.0155343" lon="11.2969473" />
      <trkpt lat="46.0153144" lon="11.2975461" />
      <trkpt lat="46.0151784" lon="11.2978177" />
      <trkpt lat="46.0150983" lon="11.2979778" />
      <trkpt lat="46.0147775" lon="11.2986185" />
      <trkpt lat="46.0144647" lon="11.2992432" />
      <trkpt lat="46.0145138" lon="11.2993285" />
      <trkpt lat="46.0145811" lon="11.2994220" />
      <trkpt lat="46.0146771" lon="11.2995241" />
      <trkpt lat="46.0147999" lon="11.2995516" />
      <trkpt lat="46.0149522" lon="11.2994952" />
      <trkpt lat="46.0151116" lon="11.2994017" />
      <trkpt lat="46.0152529" lon="11.2994057" />
      <trkpt lat="46.0153721" lon="11.2994057" />
      <trkpt lat="46.0155092" lon="11.2994658" />
      <trkpt lat="46.0156523" lon="11.2995860" />
      <trkpt lat="46.0157648" lon="11.2997010" />
      <trkpt lat="46.0160338" lon="11.2998263" />
      <trkpt lat="46.0162066" lon="11.2999207" />
      <trkpt lat="46.0163497" lon="11.3000924" />
      <trkpt lat="46.0165426" lon="11.3003874" />
      <trkpt lat="46.0166596" lon="11.3005644" />
      <trkpt lat="46.0167475" lon="11.3007453" />
      <trkpt lat="46.0167848" lon="11.3008219" />
      <trkpt lat="46.0168507" lon="11.3010289" />
      <trkpt lat="46.0168864" lon="11.3012349" />
      <trkpt lat="46.0169422" lon="11.3011398" />
      <trkpt lat="46.0170461" lon="11.3009812" />
      <trkpt lat="46.0170482" lon="11.3008359" />
      <trkpt lat="46.0170854" lon="11.3008268" />
      <trkpt lat="46.0171492" lon="11.3007972" />
      <trkpt lat="46.0171796" lon="11.3007078" />
      <trkpt lat="46.0172081" lon="11.3006243" />
      <trkpt lat="46.0172156" lon="11.3004086" />
      <trkpt lat="46.0172078" lon="11.3002483" />
      <trkpt lat="46.0171845" lon="11.3000081" />
      <trkpt lat="46.0172063" lon="11.2997754" />
      <trkpt lat="46.0172435" lon="11.2996112" />
      <trkpt lat="46.0173253" lon="11.2994310" />
      <trkpt lat="46.0174826" lon="11.2992199" />
      <trkpt lat="46.0176795" lon="11.2990835" />
      <trkpt lat="46.0177684" lon="11.2989472" />
      <trkpt lat="46.0176795" lon="11.2990835" />
      <trkpt lat="46.0174826" lon="11.2992199" />
      <trkpt lat="46.0173253" lon="11.2994310" />
      <trkpt lat="46.0172435" lon="11.2996112" />
      <trkpt lat="46.0172063" lon="11.2997754" />
      <trkpt lat="46.0171845" lon="11.3000081" />
      <trkpt lat="46.0172078" lon="11.3002483" />
      <trkpt lat="46.0172156" lon="11.3004086" />
      <trkpt lat="46.0172081" lon="11.3006243" />
      <trkpt lat="46.0171796" lon="11.3007078" />
      <trkpt lat="46.0171492" lon="11.3007972" />
      <trkpt lat="46.0170854" lon="11.3008268" />
      <trkpt lat="46.0170482" lon="11.3008359" />
      <trkpt lat="46.0169414" lon="11.2998931" />
      <trkpt lat="46.0169478" lon="11.2995977" />
      <trkpt lat="46.0170958" lon="11.2990856" />
      <trkpt lat="46.0172189" lon="11.2988241" />
      <trkpt lat="46.0174101" lon="11.2985660" />
      <trkpt lat="46.0177598" lon="11.2982008" />
      <trkpt lat="46.0179054" lon="11.2980103" />
      <trkpt lat="46.0179952" lon="11.2978773" />
      <trkpt lat="46.0180719" lon="11.2977251" />
      <trkpt lat="46.0181146" lon="11.2976118" />
      <trkpt lat="46.0181541" lon="11.2974720" />
      <trkpt lat="46.0181842" lon="11.2973144" />
      <trkpt lat="46.0182051" lon="11.2971507" />
      <trkpt lat="46.0182141" lon="11.2970149" />
      <trkpt lat="46.0182082" lon="11.2968926" />
      <trkpt lat="46.0180114" lon="11.2959467" />
      <trkpt lat="46.0179274" lon="11.2955489" />
      <trkpt lat="46.0178921" lon="11.2954790" />
      <trkpt lat="46.0178414" lon="11.2954379" />
      <trkpt lat="46.0177696" lon="11.2954227" />
      <trkpt lat="46.0176772" lon="11.2954732" />
      <trkpt lat="46.0176407" lon="11.2955777" />
      <trkpt lat="46.0176286" lon="11.2956881" />
      <trkpt lat="46.0176318" lon="11.2959793" />
      <trkpt lat="46.0176249" lon="11.2960966" />
      <trkpt lat="46.0176027" lon="11.2962317" />
      <trkpt lat="46.0175622" lon="11.2963864" />
      <trkpt lat="46.0175221" lon="11.2964985" />
      <trkpt lat="46.0174572" lon="11.2966266" />
      <trkpt lat="46.0173794" lon="11.2967420" />
      <trkpt lat="46.0172976" lon="11.2968324" />
      <trkpt lat="46.0172118" lon="11.2969045" />
      <trkpt lat="46.0171097" lon="11.2969616" />
      <trkpt lat="46.0170069" lon="11.2970027" />
      <trkpt lat="46.0169077" lon="11.2970181" />
      <trkpt lat="46.0168003" lon="11.2970142" />
      <trkpt lat="46.0166245" lon="11.2969918" />
      <trkpt lat="46.0165750" lon="11.2969819" />
      <trkpt lat="46.0163877" lon="11.2969577" />
      <trkpt lat="46.0165762" lon="11.2968909" />
      <trkpt lat="46.0168206" lon="11.2967879" />
      <trkpt lat="46.0171703" lon="11.2965792" />
      <trkpt lat="46.0172556" lon="11.2965291" />
      <trkpt lat="46.0173212" lon="11.2964906" />
      <trkpt lat="46.0174657" lon="11.2963958" />
      <trkpt lat="46.0175170" lon="11.2962205" />
      <trkpt lat="46.0175505" lon="11.2958628" />
      <trkpt lat="46.0175818" lon="11.2954320" />
      <trkpt lat="46.0176763" lon="11.2949891" />
      <trkpt lat="46.0177070" lon="11.2949172" />
      <trkpt lat="46.0178599" lon="11.2947427" />
      <trkpt lat="46.0180723" lon="11.2946056" />
      <trkpt lat="46.0180823" lon="11.2945992" />
      <trkpt lat="46.0183018" lon="11.2945408" />
      <trkpt lat="46.0184281" lon="11.2944162" />
      <trkpt lat="46.0185682" lon="11.2942779" />
      <trkpt lat="46.0186967" lon="11.2942672" />
      <trkpt lat="46.0190730" lon="11.2944093" />
      <trkpt lat="46.0191549" lon="11.2944442" />
      <trkpt lat="46.0193151" lon="11.2945059" />
      <trkpt lat="46.0193877" lon="11.2945488" />
      <trkpt lat="46.0195200" lon="11.2947634" />
      <trkpt lat="46.0195256" lon="11.2950799" />
      <trkpt lat="46.0195479" lon="11.2953052" />
      <trkpt lat="46.0196057" lon="11.2955520" />
      <trkpt lat="46.0196857" lon="11.2955707" />
      <trkpt lat="46.0196057" lon="11.2955520" />
      <trkpt lat="46.0195479" lon="11.2953052" />
      <trkpt lat="46.0195256" lon="11.2950799" />
      <trkpt lat="46.0195200" lon="11.2947634" />
      <trkpt lat="46.0193877" lon="11.2945488" />
      <trkpt lat="46.0193151" lon="11.2945059" />
      <trkpt lat="46.0191549" lon="11.2944442" />
      <trkpt lat="46.0190730" lon="11.2944093" />
      <trkpt lat="46.0186967" lon="11.2942672" />
      <trkpt lat="46.0185682" lon="11.2942779" />
      <trkpt lat="46.0184281" lon="11.2944162" />
      <trkpt lat="46.0183018" lon="11.2945408" />
      <trkpt lat="46.0180823" lon="11.2945992" />
      <trkpt lat="46.0180723" lon="11.2946056" />
      <trkpt lat="46.0178599" lon="11.2947427" />
      <trkpt lat="46.0177070" lon="11.2949172" />
      <trkpt lat="46.0176763" lon="11.2949891" />
      <trkpt lat="46.0175818" lon="11.2954320" />
      <trkpt lat="46.0175505" lon="11.2958628" />
      <trkpt lat="46.0175170" lon="11.2962205" />
      <trkpt lat="46.0174657" lon="11.2963958" />
      <trkpt lat="46.0173212" lon="11.2964906" />
      <trkpt lat="46.0172556" lon="11.2965291" />
      <trkpt lat="46.0171703" lon="11.2965792" />
      <trkpt lat="46.0168206" lon="11.2967879" />
      <trkpt lat="46.0165762" lon="11.2968909" />
      <trkpt lat="46.0163877" lon="11.2969577" />
      <trkpt lat="46.0159253" lon="11.2968559" />
      <trkpt lat="46.0158035" lon="11.2968203" />
      <trkpt lat="46.0155617" lon="11.2967634" />
      <trkpt lat="46.0155343" lon="11.2969473" />
      <trkpt lat="46.0153144" lon="11.2975461" />
      <trkpt lat="46.0151784" lon="11.2978177" />
      <trkpt lat="46.0150983" lon="11.2979778" />
      <trkpt lat="46.0147775" lon="11.2986185" />
      <trkpt lat="46.0147200" lon="11.2986038" />
      <trkpt lat="46.0146840" lon="11.2986430" />
      <trkpt lat="46.0146356" lon="11.2986752" />
      <trkpt lat="46.0145657" lon="11.2985826" />
      <trkpt lat="46.0145020" lon="11.2986284" />
      <trkpt lat="46.0142859" lon="11.2987840" />
      <trkpt lat="46.0141849" lon="11.2988817" />
      <trkpt lat="46.0144647" lon="11.2992432" />
      <trkpt lat="46.0143419" lon="11.2994850" />
      <trkpt lat="46.0143116" lon="11.2995475" />
      <trkpt lat="46.0144803" lon="11.2997321" />
      <trkpt lat="46.0146982" lon="11.3000057" />
      <trkpt lat="46.0150596" lon="11.3004563" />
      <trkpt lat="46.0151833" lon="11.3006314" />
      <trkpt lat="46.0154172" lon="11.3009633" />
      <trkpt lat="46.0156351" lon="11.3013334" />
      <trkpt lat="46.0158363" lon="11.3017116" />
      <trkpt lat="46.0159630" lon="11.3020147" />
      <trkpt lat="46.0160393" lon="11.3022480" />
      <trkpt lat="46.0161120" lon="11.3025324" />
      <trkpt lat="46.0161921" lon="11.3028596" />
      <trkpt lat="46.0162536" lon="11.3031305" />
      <trkpt lat="46.0163097" lon="11.3033545" />
      <trkpt lat="46.0162763" lon="11.3033833" />
      <trkpt lat="46.0163277" lon="11.3035821" />
      <trkpt lat="46.0164478" lon="11.3036153" />
      <trkpt lat="46.0164968" lon="11.3036036" />
      <trkpt lat="46.0165981" lon="11.3035436" />
      <trkpt lat="46.0167054" lon="11.3034663" />
      <trkpt lat="46.0167352" lon="11.3033805" />
      <trkpt lat="46.0169537" lon="11.3033729" />
      <trkpt lat="46.0171772" lon="11.3033407" />
      <trkpt lat="46.0173933" lon="11.3033836" />
      <trkpt lat="46.0177286" lon="11.3035016" />
      <trkpt lat="46.0180862" lon="11.3036518" />
      <trkpt lat="46.0183171" lon="11.3037913" />
      <trkpt lat="46.0184335" lon="11.3038276" />
      <trkpt lat="46.0187340" lon="11.3038181" />
      <trkpt lat="46.0189877" lon="11.3037055" />
      <trkpt lat="46.0191143" lon="11.3035767" />
      <trkpt lat="46.0190696" lon="11.3033943" />
      <trkpt lat="46.0189504" lon="11.3032441" />
      <trkpt lat="46.0187344" lon="11.3030510" />
      <trkpt lat="46.0185332" lon="11.3026862" />
      <trkpt lat="46.0184662" lon="11.3023644" />
      <trkpt lat="46.0184720" lon="11.3019026" />
      <trkpt lat="46.0184865" lon="11.3014571" />
      <trkpt lat="46.0184065" lon="11.3010201" />
      <trkpt lat="46.0182981" lon="11.3007682" />
      <trkpt lat="46.0182243" lon="11.3006096" />
      <trkpt lat="46.0182562" lon="11.3004932" />
      <trkpt lat="46.0183309" lon="11.3004489" />
      <trkpt lat="46.0183889" lon="11.3004442" />
      <trkpt lat="46.0184818" lon="11.3003986" />
      <trkpt lat="46.0186607" lon="11.3004420" />
      <trkpt lat="46.0188790" lon="11.3002543" />
      <trkpt lat="46.0189967" lon="11.2998144" />
      <trkpt lat="46.0191446" lon="11.2994668" />
      <trkpt lat="46.0192931" lon="11.2991779" />
      <trkpt lat="46.0194049" lon="11.2991020" />
      <trkpt lat="46.0194965" lon="11.2990097" />
      <trkpt lat="46.0196804" lon="11.2988522" />
      <trkpt lat="46.0197339" lon="11.2986912" />
      <trkpt lat="46.0196712" lon="11.2981895" />
      <trkpt lat="46.0200128" lon="11.2979768" />
      <trkpt lat="46.0201364" lon="11.2978419" />
      <trkpt lat="46.0201938" lon="11.2975981" />
      <trkpt lat="46.0203389" lon="11.2975694" />
      <trkpt lat="46.0206550" lon="11.2975458" />
      <trkpt lat="46.0208990" lon="11.2973497" />
      <trkpt lat="46.0211573" lon="11.2972304" />
      <trkpt lat="46.0213141" lon="11.2970115" />
      <trkpt lat="46.0213290" lon="11.2967750" />
      <trkpt lat="46.0212451" lon="11.2963777" />
      <trkpt lat="46.0211780" lon="11.2958734" />
      <trkpt lat="46.0211333" lon="11.2953799" />
      <trkpt lat="46.0210365" lon="11.2946396" />
      <trkpt lat="46.0209769" lon="11.2942319" />
      <trkpt lat="46.0209620" lon="11.2938564" />
      <trkpt lat="46.0210451" lon="11.2934787" />
      <trkpt lat="46.0210663" lon="11.2931912" />
      <trkpt lat="46.0212348" lon="11.2927672" />
      <trkpt lat="46.0212616" lon="11.2924325" />
      <trkpt lat="46.0211167" lon="11.2920006" />
      <trkpt lat="46.0210961" lon="11.2918072" />
      <trkpt lat="46.0211482" lon="11.2914961" />
      <trkpt lat="46.0212749" lon="11.2911849" />
      <trkpt lat="46.0213586" lon="11.2910262" />
      <trkpt lat="46.0214164" lon="11.2909167" />
      <trkpt lat="46.0215052" lon="11.2906662" />
      <trkpt lat="46.0215037" lon="11.2909127" />
      <trkpt lat="46.0215505" lon="11.2911527" />
      <trkpt lat="46.0215952" lon="11.2917857" />
      <trkpt lat="46.0216623" lon="11.2921934" />
      <trkpt lat="46.0217815" lon="11.2925260" />
      <trkpt lat="46.0218634" lon="11.2932663" />
      <trkpt lat="46.0219752" lon="11.2936096" />
      <trkpt lat="46.0220422" lon="11.2943499" />
      <trkpt lat="46.0222508" lon="11.2952941" />
      <trkpt lat="46.0223328" lon="11.2957769" />
      <trkpt lat="46.0224594" lon="11.2962167" />
      <trkpt lat="46.0226606" lon="11.2966244" />
      <trkpt lat="46.0229474" lon="11.2969248" />
      <trkpt lat="46.0229287" lon="11.2967076" />
      <trkpt lat="46.0229511" lon="11.2961899" />
      <trkpt lat="46.0229474" lon="11.2953262" />
      <trkpt lat="46.0229809" lon="11.2950366" />
      <trkpt lat="46.0230107" lon="11.2941944" />
      <trkpt lat="46.0230554" lon="11.2936257" />
      <trkpt lat="46.0230703" lon="11.2931698" />
      <trkpt lat="46.0232973" lon="11.2921456" />
      <trkpt lat="46.0233969" lon="11.2918616" />
      <trkpt lat="46.0234949" lon="11.2912278" />
      <trkpt lat="46.0235918" lon="11.2907880" />
      <trkpt lat="46.0236524" lon="11.2902871" />
      <trkpt lat="46.0237571" lon="11.2897743" />
      <trkpt lat="46.0239731" lon="11.2893462" />
      <trkpt lat="46.0243591" lon="11.2885349" />
      <trkpt lat="46.0246347" lon="11.2881165" />
      <trkpt lat="46.0246943" lon="11.2877732" />
      <trkpt lat="46.0248395" lon="11.2872916" />
      <trkpt lat="46.0250265" lon="11.2869478" />
      <trkpt lat="46.0251301" lon="11.2867015" />
      <trkpt lat="46.0255731" lon="11.2857420" />
      <trkpt lat="46.0256633" lon="11.2860670" />
      <trkpt lat="46.0257839" lon="11.2863653" />
      <trkpt lat="46.0256685" lon="11.2869414" />
      <trkpt lat="46.0256598" lon="11.2875379" />
      <trkpt lat="46.0255831" lon="11.2884429" />
      <trkpt lat="46.0256684" lon="11.2892422" />
      <trkpt lat="46.0256751" lon="11.2897861" />
      <trkpt lat="46.0257124" lon="11.2899990" />
      <trkpt lat="46.0258007" lon="11.2900076" />
      <trkpt lat="46.0258133" lon="11.2898682" />
      <trkpt lat="46.0259686" lon="11.2895457" />
      <trkpt lat="46.0260892" lon="11.2890811" />
      <trkpt lat="46.0262218" lon="11.2886659" />
      <trkpt lat="46.0264133" lon="11.2881552" />
      <trkpt lat="46.0265556" lon="11.2874868" />
      <trkpt lat="46.0269143" lon="11.2870374" />
      <trkpt lat="46.0272707" lon="11.2866525" />
      <trkpt lat="46.0275275" lon="11.2861488" />
      <trkpt lat="46.0277066" lon="11.2856406" />
      <trkpt lat="46.0277822" lon="11.2861561" />
      <trkpt lat="46.0277141" lon="11.2867076" />
      <trkpt lat="46.0277513" lon="11.2870294" />
      <trkpt lat="46.0277811" lon="11.2874479" />
      <trkpt lat="46.0277066" lon="11.2881345" />
      <trkpt lat="46.0277513" lon="11.2881882" />
      <trkpt lat="46.0279301" lon="11.2881023" />
      <trkpt lat="46.0281014" lon="11.2878985" />
      <trkpt lat="46.0283026" lon="11.2876517" />
      <trkpt lat="46.0284962" lon="11.2875444" />
      <trkpt lat="46.0285931" lon="11.2872655" />
      <trkpt lat="46.0287644" lon="11.2870187" />
      <trkpt lat="46.0289343" lon="11.2867883" />
      <trkpt lat="46.0290162" lon="11.2868044" />
      <trkpt lat="46.0289953" lon="11.2870724" />
      <trkpt lat="46.0288985" lon="11.2874801" />
      <trkpt lat="46.0288016" lon="11.2881238" />
      <trkpt lat="46.0288463" lon="11.2884671" />
      <trkpt lat="46.0288414" lon="11.2886689" />
      <trkpt lat="46.0288721" lon="11.2888583" />
      <trkpt lat="46.0288414" lon="11.2886689" />
      <trkpt lat="46.0288463" lon="11.2884671" />
      <trkpt lat="46.0288016" lon="11.2881238" />
      <trkpt lat="46.0288985" lon="11.2874801" />
      <trkpt lat="46.0289953" lon="11.2870724" />
      <trkpt lat="46.0290162" lon="11.2868044" />
      <trkpt lat="46.0289343" lon="11.2867883" />
      <trkpt lat="46.0287644" lon="11.2870187" />
      <trkpt lat="46.0285931" lon="11.2872655" />
      <trkpt lat="46.0284962" lon="11.2875444" />
      <trkpt lat="46.0283026" lon="11.2876517" />
      <trkpt lat="46.0281014" lon="11.2878985" />
      <trkpt lat="46.0279301" lon="11.2881023" />
      <trkpt lat="46.0277513" lon="11.2881882" />
      <trkpt lat="46.0277066" lon="11.2881345" />
      <trkpt lat="46.0277811" lon="11.2874479" />
      <trkpt lat="46.0277513" lon="11.2870294" />
      <trkpt lat="46.0277141" lon="11.2867076" />
      <trkpt lat="46.0277822" lon="11.2861561" />
      <trkpt lat="46.0277066" lon="11.2856406" />
      <trkpt lat="46.0276396" lon="11.2851841" />
      <trkpt lat="46.0276470" lon="11.2846691" />
      <trkpt lat="46.0277081" lon="11.2842474" />
      <trkpt lat="46.0276768" lon="11.2839288" />
      <trkpt lat="46.0274831" lon="11.2840361" />
      <trkpt lat="46.0272299" lon="11.2844116" />
      <trkpt lat="46.0269989" lon="11.2847871" />
      <trkpt lat="46.0267159" lon="11.2852485" />
      <trkpt lat="46.0262786" lon="11.2855864" />
      <trkpt lat="46.0257839" lon="11.2863653" />
      <trkpt lat="46.0259923" lon="11.2855128" />
      <trkpt lat="46.0261190" lon="11.2852124" />
      <trkpt lat="46.0261395" lon="11.2849517" />
      <trkpt lat="46.0264170" lon="11.2843957" />
      <trkpt lat="46.0267615" lon="11.2838729" />
      <trkpt lat="46.0272223" lon="11.2829277" />
      <trkpt lat="46.0276272" lon="11.2822774" />
      <trkpt lat="46.0281252" lon="11.2817545" />
      <trkpt lat="46.0283812" lon="11.2813792" />
      <trkpt lat="46.0287256" lon="11.2807021" />
      <trkpt lat="46.0283812" lon="11.2813792" />
      <trkpt lat="46.0281252" lon="11.2817545" />
      <trkpt lat="46.0276272" lon="11.2822774" />
      <trkpt lat="46.0272223" lon="11.2829277" />
      <trkpt lat="46.0267615" lon="11.2838729" />
      <trkpt lat="46.0264170" lon="11.2843957" />
      <trkpt lat="46.0261395" lon="11.2849517" />
      <trkpt lat="46.0259584" lon="11.2849452" />
      <trkpt lat="46.0257931" lon="11.2853358" />
      <trkpt lat="46.0255731" lon="11.2857420" />
      <trkpt lat="46.0256633" lon="11.2860670" />
      <trkpt lat="46.0257839" lon="11.2863653" />
      <trkpt lat="46.0262786" lon="11.2855864" />
      <trkpt lat="46.0267159" lon="11.2852485" />
      <trkpt lat="46.0269989" lon="11.2847871" />
      <trkpt lat="46.0272299" lon="11.2844116" />
      <trkpt lat="46.0274831" lon="11.2840361" />
      <trkpt lat="46.0276768" lon="11.2839288" />
      <trkpt lat="46.0277081" lon="11.2842474" />
      <trkpt lat="46.0276470" lon="11.2846691" />
      <trkpt lat="46.0276396" lon="11.2851841" />
      <trkpt lat="46.0277066" lon="11.2856406" />
      <trkpt lat="46.0279501" lon="11.2850557" />
      <trkpt lat="46.0285301" lon="11.2841428" />
      <trkpt lat="46.0291255" lon="11.2835998" />
      <trkpt lat="46.0293691" lon="11.2829818" />
      <trkpt lat="46.0296708" lon="11.2821685" />
      <trkpt lat="46.0301140" lon="11.2811461" />
      <trkpt lat="46.0305035" lon="11.2803870" />
      <trkpt lat="46.0307628" lon="11.2797406" />
      <trkpt lat="46.0310713" lon="11.2790278" />
      <trkpt lat="46.0315507" lon="11.2783827" />
      <trkpt lat="46.0317721" lon="11.2781313" />
      <trkpt lat="46.0322973" lon="11.2778080" />
      <trkpt lat="46.0327133" lon="11.2769727" />
      <trkpt lat="46.0331703" lon="11.2763741" />
      <trkpt lat="46.0339768" lon="11.2757924" />
      <trkpt lat="46.0346769" lon="11.2754920" />
      <trkpt lat="46.0347356" lon="11.2754341" />
      <trkpt lat="46.0352590" lon="11.2749176" />
      <trkpt lat="46.0356767" lon="11.2744723" />
      <trkpt lat="46.0356958" lon="11.2744187" />
      <trkpt lat="46.0356813" lon="11.2743485" />
      <trkpt lat="46.0355618" lon="11.2743075" />
      <trkpt lat="46.0351745" lon="11.2744363" />
      <trkpt lat="46.0345190" lon="11.2746294" />
      <trkpt lat="46.0340274" lon="11.2748869" />
      <trkpt lat="46.0337742" lon="11.2749727" />
      <trkpt lat="46.0334018" lon="11.2752731" />
      <trkpt lat="46.0330407" lon="11.2754863" />
      <trkpt lat="46.0324567" lon="11.2756791" />
      <trkpt lat="46.0316452" lon="11.2756083" />
      <trkpt lat="46.0314035" lon="11.2757092" />
      <trkpt lat="46.0309944" lon="11.2759738" />
      <trkpt lat="46.0307380" lon="11.2761260" />
      <trkpt lat="46.0304465" lon="11.2761572" />
      <trkpt lat="46.0301473" lon="11.2762684" />
      <trkpt lat="46.0299785" lon="11.2764159" />
      <trkpt lat="46.0298778" lon="11.2763998" />
      <trkpt lat="46.0298538" lon="11.2763261" />
      <trkpt lat="46.0299488" lon="11.2761989" />
      <trkpt lat="46.0301439" lon="11.2760670" />
      <trkpt lat="46.0302633" lon="11.2759463" />
      <trkpt lat="46.0304262" lon="11.2757577" />
      <trkpt lat="46.0304866" lon="11.2754112" />
      <trkpt lat="46.0306892" lon="11.2750432" />
      <trkpt lat="46.0309201" lon="11.2747631" />
      <trkpt lat="46.0315247" lon="11.2745443" />
      <trkpt lat="46.0317454" lon="11.2744402" />
      <trkpt lat="46.0320463" lon="11.2741022" />
      <trkpt lat="46.0322370" lon="11.2738329" />
      <trkpt lat="46.0326178" lon="11.2736445" />
      <trkpt lat="46.0327973" lon="11.2733280" />
      <trkpt lat="46.0322994" lon="11.2733822" />
      <trkpt lat="46.0319568" lon="11.2732105" />
      <trkpt lat="46.0315844" lon="11.2731676" />
      <trkpt lat="46.0309080" lon="11.2734079" />
      <trkpt lat="46.0305266" lon="11.2736826" />
      <trkpt lat="46.0301969" lon="11.2742282" />
      <trkpt lat="46.0299314" lon="11.2745237" />
      <trkpt lat="46.0296654" lon="11.2746464" />
      <trkpt lat="46.0292501" lon="11.2751018" />
      <trkpt lat="46.0289948" lon="11.2754313" />
      <trkpt lat="46.0288533" lon="11.2756978" />
      <trkpt lat="46.0287150" lon="11.2759253" />
      <trkpt lat="46.0286522" lon="11.2762400" />
      <trkpt lat="46.0284620" lon="11.2764860" />
      <trkpt lat="46.0283367" lon="11.2767939" />
      <trkpt lat="46.0281086" lon="11.2774237" />
      <trkpt lat="46.0277705" lon="11.2781887" />
      <trkpt lat="46.0274316" lon="11.2786650" />
      <trkpt lat="46.0272536" lon="11.2786662" />
      <trkpt lat="46.0270585" lon="11.2789292" />
      <trkpt lat="46.0267829" lon="11.2794763" />
      <trkpt lat="46.0264775" lon="11.2797767" />
      <trkpt lat="46.0263895" lon="11.2802691" />
      <trkpt lat="46.0260827" lon="11.2806351" />
      <trkpt lat="46.0258338" lon="11.2811172" />
      <trkpt lat="46.0255496" lon="11.2813511" />
      <trkpt lat="46.0253119" lon="11.2818153" />
      <trkpt lat="46.0250276" lon="11.2826043" />
      <trkpt lat="46.0249634" lon="11.2828275" />
      <trkpt lat="46.0248753" lon="11.2830316" />
      <trkpt lat="46.0247298" lon="11.2832191" />
      <trkpt lat="46.0245539" lon="11.2833357" />
      <trkpt lat="46.0244799" lon="11.2833837" />
      <trkpt lat="46.0243887" lon="11.2827874" />
      <trkpt lat="46.0243535" lon="11.2823539" />
      <trkpt lat="46.0243690" lon="11.2818012" />
      <trkpt lat="46.0243379" lon="11.2815621" />
      <trkpt lat="46.0242779" lon="11.2815122" />
      <trkpt lat="46.0242066" lon="11.2815836" />
      <trkpt lat="46.0241618" lon="11.2816477" />
      <trkpt lat="46.0241345" lon="11.2814130" />
      <trkpt lat="46.0241390" lon="11.2812408" />
      <trkpt lat="46.0241453" lon="11.2808267" />
      <trkpt lat="46.0242493" lon="11.2802289" />
      <trkpt lat="46.0243051" lon="11.2792740" />
      <trkpt lat="46.0241971" lon="11.2789688" />
      <trkpt lat="46.0241696" lon="11.2788910" />
      <trkpt lat="46.0240574" lon="11.2778859" />
      <trkpt lat="46.0239922" lon="11.2776785" />
      <trkpt lat="46.0238772" lon="11.2777882" />
      <trkpt lat="46.0234519" lon="11.2787275" />
      <trkpt lat="46.0233983" lon="11.2788305" />
      <trkpt lat="46.0233093" lon="11.2789320" />
      <trkpt lat="46.0232598" lon="11.2788711" />
      <trkpt lat="46.0233178" lon="11.2788177" />
      <trkpt lat="46.0234370" lon="11.2784743" />
      <trkpt lat="46.0235503" lon="11.2780623" />
      <trkpt lat="46.0236397" lon="11.2774873" />
      <trkpt lat="46.0236397" lon="11.2771697" />
      <trkpt lat="46.0235979" lon="11.2767406" />
      <trkpt lat="46.0236456" lon="11.2764144" />
      <trkpt lat="46.0237618" lon="11.2760153" />
      <trkpt lat="46.0239377" lon="11.2755475" />
      <trkpt lat="46.0240956" lon="11.2752256" />
      <trkpt lat="46.0244353" lon="11.2747622" />
      <trkpt lat="46.0245813" lon="11.2746120" />
      <trkpt lat="46.0246677" lon="11.2744360" />
      <trkpt lat="46.0246886" lon="11.2742171" />
      <trkpt lat="46.0247243" lon="11.2739940" />
      <trkpt lat="46.0247839" lon="11.2738652" />
      <trkpt lat="46.0249061" lon="11.2736807" />
      <trkpt lat="46.0252845" lon="11.2731786" />
      <trkpt lat="46.0253799" lon="11.2730155" />
      <trkpt lat="46.0254872" lon="11.2727666" />
      <trkpt lat="46.0256242" lon="11.2724662" />
      <trkpt lat="46.0257553" lon="11.2723975" />
      <trkpt lat="46.0260414" lon="11.2721744" />
      <trkpt lat="46.0262440" lon="11.2719598" />
      <trkpt lat="46.0263066" lon="11.2718096" />
      <trkpt lat="46.0263364" lon="11.2716637" />
      <trkpt lat="46.0263453" lon="11.2714534" />
      <trkpt lat="46.0263751" lon="11.2712560" />
      <trkpt lat="46.0264228" lon="11.2709041" />
      <trkpt lat="46.0265897" lon="11.2706466" />
      <trkpt lat="46.0267804" lon="11.2703290" />
      <trkpt lat="46.0269264" lon="11.2700329" />
      <trkpt lat="46.0272541" lon="11.2697325" />
      <trkpt lat="46.0273584" lon="11.2696338" />
      <trkpt lat="46.0275134" lon="11.2696166" />
      <trkpt lat="46.0278173" lon="11.2696939" />
      <trkpt lat="46.0280557" lon="11.2696939" />
      <trkpt lat="46.0282285" lon="11.2696338" />
      <trkpt lat="46.0284609" lon="11.2696939" />
      <trkpt lat="46.0287469" lon="11.2698827" />
      <trkpt lat="46.0289138" lon="11.2698655" />
      <trkpt lat="46.0290211" lon="11.2698226" />
      <trkpt lat="46.0291581" lon="11.2697797" />
      <trkpt lat="46.0294263" lon="11.2698312" />
      <trkpt lat="46.0295514" lon="11.2697883" />
      <trkpt lat="46.0297362" lon="11.2696338" />
      <trkpt lat="46.0299924" lon="11.2693591" />
      <trkpt lat="46.0301890" lon="11.2691188" />
      <trkpt lat="46.0303499" lon="11.2688441" />
      <trkpt lat="46.0305674" lon="11.2685652" />
      <trkpt lat="46.0306628" lon="11.2685051" />
      <trkpt lat="46.0309578" lon="11.2683549" />
      <trkpt lat="46.0310829" lon="11.2681918" />
      <trkpt lat="46.0313272" lon="11.2680030" />
      <trkpt lat="46.0316162" lon="11.2678614" />
      <trkpt lat="46.0318009" lon="11.2677069" />
      <trkpt lat="46.0319350" lon="11.2674966" />
      <trkpt lat="46.0320661" lon="11.2673764" />
      <trkpt lat="46.0321883" lon="11.2672348" />
      <trkpt lat="46.0322711" lon="11.2670235" />
      <trkpt lat="46.0325176" lon="11.2667647" />
      <trkpt lat="46.0327894" lon="11.2665541" />
      <trkpt lat="46.0330969" lon="11.2663050" />
      <trkpt lat="46.0332864" lon="11.2661524" />
      <trkpt lat="46.0334018" lon="11.2660097" />
      <trkpt lat="46.0334745" lon="11.2658384" />
      <trkpt lat="46.0335867" lon="11.2654523" />
      <trkpt lat="46.0337484" lon="11.2648586" />
      <trkpt lat="46.0340548" lon="11.2640789" />
      <trkpt lat="46.0343921" lon="11.2631436" />
      <trkpt lat="46.0344405" lon="11.2628437" />
      <trkpt lat="46.0344487" lon="11.2621954" />
      <trkpt lat="46.0344937" lon="11.2620125" />
      <trkpt lat="46.0346079" lon="11.2617380" />
      <trkpt lat="46.0345819" lon="11.2619693" />
      <trkpt lat="46.0346043" lon="11.2621948" />
      <trkpt lat="46.0346284" lon="11.2624351" />
      <trkpt lat="46.0346232" lon="11.2626358" />
      <trkpt lat="46.0346404" lon="11.2629876" />
      <trkpt lat="46.0346387" lon="11.2632404" />
      <trkpt lat="46.0345974" lon="11.2633791" />
      <trkpt lat="46.0345785" lon="11.2636195" />
      <trkpt lat="46.0345544" lon="11.2639961" />
      <trkpt lat="46.0345097" lon="11.2643578" />
      <trkpt lat="46.0344633" lon="11.2645585" />
      <trkpt lat="46.0344220" lon="11.2649153" />
      <trkpt lat="46.0343600" lon="11.2651977" />
      <trkpt lat="46.0343102" lon="11.2655496" />
      <trkpt lat="46.0343170" lon="11.2658320" />
      <trkpt lat="46.0343549" lon="11.2659832" />
      <trkpt lat="46.0343755" lon="11.2662681" />
      <trkpt lat="46.0343618" lon="11.2664267" />
      <trkpt lat="46.0342930" lon="11.2665580" />
      <trkpt lat="46.0342190" lon="11.2666744" />
      <trkpt lat="46.0341794" lon="11.2667983" />
      <trkpt lat="46.0341863" lon="11.2669544" />
      <trkpt lat="46.0342207" lon="11.2671229" />
      <trkpt lat="46.0342207" lon="11.2672641" />
      <trkpt lat="46.0341485" lon="11.2673211" />
      <trkpt lat="46.0340762" lon="11.2674797" />
      <trkpt lat="46.0339524" lon="11.2676828" />
      <trkpt lat="46.0338698" lon="11.2678389" />
      <trkpt lat="46.0337460" lon="11.2680049" />
      <trkpt lat="46.0336531" lon="11.2681585" />
      <trkpt lat="46.0337460" lon="11.2680049" />
      <trkpt lat="46.0338698" lon="11.2678389" />
      <trkpt lat="46.0339524" lon="11.2676828" />
      <trkpt lat="46.0340762" lon="11.2674797" />
      <trkpt lat="46.0341485" lon="11.2673211" />
      <trkpt lat="46.0342207" lon="11.2672641" />
      <trkpt lat="46.0342207" lon="11.2671229" />
      <trkpt lat="46.0341863" lon="11.2669544" />
      <trkpt lat="46.0341794" lon="11.2667983" />
      <trkpt lat="46.0342190" lon="11.2666744" />
      <trkpt lat="46.0342930" lon="11.2665580" />
      <trkpt lat="46.0343618" lon="11.2664267" />
      <trkpt lat="46.0343755" lon="11.2662681" />
      <trkpt lat="46.0343549" lon="11.2659832" />
      <trkpt lat="46.0343170" lon="11.2658320" />
      <trkpt lat="46.0343102" lon="11.2655496" />
      <trkpt lat="46.0343600" lon="11.2651977" />
      <trkpt lat="46.0344220" lon="11.2649153" />
      <trkpt lat="46.0344633" lon="11.2645585" />
      <trkpt lat="46.0345097" lon="11.2643578" />
      <trkpt lat="46.0345544" lon="11.2639961" />
      <trkpt lat="46.0345785" lon="11.2636195" />
      <trkpt lat="46.0345974" lon="11.2633791" />
      <trkpt lat="46.0346387" lon="11.2632404" />
      <trkpt lat="46.0346404" lon="11.2629876" />
      <trkpt lat="46.0346232" lon="11.2626358" />
      <trkpt lat="46.0346284" lon="11.2624351" />
      <trkpt lat="46.0346043" lon="11.2621948" />
      <trkpt lat="46.0345819" lon="11.2619693" />
      <trkpt lat="46.0346079" lon="11.2617380" />
      <trkpt lat="46.0347509" lon="11.2614130" />
      <trkpt lat="46.0347937" lon="11.2611177" />
      <trkpt lat="46.0348674" lon="11.2608629" />
      <trkpt lat="46.0349657" lon="11.2606647" />
      <trkpt lat="46.0350492" lon="11.2603533" />
      <trkpt lat="46.0350492" lon="11.2602542" />
      <trkpt lat="46.0350148" lon="11.2600135" />
      <trkpt lat="46.0349903" lon="11.2598578" />
      <trkpt lat="46.0349903" lon="11.2597304" />
      <trkpt lat="46.0349903" lon="11.2595959" />
      <trkpt lat="46.0348920" lon="11.2592561" />
      <trkpt lat="46.0348723" lon="11.2591216" />
      <trkpt lat="46.0348650" lon="11.2589517" />
      <trkpt lat="46.0348232" lon="11.2587960" />
      <trkpt lat="46.0348035" lon="11.2586898" />
      <trkpt lat="46.0347618" lon="11.2585483" />
      <trkpt lat="46.0347568" lon="11.2584881" />
      <trkpt lat="46.0347618" lon="11.2583359" />
      <trkpt lat="46.0347814" lon="11.2581944" />
      <trkpt lat="46.0347740" lon="11.2580705" />
      <trkpt lat="46.0347519" lon="11.2579643" />
      <trkpt lat="46.0346954" lon="11.2578864" />
      <trkpt lat="46.0346807" lon="11.2578475" />
      <trkpt lat="46.0346610" lon="11.2577130" />
      <trkpt lat="46.0346291" lon="11.2575644" />
      <trkpt lat="46.0345799" lon="11.2574688" />
      <trkpt lat="46.0345136" lon="11.2574051" />
      <trkpt lat="46.0344301" lon="11.2572777" />
      <trkpt lat="46.0343564" lon="11.2571255" />
      <trkpt lat="46.0343367" lon="11.2570370" />
      <trkpt lat="46.0343342" lon="11.2569592" />
      <trkpt lat="46.0343170" lon="11.2568955" />
      <trkpt lat="46.0343090" lon="11.2568059" />
      <trkpt lat="46.0343083" lon="11.2567564" />
      <trkpt lat="46.0343017" lon="11.2567168" />
      <trkpt lat="46.0342515" lon="11.2566440" />
      <trkpt lat="46.0342493" lon="11.2568944" />
      <trkpt lat="46.0342954" lon="11.2571798" />
      <trkpt lat="46.0343938" lon="11.2574866" />
      <trkpt lat="46.0344385" lon="11.2577420" />
      <trkpt lat="46.0344325" lon="11.2580681" />
      <trkpt lat="46.0344310" lon="11.2583770" />
      <trkpt lat="46.0344668" lon="11.2587290" />
      <trkpt lat="46.0345189" lon="11.2592612" />
      <trkpt lat="46.0344638" lon="11.2596559" />
      <trkpt lat="46.0343864" lon="11.2598726" />
      <trkpt lat="46.0341659" lon="11.2603512" />
      <trkpt lat="46.0340616" lon="11.2606473" />
      <trkpt lat="46.0339886" lon="11.2610400" />
      <trkpt lat="46.0338188" lon="11.2617652" />
      <trkpt lat="46.0336415" lon="11.2622523" />
      <trkpt lat="46.0334850" lon="11.2624827" />
      <trkpt lat="46.0334385" lon="11.2625614" />
      <trkpt lat="46.0333949" lon="11.2629390" />
      <trkpt lat="46.0333234" lon="11.2632909" />
      <trkpt lat="46.0332511" lon="11.2636612" />
      <trkpt lat="46.0332201" lon="11.2637978" />
      <trkpt lat="46.0331625" lon="11.2639666" />
      <trkpt lat="46.0330076" lon="11.2647999" />
      <trkpt lat="46.0331625" lon="11.2639666" />
      <trkpt lat="46.0332201" lon="11.2637978" />
      <trkpt lat="46.0332511" lon="11.2636612" />
      <trkpt lat="46.0333234" lon="11.2632909" />
      <trkpt lat="46.0333949" lon="11.2629390" />
      <trkpt lat="46.0334385" lon="11.2625614" />
      <trkpt lat="46.0334850" lon="11.2624827" />
      <trkpt lat="46.0336415" lon="11.2622523" />
      <trkpt lat="46.0338188" lon="11.2617652" />
      <trkpt lat="46.0339886" lon="11.2610400" />
      <trkpt lat="46.0340616" lon="11.2606473" />
      <trkpt lat="46.0341659" lon="11.2603512" />
      <trkpt lat="46.0343864" lon="11.2598726" />
      <trkpt lat="46.0342553" lon="11.2597062" />
      <trkpt lat="46.0341362" lon="11.2592127" />
      <trkpt lat="46.0339649" lon="11.2591591" />
      <trkpt lat="46.0336893" lon="11.2592664" />
      <trkpt lat="46.0339649" lon="11.2591591" />
      <trkpt lat="46.0341362" lon="11.2592127" />
      <trkpt lat="46.0342553" lon="11.2597062" />
      <trkpt lat="46.0343864" lon="11.2598726" />
      <trkpt lat="46.0344638" lon="11.2596559" />
      <trkpt lat="46.0345189" lon="11.2592612" />
      <trkpt lat="46.0344668" lon="11.2587290" />
      <trkpt lat="46.0344310" lon="11.2583770" />
      <trkpt lat="46.0344325" lon="11.2580681" />
      <trkpt lat="46.0344385" lon="11.2577420" />
      <trkpt lat="46.0343938" lon="11.2574866" />
      <trkpt lat="46.0342954" lon="11.2571798" />
      <trkpt lat="46.0342493" lon="11.2568944" />
      <trkpt lat="46.0342515" lon="11.2566440" />
      <trkpt lat="46.0342553" lon="11.2562141" />
      <trkpt lat="46.0342776" lon="11.2556820" />
      <trkpt lat="46.0344146" lon="11.2551928" />
      <trkpt lat="46.0345289" lon="11.2549596" />
      <trkpt lat="46.0330605" lon="11.2540522" />
      <trkpt lat="46.0327853" lon="11.2544100" />
      <trkpt lat="46.0326959" lon="11.2560300" />
      <trkpt lat="46.0326910" lon="11.2560790" />
      <trkpt lat="46.0324944" lon="11.2554040" />
      <trkpt lat="46.0324795" lon="11.2544491" />
      <trkpt lat="46.0324281" lon="11.2540934" />
      <trkpt lat="46.0325242" lon="11.2537303" />
      <trkpt lat="46.0328221" lon="11.2535050" />
      <trkpt lat="46.0329264" lon="11.2532904" />
      <trkpt lat="46.0329491" lon="11.2529938" />
      <trkpt lat="46.0331424" lon="11.2525716" />
      <trkpt lat="46.0331648" lon="11.2521961" />
      <trkpt lat="46.0330530" lon="11.2516382" />
      <trkpt lat="46.0332094" lon="11.2512841" />
      <trkpt lat="46.0331657" lon="11.2507910" />
      <trkpt lat="46.0331148" lon="11.2507796" />
      <trkpt lat="46.0330654" lon="11.2507141" />
      <trkpt lat="46.0330803" lon="11.2506032" />
      <trkpt lat="46.0331545" lon="11.2504971" />
      <trkpt lat="46.0332627" lon="11.2504076" />
      <trkpt lat="46.0333165" lon="11.2503355" />
      <trkpt lat="46.0333611" lon="11.2502305" />
      <trkpt lat="46.0333966" lon="11.2501320" />
      <trkpt lat="46.0334191" lon="11.2499775" />
      <trkpt lat="46.0334171" lon="11.2498888" />
      <trkpt lat="46.0334002" lon="11.2497986" />
      <trkpt lat="46.0333797" lon="11.2497155" />
      <trkpt lat="46.0333113" lon="11.2495819" />
      <trkpt lat="46.0325834" lon="11.2501237" />
      <trkpt lat="46.0322565" lon="11.2504485" />
      <trkpt lat="46.0320439" lon="11.2507166" />
      <trkpt lat="46.0319142" lon="11.2509808" />
      <trkpt lat="46.0317845" lon="11.2514219" />
      <trkpt lat="46.0315075" lon="11.2525281" />
      <trkpt lat="46.0312222" lon="11.2532682" />
      <trkpt lat="46.0312195" lon="11.2531396" />
      <trkpt lat="46.0314666" lon="11.2525254" />
      <trkpt lat="46.0318056" lon="11.2511907" />
      <trkpt lat="46.0318463" lon="11.2510258" />
      <trkpt lat="46.0319337" lon="11.2508218" />
      <trkpt lat="46.0320241" lon="11.2506200" />
      <trkpt lat="46.0321431" lon="11.2504616" />
      <trkpt lat="46.0322742" lon="11.2503465" />
      <trkpt lat="46.0323676" lon="11.2502619" />
      <trkpt lat="46.0323766" lon="11.2502180" />
      <trkpt lat="46.0322163" lon="11.2502525" />
      <trkpt lat="46.0320987" lon="11.2502765" />
      <trkpt lat="46.0319249" lon="11.2503559" />
      <trkpt lat="46.0316450" lon="11.2505253" />
      <trkpt lat="46.0315107" lon="11.2505913" />
      <trkpt lat="46.0313140" lon="11.2506198" />
      <trkpt lat="46.0312131" lon="11.2506093" />
      <trkpt lat="46.0307739" lon="11.2505013" />
      <trkpt lat="46.0306136" lon="11.2504953" />
      <trkpt lat="46.0303098" lon="11.2505208" />
      <trkpt lat="46.0300444" lon="11.2505358" />
      <trkpt lat="46.0299434" lon="11.2505208" />
      <trkpt lat="46.0295719" lon="11.2503619" />
      <trkpt lat="46.0291668" lon="11.2501464" />
      <trkpt lat="46.0289875" lon="11.2500549" />
      <trkpt lat="46.0288111" lon="11.2500292" />
      <trkpt lat="46.0287101" lon="11.2500561" />
      <trkpt lat="46.0285873" lon="11.2501086" />
      <trkpt lat="46.0285113" lon="11.2501146" />
      <trkpt lat="46.0280420" lon="11.2500891" />
      <trkpt lat="46.0276883" lon="11.2500636" />
      <trkpt lat="46.0274201" lon="11.2501697" />
      <trkpt lat="46.0271873" lon="11.2502313" />
      <trkpt lat="46.0268012" lon="11.2503989" />
      <trkpt lat="46.0265610" lon="11.2505263" />
      <trkpt lat="46.0260584" lon="11.2506664" />
      <trkpt lat="46.0256291" lon="11.2508119" />
      <trkpt lat="46.0255574" lon="11.2508362" />
      <trkpt lat="46.0253525" lon="11.2508956" />
      <trkpt lat="46.0252980" lon="11.2508956" />
      <trkpt lat="46.0252312" lon="11.2508416" />
      <trkpt lat="46.0251170" lon="11.2507372" />
      <trkpt lat="46.0250419" lon="11.2506822" />
      <trkpt lat="46.0250097" lon="11.2506587" />
      <trkpt lat="46.0248935" lon="11.2505960" />
      <trkpt lat="46.0248603" lon="11.2505780" />
      <trkpt lat="46.0249812" lon="11.2504402" />
      <trkpt lat="46.0251309" lon="11.2503971" />
      <trkpt lat="46.0252636" lon="11.2503724" />
      <trkpt lat="46.0253705" lon="11.2502369" />
      <trkpt lat="46.0254261" lon="11.2500274" />
      <trkpt lat="46.0254775" lon="11.2498302" />
      <trkpt lat="46.0255588" lon="11.2496515" />
      <trkpt lat="46.0256358" lon="11.2495036" />
      <trkpt lat="46.0256957" lon="11.2493927" />
      <trkpt lat="46.0258155" lon="11.2491708" />
      <trkpt lat="46.0259096" lon="11.2490599" />
      <trkpt lat="46.0260594" lon="11.2488812" />
      <trkpt lat="46.0261835" lon="11.2487333" />
      <trkpt lat="46.0263546" lon="11.2486409" />
      <trkpt lat="46.0265471" lon="11.2486224" />
      <trkpt lat="46.0266541" lon="11.2486286" />
      <trkpt lat="46.0268423" lon="11.2486840" />
      <trkpt lat="46.0270563" lon="11.2487148" />
      <trkpt lat="46.0273130" lon="11.2487457" />
      <trkpt lat="46.0275141" lon="11.2487272" />
      <trkpt lat="46.0277793" lon="11.2486902" />
      <trkpt lat="46.0281900" lon="11.2486655" />
      <trkpt lat="46.0283740" lon="11.2487333" />
      <trkpt lat="46.0284938" lon="11.2487395" />
      <trkpt lat="46.0286491" lon="11.2487323" />
      <trkpt lat="46.0297080" lon="11.2486208" />
      <trkpt lat="46.0297416" lon="11.2483870" />
      <trkpt lat="46.0298226" lon="11.2482106" />
      <trkpt lat="46.0299840" lon="11.2480970" />
      <trkpt lat="46.0301076" lon="11.2479582" />
      <trkpt lat="46.0298432" lon="11.2479991" />
      <trkpt lat="46.0297436" lon="11.2480098" />
      <trkpt lat="46.0296785" lon="11.2479928" />
      <trkpt lat="46.0295983" lon="11.2479441" />
      <trkpt lat="46.0292456" lon="11.2478014" />
      <trkpt lat="46.0295983" lon="11.2479441" />
      <trkpt lat="46.0296785" lon="11.2479928" />
      <trkpt lat="46.0297436" lon="11.2480098" />
      <trkpt lat="46.0298432" lon="11.2479991" />
      <trkpt lat="46.0301076" lon="11.2479582" />
      <trkpt lat="46.0305046" lon="11.2476772" />
      <trkpt lat="46.0308999" lon="11.2475344" />
      <trkpt lat="46.0310944" lon="11.2474479" />
      <trkpt lat="46.0312121" lon="11.2473709" />
      <trkpt lat="46.0311206" lon="11.2473990" />
      <trkpt lat="46.0310070" lon="11.2473952" />
      <trkpt lat="46.0308463" lon="11.2473426" />
      <trkpt lat="46.0306972" lon="11.2472403" />
      <trkpt lat="46.0306007" lon="11.2471711" />
      <trkpt lat="46.0304908" lon="11.2470897" />
      <trkpt lat="46.0300824" lon="11.2469039" />
      <trkpt lat="46.0297974" lon="11.2465982" />
      <trkpt lat="46.0298403" lon="11.2464477" />
      <trkpt lat="46.0300340" lon="11.2462605" />
      <trkpt lat="46.0302243" lon="11.2460817" />
      <trkpt lat="46.0302579" lon="11.2460504" />
      <trkpt lat="46.0303219" lon="11.2459934" />
      <trkpt lat="46.0303460" lon="11.2459283" />
      <trkpt lat="46.0303473" lon="11.2458442" />
      <trkpt lat="46.0303285" lon="11.2457626" />
      <trkpt lat="46.0301212" lon="11.2458950" />
      <trkpt lat="46.0299912" lon="11.2459538" />
      <trkpt lat="46.0299242" lon="11.2457268" />
      <trkpt lat="46.0299111" lon="11.2455693" />
      <trkpt lat="46.0291461" lon="11.2456129" />
      <trkpt lat="46.0289525" lon="11.2454412" />
      <trkpt lat="46.0288342" lon="11.2454117" />
      <trkpt lat="46.0286628" lon="11.2455308" />
      <trkpt lat="46.0285549" lon="11.2455297" />
      <trkpt lat="46.0283519" lon="11.2454372" />
      <trkpt lat="46.0282113" lon="11.2454358" />
      <trkpt lat="46.0280753" lon="11.2454519" />
      <trkpt lat="46.0278854" lon="11.2454573" />
      <trkpt lat="46.0275651" lon="11.2453500" />
      <trkpt lat="46.0271535" lon="11.2449960" />
      <trkpt lat="46.0268816" lon="11.2449074" />
      <trkpt lat="46.0265296" lon="11.2449504" />
      <trkpt lat="46.0262968" lon="11.2450094" />
      <trkpt lat="46.0260641" lon="11.2449772" />
      <trkpt lat="46.0258704" lon="11.2449933" />
      <trkpt lat="46.0255910" lon="11.2452374" />
      <trkpt lat="46.0253079" lon="11.2453849" />
      <trkpt lat="46.0252912" lon="11.2454519" />
      <trkpt lat="46.0253079" lon="11.2453849" />
      <trkpt lat="46.0255910" lon="11.2452374" />
      <trkpt lat="46.0258704" lon="11.2449933" />
      <trkpt lat="46.0260641" lon="11.2449772" />
      <trkpt lat="46.0262968" lon="11.2450094" />
      <trkpt lat="46.0265296" lon="11.2449504" />
      <trkpt lat="46.0268816" lon="11.2449074" />
      <trkpt lat="46.0271535" lon="11.2449960" />
      <trkpt lat="46.0275651" lon="11.2453500" />
      <trkpt lat="46.0278854" lon="11.2454573" />
      <trkpt lat="46.0280753" lon="11.2454519" />
      <trkpt lat="46.0282113" lon="11.2454358" />
      <trkpt lat="46.0283519" lon="11.2454372" />
      <trkpt lat="46.0285549" lon="11.2455297" />
      <trkpt lat="46.0286628" lon="11.2455308" />
      <trkpt lat="46.0288342" lon="11.2454117" />
      <trkpt lat="46.0289525" lon="11.2454412" />
      <trkpt lat="46.0291461" lon="11.2456129" />
      <trkpt lat="46.0299111" lon="11.2455693" />
      <trkpt lat="46.0299242" lon="11.2457268" />
      <trkpt lat="46.0299912" lon="11.2459538" />
      <trkpt lat="46.0301212" lon="11.2458950" />
      <trkpt lat="46.0303285" lon="11.2457626" />
      <trkpt lat="46.0303473" lon="11.2458442" />
      <trkpt lat="46.0303460" lon="11.2459283" />
      <trkpt lat="46.0303219" lon="11.2459934" />
      <trkpt lat="46.0302579" lon="11.2460504" />
      <trkpt lat="46.0302243" lon="11.2460817" />
      <trkpt lat="46.0300340" lon="11.2462605" />
      <trkpt lat="46.0298403" lon="11.2464477" />
      <trkpt lat="46.0297974" lon="11.2465982" />
      <trkpt lat="46.0300824" lon="11.2469039" />
      <trkpt lat="46.0304908" lon="11.2470897" />
      <trkpt lat="46.0306007" lon="11.2471711" />
      <trkpt lat="46.0306972" lon="11.2472403" />
      <trkpt lat="46.0308463" lon="11.2473426" />
      <trkpt lat="46.0310070" lon="11.2473952" />
      <trkpt lat="46.0311206" lon="11.2473990" />
      <trkpt lat="46.0312121" lon="11.2473709" />
      <trkpt lat="46.0314624" lon="11.2471970" />
      <trkpt lat="46.0315218" lon="11.2471781" />
      <trkpt lat="46.0315641" lon="11.2471643" />
      <trkpt lat="46.0316073" lon="11.2471700" />
      <trkpt lat="46.0316471" lon="11.2471948" />
      <trkpt lat="46.0317202" lon="11.2472968" />
      <trkpt lat="46.0316100" lon="11.2473719" />
      <trkpt lat="46.0315425" lon="11.2474331" />
      <trkpt lat="46.0315458" lon="11.2475430" />
      <trkpt lat="46.0315534" lon="11.2475891" />
      <trkpt lat="46.0316050" lon="11.2477065" />
      <trkpt lat="46.0315828" lon="11.2477310" />
      <trkpt lat="46.0315658" lon="11.2477883" />
      <trkpt lat="46.0315130" lon="11.2478259" />
      <trkpt lat="46.0314842" lon="11.2478466" />
      <trkpt lat="46.0314777" lon="11.2478673" />
      <trkpt lat="46.0314522" lon="11.2479200" />
      <trkpt lat="46.0314307" lon="11.2479444" />
      <trkpt lat="46.0313967" lon="11.2479595" />
      <trkpt lat="46.0312732" lon="11.2479876" />
      <trkpt lat="46.0311202" lon="11.2480824" />
      <trkpt lat="46.0309414" lon="11.2482382" />
      <trkpt lat="46.0309051" lon="11.2482604" />
      <trkpt lat="46.0308568" lon="11.2482736" />
      <trkpt lat="46.0306673" lon="11.2482949" />
      <trkpt lat="46.0302817" lon="11.2485198" />
      <trkpt lat="46.0299481" lon="11.2486190" />
      <trkpt lat="46.0297983" lon="11.2486190" />
      <trkpt lat="46.0297080" lon="11.2486208" />
      <trkpt lat="46.0286491" lon="11.2487323" />
      <trkpt lat="46.0284938" lon="11.2487395" />
      <trkpt lat="46.0283740" lon="11.2487333" />
      <trkpt lat="46.0281900" lon="11.2486655" />
      <trkpt lat="46.0277793" lon="11.2486902" />
      <trkpt lat="46.0275141" lon="11.2487272" />
      <trkpt lat="46.0273130" lon="11.2487457" />
      <trkpt lat="46.0270563" lon="11.2487148" />
      <trkpt lat="46.0268423" lon="11.2486840" />
      <trkpt lat="46.0266541" lon="11.2486286" />
      <trkpt lat="46.0265471" lon="11.2486224" />
      <trkpt lat="46.0263546" lon="11.2486409" />
      <trkpt lat="46.0261835" lon="11.2487333" />
      <trkpt lat="46.0260594" lon="11.2488812" />
      <trkpt lat="46.0259096" lon="11.2490599" />
      <trkpt lat="46.0258155" lon="11.2491708" />
      <trkpt lat="46.0256957" lon="11.2493927" />
      <trkpt lat="46.0256358" lon="11.2495036" />
      <trkpt lat="46.0255588" lon="11.2496515" />
      <trkpt lat="46.0254775" lon="11.2498302" />
      <trkpt lat="46.0254261" lon="11.2500274" />
      <trkpt lat="46.0253705" lon="11.2502369" />
      <trkpt lat="46.0252636" lon="11.2503724" />
      <trkpt lat="46.0251309" lon="11.2503971" />
      <trkpt lat="46.0249812" lon="11.2504402" />
      <trkpt lat="46.0248603" lon="11.2505780" />
      <trkpt lat="46.0248189" lon="11.2505557" />
      <trkpt lat="46.0247320" lon="11.2505262" />
      <trkpt lat="46.0246400" lon="11.2506219" />
      <trkpt lat="46.0244560" lon="11.2508133" />
      <trkpt lat="46.0243896" lon="11.2509777" />
      <trkpt lat="46.0243759" lon="11.2510881" />
      <trkpt lat="46.0243845" lon="11.2513138" />
      <trkpt lat="46.0242958" lon="11.2515204" />
      <trkpt lat="46.0241358" lon="11.2515851" />
      <trkpt lat="46.0234980" lon="11.2519040" />
      <trkpt lat="46.0229639" lon="11.2521711" />
      <trkpt lat="46.0229277" lon="11.2521968" />
      <trkpt lat="46.0225936" lon="11.2524340" />
      <trkpt lat="46.0221654" lon="11.2527380" />
      <trkpt lat="46.0220203" lon="11.2528456" />
      <trkpt lat="46.0217000" lon="11.2530832" />
      <trkpt lat="46.0213899" lon="11.2534157" />
      <trkpt lat="46.0212457" lon="11.2536204" />
      <trkpt lat="46.0209207" lon="11.2542303" />
      <trkpt lat="46.0207853" lon="11.2544944" />
      <trkpt lat="46.0205705" lon="11.2548330" />
      <trkpt lat="46.0204318" lon="11.2550962" />
      <trkpt lat="46.0202337" lon="11.2556078" />
      <trkpt lat="46.0200327" lon="11.2562561" />
      <trkpt lat="46.0200201" lon="11.2563016" />
      <trkpt lat="46.0199321" lon="11.2566202" />
      <trkpt lat="46.0199292" lon="11.2567129" />
      <trkpt lat="46.0193202" lon="11.2577153" />
      <trkpt lat="46.0189212" lon="11.2584335" />
      <trkpt lat="46.0188304" lon="11.2586412" />
      <trkpt lat="46.0186291" lon="11.2589234" />
      <trkpt lat="46.0183762" lon="11.2592696" />
      <trkpt lat="46.0180877" lon="11.2596697" />
      <trkpt lat="46.0179665" lon="11.2599980" />
      <trkpt lat="46.0178587" lon="11.2604124" />
      <trkpt lat="46.0177656" lon="11.2606256" />
      <trkpt lat="46.0177456" lon="11.2606714" />
      <trkpt lat="46.0177011" lon="11.2607303" />
      <trkpt lat="46.0173868" lon="11.2611465" />
      <trkpt lat="46.0172652" lon="11.2613075" />
      <trkpt lat="46.0172345" lon="11.2613559" />
      <trkpt lat="46.0169964" lon="11.2617314" />
      <trkpt lat="46.0168725" lon="11.2619268" />
      <trkpt lat="46.0167299" lon="11.2622636" />
      <trkpt lat="46.0164957" lon="11.2626424" />
      <trkpt lat="46.0164321" lon="11.2627029" />
      <trkpt lat="46.0161679" lon="11.2629545" />
      <trkpt lat="46.0159045" lon="11.2631710" />
      <trkpt lat="46.0158629" lon="11.2632407" />
      <trkpt lat="46.0158087" lon="11.2633186" />
      <trkpt lat="46.0156122" lon="11.2636834" />
      <trkpt lat="46.0155228" lon="11.2638494" />
      <trkpt lat="46.0153637" lon="11.2641639" />
      <trkpt lat="46.0152444" lon="11.2642249" />
      <trkpt lat="46.0147545" lon="11.2643506" />
      <trkpt lat="46.0145080" lon="11.2644357" />
      <trkpt lat="46.0142109" lon="11.2646794" />
      <trkpt lat="46.0139158" lon="11.2650710" />
      <trkpt lat="46.0138568" lon="11.2651493" />
      <trkpt lat="46.0135996" lon="11.2655366" />
      <trkpt lat="46.0135162" lon="11.2657249" />
      <trkpt lat="46.0133975" lon="11.2659926" />
      <trkpt lat="46.0132455" lon="11.2662838" />
      <trkpt lat="46.0130651" lon="11.2664366" />
      <trkpt lat="46.0129462" lon="11.2664203" />
      <trkpt lat="46.0127774" lon="11.2664246" />
      <trkpt lat="46.0126398" lon="11.2664355" />
      <trkpt lat="46.0124834" lon="11.2665205" />
      <trkpt lat="46.0120650" lon="11.2668671" />
      <trkpt lat="46.0119312" lon="11.2669681" />
      <trkpt lat="46.0117949" lon="11.2670711" />
      <trkpt lat="46.0116957" lon="11.2671261" />
      <trkpt lat="46.0114545" lon="11.2672647" />
      <trkpt lat="46.0114098" lon="11.2673017" />
      <trkpt lat="46.0113200" lon="11.2673759" />
      <trkpt lat="46.0112450" lon="11.2674477" />
      <trkpt lat="46.0109933" lon="11.2674909" />
      <trkpt lat="46.0109202" lon="11.2675182" />
      <trkpt lat="46.0107306" lon="11.2675890" />
      <trkpt lat="46.0104192" lon="11.2676918" />
      <trkpt lat="46.0101986" lon="11.2677618" />
      <trkpt lat="46.0100008" lon="11.2678412" />
      <trkpt lat="46.0098872" lon="11.2679066" />
      <trkpt lat="46.0097568" lon="11.2679870" />
      <trkpt lat="46.0096655" lon="11.2680380" />
      <trkpt lat="46.0094121" lon="11.2681882" />
      <trkpt lat="46.0093860" lon="11.2681533" />
      <trkpt lat="46.0093743" lon="11.2681364" />
      <trkpt lat="46.0093315" lon="11.2682119" />
      <trkpt lat="46.0092630" lon="11.2683798" />
      <trkpt lat="46.0092427" lon="11.2684383" />
      <trkpt lat="46.0092234" lon="11.2684553" />
      <trkpt lat="46.0092085" lon="11.2684861" />
      <trkpt lat="46.0091710" lon="11.2685616" />
      <trkpt lat="46.0091475" lon="11.2686140" />
      <trkpt lat="46.0091218" lon="11.2686509" />
      <trkpt lat="46.0090843" lon="11.2686941" />
      <trkpt lat="46.0090522" lon="11.2687357" />
      <trkpt lat="46.0090244" lon="11.2687896" />
      <trkpt lat="46.0089923" lon="11.2688543" />
      <trkpt lat="46.0089420" lon="11.2689282" />
      <trkpt lat="46.0088607" lon="11.2690838" />
      <trkpt lat="46.0087805" lon="11.2691655" />
      <trkpt lat="46.0087484" lon="11.2692548" />
      <trkpt lat="46.0087302" lon="11.2693519" />
      <trkpt lat="46.0087173" lon="11.2694520" />
      <trkpt lat="46.0086906" lon="11.2695552" />
      <trkpt lat="46.0086157" lon="11.2697231" />
      <trkpt lat="46.0085868" lon="11.2697694" />
      <trkpt lat="46.0085761" lon="11.2698279" />
      <trkpt lat="46.0085440" lon="11.2698834" />
      <trkpt lat="46.0085205" lon="11.2699296" />
      <trkpt lat="46.0084916" lon="11.2699635" />
      <trkpt lat="46.0084713" lon="11.2700066" />
      <trkpt lat="46.0084466" lon="11.2700590" />
      <trkpt lat="46.0084113" lon="11.2701036" />
      <trkpt lat="46.0083835" lon="11.2701206" />
      <trkpt lat="46.0083568" lon="11.2701745" />
      <trkpt lat="46.0083108" lon="11.2702408" />
      <trkpt lat="46.0082230" lon="11.2703686" />
      <trkpt lat="46.0081438" lon="11.2704641" />
      <trkpt lat="46.0080893" lon="11.2705412" />
      <trkpt lat="46.0080176" lon="11.2705982" />
      <trkpt lat="46.0078924" lon="11.2707399" />
      <trkpt lat="46.0078293" lon="11.2708554" />
      <trkpt lat="46.0077469" lon="11.2710002" />
      <trkpt lat="46.0076409" lon="11.2712359" />
      <trkpt lat="46.0075982" lon="11.2713669" />
      <trkpt lat="46.0075500" lon="11.2715178" />
      <trkpt lat="46.0075072" lon="11.2716349" />
      <trkpt lat="46.0074665" lon="11.2717274" />
      <trkpt lat="46.0074291" lon="11.2717951" />
      <trkpt lat="46.0073880" lon="11.2718707" />
      <trkpt lat="46.0073062" lon="11.2719365" />
      <trkpt lat="46.0072196" lon="11.2720387" />
      <trkpt lat="46.0071174" lon="11.2721946" />
      <trkpt lat="46.0070620" lon="11.2723435" />
      <trkpt lat="46.0069309" lon="11.2725375" />
      <trkpt lat="46.0067854" lon="11.2727574" />
      <trkpt lat="46.0067616" lon="11.2727668" />
      <trkpt lat="46.0066759" lon="11.2728007" />
      <trkpt lat="46.0065533" lon="11.2728024" />
      <trkpt lat="46.0065099" lon="11.2727591" />
      <trkpt lat="46.0064582" lon="11.2725634" />
      <trkpt lat="46.0064077" lon="11.2724595" />
      <trkpt lat="46.0063322" lon="11.2723960" />
      <trkpt lat="46.0062563" lon="11.2725233" />
      <trkpt lat="46.0061695" lon="11.2726777" />
      <trkpt lat="46.0060554" lon="11.2727774" />
      <trkpt lat="46.0059768" lon="11.2728512" />
      <trkpt lat="46.0059137" lon="11.2728711" />
      <trkpt lat="46.0058933" lon="11.2728776" />
      <trkpt lat="46.0058177" lon="11.2726376" />
      <trkpt lat="46.0057679" lon="11.2725491" />
      <trkpt lat="46.0056733" lon="11.2724412" />
      <trkpt lat="46.0056185" lon="11.2724266" />
      <trkpt lat="46.0055475" lon="11.2723419" />
      <trkpt lat="46.0055042" lon="11.2724775" />
      <trkpt lat="46.0053579" lon="11.2723762" />
      <trkpt lat="46.0053287" lon="11.2723550" />
      <trkpt lat="46.0052907" lon="11.2723296" />
      <trkpt lat="46.0052432" lon="11.2722984" />
      <trkpt lat="46.0052879" lon="11.2721775" />
      <trkpt lat="46.0052445" lon="11.2721486" />
      <trkpt lat="46.0052149" lon="11.2721289" />
      <trkpt lat="46.0053026" lon="11.2719799" />
      <trkpt lat="46.0054055" lon="11.2718010" />
      <trkpt lat="46.0056272" lon="11.2711626" />
      <trkpt lat="46.0058750" lon="11.2703767" />
      <trkpt lat="46.0061657" lon="11.2694541" />
      <trkpt lat="46.0067390" lon="11.2676302" />
      <trkpt lat="46.0068028" lon="11.2674250" />
      <trkpt lat="46.0068615" lon="11.2672231" />
      <trkpt lat="46.0068759" lon="11.2671494" />
      <trkpt lat="46.0069000" lon="11.2670275" />
      <trkpt lat="46.0068530" lon="11.2669271" />
      <trkpt lat="46.0067793" lon="11.2667931" />
      <trkpt lat="46.0066836" lon="11.2666912" />
      <trkpt lat="46.0065684" lon="11.2665437" />
      <trkpt lat="46.0062166" lon="11.2659757" />
      <trkpt lat="46.0061744" lon="11.2659061" />
      <trkpt lat="46.0059334" lon="11.2648864" />
      <trkpt lat="46.0058499" lon="11.2643743" />
      <trkpt lat="46.0057206" lon="11.2639440" />
      <trkpt lat="46.0057034" lon="11.2638867" />
      <trkpt lat="46.0055397" lon="11.2633815" />
      <trkpt lat="46.0055103" lon="11.2632907" />
      <trkpt lat="46.0053776" lon="11.2628800" />
      <trkpt lat="46.0053091" lon="11.2627429" />
      <trkpt lat="46.0053096" lon="11.2626419" />
      <trkpt lat="46.0052807" lon="11.2625242" />
      <trkpt lat="46.0047337" lon="11.2607274" />
      <trkpt lat="46.0047236" lon="11.2606948" />
      <trkpt lat="46.0046854" lon="11.2605729" />
      <trkpt lat="46.0046469" lon="11.2604415" />
      <trkpt lat="46.0045733" lon="11.2601901" />
      <trkpt lat="46.0044618" lon="11.2598089" />
      <trkpt lat="46.0044527" lon="11.2597776" />
      <trkpt lat="46.0042697" lon="11.2592070" />
      <trkpt lat="46.0041931" lon="11.2589712" />
      <trkpt lat="46.0041748" lon="11.2589185" />
      <trkpt lat="46.0041555" lon="11.2588632" />
      <trkpt lat="46.0041036" lon="11.2587658" />
      <trkpt lat="46.0040601" lon="11.2586880" />
      <trkpt lat="46.0040306" lon="11.2586353" />
      <trkpt lat="46.0039968" lon="11.2585792" />
      <trkpt lat="46.0039444" lon="11.2584698" />
      <trkpt lat="46.0038116" lon="11.2582280" />
      <trkpt lat="46.0037697" lon="11.2581484" />
      <trkpt lat="46.0036865" lon="11.2579905" />
      <trkpt lat="46.0036755" lon="11.2579661" />
      <trkpt lat="46.0036436" lon="11.2578953" />
      <trkpt lat="46.0036018" lon="11.2577943" />
      <trkpt lat="46.0035897" lon="11.2577651" />
      <trkpt lat="46.0032584" lon="11.2569308" />
      <trkpt lat="46.0031700" lon="11.2566974" />
      <trkpt lat="46.0030646" lon="11.2564193" />
      <trkpt lat="46.0030179" lon="11.2562959" />
      <trkpt lat="46.0030020" lon="11.2562588" />
      <trkpt lat="46.0028312" lon="11.2558422" />
      <trkpt lat="46.0026796" lon="11.2554774" />
      <trkpt lat="46.0026228" lon="11.2553465" />
      <trkpt lat="46.0024538" lon="11.2549392" />
      <trkpt lat="46.0024434" lon="11.2549123" />
      <trkpt lat="46.0025336" lon="11.2548266" />
      <trkpt lat="46.0026296" lon="11.2547321" />
      <trkpt lat="46.0025980" lon="11.2546708" />
      <trkpt lat="46.0026329" lon="11.2546342" />
      <trkpt lat="46.0026642" lon="11.2545763" />
      <trkpt lat="46.0027036" lon="11.2545737" />
      <trkpt lat="46.0028214" lon="11.2543406" />
      <trkpt lat="46.0026560" lon="11.2541205" />
      <trkpt lat="46.0026078" lon="11.2540254" />
      <trkpt lat="46.0026070" lon="11.2539354" />
      <trkpt lat="46.0023743" lon="11.2532393" />
      <trkpt lat="46.0019828" lon="11.2518146" />
      <trkpt lat="46.0018853" lon="11.2514292" />
      <trkpt lat="46.0018008" lon="11.2510846" />
      <trkpt lat="46.0017729" lon="11.2507639" />
      <trkpt lat="46.0017167" lon="11.2504308" />
      <trkpt lat="46.0016915" lon="11.2501643" />
      <trkpt lat="46.0016967" lon="11.2500136" />
      <trkpt lat="46.0017048" lon="11.2498706" />
      <trkpt lat="46.0018217" lon="11.2491017" />
      <trkpt lat="46.0019896" lon="11.2486037" />
      <trkpt lat="46.0019662" lon="11.2484581" />
      <trkpt lat="46.0020711" lon="11.2482342" />
      <trkpt lat="46.0021794" lon="11.2481319" />
      <trkpt lat="46.0022670" lon="11.2480724" />
      <trkpt lat="46.0024207" lon="11.2479703" />
      <trkpt lat="46.0025271" lon="11.2479046" />
      <trkpt lat="46.0026401" lon="11.2477845" />
      <trkpt lat="46.0028131" lon="11.2476196" />
      <trkpt lat="46.0028832" lon="11.2475624" />
      <trkpt lat="46.0029463" lon="11.2475355" />
      <trkpt lat="46.0030047" lon="11.2475254" />
      <trkpt lat="46.0035586" lon="11.2475085" />
      <trkpt lat="46.0036508" lon="11.2474975" />
      <trkpt lat="46.0037559" lon="11.2474975" />
      <trkpt lat="46.0038693" lon="11.2474992" />
      <trkpt lat="46.0039640" lon="11.2474891" />
      <trkpt lat="46.0040763" lon="11.2474742" />
      <trkpt lat="46.0041714" lon="11.2474563" />
      <trkpt lat="46.0042473" lon="11.2474606" />
      <trkpt lat="46.0043333" lon="11.2474677" />
      <trkpt lat="46.0044163" lon="11.2474865" />
      <trkpt lat="46.0044409" lon="11.2473973" />
      <trkpt lat="46.0045497" lon="11.2473909" />
      <trkpt lat="46.0045879" lon="11.2473567" />
      <trkpt lat="46.0046139" lon="11.2473261" />
      <trkpt lat="46.0046124" lon="11.2472226" />
      <trkpt lat="46.0045957" lon="11.2471349" />
      <trkpt lat="46.0045710" lon="11.2470493" />
      <trkpt lat="46.0045444" lon="11.2469540" />
      <trkpt lat="46.0044369" lon="11.2465748" />
      <trkpt lat="46.0043458" lon="11.2462622" />
      <trkpt lat="46.0043301" lon="11.2462040" />
      <trkpt lat="46.0042972" lon="11.2460872" />
      <trkpt lat="46.0041336" lon="11.2455252" />
      <trkpt lat="46.0040464" lon="11.2452436" />
      <trkpt lat="46.0039784" lon="11.2450191" />
      <trkpt lat="46.0039068" lon="11.2447923" />
      <trkpt lat="46.0038797" lon="11.2447160" />
      <trkpt lat="46.0038573" lon="11.2446562" />
      <trkpt lat="46.0037167" lon="11.2442963" />
      <trkpt lat="46.0036695" lon="11.2441905" />
      <trkpt lat="46.0036548" lon="11.2441575" />
      <trkpt lat="46.0036105" lon="11.2440401" />
      <trkpt lat="46.0035900" lon="11.2439865" />
      <trkpt lat="46.0038968" lon="11.2435581" />
      <trkpt lat="46.0041722" lon="11.2431919" />
      <trkpt lat="46.0043167" lon="11.2430044" />
      <trkpt lat="46.0043726" lon="11.2429283" />
      <trkpt lat="46.0043894" lon="11.2429082" />
      <trkpt lat="46.0045923" lon="11.2426264" />
      <trkpt lat="46.0046997" lon="11.2424873" />
      <trkpt lat="46.0048946" lon="11.2422799" />
      <trkpt lat="46.0049579" lon="11.2422330" />
      <trkpt lat="46.0050013" lon="11.2422079" />
      <trkpt lat="46.0050298" lon="11.2422157" />
      <trkpt lat="46.0050586" lon="11.2422112" />
      <trkpt lat="46.0050852" lon="11.2421949" />
      <trkpt lat="46.0051042" lon="11.2421731" />
      <trkpt lat="46.0051189" lon="11.2421453" />
      <trkpt lat="46.0051285" lon="11.2421132" />
      <trkpt lat="46.0051815" lon="11.2420412" />
      <trkpt lat="46.0052463" lon="11.2419755" />
      <trkpt lat="46.0053775" lon="11.2418435" />
      <trkpt lat="46.0053850" lon="11.2418366" />
      <trkpt lat="46.0054810" lon="11.2417670" />
      <trkpt lat="46.0056104" lon="11.2416839" />
      <trkpt lat="46.0057510" lon="11.2416006" />
      <trkpt lat="46.0062127" lon="11.2413406" />
      <trkpt lat="46.0062927" lon="11.2412861" />
      <trkpt lat="46.0066084" lon="11.2410437" />
      <trkpt lat="46.0066996" lon="11.2409632" />
      <trkpt lat="46.0070472" lon="11.2406132" />
      <trkpt lat="46.0071964" lon="11.2404636" />
      <trkpt lat="46.0072732" lon="11.2403534" />
      <trkpt lat="46.0073123" lon="11.2402850" />
      <trkpt lat="46.0073440" lon="11.2402180" />
      <trkpt lat="46.0073710" lon="11.2401429" />
      <trkpt lat="46.0074222" lon="11.2399887" />
      <trkpt lat="46.0075655" lon="11.2394590" />
      <trkpt lat="46.0076281" lon="11.2392792" />
      <trkpt lat="46.0076983" lon="11.2391143" />
      <trkpt lat="46.0078571" lon="11.2388307" />
      <trkpt lat="46.0085108" lon="11.2377998" />
      <trkpt lat="46.0086271" lon="11.2376243" />
      <trkpt lat="46.0087449" lon="11.2374578" />
      <trkpt lat="46.0088274" lon="11.2373581" />
      <trkpt lat="46.0089120" lon="11.2372710" />
      <trkpt lat="46.0090607" lon="11.2371361" />
      <trkpt lat="46.0094094" lon="11.2369155" />
      <trkpt lat="46.0095381" lon="11.2368639" />
      <trkpt lat="46.0096191" lon="11.2368397" />
      <trkpt lat="46.0096660" lon="11.2368278" />
      <trkpt lat="46.0100338" lon="11.2367540" />
      <trkpt lat="46.0101228" lon="11.2367361" />
      <trkpt lat="46.0109300" lon="11.2365958" />
      <trkpt lat="46.0110902" lon="11.2365543" />
      <trkpt lat="46.0112490" lon="11.2364880" />
      <trkpt lat="46.0115691" lon="11.2363300" />
      <trkpt lat="46.0117907" lon="11.2362148" />
      <trkpt lat="46.0120011" lon="11.2361163" />
      <trkpt lat="46.0123538" lon="11.2360136" />
      <trkpt lat="46.0127080" lon="11.2359190" />
      <trkpt lat="46.0128209" lon="11.2358741" />
      <trkpt lat="46.0129320" lon="11.2358274" />
      <trkpt lat="46.0130882" lon="11.2357427" />
      <trkpt lat="46.0132336" lon="11.2356455" />
      <trkpt lat="46.0135320" lon="11.2354014" />
      <trkpt lat="46.0136768" lon="11.2352753" />
      <trkpt lat="46.0138223" lon="11.2351534" />
      <trkpt lat="46.0139567" lon="11.2350460" />
      <trkpt lat="46.0140270" lon="11.2349991" />
      <trkpt lat="46.0140994" lon="11.2349602" />
      <trkpt lat="46.0142417" lon="11.2348925" />
      <trkpt lat="46.0143856" lon="11.2348448" />
      <trkpt lat="46.0144699" lon="11.2348247" />
      <trkpt lat="46.0147013" lon="11.2347858" />
      <trkpt lat="46.0150143" lon="11.2347362" />
      <trkpt lat="46.0152108" lon="11.2347013" />
      <trkpt lat="46.0154636" lon="11.2346571" />
      <trkpt lat="46.0155894" lon="11.2346309" />
      <trkpt lat="46.0157174" lon="11.2345974" />
      <trkpt lat="46.0159144" lon="11.2345223" />
      <trkpt lat="46.0161067" lon="11.2344325" />
      <trkpt lat="46.0162893" lon="11.2343252" />
      <trkpt lat="46.0163759" lon="11.2342641" />
      <trkpt lat="46.0164658" lon="11.2341951" />
      <trkpt lat="46.0166376" lon="11.2340462" />
      <trkpt lat="46.0168090" lon="11.2338746" />
      <trkpt lat="46.0169710" lon="11.2336935" />
      <trkpt lat="46.0171815" lon="11.2334535" />
      <trkpt lat="46.0175531" lon="11.2330270" />
      <trkpt lat="46.0176928" lon="11.2328848" />
      <trkpt lat="46.0178362" lon="11.2327681" />
      <trkpt lat="46.0178974" lon="11.2327246" />
      <trkpt lat="46.0179670" lon="11.2326877" />
      <trkpt lat="46.0178974" lon="11.2327246" />
      <trkpt lat="46.0178362" lon="11.2327681" />
      <trkpt lat="46.0176928" lon="11.2328848" />
      <trkpt lat="46.0175531" lon="11.2330270" />
      <trkpt lat="46.0171815" lon="11.2334535" />
      <trkpt lat="46.0169710" lon="11.2336935" />
      <trkpt lat="46.0168090" lon="11.2338746" />
      <trkpt lat="46.0166376" lon="11.2340462" />
      <trkpt lat="46.0164756" lon="11.2339798" />
      <trkpt lat="46.0163062" lon="11.2340115" />
      <trkpt lat="46.0161114" lon="11.2340942" />
      <trkpt lat="46.0160004" lon="11.2341880" />
      <trkpt lat="46.0158630" lon="11.2343164" />
      <trkpt lat="46.0156692" lon="11.2343854" />
      <trkpt lat="46.0155811" lon="11.2343799" />
      <trkpt lat="46.0155269" lon="11.2343555" />
      <trkpt lat="46.0154896" lon="11.2342579" />
      <trkpt lat="46.0154625" lon="11.2341628" />
      <trkpt lat="46.0154472" lon="11.2340798" />
      <trkpt lat="46.0149085" lon="11.2342286" />
      <trkpt lat="46.0154472" lon="11.2340798" />
      <trkpt lat="46.0154625" lon="11.2341628" />
      <trkpt lat="46.0154896" lon="11.2342579" />
      <trkpt lat="46.0155269" lon="11.2343555" />
      <trkpt lat="46.0155811" lon="11.2343799" />
      <trkpt lat="46.0156692" lon="11.2343854" />
      <trkpt lat="46.0158630" lon="11.2343164" />
      <trkpt lat="46.0160004" lon="11.2341880" />
      <trkpt lat="46.0161114" lon="11.2340942" />
      <trkpt lat="46.0163062" lon="11.2340115" />
      <trkpt lat="46.0164756" lon="11.2339798" />
      <trkpt lat="46.0166376" lon="11.2340462" />
      <trkpt lat="46.0164658" lon="11.2341951" />
      <trkpt lat="46.0163759" lon="11.2342641" />
      <trkpt lat="46.0162893" lon="11.2343252" />
      <trkpt lat="46.0161067" lon="11.2344325" />
      <trkpt lat="46.0159144" lon="11.2345223" />
      <trkpt lat="46.0157174" lon="11.2345974" />
      <trkpt lat="46.0155894" lon="11.2346309" />
      <trkpt lat="46.0154636" lon="11.2346571" />
      <trkpt lat="46.0152108" lon="11.2347013" />
      <trkpt lat="46.0150143" lon="11.2347362" />
      <trkpt lat="46.0147013" lon="11.2347858" />
      <trkpt lat="46.0144699" lon="11.2348247" />
      <trkpt lat="46.0143856" lon="11.2348448" />
      <trkpt lat="46.0142417" lon="11.2348925" />
      <trkpt lat="46.0140994" lon="11.2349602" />
      <trkpt lat="46.0140270" lon="11.2349991" />
      <trkpt lat="46.0139567" lon="11.2350460" />
      <trkpt lat="46.0138223" lon="11.2351534" />
      <trkpt lat="46.0136768" lon="11.2352753" />
      <trkpt lat="46.0135320" lon="11.2354014" />
      <trkpt lat="46.0132336" lon="11.2356455" />
      <trkpt lat="46.0130882" lon="11.2357427" />
      <trkpt lat="46.0129320" lon="11.2358274" />
      <trkpt lat="46.0128209" lon="11.2358741" />
      <trkpt lat="46.0127080" lon="11.2359190" />
      <trkpt lat="46.0123538" lon="11.2360136" />
      <trkpt lat="46.0120011" lon="11.2361163" />
      <trkpt lat="46.0117907" lon="11.2362148" />
      <trkpt lat="46.0115691" lon="11.2363300" />
      <trkpt lat="46.0112490" lon="11.2364880" />
      <trkpt lat="46.0110902" lon="11.2365543" />
      <trkpt lat="46.0109300" lon="11.2365958" />
      <trkpt lat="46.0101228" lon="11.2367361" />
      <trkpt lat="46.0100338" lon="11.2367540" />
      <trkpt lat="46.0096660" lon="11.2368278" />
      <trkpt lat="46.0096191" lon="11.2368397" />
      <trkpt lat="46.0096214" lon="11.2367747" />
      <trkpt lat="46.0096443" lon="11.2367337" />
      <trkpt lat="46.0097002" lon="11.2367177" />
      <trkpt lat="46.0099350" lon="11.2366627" />
      <trkpt lat="46.0101147" lon="11.2366358" />
      <trkpt lat="46.0104840" lon="11.2365715" />
      <trkpt lat="46.0107475" lon="11.2365313" />
      <trkpt lat="46.0109310" lon="11.2364937" />
      <trkpt lat="46.0110624" lon="11.2364709" />
      <trkpt lat="46.0111453" lon="11.2364347" />
      <trkpt lat="46.0112030" lon="11.2363650" />
      <trkpt lat="46.0112449" lon="11.2363033" />
      <trkpt lat="46.0113558" lon="11.2361598" />
      <trkpt lat="46.0114945" lon="11.2359841" />
      <trkpt lat="46.0115746" lon="11.2359171" />
      <trkpt lat="46.0116398" lon="11.2358956" />
      <trkpt lat="46.0116603" lon="11.2358849" />
      <trkpt lat="46.0116734" lon="11.2358594" />
      <trkpt lat="46.0116669" lon="11.2358232" />
      <trkpt lat="46.0116464" lon="11.2357910" />
      <trkpt lat="46.0116119" lon="11.2357870" />
      <trkpt lat="46.0115029" lon="11.2358098" />
      <trkpt lat="46.0113623" lon="11.2358674" />
      <trkpt lat="46.0112291" lon="11.2359546" />
      <trkpt lat="46.0111294" lon="11.2360042" />
      <trkpt lat="46.0110447" lon="11.2360217" />
      <trkpt lat="46.0109366" lon="11.2360324" />
      <trkpt lat="46.0108100" lon="11.2360217" />
      <trkpt lat="46.0106320" lon="11.2359881" />
      <trkpt lat="46.0103070" lon="11.2358929" />
      <trkpt lat="46.0102679" lon="11.2358795" />
      <trkpt lat="46.0102520" lon="11.2358540" />
      <trkpt lat="46.0102464" lon="11.2358098" />
      <trkpt lat="46.0102567" lon="11.2357829" />
      <trkpt lat="46.0103489" lon="11.2357669" />
      <trkpt lat="46.0105641" lon="11.2357534" />
      <trkpt lat="46.0107028" lon="11.2357427" />
      <trkpt lat="46.0108044" lon="11.2357333" />
      <trkpt lat="46.0107028" lon="11.2357427" />
      <trkpt lat="46.0105641" lon="11.2357534" />
      <trkpt lat="46.0103489" lon="11.2357669" />
      <trkpt lat="46.0102567" lon="11.2357829" />
      <trkpt lat="46.0102464" lon="11.2358098" />
      <trkpt lat="46.0102520" lon="11.2358540" />
      <trkpt lat="46.0102679" lon="11.2358795" />
      <trkpt lat="46.0103070" lon="11.2358929" />
      <trkpt lat="46.0106320" lon="11.2359881" />
      <trkpt lat="46.0108100" lon="11.2360217" />
      <trkpt lat="46.0109366" lon="11.2360324" />
      <trkpt lat="46.0110447" lon="11.2360217" />
      <trkpt lat="46.0111294" lon="11.2360042" />
      <trkpt lat="46.0112291" lon="11.2359546" />
      <trkpt lat="46.0113623" lon="11.2358674" />
      <trkpt lat="46.0115029" lon="11.2358098" />
      <trkpt lat="46.0116119" lon="11.2357870" />
      <trkpt lat="46.0116464" lon="11.2357910" />
      <trkpt lat="46.0116669" lon="11.2358232" />
      <trkpt lat="46.0116734" lon="11.2358594" />
      <trkpt lat="46.0116603" lon="11.2358849" />
      <trkpt lat="46.0116398" lon="11.2358956" />
      <trkpt lat="46.0115746" lon="11.2359171" />
      <trkpt lat="46.0114945" lon="11.2359841" />
      <trkpt lat="46.0113558" lon="11.2361598" />
      <trkpt lat="46.0112449" lon="11.2363033" />
      <trkpt lat="46.0112030" lon="11.2363650" />
      <trkpt lat="46.0111453" lon="11.2364347" />
      <trkpt lat="46.0110624" lon="11.2364709" />
      <trkpt lat="46.0109310" lon="11.2364937" />
      <trkpt lat="46.0107475" lon="11.2365313" />
      <trkpt lat="46.0104840" lon="11.2365715" />
      <trkpt lat="46.0101147" lon="11.2366358" />
      <trkpt lat="46.0099350" lon="11.2366627" />
      <trkpt lat="46.0097002" lon="11.2367177" />
      <trkpt lat="46.0096443" lon="11.2367337" />
      <trkpt lat="46.0096214" lon="11.2367747" />
      <trkpt lat="46.0096191" lon="11.2368397" />
      <trkpt lat="46.0095381" lon="11.2368639" />
      <trkpt lat="46.0094094" lon="11.2369155" />
      <trkpt lat="46.0090607" lon="11.2371361" />
      <trkpt lat="46.0089120" lon="11.2372710" />
      <trkpt lat="46.0088274" lon="11.2373581" />
      <trkpt lat="46.0087449" lon="11.2374578" />
      <trkpt lat="46.0086271" lon="11.2376243" />
      <trkpt lat="46.0085108" lon="11.2377998" />
      <trkpt lat="46.0078571" lon="11.2388307" />
      <trkpt lat="46.0076983" lon="11.2391143" />
      <trkpt lat="46.0076281" lon="11.2392792" />
      <trkpt lat="46.0075655" lon="11.2394590" />
      <trkpt lat="46.0074222" lon="11.2399887" />
      <trkpt lat="46.0073710" lon="11.2401429" />
      <trkpt lat="46.0073440" lon="11.2402180" />
      <trkpt lat="46.0073123" lon="11.2402850" />
      <trkpt lat="46.0072732" lon="11.2403534" />
      <trkpt lat="46.0071964" lon="11.2404636" />
      <trkpt lat="46.0072204" lon="11.2405133" />
      <trkpt lat="46.0072262" lon="11.2405472" />
      <trkpt lat="46.0073972" lon="11.2405726" />
      <trkpt lat="46.0073092" lon="11.2415008" />
      <trkpt lat="46.0072621" lon="11.2415133" />
      <trkpt lat="46.0072407" lon="11.2415631" />
      <trkpt lat="46.0072271" lon="11.2416499" />
      <trkpt lat="46.0072145" lon="11.2417229" />
      <trkpt lat="46.0072266" lon="11.2417395" />
      <trkpt lat="46.0072280" lon="11.2417566" />
      <trkpt lat="46.0072140" lon="11.2418950" />
      <trkpt lat="46.0071935" lon="11.2421730" />
      <trkpt lat="46.0071984" lon="11.2421878" />
      <trkpt lat="46.0072034" lon="11.2422024" />
      <trkpt lat="46.0072222" lon="11.2422213" />
      <trkpt lat="46.0072571" lon="11.2422293" />
      <trkpt lat="46.0073021" lon="11.2422368" />
      <trkpt lat="46.0073417" lon="11.2422417" />
      <trkpt lat="46.0073536" lon="11.2422246" />
      <trkpt lat="46.0073664" lon="11.2421170" />
      <trkpt lat="46.0073920" lon="11.2418340" />
      <trkpt lat="46.0074460" lon="11.2410542" />
      <trkpt lat="46.0074786" lon="11.2407102" />
      <trkpt lat="46.0075131" lon="11.2403648" />
      <trkpt lat="46.0075854" lon="11.2398720" />
      <trkpt lat="46.0076729" lon="11.2395452" />
      <trkpt lat="46.0078028" lon="11.2392145" />
      <trkpt lat="46.0078944" lon="11.2390370" />
      <trkpt lat="46.0080033" lon="11.2388543" />
      <trkpt lat="46.0082593" lon="11.2384974" />
      <trkpt lat="46.0084271" lon="11.2382011" />
      <trkpt lat="46.0085693" lon="11.2379562" />
      <trkpt lat="46.0088560" lon="11.2375463" />
      <trkpt lat="46.0090234" lon="11.2373601" />
      <trkpt lat="46.0092050" lon="11.2372234" />
      <trkpt lat="46.0094832" lon="11.2370618" />
      <trkpt lat="46.0097472" lon="11.2369859" />
      <trkpt lat="46.0100394" lon="11.2369256" />
      <trkpt lat="46.0097472" lon="11.2369859" />
      <trkpt lat="46.0094832" lon="11.2370618" />
      <trkpt lat="46.0092050" lon="11.2372234" />
      <trkpt lat="46.0090234" lon="11.2373601" />
      <trkpt lat="46.0088560" lon="11.2375463" />
      <trkpt lat="46.0085693" lon="11.2379562" />
      <trkpt lat="46.0084271" lon="11.2382011" />
      <trkpt lat="46.0082593" lon="11.2384974" />
      <trkpt lat="46.0080033" lon="11.2388543" />
      <trkpt lat="46.0078944" lon="11.2390370" />
      <trkpt lat="46.0078028" lon="11.2392145" />
      <trkpt lat="46.0076729" lon="11.2395452" />
      <trkpt lat="46.0075854" lon="11.2398720" />
      <trkpt lat="46.0075131" lon="11.2403648" />
      <trkpt lat="46.0074786" lon="11.2407102" />
      <trkpt lat="46.0074460" lon="11.2410542" />
      <trkpt lat="46.0073920" lon="11.2418340" />
      <trkpt lat="46.0073664" lon="11.2421170" />
      <trkpt lat="46.0073536" lon="11.2422246" />
      <trkpt lat="46.0073417" lon="11.2422417" />
      <trkpt lat="46.0073021" lon="11.2422368" />
      <trkpt lat="46.0072571" lon="11.2422293" />
      <trkpt lat="46.0072222" lon="11.2422213" />
      <trkpt lat="46.0072034" lon="11.2422024" />
      <trkpt lat="46.0071984" lon="11.2421878" />
      <trkpt lat="46.0071799" lon="11.2422042" />
      <trkpt lat="46.0071513" lon="11.2422299" />
      <trkpt lat="46.0071357" lon="11.2422436" />
      <trkpt lat="46.0070568" lon="11.2422316" />
      <trkpt lat="46.0068872" lon="11.2422018" />
      <trkpt lat="46.0067656" lon="11.2421550" />
      <trkpt lat="46.0066598" lon="11.2420265" />
      <trkpt lat="46.0066276" lon="11.2419963" />
      <trkpt lat="46.0066011" lon="11.2420519" />
      <trkpt lat="46.0065688" lon="11.2421098" />
      <trkpt lat="46.0065010" lon="11.2419909" />
      <trkpt lat="46.0063482" lon="11.2418997" />
      <trkpt lat="46.0062260" lon="11.2418114" />
      <trkpt lat="46.0060317" lon="11.2417447" />
      <trkpt lat="46.0058352" lon="11.2416862" />
      <trkpt lat="46.0057847" lon="11.2416744" />
      <trkpt lat="46.0057694" lon="11.2416486" />
      <trkpt lat="46.0057633" lon="11.2416522" />
      <trkpt lat="46.0057454" lon="11.2416630" />
      <trkpt lat="46.0057246" lon="11.2416754" />
      <trkpt lat="46.0056510" lon="11.2417195" />
      <trkpt lat="46.0056272" lon="11.2417337" />
      <trkpt lat="46.0055043" lon="11.2418159" />
      <trkpt lat="46.0054057" lon="11.2418937" />
      <trkpt lat="46.0053850" lon="11.2418366" />
      <trkpt lat="46.0053775" lon="11.2418435" />
      <trkpt lat="46.0052471" lon="11.2418909" />
      <trkpt lat="46.0051727" lon="11.2418561" />
      <trkpt lat="46.0051424" lon="11.2418255" />
      <trkpt lat="46.0051120" lon="11.2417773" />
      <trkpt lat="46.0050963" lon="11.2417184" />
      <trkpt lat="46.0050460" lon="11.2416999" />
      <trkpt lat="46.0049925" lon="11.2416644" />
      <trkpt lat="46.0048565" lon="11.2415840" />
      <trkpt lat="46.0047652" lon="11.2414713" />
      <trkpt lat="46.0047322" lon="11.2413797" />
      <trkpt lat="46.0046924" lon="11.2412859" />
      <trkpt lat="46.0046347" lon="11.2410682" />
      <trkpt lat="46.0047000" lon="11.2410411" />
      <trkpt lat="46.0047565" lon="11.2410279" />
      <trkpt lat="46.0047894" lon="11.2409087" />
      <trkpt lat="46.0048569" lon="11.2408503" />
      <trkpt lat="46.0049843" lon="11.2407476" />
      <trkpt lat="46.0050420" lon="11.2407650" />
      <trkpt lat="46.0050770" lon="11.2408026" />
      <trkpt lat="46.0050993" lon="11.2406846" />
      <trkpt lat="46.0051575" lon="11.2405262" />
      <trkpt lat="46.0052291" lon="11.2403441" />
      <trkpt lat="46.0053018" lon="11.2401273" />
      <trkpt lat="46.0053927" lon="11.2399362" />
      <trkpt lat="46.0055197" lon="11.2397094" />
      <trkpt lat="46.0055322" lon="11.2396386" />
      <trkpt lat="46.0055127" lon="11.2396212" />
      <trkpt lat="46.0054754" lon="11.2396266" />
      <trkpt lat="46.0054046" lon="11.2396856" />
      <trkpt lat="46.0053329" lon="11.2397365" />
      <trkpt lat="46.0052602" lon="11.2397982" />
      <trkpt lat="46.0052178" lon="11.2398529" />
      <trkpt lat="46.0051536" lon="11.2398834" />
      <trkpt lat="46.0051121" lon="11.2398938" />
      <trkpt lat="46.0050725" lon="11.2398760" />
      <trkpt lat="46.0050320" lon="11.2398214" />
      <trkpt lat="46.0049852" lon="11.2397029" />
      <trkpt lat="46.0050090" lon="11.2395334" />
      <trkpt lat="46.0049897" lon="11.2394151" />
      <trkpt lat="46.0049308" lon="11.2393045" />
      <trkpt lat="46.0049654" lon="11.2392765" />
      <trkpt lat="46.0051186" lon="11.2392210" />
      <trkpt lat="46.0052584" lon="11.2391727" />
      <trkpt lat="46.0053664" lon="11.2390721" />
      <trkpt lat="46.0053511" lon="11.2389996" />
      <trkpt lat="46.0053483" lon="11.2389332" />
      <trkpt lat="46.0053515" lon="11.2388755" />
      <trkpt lat="46.0053646" lon="11.2388212" />
      <trkpt lat="46.0053930" lon="11.2387508" />
      <trkpt lat="46.0054833" lon="11.2386174" />
      <trkpt lat="46.0056147" lon="11.2384477" />
      <trkpt lat="46.0058340" lon="11.2381735" />
      <trkpt lat="46.0060040" lon="11.2379482" />
      <trkpt lat="46.0061722" lon="11.2377349" />
      <trkpt lat="46.0062886" lon="11.2375820" />
      <trkpt lat="46.0063976" lon="11.2374365" />
      <trkpt lat="46.0065154" lon="11.2372917" />
      <trkpt lat="46.0066309" lon="11.2371435" />
      <trkpt lat="46.0067553" lon="11.2370054" />
      <trkpt lat="46.0068741" lon="11.2368900" />
      <trkpt lat="46.0069584" lon="11.2368236" />
      <trkpt lat="46.0071652" lon="11.2366681" />
      <trkpt lat="46.0072164" lon="11.2366346" />
      <trkpt lat="46.0072527" lon="11.2365849" />
      <trkpt lat="46.0072788" lon="11.2365527" />
      <trkpt lat="46.0072979" lon="11.2364595" />
      <trkpt lat="46.0074175" lon="11.2364398" />
      <trkpt lat="46.0075220" lon="11.2364764" />
      <trkpt lat="46.0077310" lon="11.2366187" />
      <trkpt lat="46.0078609" lon="11.2366675" />
      <trkpt lat="46.0079484" lon="11.2366390" />
      <trkpt lat="46.0078609" lon="11.2366675" />
      <trkpt lat="46.0077310" lon="11.2366187" />
      <trkpt lat="46.0075220" lon="11.2364764" />
      <trkpt lat="46.0074175" lon="11.2364398" />
      <trkpt lat="46.0072979" lon="11.2364595" />
      <trkpt lat="46.0072788" lon="11.2365527" />
      <trkpt lat="46.0072527" lon="11.2365849" />
      <trkpt lat="46.0072164" lon="11.2366346" />
      <trkpt lat="46.0071652" lon="11.2366681" />
      <trkpt lat="46.0069584" lon="11.2368236" />
      <trkpt lat="46.0068741" lon="11.2368900" />
      <trkpt lat="46.0067553" lon="11.2370054" />
      <trkpt lat="46.0066309" lon="11.2371435" />
      <trkpt lat="46.0065154" lon="11.2372917" />
      <trkpt lat="46.0063976" lon="11.2374365" />
      <trkpt lat="46.0062674" lon="11.2374244" />
      <trkpt lat="46.0058645" lon="11.2374968" />
      <trkpt lat="46.0062674" lon="11.2374244" />
      <trkpt lat="46.0063976" lon="11.2374365" />
      <trkpt lat="46.0062886" lon="11.2375820" />
      <trkpt lat="46.0061722" lon="11.2377349" />
      <trkpt lat="46.0060040" lon="11.2379482" />
      <trkpt lat="46.0058340" lon="11.2381735" />
      <trkpt lat="46.0056147" lon="11.2384477" />
      <trkpt lat="46.0054833" lon="11.2386174" />
      <trkpt lat="46.0053930" lon="11.2387508" />
      <trkpt lat="46.0053646" lon="11.2388212" />
      <trkpt lat="46.0053515" lon="11.2388755" />
      <trkpt lat="46.0053483" lon="11.2389332" />
      <trkpt lat="46.0053511" lon="11.2389996" />
      <trkpt lat="46.0053664" lon="11.2390721" />
      <trkpt lat="46.0052584" lon="11.2391727" />
      <trkpt lat="46.0051186" lon="11.2392210" />
      <trkpt lat="46.0049654" lon="11.2392765" />
      <trkpt lat="46.0049308" lon="11.2393045" />
      <trkpt lat="46.0048895" lon="11.2392772" />
      <trkpt lat="46.0048390" lon="11.2392683" />
      <trkpt lat="46.0046928" lon="11.2392401" />
      <trkpt lat="46.0045159" lon="11.2392045" />
      <trkpt lat="46.0043500" lon="11.2391847" />
      <trkpt lat="46.0041340" lon="11.2391542" />
      <trkpt lat="46.0039657" lon="11.2390716" />
      <trkpt lat="46.0038010" lon="11.2388419" />
      <trkpt lat="46.0037626" lon="11.2389079" />
      <trkpt lat="46.0037179" lon="11.2389723" />
      <trkpt lat="46.0036881" lon="11.2390581" />
      <trkpt lat="46.0036544" lon="11.2390992" />
      <trkpt lat="46.0036034" lon="11.2391966" />
      <trkpt lat="46.0035661" lon="11.2391537" />
      <trkpt lat="46.0035214" lon="11.2391376" />
      <trkpt lat="46.0034841" lon="11.2391001" />
      <trkpt lat="46.0034532" lon="11.2390965" />
      <trkpt lat="46.0034225" lon="11.2391002" />
      <trkpt lat="46.0034073" lon="11.2391203" />
      <trkpt lat="46.0033939" lon="11.2391358" />
      <trkpt lat="46.0033553" lon="11.2391562" />
      <trkpt lat="46.0033115" lon="11.2391660" />
      <trkpt lat="46.0032627" lon="11.2391806" />
      <trkpt lat="46.0032257" lon="11.2391839" />
      <trkpt lat="46.0032071" lon="11.2391855" />
      <trkpt lat="46.0031688" lon="11.2392075" />
      <trkpt lat="46.0031241" lon="11.2392352" />
      <trkpt lat="46.0030794" lon="11.2392576" />
      <trkpt lat="46.0030458" lon="11.2392790" />
      <trkpt lat="46.0030198" lon="11.2393112" />
      <trkpt lat="46.0029750" lon="11.2393219" />
      <trkpt lat="46.0029415" lon="11.2393273" />
      <trkpt lat="46.0029191" lon="11.2393434" />
      <trkpt lat="46.0029117" lon="11.2393917" />
      <trkpt lat="46.0029042" lon="11.2394346" />
      <trkpt lat="46.0028782" lon="11.2394453" />
      <trkpt lat="46.0028409" lon="11.2394400" />
      <trkpt lat="46.0028074" lon="11.2394346" />
      <trkpt lat="46.0027701" lon="11.2394507" />
      <trkpt lat="46.0027217" lon="11.2394829" />
      <trkpt lat="46.0026844" lon="11.2394936" />
      <trkpt lat="46.0026583" lon="11.2395151" />
      <trkpt lat="46.0026471" lon="11.2395472" />
      <trkpt lat="46.0026210" lon="11.2395311" />
      <trkpt lat="46.0025987" lon="11.2395365" />
      <trkpt lat="46.0025838" lon="11.2395794" />
      <trkpt lat="46.0025465" lon="11.2395419" />
      <trkpt lat="46.0025242" lon="11.2396170" />
      <trkpt lat="46.0025049" lon="11.2395779" />
      <trkpt lat="46.0025073" lon="11.2395518" />
      <trkpt lat="46.0025247" lon="11.2394926" />
      <trkpt lat="46.0025374" lon="11.2394275" />
      <trkpt lat="46.0025770" lon="11.2393015" />
      <trkpt lat="46.0026123" lon="11.2392100" />
      <trkpt lat="46.0026419" lon="11.2391430" />
      <trkpt lat="46.0026744" lon="11.2390393" />
      <trkpt lat="46.0026899" lon="11.2389844" />
      <trkpt lat="46.0027026" lon="11.2389031" />
      <trkpt lat="46.0027196" lon="11.2388238" />
      <trkpt lat="46.0027187" lon="11.2387642" />
      <trkpt lat="46.0026779" lon="11.2388523" />
      <trkpt lat="46.0026168" lon="11.2389294" />
      <trkpt lat="46.0025543" lon="11.2390028" />
      <trkpt lat="46.0024906" lon="11.2391294" />
      <trkpt lat="46.0024154" lon="11.2392102" />
      <trkpt lat="46.0022917" lon="11.2395368" />
      <trkpt lat="46.0022015" lon="11.2398386" />
      <trkpt lat="46.0021515" lon="11.2399818" />
      <trkpt lat="46.0021217" lon="11.2400998" />
      <trkpt lat="46.0020994" lon="11.2402178" />
      <trkpt lat="46.0020822" lon="11.2403268" />
      <trkpt lat="46.0022002" lon="11.2407190" />
      <trkpt lat="46.0023390" lon="11.2410730" />
      <trkpt lat="46.0024641" lon="11.2412808" />
      <trkpt lat="46.0025561" lon="11.2414084" />
      <trkpt lat="46.0026576" lon="11.2415058" />
      <trkpt lat="46.0025399" lon="11.2415362" />
      <trkpt lat="46.0024042" lon="11.2416134" />
      <trkpt lat="46.0022423" lon="11.2417266" />
      <trkpt lat="46.0020861" lon="11.2418819" />
      <trkpt lat="46.0019782" lon="11.2421395" />
      <trkpt lat="46.0018930" lon="11.2422785" />
      <trkpt lat="46.0017695" lon="11.2423500" />
      <trkpt lat="46.0017049" lon="11.2424141" />
      <trkpt lat="46.0016350" lon="11.2424635" />
      <trkpt lat="46.0015370" lon="11.2425094" />
      <trkpt lat="46.0014683" lon="11.2425323" />
      <trkpt lat="46.0013861" lon="11.2425027" />
      <trkpt lat="46.0011805" lon="11.2424814" />
      <trkpt lat="46.0010934" lon="11.2426366" />
      <trkpt lat="46.0010149" lon="11.2426517" />
      <trkpt lat="46.0006276" lon="11.2428024" />
      <trkpt lat="46.0004880" lon="11.2429259" />
      <trkpt lat="46.0002529" lon="11.2429715" />
      <trkpt lat="46.0002106" lon="11.2429800" />
      <trkpt lat="46.0001115" lon="11.2429999" />
      <trkpt lat="46.0000748" lon="11.2430015" />
      <trkpt lat="46.0000029" lon="11.2430047" />
      <trkpt lat="45.9998910" lon="11.2429779" />
      <trkpt lat="45.9998320" lon="11.2429539" />
      <trkpt lat="45.9998055" lon="11.2428873" />
      <trkpt lat="45.9998064" lon="11.2427543" />
      <trkpt lat="45.9998153" lon="11.2426194" />
      <trkpt lat="45.9998720" lon="11.2425510" />
      <trkpt lat="45.9999551" lon="11.2424390" />
      <trkpt lat="46.0000672" lon="11.2422795" />
      <trkpt lat="46.0001081" lon="11.2421142" />
      <trkpt lat="46.0001372" lon="11.2419680" />
      <trkpt lat="46.0002810" lon="11.2414780" />
      <trkpt lat="46.0003166" lon="11.2413450" />
      <trkpt lat="46.0003680" lon="11.2412387" />
      <trkpt lat="46.0003575" lon="11.2411494" />
      <trkpt lat="46.0003113" lon="11.2411228" />
      <trkpt lat="46.0000606" lon="11.2410943" />
      <trkpt lat="46.0000092" lon="11.2411038" />
      <trkpt lat="45.9999010" lon="11.2410601" />
      <trkpt lat="45.9997367" lon="11.2414794" />
      <trkpt lat="45.9996700" lon="11.2415756" />
      <trkpt lat="45.9996105" lon="11.2415907" />
      <trkpt lat="45.9995245" lon="11.2416310" />
      <trkpt lat="45.9993819" lon="11.2417771" />
      <trkpt lat="45.9992610" lon="11.2420450" />
      <trkpt lat="45.9991136" lon="11.2422260" />
      <trkpt lat="45.9990193" lon="11.2423478" />
      <trkpt lat="45.9989610" lon="11.2423731" />
      <trkpt lat="45.9990546" lon="11.2422078" />
      <trkpt lat="45.9991032" lon="11.2420813" />
      <trkpt lat="45.9988877" lon="11.2422475" />
      <trkpt lat="45.9987024" lon="11.2423975" />
      <trkpt lat="45.9988877" lon="11.2422475" />
      <trkpt lat="45.9991032" lon="11.2420813" />
      <trkpt lat="45.9990546" lon="11.2422078" />
      <trkpt lat="45.9989610" lon="11.2423731" />
      <trkpt lat="45.9989428" lon="11.2424052" />
      <trkpt lat="45.9988150" lon="11.2425878" />
      <trkpt lat="45.9987497" lon="11.2426821" />
      <trkpt lat="45.9986840" lon="11.2428000" />
      <trkpt lat="45.9985907" lon="11.2429804" />
      <trkpt lat="45.9985303" lon="11.2431649" />
      <trkpt lat="45.9984625" lon="11.2433493" />
      <trkpt lat="45.9983620" lon="11.2435381" />
      <trkpt lat="45.9982249" lon="11.2437098" />
      <trkpt lat="45.9980394" lon="11.2440335" />
      <trkpt lat="45.9978791" lon="11.2443364" />
      <trkpt lat="45.9977552" lon="11.2444936" />
      <trkpt lat="45.9975929" lon="11.2447054" />
      <trkpt lat="45.9975755" lon="11.2447415" />
      <trkpt lat="45.9972785" lon="11.2447308" />
      <trkpt lat="45.9971548" lon="11.2448305" />
      <trkpt lat="45.9969852" lon="11.2452072" />
      <trkpt lat="45.9968510" lon="11.2454969" />
      <trkpt lat="45.9967019" lon="11.2457115" />
      <trkpt lat="45.9964560" lon="11.2459904" />
      <trkpt lat="45.9962622" lon="11.2461621" />
      <trkpt lat="45.9960610" lon="11.2461836" />
      <trkpt lat="45.9959715" lon="11.2463659" />
      <trkpt lat="45.9958895" lon="11.2465376" />
      <trkpt lat="45.9957554" lon="11.2466449" />
      <trkpt lat="45.9955839" lon="11.2466878" />
      <trkpt lat="45.9953807" lon="11.2470766" />
      <trkpt lat="45.9951441" lon="11.2473925" />
      <trkpt lat="45.9952878" lon="11.2476794" />
      <trkpt lat="45.9951441" lon="11.2473925" />
      <trkpt lat="45.9949505" lon="11.2475721" />
      <trkpt lat="45.9947397" lon="11.2477083" />
      <trkpt lat="45.9946794" lon="11.2478693" />
      <trkpt lat="45.9944428" lon="11.2482037" />
      <trkpt lat="45.9941038" lon="11.2486859" />
      <trkpt lat="45.9937238" lon="11.2490961" />
      <trkpt lat="45.9941038" lon="11.2486859" />
      <trkpt lat="45.9944428" lon="11.2482037" />
      <trkpt lat="45.9946794" lon="11.2478693" />
      <trkpt lat="45.9947397" lon="11.2477083" />
      <trkpt lat="45.9949505" lon="11.2475721" />
      <trkpt lat="45.9951441" lon="11.2473925" />
      <trkpt lat="45.9953807" lon="11.2470766" />
      <trkpt lat="45.9955839" lon="11.2466878" />
      <trkpt lat="45.9953976" lon="11.2466985" />
      <trkpt lat="45.9951665" lon="11.2466985" />
      <trkpt lat="45.9949578" lon="11.2466985" />
      <trkpt lat="45.9947640" lon="11.2466771" />
      <trkpt lat="45.9946001" lon="11.2467951" />
      <trkpt lat="45.9944899" lon="11.2470593" />
      <trkpt lat="45.9942988" lon="11.2472530" />
      <trkpt lat="45.9941762" lon="11.2474146" />
      <trkpt lat="45.9940112" lon="11.2474496" />
      <trkpt lat="45.9938622" lon="11.2476534" />
      <trkpt lat="45.9937579" lon="11.2478143" />
      <trkpt lat="45.9932341" lon="11.2483191" />
      <trkpt lat="45.9926999" lon="11.2484609" />
      <trkpt lat="45.9923533" lon="11.2492051" />
      <trkpt lat="45.9923151" lon="11.2492823" />
      <trkpt lat="45.9921458" lon="11.2493155" />
      <trkpt lat="45.9920000" lon="11.2493480" />
      <trkpt lat="45.9918183" lon="11.2494123" />
      <trkpt lat="45.9914543" lon="11.2495566" />
      <trkpt lat="45.9912583" lon="11.2496684" />
      <trkpt lat="45.9909269" lon="11.2500914" />
      <trkpt lat="45.9907676" lon="11.2506241" />
      <trkpt lat="45.9906784" lon="11.2510503" />
      <trkpt lat="45.9904530" lon="11.2515550" />
      <trkpt lat="45.9904178" lon="11.2519981" />
      <trkpt lat="45.9903660" lon="11.2522920" />
      <trkpt lat="45.9904069" lon="11.2523950" />
      <trkpt lat="45.9903958" lon="11.2525345" />
      <trkpt lat="45.9903622" lon="11.2527437" />
      <trkpt lat="45.9903100" lon="11.2528242" />
      <trkpt lat="45.9903063" lon="11.2530388" />
      <trkpt lat="45.9903063" lon="11.2531514" />
      <trkpt lat="45.9903249" lon="11.2532802" />
      <trkpt lat="45.9903399" lon="11.2534840" />
      <trkpt lat="45.9903548" lon="11.2536986" />
      <trkpt lat="45.9904107" lon="11.2539776" />
      <trkpt lat="45.9904256" lon="11.2542404" />
      <trkpt lat="45.9904479" lon="11.2544550" />
      <trkpt lat="45.9905855" lon="11.2543830" />
      <trkpt lat="45.9907059" lon="11.2540935" />
      <trkpt lat="45.9907167" lon="11.2539452" />
      <trkpt lat="45.9907681" lon="11.2538374" />
      <trkpt lat="45.9907530" lon="11.2536894" />
      <trkpt lat="45.9909210" lon="11.2535090" />
      <trkpt lat="45.9908909" lon="11.2533358" />
      <trkpt lat="45.9909264" lon="11.2531216" />
      <trkpt lat="45.9910216" lon="11.2530242" />
      <trkpt lat="45.9911771" lon="11.2529736" />
      <trkpt lat="45.9914905" lon="11.2531938" />
      <trkpt lat="45.9915256" lon="11.2532407" />
      <trkpt lat="45.9914579" lon="11.2534536" />
      <trkpt lat="45.9913626" lon="11.2535438" />
      <trkpt lat="45.9911971" lon="11.2535438" />
      <trkpt lat="45.9913676" lon="11.2537640" />
      <trkpt lat="45.9914422" lon="11.2539016" />
      <trkpt lat="45.9915883" lon="11.2543197" />
      <trkpt lat="45.9917522" lon="11.2546298" />
      <trkpt lat="45.9919453" lon="11.2550015" />
      <trkpt lat="45.9920029" lon="11.2551566" />
      <trkpt lat="45.9920857" lon="11.2554273" />
      <trkpt lat="45.9922211" lon="11.2557052" />
      <trkpt lat="45.9921646" lon="11.2560787" />
      <trkpt lat="45.9924863" lon="11.2565360" />
      <trkpt lat="45.9928451" lon="11.2568909" />
      <trkpt lat="45.9928584" lon="11.2569496" />
      <trkpt lat="45.9928947" lon="11.2570256" />
      <trkpt lat="45.9929686" lon="11.2571822" />
      <trkpt lat="45.9930359" lon="11.2575142" />
      <trkpt lat="45.9930879" lon="11.2577264" />
      <trkpt lat="45.9931410" lon="11.2578697" />
      <trkpt lat="45.9932455" lon="11.2580767" />
      <trkpt lat="45.9933497" lon="11.2579685" />
      <trkpt lat="45.9934082" lon="11.2579333" />
      <trkpt lat="45.9936569" lon="11.2577134" />
      <trkpt lat="45.9939781" lon="11.2574988" />
      <trkpt lat="45.9941703" lon="11.2573471" />
      <trkpt lat="45.9942672" lon="11.2572607" />
      <trkpt lat="45.9943808" lon="11.2571765" />
      <trkpt lat="45.9944372" lon="11.2571239" />
      <trkpt lat="45.9944777" lon="11.2571203" />
      <trkpt lat="45.9944950" lon="11.2570861" />
      <trkpt lat="45.9944997" lon="11.2570418" />
      <trkpt lat="45.9945132" lon="11.2570314" />
      <trkpt lat="45.9945653" lon="11.2569984" />
      <trkpt lat="45.9945728" lon="11.2569945" />
      <trkpt lat="45.9945972" lon="11.2569837" />
      <trkpt lat="45.9948584" lon="11.2567910" />
      <trkpt lat="45.9951254" lon="11.2565892" />
      <trkpt lat="45.9953306" lon="11.2564268" />
      <trkpt lat="45.9954788" lon="11.2562808" />
      <trkpt lat="45.9955294" lon="11.2562321" />
      <trkpt lat="45.9955628" lon="11.2561893" />
      <trkpt lat="45.9956249" lon="11.2560963" />
      <trkpt lat="45.9956503" lon="11.2560348" />
      <trkpt lat="45.9956460" lon="11.2559093" />
      <trkpt lat="45.9956519" lon="11.2558670" />
      <trkpt lat="45.9956676" lon="11.2558288" />
      <trkpt lat="45.9957021" lon="11.2557859" />
      <trkpt lat="45.9956682" lon="11.2557190" />
      <trkpt lat="45.9951892" lon="11.2549307" />
      <trkpt lat="45.9949062" lon="11.2544460" />
      <trkpt lat="45.9948070" lon="11.2542760" />
      <trkpt lat="45.9947791" lon="11.2541156" />
      <trkpt lat="45.9947918" lon="11.2536347" />
      <trkpt lat="45.9947791" lon="11.2533796" />
      <trkpt lat="45.9947158" lon="11.2532411" />
      <trkpt lat="45.9947791" lon="11.2533796" />
      <trkpt lat="45.9947918" lon="11.2536347" />
      <trkpt lat="45.9947791" lon="11.2541156" />
      <trkpt lat="45.9948070" lon="11.2542760" />
      <trkpt lat="45.9949062" lon="11.2544460" />
      <trkpt lat="45.9951892" lon="11.2549307" />
      <trkpt lat="45.9956682" lon="11.2557190" />
      <trkpt lat="45.9957021" lon="11.2557859" />
      <trkpt lat="45.9957097" lon="11.2557985" />
      <trkpt lat="45.9957300" lon="11.2558942" />
      <trkpt lat="45.9957405" lon="11.2559998" />
      <trkpt lat="45.9957269" lon="11.2560513" />
      <trkpt lat="45.9957218" lon="11.2561059" />
      <trkpt lat="45.9957308" lon="11.2561890" />
      <trkpt lat="45.9957590" lon="11.2562627" />
      <trkpt lat="45.9957001" lon="11.2562589" />
      <trkpt lat="45.9956174" lon="11.2562716" />
      <trkpt lat="45.9953312" lon="11.2565025" />
      <trkpt lat="45.9948786" lon="11.2568442" />
      <trkpt lat="45.9947470" lon="11.2569670" />
      <trkpt lat="45.9946334" lon="11.2571068" />
      <trkpt lat="45.9945572" lon="11.2572233" />
      <trkpt lat="45.9944922" lon="11.2573305" />
      <trkpt lat="45.9944428" lon="11.2574150" />
      <trkpt lat="45.9944068" lon="11.2575077" />
      <trkpt lat="45.9943234" lon="11.2577640" />
      <trkpt lat="45.9942875" lon="11.2579022" />
      <trkpt lat="45.9942761" lon="11.2579473" />
      <trkpt lat="45.9942408" lon="11.2579248" />
      <trkpt lat="45.9942091" lon="11.2578970" />
      <trkpt lat="45.9939781" lon="11.2574988" />
      <trkpt lat="45.9936569" lon="11.2577134" />
      <trkpt lat="45.9934082" lon="11.2579333" />
      <trkpt lat="45.9933497" lon="11.2579685" />
      <trkpt lat="45.9932455" lon="11.2580767" />
      <trkpt lat="45.9931410" lon="11.2578697" />
      <trkpt lat="45.9930879" lon="11.2577264" />
      <trkpt lat="45.9930359" lon="11.2575142" />
      <trkpt lat="45.9929686" lon="11.2571822" />
      <trkpt lat="45.9928947" lon="11.2570256" />
      <trkpt lat="45.9928584" lon="11.2569496" />
      <trkpt lat="45.9928451" lon="11.2568909" />
      <trkpt lat="45.9928584" lon="11.2569496" />
      <trkpt lat="45.9928947" lon="11.2570256" />
      <trkpt lat="45.9929686" lon="11.2571822" />
      <trkpt lat="45.9930359" lon="11.2575142" />
      <trkpt lat="45.9930879" lon="11.2577264" />
      <trkpt lat="45.9931410" lon="11.2578697" />
      <trkpt lat="45.9932455" lon="11.2580767" />
      <trkpt lat="45.9932196" lon="11.2581134" />
      <trkpt lat="45.9931021" lon="11.2582990" />
      <trkpt lat="45.9930048" lon="11.2584852" />
      <trkpt lat="45.9929922" lon="11.2585107" />
      <trkpt lat="45.9929253" lon="11.2586642" />
      <trkpt lat="45.9928375" lon="11.2588620" />
      <trkpt lat="45.9926919" lon="11.2592091" />
      <trkpt lat="45.9924995" lon="11.2596466" />
      <trkpt lat="45.9924182" lon="11.2599101" />
      <trkpt lat="45.9923795" lon="11.2601441" />
      <trkpt lat="45.9923767" lon="11.2602875" />
      <trkpt lat="45.9923525" lon="11.2602849" />
      <trkpt lat="45.9923092" lon="11.2602882" />
      <trkpt lat="45.9921560" lon="11.2603528" />
      <trkpt lat="45.9919747" lon="11.2604274" />
      <trkpt lat="45.9917911" lon="11.2605096" />
      <trkpt lat="45.9917595" lon="11.2605371" />
      <trkpt lat="45.9916335" lon="11.2605390" />
      <trkpt lat="45.9915680" lon="11.2605404" />
      <trkpt lat="45.9915113" lon="11.2605606" />
      <trkpt lat="45.9912210" lon="11.2605437" />
      <trkpt lat="45.9912098" lon="11.2604350" />
      <trkpt lat="45.9912162" lon="11.2603550" />
      <trkpt lat="45.9912648" lon="11.2602418" />
      <trkpt lat="45.9913260" lon="11.2601043" />
      <trkpt lat="45.9913836" lon="11.2599105" />
      <trkpt lat="45.9914451" lon="11.2596472" />
      <trkpt lat="45.9914734" lon="11.2594486" />
      <trkpt lat="45.9914810" lon="11.2593227" />
      <trkpt lat="45.9914837" lon="11.2592774" />
      <trkpt lat="45.9914615" lon="11.2592006" />
      <trkpt lat="45.9914899" lon="11.2589879" />
      <trkpt lat="45.9915296" lon="11.2587425" />
      <trkpt lat="45.9915851" lon="11.2585180" />
      <trkpt lat="45.9915296" lon="11.2587425" />
      <trkpt lat="45.9914899" lon="11.2589879" />
      <trkpt lat="45.9914615" lon="11.2592006" />
      <trkpt lat="45.9914837" lon="11.2592774" />
      <trkpt lat="45.9914810" lon="11.2593227" />
      <trkpt lat="45.9914734" lon="11.2594486" />
      <trkpt lat="45.9914451" lon="11.2596472" />
      <trkpt lat="45.9913836" lon="11.2599105" />
      <trkpt lat="45.9913260" lon="11.2601043" />
      <trkpt lat="45.9912648" lon="11.2602418" />
      <trkpt lat="45.9912162" lon="11.2603550" />
      <trkpt lat="45.9912098" lon="11.2604350" />
      <trkpt lat="45.9912210" lon="11.2605437" />
      <trkpt lat="45.9911206" lon="11.2606269" />
      <trkpt lat="45.9910043" lon="11.2608547" />
      <trkpt lat="45.9909155" lon="11.2611361" />
      <trkpt lat="45.9909333" lon="11.2612308" />
      <trkpt lat="45.9909286" lon="11.2613600" />
      <trkpt lat="45.9909258" lon="11.2614839" />
      <trkpt lat="45.9909484" lon="11.2616027" />
      <trkpt lat="45.9909521" lon="11.2616685" />
      <trkpt lat="45.9910538" lon="11.2619365" />
      <trkpt lat="45.9910877" lon="11.2620278" />
      <trkpt lat="45.9909973" lon="11.2621994" />
      <trkpt lat="45.9909377" lon="11.2623164" />
      <trkpt lat="45.9907738" lon="11.2624048" />
      <trkpt lat="45.9906578" lon="11.2624875" />
      <trkpt lat="45.9905439" lon="11.2626067" />
      <trkpt lat="45.9900260" lon="11.2634302" />
      <trkpt lat="45.9899865" lon="11.2635909" />
      <trkpt lat="45.9899228" lon="11.2637687" />
      <trkpt lat="45.9899010" lon="11.2638527" />
      <trkpt lat="45.9898277" lon="11.2641348" />
      <trkpt lat="45.9898117" lon="11.2643197" />
      <trkpt lat="45.9897424" lon="11.2645767" />
      <trkpt lat="45.9897347" lon="11.2646092" />
      <trkpt lat="45.9898451" lon="11.2646459" />
      <trkpt lat="45.9898930" lon="11.2646837" />
      <trkpt lat="45.9900279" lon="11.2646756" />
      <trkpt lat="45.9900990" lon="11.2645358" />
      <trkpt lat="45.9901032" lon="11.2642296" />
      <trkpt lat="45.9900564" lon="11.2640878" />
      <trkpt lat="45.9901032" lon="11.2642296" />
      <trkpt lat="45.9900990" lon="11.2645358" />
      <trkpt lat="45.9900279" lon="11.2646756" />
      <trkpt lat="45.9898930" lon="11.2646837" />
      <trkpt lat="45.9898451" lon="11.2646459" />
      <trkpt lat="45.9897347" lon="11.2646092" />
      <trkpt lat="45.9896901" lon="11.2647812" />
      <trkpt lat="45.9896209" lon="11.2650476" />
      <trkpt lat="45.9896546" lon="11.2651565" />
      <trkpt lat="45.9897139" lon="11.2654603" />
      <trkpt lat="45.9897922" lon="11.2657599" />
      <trkpt lat="45.9898215" lon="11.2658721" />
      <trkpt lat="45.9898801" lon="11.2661764" />
      <trkpt lat="45.9898926" lon="11.2662370" />
      <trkpt lat="45.9899080" lon="11.2663120" />
      <trkpt lat="45.9900017" lon="11.2667055" />
      <trkpt lat="45.9900201" lon="11.2667827" />
      <trkpt lat="45.9900973" lon="11.2672741" />
      <trkpt lat="45.9900970" lon="11.2673046" />
      <trkpt lat="45.9900966" lon="11.2673358" />
      <trkpt lat="45.9900934" lon="11.2676326" />
      <trkpt lat="45.9900791" lon="11.2689469" />
      <trkpt lat="45.9900820" lon="11.2690649" />
      <trkpt lat="45.9900838" lon="11.2691380" />
      <trkpt lat="45.9900940" lon="11.2692131" />
      <trkpt lat="45.9901386" lon="11.2693385" />
      <trkpt lat="45.9902057" lon="11.2694846" />
      <trkpt lat="45.9902672" lon="11.2693553" />
      <trkpt lat="45.9904110" lon="11.2691394" />
      <trkpt lat="45.9904499" lon="11.2690811" />
      <trkpt lat="45.9906532" lon="11.2687872" />
      <trkpt lat="45.9906985" lon="11.2687266" />
      <trkpt lat="45.9909993" lon="11.2683812" />
      <trkpt lat="45.9910779" lon="11.2683095" />
      <trkpt lat="45.9909993" lon="11.2683812" />
      <trkpt lat="45.9906985" lon="11.2687266" />
      <trkpt lat="45.9906532" lon="11.2687872" />
      <trkpt lat="45.9904499" lon="11.2690811" />
      <trkpt lat="45.9904110" lon="11.2691394" />
      <trkpt lat="45.9902672" lon="11.2693553" />
      <trkpt lat="45.9902057" lon="11.2694846" />
      <trkpt lat="45.9901895" lon="11.2695293" />
      <trkpt lat="45.9906974" lon="11.2699267" />
      <trkpt lat="45.9907523" lon="11.2699701" />
      <trkpt lat="45.9905344" lon="11.2705517" />
      <trkpt lat="45.9905415" lon="11.2706339" />
      <trkpt lat="45.9905626" lon="11.2706586" />
      <trkpt lat="45.9906434" lon="11.2707124" />
      <trkpt lat="45.9905626" lon="11.2706586" />
      <trkpt lat="45.9904618" lon="11.2709153" />
      <trkpt lat="45.9901991" lon="11.2706930" />
      <trkpt lat="45.9898803" lon="11.2704232" />
      <trkpt lat="45.9897431" lon="11.2706931" />
      <trkpt lat="45.9897137" lon="11.2707423" />
      <trkpt lat="45.9896913" lon="11.2707797" />
      <trkpt lat="45.9894521" lon="11.2711794" />
      <trkpt lat="45.9895929" lon="11.2714073" />
      <trkpt lat="45.9897287" lon="11.2716271" />
      <trkpt lat="45.9898194" lon="11.2717739" />
      <trkpt lat="45.9900259" lon="11.2721340" />
      <trkpt lat="45.9900598" lon="11.2721931" />
      <trkpt lat="45.9907190" lon="11.2733426" />
      <trkpt lat="45.9908870" lon="11.2736099" />
      <trkpt lat="45.9914827" lon="11.2745577" />
      <trkpt lat="45.9918522" lon="11.2750304" />
      <trkpt lat="45.9929649" lon="11.2764537" />
      <trkpt lat="45.9928960" lon="11.2769309" />
      <trkpt lat="45.9928175" lon="11.2775764" />
      <trkpt lat="45.9927379" lon="11.2779711" />
      <trkpt lat="45.9926624" lon="11.2781856" />
      <trkpt lat="45.9925261" lon="11.2779808" />
      <trkpt lat="45.9922410" lon="11.2775621" />
      <trkpt lat="45.9919615" lon="11.2773035" />
      <trkpt lat="45.9922410" lon="11.2775621" />
      <trkpt lat="45.9925261" lon="11.2779808" />
      <trkpt lat="45.9926624" lon="11.2781856" />
      <trkpt lat="45.9925880" lon="11.2784631" />
      <trkpt lat="45.9920898" lon="11.2790172" />
      <trkpt lat="45.9919332" lon="11.2793034" />
      <trkpt lat="45.9918297" lon="11.2796183" />
      <trkpt lat="45.9918503" lon="11.2797868" />
      <trkpt lat="45.9918560" lon="11.2799633" />
      <trkpt lat="45.9919687" lon="11.2801976" />
      <trkpt lat="45.9921683" lon="11.2805547" />
      <trkpt lat="45.9923252" lon="11.2807682" />
      <trkpt lat="45.9923426" lon="11.2808297" />
      <trkpt lat="45.9923851" lon="11.2815911" />
      <trkpt lat="45.9924056" lon="11.2818968" />
      <trkpt lat="45.9924783" lon="11.2823555" />
      <trkpt lat="45.9925379" lon="11.2825996" />
      <trkpt lat="45.9926348" lon="11.2828329" />
      <trkpt lat="45.9928584" lon="11.2831306" />
      <trkpt lat="45.9930820" lon="11.2833130" />
      <trkpt lat="45.9931994" lon="11.2834150" />
      <trkpt lat="45.9932460" lon="11.2832567" />
      <trkpt lat="45.9933392" lon="11.2827980" />
      <trkpt lat="45.9934063" lon="11.2825084" />
      <trkpt lat="45.9934920" lon="11.2822992" />
      <trkpt lat="45.9936224" lon="11.2821195" />
      <trkpt lat="45.9937066" lon="11.2820169" />
      <trkpt lat="45.9937220" lon="11.2820579" />
      <trkpt lat="45.9938307" lon="11.2824063" />
      <trkpt lat="45.9941750" lon="11.2831949" />
      <trkpt lat="45.9943634" lon="11.2836852" />
      <trkpt lat="45.9943851" lon="11.2839460" />
      <trkpt lat="45.9943996" lon="11.2842433" />
      <trkpt lat="45.9944243" lon="11.2844149" />
      <trkpt lat="45.9944768" lon="11.2845987" />
      <trkpt lat="45.9945643" lon="11.2849157" />
      <trkpt lat="45.9946750" lon="11.2856568" />
      <trkpt lat="45.9946678" lon="11.2857924" />
      <trkpt lat="45.9946134" lon="11.2859124" />
      <trkpt lat="45.9943564" lon="11.2862292" />
      <trkpt lat="45.9942982" lon="11.2863270" />
      <trkpt lat="45.9942877" lon="11.2864393" />
      <trkpt lat="45.9944279" lon="11.2867903" />
      <trkpt lat="45.9944809" lon="11.2869480" />
      <trkpt lat="45.9945226" lon="11.2872056" />
      <trkpt lat="45.9948194" lon="11.2875466" />
      <trkpt lat="45.9951593" lon="11.2878884" />
      <trkpt lat="45.9948194" lon="11.2875466" />
      <trkpt lat="45.9945226" lon="11.2872056" />
      <trkpt lat="45.9944922" lon="11.2874048" />
      <trkpt lat="45.9941258" lon="11.2881454" />
      <trkpt lat="45.9938626" lon="11.2885826" />
      <trkpt lat="45.9936174" lon="11.2890720" />
      <trkpt lat="45.9938293" lon="11.2892862" />
      <trkpt lat="45.9941306" lon="11.2894934" />
      <trkpt lat="45.9945887" lon="11.2896172" />
      <trkpt lat="45.9949395" lon="11.2898652" />
      <trkpt lat="45.9951933" lon="11.2901194" />
      <trkpt lat="45.9955376" lon="11.2903117" />
      <trkpt lat="45.9956296" lon="11.2904356" />
      <trkpt lat="45.9959250" lon="11.2905979" />
      <trkpt lat="45.9960022" lon="11.2908223" />
      <trkpt lat="45.9961106" lon="11.2909920" />
      <trkpt lat="45.9962906" lon="11.2912570" />
      <trkpt lat="45.9963498" lon="11.2911678" />
      <trkpt lat="45.9964082" lon="11.2909091" />
      <trkpt lat="45.9964557" lon="11.2906630" />
      <trkpt lat="45.9964759" lon="11.2903998" />
      <trkpt lat="45.9965816" lon="11.2901264" />
      <trkpt lat="45.9968510" lon="11.2895792" />
      <trkpt lat="45.9969395" lon="11.2896435" />
      <trkpt lat="45.9971120" lon="11.2898865" />
      <trkpt lat="45.9972557" lon="11.2900222" />
      <trkpt lat="45.9973184" lon="11.2901959" />
      <trkpt lat="45.9972557" lon="11.2900222" />
      <trkpt lat="45.9971120" lon="11.2898865" />
      <trkpt lat="45.9969395" lon="11.2896435" />
      <trkpt lat="45.9968510" lon="11.2895792" />
      <trkpt lat="45.9965816" lon="11.2901264" />
      <trkpt lat="45.9964759" lon="11.2903998" />
      <trkpt lat="45.9964557" lon="11.2906630" />
      <trkpt lat="45.9964082" lon="11.2909091" />
      <trkpt lat="45.9963498" lon="11.2911678" />
      <trkpt lat="45.9962906" lon="11.2912570" />
      <trkpt lat="45.9961419" lon="11.2915593" />
      <trkpt lat="45.9959927" lon="11.2920141" />
      <trkpt lat="45.9958027" lon="11.2923585" />
      <trkpt lat="45.9956507" lon="11.2927208" />
      <trkpt lat="45.9953871" lon="11.2930404" />
      <trkpt lat="45.9953491" lon="11.2931327" />
      <trkpt lat="45.9953099" lon="11.2934250" />
      <trkpt lat="45.9953183" lon="11.2935719" />
      <trkpt lat="45.9953575" lon="11.2937531" />
      <trkpt lat="45.9957141" lon="11.2940118" />
      <trkpt lat="45.9960561" lon="11.2942371" />
      <trkpt lat="45.9962533" lon="11.2942788" />
      <trkpt lat="45.9964117" lon="11.2942473" />
      <trkpt lat="45.9966421" lon="11.2941707" />
      <trkpt lat="45.9968270" lon="11.2940280" />
      <trkpt lat="45.9971901" lon="11.2936533" />
      <trkpt lat="45.9981548" lon="11.2926056" />
      <trkpt lat="45.9983287" lon="11.2925055" />
      <trkpt lat="45.9984621" lon="11.2925096" />
      <trkpt lat="45.9985548" lon="11.2925806" />
      <trkpt lat="45.9987004" lon="11.2926717" />
      <trkpt lat="45.9988262" lon="11.2926053" />
      <trkpt lat="45.9989870" lon="11.2926176" />
      <trkpt lat="45.9991404" lon="11.2926715" />
      <trkpt lat="45.9992795" lon="11.2927478" />
      <trkpt lat="45.9994268" lon="11.2928399" />
      <trkpt lat="45.9995862" lon="11.2929705" />
      <trkpt lat="45.9996949" lon="11.2930803" />
      <trkpt lat="45.9997448" lon="11.2931604" />
      <trkpt lat="45.9997961" lon="11.2932287" />
      <trkpt lat="45.9999065" lon="11.2934162" />
      <trkpt lat="46.0002998" lon="11.2937794" />
      <trkpt lat="46.0006300" lon="11.2941452" />
      <trkpt lat="46.0008342" lon="11.2941878" />
      <trkpt lat="46.0010410" lon="11.2941210" />
      <trkpt lat="46.0011993" lon="11.2940892" />
      <trkpt lat="46.0012702" lon="11.2940920" />
      <trkpt lat="46.0014023" lon="11.2940903" />
      <trkpt lat="46.0014715" lon="11.2940232" />
      <trkpt lat="46.0014787" lon="11.2939399" />
      <trkpt lat="46.0015058" lon="11.2937544" />
      <trkpt lat="46.0015294" lon="11.2934032" />
      <trkpt lat="46.0015195" lon="11.2931451" />
      <trkpt lat="46.0014953" lon="11.2927919" />
      <trkpt lat="46.0014724" lon="11.2925755" />
      <trkpt lat="46.0014068" lon="11.2922710" />
      <trkpt lat="46.0013216" lon="11.2918664" />
      <trkpt lat="46.0011922" lon="11.2913751" />
      <trkpt lat="46.0010412" lon="11.2905596" />
      <trkpt lat="46.0009673" lon="11.2905984" />
      <trkpt lat="46.0008201" lon="11.2906130" />
      <trkpt lat="46.0007474" lon="11.2906301" />
      <trkpt lat="46.0005834" lon="11.2907494" />
      <trkpt lat="46.0003804" lon="11.2909149" />
      <trkpt lat="46.0002519" lon="11.2910123" />
      <trkpt lat="46.0003804" lon="11.2909149" />
      <trkpt lat="46.0005834" lon="11.2907494" />
      <trkpt lat="46.0007474" lon="11.2906301" />
      <trkpt lat="46.0008201" lon="11.2906130" />
      <trkpt lat="46.0009673" lon="11.2905984" />
      <trkpt lat="46.0010412" lon="11.2905596" />
      <trkpt lat="46.0011922" lon="11.2913751" />
      <trkpt lat="46.0013216" lon="11.2918664" />
      <trkpt lat="46.0014068" lon="11.2922710" />
      <trkpt lat="46.0014724" lon="11.2925755" />
      <trkpt lat="46.0014953" lon="11.2927919" />
      <trkpt lat="46.0015195" lon="11.2931451" />
      <trkpt lat="46.0015294" lon="11.2934032" />
      <trkpt lat="46.0015058" lon="11.2937544" />
      <trkpt lat="46.0014787" lon="11.2939399" />
      <trkpt lat="46.0014715" lon="11.2940232" />
      <trkpt lat="46.0014023" lon="11.2940903" />
      <trkpt lat="46.0012702" lon="11.2940920" />
      <trkpt lat="46.0011993" lon="11.2940892" />
      <trkpt lat="46.0010410" lon="11.2941210" />
      <trkpt lat="46.0008342" lon="11.2941878" />
      <trkpt lat="46.0006300" lon="11.2941452" />
      <trkpt lat="46.0002998" lon="11.2937794" />
      <trkpt lat="45.9999065" lon="11.2934162" />
      <trkpt lat="45.9997961" lon="11.2932287" />
      <trkpt lat="45.9997448" lon="11.2931604" />
      <trkpt lat="45.9996949" lon="11.2930803" />
      <trkpt lat="45.9995862" lon="11.2929705" />
      <trkpt lat="45.9994268" lon="11.2928399" />
      <trkpt lat="45.9992795" lon="11.2927478" />
      <trkpt lat="45.9991404" lon="11.2926715" />
      <trkpt lat="45.9989870" lon="11.2926176" />
      <trkpt lat="45.9988262" lon="11.2926053" />
      <trkpt lat="45.9987004" lon="11.2926717" />
      <trkpt lat="45.9985548" lon="11.2925806" />
      <trkpt lat="45.9984621" lon="11.2925096" />
      <trkpt lat="45.9983287" lon="11.2925055" />
      <trkpt lat="45.9981548" lon="11.2926056" />
      <trkpt lat="45.9971901" lon="11.2936533" />
      <trkpt lat="45.9968270" lon="11.2940280" />
      <trkpt lat="45.9966421" lon="11.2941707" />
      <trkpt lat="45.9964117" lon="11.2942473" />
      <trkpt lat="45.9962533" lon="11.2942788" />
      <trkpt lat="45.9960561" lon="11.2942371" />
      <trkpt lat="45.9957141" lon="11.2940118" />
      <trkpt lat="45.9953575" lon="11.2937531" />
      <trkpt lat="45.9953572" lon="11.2938604" />
      <trkpt lat="45.9953397" lon="11.2939402" />
      <trkpt lat="45.9953135" lon="11.2939689" />
      <trkpt lat="45.9952940" lon="11.2939703" />
      <trkpt lat="45.9952145" lon="11.2939222" />
      <trkpt lat="45.9950815" lon="11.2938282" />
      <trkpt lat="45.9949128" lon="11.2937593" />
      <trkpt lat="45.9941083" lon="11.2936396" />
      <trkpt lat="45.9939890" lon="11.2936114" />
      <trkpt lat="45.9937873" lon="11.2934768" />
      <trkpt lat="45.9937367" lon="11.2934670" />
      <trkpt lat="45.9937114" lon="11.2934888" />
      <trkpt lat="45.9937015" lon="11.2936223" />
      <trkpt lat="45.9936582" lon="11.2937579" />
      <trkpt lat="45.9936152" lon="11.2938366" />
      <trkpt lat="45.9935548" lon="11.2939340" />
      <trkpt lat="45.9934933" lon="11.2940272" />
      <trkpt lat="45.9934309" lon="11.2940527" />
      <trkpt lat="45.9933709" lon="11.2939953" />
      <trkpt lat="45.9932851" lon="11.2939242" />
      <trkpt lat="45.9932375" lon="11.2938974" />
      <trkpt lat="45.9931779" lon="11.2939336" />
      <trkpt lat="45.9930818" lon="11.2942083" />
      <trkpt lat="45.9929236" lon="11.2946372" />
      <trkpt lat="45.9929166" lon="11.2947164" />
      <trkpt lat="45.9929073" lon="11.2947570" />
      <trkpt lat="45.9930334" lon="11.2949031" />
      <trkpt lat="45.9931823" lon="11.2950279" />
      <trkpt lat="45.9935218" lon="11.2952783" />
      <trkpt lat="45.9940502" lon="11.2955475" />
      <trkpt lat="45.9942413" lon="11.2956283" />
      <trkpt lat="45.9946700" lon="11.2956592" />
      <trkpt lat="45.9952325" lon="11.2956610" />
      <trkpt lat="45.9962643" lon="11.2956730" />
      <trkpt lat="45.9970501" lon="11.2956678" />
      <trkpt lat="45.9973104" lon="11.2956919" />
      <trkpt lat="45.9974915" lon="11.2957400" />
      <trkpt lat="45.9976119" lon="11.2958918" />
      <trkpt lat="45.9981365" lon="11.2967957" />
      <trkpt lat="45.9982110" lon="11.2968886" />
      <trkpt lat="45.9982815" lon="11.2969586" />
      <trkpt lat="45.9986324" lon="11.2972451" />
      <trkpt lat="45.9987628" lon="11.2974500" />
      <trkpt lat="45.9987959" lon="11.2975969" />
      <trkpt lat="45.9988547" lon="11.2978333" />
      <trkpt lat="45.9988689" lon="11.2979588" />
      <trkpt lat="45.9988679" lon="11.2979795" />
      <trkpt lat="45.9988596" lon="11.2980275" />
      <trkpt lat="45.9990286" lon="11.2981390" />
      <trkpt lat="45.9992472" lon="11.2982715" />
      <trkpt lat="45.9994357" lon="11.2983901" />
      <trkpt lat="46.0001826" lon="11.2987838" />
      <trkpt lat="46.0005099" lon="11.2989507" />
      <trkpt lat="46.0009837" lon="11.2991231" />
      <trkpt lat="46.0016049" lon="11.2992657" />
      <trkpt lat="46.0018577" lon="11.2993329" />
      <trkpt lat="46.0019072" lon="11.2993405" />
      <trkpt lat="46.0019763" lon="11.2993525" />
      <trkpt lat="46.0021509" lon="11.2993686" />
      <trkpt lat="46.0023812" lon="11.2994341" />
      <trkpt lat="46.0026077" lon="11.2995343" />
      <trkpt lat="46.0027514" lon="11.2995743" />
      <trkpt lat="46.0027777" lon="11.2995822" />
      <trkpt lat="46.0028535" lon="11.2996748" />
      <trkpt lat="46.0029291" lon="11.2997920" />
      <trkpt lat="46.0029547" lon="11.2998372" />
      <trkpt lat="46.0029765" lon="11.2998932" />
      <trkpt lat="46.0029886" lon="11.2999384" />
      <trkpt lat="46.0029949" lon="11.2999621" />
      <trkpt lat="46.0030015" lon="11.3000399" />
      <trkpt lat="46.0030024" lon="11.3001284" />
      <trkpt lat="46.0030015" lon="11.3001995" />
      <trkpt lat="46.0029987" lon="11.3002813" />
      <trkpt lat="46.0030005" lon="11.3003584" />
      <trkpt lat="46.0030027" lon="11.3004305" />
      <trkpt lat="46.0030164" lon="11.3004992" />
      <trkpt lat="46.0030464" lon="11.3005706" />
      <trkpt lat="46.0030834" lon="11.3006186" />
      <trkpt lat="46.0031799" lon="11.3006919" />
      <trkpt lat="46.0032959" lon="11.3007514" />
      <trkpt lat="46.0034708" lon="11.3007999" />
      <trkpt lat="46.0036324" lon="11.3007808" />
      <trkpt lat="46.0037494" lon="11.3007078" />
      <trkpt lat="46.0038169" lon="11.3006131" />
      <trkpt lat="46.0038563" lon="11.3005271" />
      <trkpt lat="46.0038972" lon="11.3003766" />
      <trkpt lat="46.0039040" lon="11.3002185" />
      <trkpt lat="46.0039003" lon="11.3001144" />
      <trkpt lat="46.0038945" lon="11.2999540" />
      <trkpt lat="46.0038906" lon="11.2998388" />
      <trkpt lat="46.0038738" lon="11.2993923" />
      <trkpt lat="46.0038177" lon="11.2990040" />
      <trkpt lat="46.0037758" lon="11.2987757" />
      <trkpt lat="46.0035520" lon="11.2977009" />
      <trkpt lat="46.0035464" lon="11.2976584" />
      <trkpt lat="46.0034243" lon="11.2970835" />
      <trkpt lat="46.0033239" lon="11.2966258" />
      <trkpt lat="46.0031503" lon="11.2958145" />
      <trkpt lat="46.0030056" lon="11.2950046" />
      <trkpt lat="46.0029007" lon="11.2940742" />
      <trkpt lat="46.0028793" lon="11.2938741" />
      <trkpt lat="46.0028477" lon="11.2933747" />
      <trkpt lat="46.0025872" lon="11.2935470" />
      <trkpt lat="46.0024141" lon="11.2936581" />
      <trkpt lat="46.0023509" lon="11.2937962" />
      <trkpt lat="46.0022947" lon="11.2941263" />
      <trkpt lat="46.0023041" lon="11.2943790" />
      <trkpt lat="46.0023439" lon="11.2945743" />
      <trkpt lat="46.0023041" lon="11.2943790" />
      <trkpt lat="46.0022947" lon="11.2941263" />
      <trkpt lat="46.0023509" lon="11.2937962" />
      <trkpt lat="46.0024141" lon="11.2936581" />
      <trkpt lat="46.0025872" lon="11.2935470" />
      <trkpt lat="46.0028477" lon="11.2933747" />
      <trkpt lat="46.0028793" lon="11.2938741" />
      <trkpt lat="46.0029007" lon="11.2940742" />
      <trkpt lat="46.0028638" lon="11.2941959" />
      <trkpt lat="46.0028838" lon="11.2943851" />
      <trkpt lat="46.0029167" lon="11.2946800" />
      <trkpt lat="46.0029003" lon="11.2948344" />
      <trkpt lat="46.0028955" lon="11.2949213" />
      <trkpt lat="46.0028935" lon="11.2950546" />
      <trkpt lat="46.0029678" lon="11.2954915" />
      <trkpt lat="46.0030083" lon="11.2956567" />
      <trkpt lat="46.0030659" lon="11.2957691" />
      <trkpt lat="46.0031868" lon="11.2962613" />
      <trkpt lat="46.0032361" lon="11.2964715" />
      <trkpt lat="46.0032745" lon="11.2965661" />
      <trkpt lat="46.0033239" lon="11.2966258" />
      <trkpt lat="46.0034243" lon="11.2970835" />
      <trkpt lat="46.0035464" lon="11.2976584" />
      <trkpt lat="46.0035520" lon="11.2977009" />
      <trkpt lat="46.0037758" lon="11.2987757" />
      <trkpt lat="46.0038177" lon="11.2990040" />
      <trkpt lat="46.0038390" lon="11.2989292" />
      <trkpt lat="46.0038526" lon="11.2988310" />
      <trkpt lat="46.0038185" lon="11.2984688" />
      <trkpt lat="46.0038274" lon="11.2983435" />
      <trkpt lat="46.0039068" lon="11.2976443" />
      <trkpt lat="46.0040197" lon="11.2967070" />
      <trkpt lat="46.0041081" lon="11.2967728" />
      <trkpt lat="46.0042122" lon="11.2968507" />
      <trkpt lat="46.0044745" lon="11.2969966" />
      <trkpt lat="46.0048262" lon="11.2971683" />
      <trkpt lat="46.0050826" lon="11.2973227" />
      <trkpt lat="46.0052244" lon="11.2974104" />
      <trkpt lat="46.0055207" lon="11.2976149" />
      <trkpt lat="46.0061140" lon="11.2979493" />
      <trkpt lat="46.0062227" lon="11.2980094" />
      <trkpt lat="46.0063345" lon="11.2980609" />
      <trkpt lat="46.0064895" lon="11.2981467" />
      <trkpt lat="46.0065761" lon="11.2982076" />
      <trkpt lat="46.0067418" lon="11.2982409" />
      <trkpt lat="46.0068215" lon="11.2982888" />
      <trkpt lat="46.0069069" lon="11.2983699" />
      <trkpt lat="46.0071453" lon="11.2985587" />
      <trkpt lat="46.0073746" lon="11.2987222" />
      <trkpt lat="46.0074566" lon="11.2988582" />
      <trkpt lat="46.0075843" lon="11.2989813" />
      <trkpt lat="46.0078216" lon="11.2991785" />
      <trkpt lat="46.0082432" lon="11.2993967" />
      <trkpt lat="46.0082736" lon="11.2994124" />
      <trkpt lat="46.0083716" lon="11.2994631" />
      <trkpt lat="46.0086613" lon="11.2996130" />
      <trkpt lat="46.0087057" lon="11.2995460" />
      <trkpt lat="46.0088932" lon="11.2991920" />
      <trkpt lat="46.0090193" lon="11.2990345" />
      <trkpt lat="46.0090929" lon="11.2989837" />
      <trkpt lat="46.0091675" lon="11.2989813" />
      <trkpt lat="46.0093803" lon="11.2989948" />
      <trkpt lat="46.0096193" lon="11.2990766" />
      <trkpt lat="46.0100209" lon="11.2991942" />
      <trkpt lat="46.0100425" lon="11.2991474" />
      <trkpt lat="46.0100063" lon="11.2990362" />
      <trkpt lat="46.0099504" lon="11.2988854" />
      <trkpt lat="46.0099120" lon="11.2988591" />
      <trkpt lat="46.0098012" lon="11.2986955" />
      <trkpt lat="46.0098825" lon="11.2984367" />
      <trkpt lat="46.0096438" lon="11.2983759" />
      <trkpt lat="46.0095394" lon="11.2983507" />
      <trkpt lat="46.0094346" lon="11.2983049" />
      <trkpt lat="46.0092880" lon="11.2981822" />
      <trkpt lat="46.0092317" lon="11.2981169" />
      <trkpt lat="46.0091656" lon="11.2980281" />
      <trkpt lat="46.0091039" lon="11.2979094" />
      <trkpt lat="46.0090480" lon="11.2977699" />
      <trkpt lat="46.0089850" lon="11.2975267" />
      <trkpt lat="46.0088589" lon="11.2970393" />
      <trkpt lat="46.0087115" lon="11.2964700" />
      <trkpt lat="46.0086007" lon="11.2960421" />
      <trkpt lat="46.0085345" lon="11.2957863" />
      <trkpt lat="46.0085087" lon="11.2956866" />
      <trkpt lat="46.0084033" lon="11.2952909" />
      <trkpt lat="46.0083832" lon="11.2952157" />
      <trkpt lat="46.0082944" lon="11.2949620" />
      <trkpt lat="46.0082324" lon="11.2947849" />
      <trkpt lat="46.0079673" lon="11.2940833" />
      <trkpt lat="46.0078100" lon="11.2937086" />
      <trkpt lat="46.0075917" lon="11.2932997" />
      <trkpt lat="46.0075779" lon="11.2932774" />
      <trkpt lat="46.0075285" lon="11.2931979" />
      <trkpt lat="46.0074960" lon="11.2932546" />
      <trkpt lat="46.0074320" lon="11.2931812" />
      <trkpt lat="46.0073492" lon="11.2931457" />
      <trkpt lat="46.0067516" lon="11.2939729" />
      <trkpt lat="46.0066847" lon="11.2940783" />
      <trkpt lat="46.0066375" lon="11.2941693" />
      <trkpt lat="46.0065313" lon="11.2943101" />
      <trkpt lat="46.0064418" lon="11.2944217" />
      <trkpt lat="46.0064019" lon="11.2944567" />
      <trkpt lat="46.0061912" lon="11.2946452" />
      <trkpt lat="46.0060549" lon="11.2947822" />
      <trkpt lat="46.0058800" lon="11.2949544" />
      <trkpt lat="46.0058157" lon="11.2951507" />
      <trkpt lat="46.0057626" lon="11.2953435" />
      <trkpt lat="46.0054697" lon="11.2958594" />
      <trkpt lat="46.0057626" lon="11.2953435" />
      <trkpt lat="46.0058157" lon="11.2951507" />
      <trkpt lat="46.0058800" lon="11.2949544" />
      <trkpt lat="46.0060549" lon="11.2947822" />
      <trkpt lat="46.0061912" lon="11.2946452" />
      <trkpt lat="46.0064019" lon="11.2944567" />
      <trkpt lat="46.0064418" lon="11.2944217" />
      <trkpt lat="46.0065313" lon="11.2943101" />
      <trkpt lat="46.0066375" lon="11.2941693" />
      <trkpt lat="46.0066847" lon="11.2940783" />
      <trkpt lat="46.0067516" lon="11.2939729" />
      <trkpt lat="46.0073492" lon="11.2931457" />
      <trkpt lat="46.0073728" lon="11.2930947" />
      <trkpt lat="46.0074144" lon="11.2931202" />
      <trkpt lat="46.0074595" lon="11.2931252" />
      <trkpt lat="46.0075033" lon="11.2931094" />
      <trkpt lat="46.0075365" lon="11.2930804" />
      <trkpt lat="46.0075628" lon="11.2930394" />
      <trkpt lat="46.0075804" lon="11.2929896" />
      <trkpt lat="46.0076801" lon="11.2930443" />
      <trkpt lat="46.0078961" lon="11.2931425" />
      <trkpt lat="46.0081086" lon="11.2932391" />
      <trkpt lat="46.0082721" lon="11.2933149" />
      <trkpt lat="46.0084383" lon="11.2934159" />
      <trkpt lat="46.0086200" lon="11.2935258" />
      <trkpt lat="46.0086759" lon="11.2935596" />
      <trkpt lat="46.0088694" lon="11.2936467" />
      <trkpt lat="46.0089680" lon="11.2936565" />
      <trkpt lat="46.0089737" lon="11.2937248" />
      <trkpt lat="46.0090031" lon="11.2937964" />
      <trkpt lat="46.0091364" lon="11.2939444" />
      <trkpt lat="46.0091637" lon="11.2939748" />
      <trkpt lat="46.0093406" lon="11.2941340" />
      <trkpt lat="46.0095860" lon="11.2944225" />
      <trkpt lat="46.0096077" lon="11.2944514" />
      <trkpt lat="46.0098606" lon="11.2948293" />
      <trkpt lat="46.0099173" lon="11.2949136" />
      <trkpt lat="46.0099498" lon="11.2949615" />
      <trkpt lat="46.0101526" lon="11.2952325" />
      <trkpt lat="46.0102519" lon="11.2953652" />
      <trkpt lat="46.0102901" lon="11.2954163" />
      <trkpt lat="46.0103318" lon="11.2954721" />
      <trkpt lat="46.0105090" lon="11.2957082" />
      <trkpt lat="46.0105204" lon="11.2957234" />
      <trkpt lat="46.0106659" lon="11.2959174" />
      <trkpt lat="46.0107266" lon="11.2959983" />
      <trkpt lat="46.0107605" lon="11.2960435" />
      <trkpt lat="46.0109276" lon="11.2962659" />
      <trkpt lat="46.0110369" lon="11.2964115" />
      <trkpt lat="46.0111280" lon="11.2964899" />
      <trkpt lat="46.0112072" lon="11.2965500" />
      <trkpt lat="46.0111781" lon="11.2968399" />
      <trkpt lat="46.0110949" lon="11.2970250" />
      <trkpt lat="46.0108845" lon="11.2973714" />
      <trkpt lat="46.0102422" lon="11.2983790" />
      <trkpt lat="46.0102411" lon="11.2984343" />
      <trkpt lat="46.0102101" lon="11.2985252" />
      <trkpt lat="46.0101817" lon="11.2985380" />
      <trkpt lat="46.0101575" lon="11.2985629" />
      <trkpt lat="46.0101398" lon="11.2985973" />
      <trkpt lat="46.0101303" lon="11.2986379" />
      <trkpt lat="46.0101300" lon="11.2986808" />
      <trkpt lat="46.0101389" lon="11.2987216" />
      <trkpt lat="46.0101562" lon="11.2987565" />
      <trkpt lat="46.0101801" lon="11.2987820" />
      <trkpt lat="46.0101893" lon="11.2987865" />
      <trkpt lat="46.0100999" lon="11.2990123" />
      <trkpt lat="46.0100425" lon="11.2991474" />
      <trkpt lat="46.0100209" lon="11.2991942" />
      <trkpt lat="46.0095258" lon="11.3002254" />
      <trkpt lat="46.0092735" lon="11.3000264" />
      <trkpt lat="46.0089993" lon="11.2998204" />
      <trkpt lat="46.0086613" lon="11.2996130" />
      <trkpt lat="46.0083716" lon="11.2994631" />
      <trkpt lat="46.0087983" lon="11.2984184" />
      <trkpt lat="46.0083716" lon="11.2994631" />
      <trkpt lat="46.0086613" lon="11.2996130" />
      <trkpt lat="46.0089993" lon="11.2998204" />
      <trkpt lat="46.0092735" lon="11.3000264" />
      <trkpt lat="46.0096193" lon="11.2990766" />
      <trkpt lat="46.0100209" lon="11.2991942" />
      <trkpt lat="46.0100425" lon="11.2991474" />
      <trkpt lat="46.0100063" lon="11.2990362" />
      <trkpt lat="46.0100987" lon="11.2987285" />
      <trkpt lat="46.0100667" lon="11.2986271" />
      <trkpt lat="46.0100762" lon="11.2985089" />
      <trkpt lat="46.0101575" lon="11.2985629" />
      <trkpt lat="46.0101817" lon="11.2985380" />
      <trkpt lat="46.0102101" lon="11.2985252" />
      <trkpt lat="46.0102399" lon="11.2985256" />
      <trkpt lat="46.0102681" lon="11.2985392" />
      <trkpt lat="46.0102920" lon="11.2985647" />
      <trkpt lat="46.0102995" lon="11.2985799" />
      <trkpt lat="46.0103691" lon="11.2984793" />
      <trkpt lat="46.0104499" lon="11.2983154" />
      <trkpt lat="46.0105560" lon="11.2981004" />
      <trkpt lat="46.0106159" lon="11.2979879" />
      <trkpt lat="46.0107801" lon="11.2977017" />
      <trkpt lat="46.0109630" lon="11.2974406" />
      <trkpt lat="46.0111443" lon="11.2971898" />
      <trkpt lat="46.0112181" lon="11.2971112" />
      <trkpt lat="46.0116123" lon="11.2977853" />
      <trkpt lat="46.0115764" lon="11.2979707" />
      <trkpt lat="46.0115587" lon="11.2979934" />
      <trkpt lat="46.0116728" lon="11.2981556" />
      <trkpt lat="46.0118028" lon="11.2983483" />
      <trkpt lat="46.0118824" lon="11.2985225" />
      <trkpt lat="46.0120860" lon="11.2982428" />
      <trkpt lat="46.0122052" lon="11.2981248" />
      <trkpt lat="46.0122499" lon="11.2982214" />
      <trkpt lat="46.0122424" lon="11.2983394" />
      <trkpt lat="46.0123552" lon="11.2985082" />
    </trkseg>
  </trk>
</gpx>
