<?xml version="1.0" encoding="UTF-8"?>
<gpx xmlns="http://www.topografix.com/GPX/1/1" version="1.1" creator="ShapeRoute route-engine">
  <metadata>
    <name>circle 15 km · 2026-09-22</name>
    <author>
      <name>ShapeRoute route-engine</name>
    </author>
    <time>2026-09-22T19:28:45Z</time>
  </metadata>
  <trk>
    <name>circle 15 km · 2026-09-22</name>
    <trkseg>
      <trkpt lat="46.0668711" lon="11.1210492" />
      <trkpt lat="46.0668249" lon="11.1206182" />
      <trkpt lat="46.0670289" lon="11.1205458" />
      <trkpt lat="46.0670637" lon="11.1207156" />
      <trkpt lat="46.0670730" lon="11.1209842" />
      <trkpt lat="46.0670745" lon="11.1210291" />
      <trkpt lat="46.0673165" lon="11.1210193" />
      <trkpt lat="46.0674358" lon="11.1209903" />
      <trkpt lat="46.0675759" lon="11.1209222" />
      <trkpt lat="46.0676386" lon="11.1208917" />
      <trkpt lat="46.0677393" lon="11.1208327" />
      <trkpt lat="46.0678148" lon="11.1207864" />
      <trkpt lat="46.0678457" lon="11.1207672" />
      <trkpt lat="46.0679032" lon="11.1207116" />
      <trkpt lat="46.0681018" lon="11.1205393" />
      <trkpt lat="46.0681669" lon="11.1204445" />
      <trkpt lat="46.0682945" lon="11.1202664" />
      <trkpt lat="46.0683846" lon="11.1201435" />
      <trkpt lat="46.0684504" lon="11.1200865" />
      <trkpt lat="46.0684776" lon="11.1200039" />
      <trkpt lat="46.0685273" lon="11.1200042" />
      <trkpt lat="46.0685313" lon="11.1200706" />
      <trkpt lat="46.0686910" lon="11.1200385" />
      <trkpt lat="46.0686922" lon="11.1200685" />
      <trkpt lat="46.0686941" lon="11.1200894" />
      <trkpt lat="46.0686963" lon="11.1201124" />
      <trkpt lat="46.0687020" lon="11.1201725" />
      <trkpt lat="46.0687388" lon="11.1203760" />
      <trkpt lat="46.0687499" lon="11.1204587" />
      <trkpt lat="46.0688365" lon="11.1211527" />
      <trkpt lat="46.0688387" lon="11.1211858" />
      <trkpt lat="46.0688409" lon="11.1212316" />
      <trkpt lat="46.0688448" lon="11.1212725" />
      <trkpt lat="46.0690418" lon="11.1212454" />
      <trkpt lat="46.0688448" lon="11.1212725" />
      <trkpt lat="46.0688409" lon="11.1212316" />
      <trkpt lat="46.0688387" lon="11.1211858" />
      <trkpt lat="46.0688365" lon="11.1211527" />
      <trkpt lat="46.0687499" lon="11.1204587" />
      <trkpt lat="46.0687388" lon="11.1203760" />
      <trkpt lat="46.0687020" lon="11.1201725" />
      <trkpt lat="46.0686963" lon="11.1201124" />
      <trkpt lat="46.0686941" lon="11.1200894" />
      <trkpt lat="46.0686922" lon="11.1200685" />
      <trkpt lat="46.0686910" lon="11.1200385" />
      <trkpt lat="46.0685313" lon="11.1200706" />
      <trkpt lat="46.0685273" lon="11.1200042" />
      <trkpt lat="46.0686285" lon="11.1199921" />
      <trkpt lat="46.0687055" lon="11.1199855" />
      <trkpt lat="46.0687688" lon="11.1199699" />
      <trkpt lat="46.0687784" lon="11.1199700" />
      <trkpt lat="46.0688097" lon="11.1199685" />
      <trkpt lat="46.0688503" lon="11.1199666" />
      <trkpt lat="46.0688785" lon="11.1199652" />
      <trkpt lat="46.0688928" lon="11.1199633" />
      <trkpt lat="46.0689900" lon="11.1199487" />
      <trkpt lat="46.0690484" lon="11.1199429" />
      <trkpt lat="46.0691086" lon="11.1199380" />
      <trkpt lat="46.0691667" lon="11.1199367" />
      <trkpt lat="46.0692352" lon="11.1199271" />
      <trkpt lat="46.0693982" lon="11.1198734" />
      <trkpt lat="46.0694763" lon="11.1198434" />
      <trkpt lat="46.0695220" lon="11.1198116" />
      <trkpt lat="46.0695493" lon="11.1198090" />
      <trkpt lat="46.0695787" lon="11.1198028" />
      <trkpt lat="46.0699049" lon="11.1197056" />
      <trkpt lat="46.0699981" lon="11.1197027" />
      <trkpt lat="46.0700021" lon="11.1197557" />
      <trkpt lat="46.0700053" lon="11.1197976" />
      <trkpt lat="46.0700337" lon="11.1198021" />
      <trkpt lat="46.0700585" lon="11.1200224" />
      <trkpt lat="46.0701087" lon="11.1200099" />
      <trkpt lat="46.0701965" lon="11.1199880" />
      <trkpt lat="46.0702609" lon="11.1206156" />
      <trkpt lat="46.0703911" lon="11.1205907" />
      <trkpt lat="46.0704219" lon="11.1206145" />
      <trkpt lat="46.0704688" lon="11.1207212" />
      <trkpt lat="46.0704977" lon="11.1208011" />
      <trkpt lat="46.0705556" lon="11.1207774" />
      <trkpt lat="46.0707008" lon="11.1207313" />
      <trkpt lat="46.0707490" lon="11.1207293" />
      <trkpt lat="46.0708300" lon="11.1207393" />
      <trkpt lat="46.0709364" lon="11.1207311" />
      <trkpt lat="46.0709509" lon="11.1208545" />
      <trkpt lat="46.0709558" lon="11.1208960" />
      <trkpt lat="46.0709850" lon="11.1209339" />
      <trkpt lat="46.0710237" lon="11.1209691" />
      <trkpt lat="46.0711151" lon="11.1209836" />
      <trkpt lat="46.0711741" lon="11.1209677" />
      <trkpt lat="46.0712335" lon="11.1209286" />
      <trkpt lat="46.0712824" lon="11.1208815" />
      <trkpt lat="46.0713080" lon="11.1208302" />
      <trkpt lat="46.0713691" lon="11.1207048" />
      <trkpt lat="46.0713080" lon="11.1208302" />
      <trkpt lat="46.0712824" lon="11.1208815" />
      <trkpt lat="46.0712335" lon="11.1209286" />
      <trkpt lat="46.0711741" lon="11.1209677" />
      <trkpt lat="46.0711151" lon="11.1209836" />
      <trkpt lat="46.0710237" lon="11.1209691" />
      <trkpt lat="46.0709850" lon="11.1209339" />
      <trkpt lat="46.0709558" lon="11.1208960" />
      <trkpt lat="46.0709509" lon="11.1208545" />
      <trkpt lat="46.0707917" lon="11.1208932" />
      <trkpt lat="46.0707785" lon="11.1208967" />
      <trkpt lat="46.0707671" lon="11.1208993" />
      <trkpt lat="46.0707490" lon="11.1207293" />
      <trkpt lat="46.0707008" lon="11.1207313" />
      <trkpt lat="46.0705556" lon="11.1207774" />
      <trkpt lat="46.0704977" lon="11.1208011" />
      <trkpt lat="46.0704688" lon="11.1207212" />
      <trkpt lat="46.0704219" lon="11.1206145" />
      <trkpt lat="46.0703911" lon="11.1205907" />
      <trkpt lat="46.0703501" lon="11.1204646" />
      <trkpt lat="46.0703236" lon="11.1203022" />
      <trkpt lat="46.0703340" lon="11.1201164" />
      <trkpt lat="46.0703493" lon="11.1200342" />
      <trkpt lat="46.0704204" lon="11.1200085" />
      <trkpt lat="46.0705204" lon="11.1200037" />
      <trkpt lat="46.0706900" lon="11.1199987" />
      <trkpt lat="46.0708119" lon="11.1199698" />
      <trkpt lat="46.0709093" lon="11.1199156" />
      <trkpt lat="46.0710160" lon="11.1198515" />
      <trkpt lat="46.0711657" lon="11.1197929" />
      <trkpt lat="46.0711402" lon="11.1196327" />
      <trkpt lat="46.0711321" lon="11.1195546" />
      <trkpt lat="46.0711236" lon="11.1194739" />
      <trkpt lat="46.0714274" lon="11.1194035" />
      <trkpt lat="46.0714512" lon="11.1194011" />
      <trkpt lat="46.0715071" lon="11.1193966" />
      <trkpt lat="46.0715269" lon="11.1193964" />
      <trkpt lat="46.0716394" lon="11.1194029" />
      <trkpt lat="46.0716742" lon="11.1194223" />
      <trkpt lat="46.0717283" lon="11.1193503" />
      <trkpt lat="46.0717587" lon="11.1193721" />
      <trkpt lat="46.0717830" lon="11.1192983" />
      <trkpt lat="46.0718962" lon="11.1193760" />
      <trkpt lat="46.0720591" lon="11.1194878" />
      <trkpt lat="46.0720818" lon="11.1194179" />
      <trkpt lat="46.0721119" lon="11.1193255" />
      <trkpt lat="46.0720519" lon="11.1192849" />
      <trkpt lat="46.0720903" lon="11.1191642" />
      <trkpt lat="46.0721183" lon="11.1191835" />
      <trkpt lat="46.0721408" lon="11.1191197" />
      <trkpt lat="46.0721445" lon="11.1191089" />
      <trkpt lat="46.0721597" lon="11.1190639" />
      <trkpt lat="46.0729735" lon="11.1196278" />
      <trkpt lat="46.0730950" lon="11.1197082" />
      <trkpt lat="46.0731027" lon="11.1197532" />
      <trkpt lat="46.0731073" lon="11.1197800" />
      <trkpt lat="46.0733733" lon="11.1199737" />
      <trkpt lat="46.0735831" lon="11.1201201" />
      <trkpt lat="46.0735981" lon="11.1201305" />
      <trkpt lat="46.0735813" lon="11.1201796" />
      <trkpt lat="46.0735981" lon="11.1201305" />
      <trkpt lat="46.0736614" lon="11.1201739" />
      <trkpt lat="46.0735863" lon="11.1203940" />
      <trkpt lat="46.0736190" lon="11.1204193" />
      <trkpt lat="46.0735934" lon="11.1204955" />
      <trkpt lat="46.0735573" lon="11.1206118" />
      <trkpt lat="46.0735648" lon="11.1206361" />
      <trkpt lat="46.0735158" lon="11.1206686" />
      <trkpt lat="46.0728489" lon="11.1201983" />
      <trkpt lat="46.0728264" lon="11.1201796" />
      <trkpt lat="46.0728155" lon="11.1202117" />
      <trkpt lat="46.0727710" lon="11.1201552" />
      <trkpt lat="46.0727559" lon="11.1201431" />
      <trkpt lat="46.0727015" lon="11.1201060" />
      <trkpt lat="46.0726019" lon="11.1200423" />
      <trkpt lat="46.0724885" lon="11.1199682" />
      <trkpt lat="46.0723914" lon="11.1199773" />
      <trkpt lat="46.0722814" lon="11.1198936" />
      <trkpt lat="46.0719946" lon="11.1197010" />
      <trkpt lat="46.0719683" lon="11.1197820" />
      <trkpt lat="46.0719480" lon="11.1198441" />
      <trkpt lat="46.0719325" lon="11.1198947" />
      <trkpt lat="46.0718210" lon="11.1198308" />
      <trkpt lat="46.0714755" lon="11.1196059" />
      <trkpt lat="46.0713909" lon="11.1196025" />
      <trkpt lat="46.0711961" lon="11.1196218" />
      <trkpt lat="46.0711402" lon="11.1196327" />
      <trkpt lat="46.0711321" lon="11.1195546" />
      <trkpt lat="46.0711236" lon="11.1194739" />
      <trkpt lat="46.0710926" lon="11.1194817" />
      <trkpt lat="46.0710665" lon="11.1194830" />
      <trkpt lat="46.0710517" lon="11.1194757" />
      <trkpt lat="46.0710251" lon="11.1194572" />
      <trkpt lat="46.0709730" lon="11.1194211" />
      <trkpt lat="46.0709223" lon="11.1194321" />
      <trkpt lat="46.0708451" lon="11.1194613" />
      <trkpt lat="46.0706944" lon="11.1194953" />
      <trkpt lat="46.0705902" lon="11.1194906" />
      <trkpt lat="46.0705636" lon="11.1194654" />
      <trkpt lat="46.0705455" lon="11.1194189" />
      <trkpt lat="46.0701293" lon="11.1179819" />
      <trkpt lat="46.0701209" lon="11.1178944" />
      <trkpt lat="46.0701217" lon="11.1178469" />
      <trkpt lat="46.0701270" lon="11.1178031" />
      <trkpt lat="46.0701345" lon="11.1177694" />
      <trkpt lat="46.0701430" lon="11.1177348" />
      <trkpt lat="46.0701678" lon="11.1176586" />
      <trkpt lat="46.0702660" lon="11.1173628" />
      <trkpt lat="46.0703069" lon="11.1172369" />
      <trkpt lat="46.0703117" lon="11.1172218" />
      <trkpt lat="46.0703597" lon="11.1171696" />
      <trkpt lat="46.0703845" lon="11.1170776" />
      <trkpt lat="46.0704216" lon="11.1170936" />
      <trkpt lat="46.0704056" lon="11.1171552" />
      <trkpt lat="46.0704377" lon="11.1171721" />
      <trkpt lat="46.0705294" lon="11.1172114" />
      <trkpt lat="46.0707303" lon="11.1170747" />
      <trkpt lat="46.0709924" lon="11.1171707" />
      <trkpt lat="46.0710414" lon="11.1171481" />
      <trkpt lat="46.0710461" lon="11.1171924" />
      <trkpt lat="46.0711623" lon="11.1172452" />
      <trkpt lat="46.0713754" lon="11.1173445" />
      <trkpt lat="46.0714676" lon="11.1173874" />
      <trkpt lat="46.0717695" lon="11.1175280" />
      <trkpt lat="46.0720787" lon="11.1176720" />
      <trkpt lat="46.0724077" lon="11.1178252" />
      <trkpt lat="46.0726696" lon="11.1179464" />
      <trkpt lat="46.0732498" lon="11.1182117" />
      <trkpt lat="46.0732990" lon="11.1182317" />
      <trkpt lat="46.0733337" lon="11.1182458" />
      <trkpt lat="46.0733672" lon="11.1182610" />
      <trkpt lat="46.0736860" lon="11.1184060" />
      <trkpt lat="46.0739335" lon="11.1185186" />
      <trkpt lat="46.0743370" lon="11.1187020" />
      <trkpt lat="46.0743641" lon="11.1187140" />
      <trkpt lat="46.0743863" lon="11.1187238" />
      <trkpt lat="46.0744507" lon="11.1187536" />
      <trkpt lat="46.0746999" lon="11.1188696" />
      <trkpt lat="46.0747156" lon="11.1188769" />
      <trkpt lat="46.0750208" lon="11.1190189" />
      <trkpt lat="46.0750415" lon="11.1190286" />
      <trkpt lat="46.0750628" lon="11.1190385" />
      <trkpt lat="46.0753476" lon="11.1191710" />
      <trkpt lat="46.0753629" lon="11.1191778" />
      <trkpt lat="46.0753785" lon="11.1191057" />
      <trkpt lat="46.0753629" lon="11.1191778" />
      <trkpt lat="46.0753779" lon="11.1191846" />
      <trkpt lat="46.0755177" lon="11.1192475" />
      <trkpt lat="46.0755386" lon="11.1192569" />
      <trkpt lat="46.0755511" lon="11.1192625" />
      <trkpt lat="46.0755583" lon="11.1192657" />
      <trkpt lat="46.0755736" lon="11.1192726" />
      <trkpt lat="46.0756642" lon="11.1193162" />
      <trkpt lat="46.0761384" lon="11.1195358" />
      <trkpt lat="46.0766298" lon="11.1197633" />
      <trkpt lat="46.0766446" lon="11.1196944" />
      <trkpt lat="46.0767420" lon="11.1197397" />
      <trkpt lat="46.0768069" lon="11.1197697" />
      <trkpt lat="46.0768307" lon="11.1196592" />
      <trkpt lat="46.0768397" lon="11.1196175" />
      <trkpt lat="46.0768726" lon="11.1194649" />
      <trkpt lat="46.0769140" lon="11.1192724" />
      <trkpt lat="46.0769383" lon="11.1191592" />
      <trkpt lat="46.0769976" lon="11.1188596" />
      <trkpt lat="46.0771283" lon="11.1181999" />
      <trkpt lat="46.0771371" lon="11.1181555" />
      <trkpt lat="46.0771601" lon="11.1181439" />
      <trkpt lat="46.0772195" lon="11.1181468" />
      <trkpt lat="46.0772243" lon="11.1181007" />
      <trkpt lat="46.0772339" lon="11.1180499" />
      <trkpt lat="46.0772126" lon="11.1180404" />
      <trkpt lat="46.0771997" lon="11.1180176" />
      <trkpt lat="46.0771956" lon="11.1179870" />
      <trkpt lat="46.0772022" lon="11.1179480" />
      <trkpt lat="46.0772520" lon="11.1177190" />
      <trkpt lat="46.0772630" lon="11.1176696" />
      <trkpt lat="46.0773317" lon="11.1173623" />
      <trkpt lat="46.0773385" lon="11.1173323" />
      <trkpt lat="46.0773448" lon="11.1173049" />
      <trkpt lat="46.0773879" lon="11.1171139" />
      <trkpt lat="46.0775378" lon="11.1171803" />
      <trkpt lat="46.0776255" lon="11.1172192" />
      <trkpt lat="46.0777811" lon="11.1172881" />
      <trkpt lat="46.0778939" lon="11.1173381" />
      <trkpt lat="46.0780117" lon="11.1173903" />
      <trkpt lat="46.0780357" lon="11.1174001" />
      <trkpt lat="46.0780659" lon="11.1174144" />
      <trkpt lat="46.0781098" lon="11.1174337" />
      <trkpt lat="46.0784026" lon="11.1175635" />
      <trkpt lat="46.0784236" lon="11.1175728" />
      <trkpt lat="46.0784436" lon="11.1175816" />
      <trkpt lat="46.0785888" lon="11.1176460" />
      <trkpt lat="46.0787048" lon="11.1176974" />
      <trkpt lat="46.0787324" lon="11.1177096" />
      <trkpt lat="46.0787535" lon="11.1177189" />
      <trkpt lat="46.0789814" lon="11.1178221" />
      <trkpt lat="46.0789977" lon="11.1180286" />
      <trkpt lat="46.0789616" lon="11.1180627" />
      <trkpt lat="46.0789911" lon="11.1181357" />
      <trkpt lat="46.0792401" lon="11.1179101" />
      <trkpt lat="46.0794013" lon="11.1177743" />
      <trkpt lat="46.0796334" lon="11.1175789" />
      <trkpt lat="46.0797141" lon="11.1174881" />
      <trkpt lat="46.0797616" lon="11.1174274" />
      <trkpt lat="46.0797251" lon="11.1173827" />
      <trkpt lat="46.0797085" lon="11.1173179" />
      <trkpt lat="46.0797190" lon="11.1172413" />
      <trkpt lat="46.0796779" lon="11.1171868" />
      <trkpt lat="46.0796896" lon="11.1171300" />
      <trkpt lat="46.0797573" lon="11.1170827" />
      <trkpt lat="46.0797977" lon="11.1170545" />
      <trkpt lat="46.0797840" lon="11.1169370" />
      <trkpt lat="46.0798482" lon="11.1163708" />
      <trkpt lat="46.0797955" lon="11.1160781" />
      <trkpt lat="46.0796468" lon="11.1155728" />
      <trkpt lat="46.0795875" lon="11.1155419" />
      <trkpt lat="46.0795059" lon="11.1152302" />
      <trkpt lat="46.0794317" lon="11.1152679" />
      <trkpt lat="46.0792319" lon="11.1153598" />
      <trkpt lat="46.0791959" lon="11.1153679" />
      <trkpt lat="46.0791556" lon="11.1153618" />
      <trkpt lat="46.0791317" lon="11.1153511" />
      <trkpt lat="46.0791019" lon="11.1153233" />
      <trkpt lat="46.0790669" lon="11.1152591" />
      <trkpt lat="46.0789640" lon="11.1150256" />
      <trkpt lat="46.0789910" lon="11.1151756" />
      <trkpt lat="46.0790285" lon="11.1152684" />
      <trkpt lat="46.0790632" lon="11.1153544" />
      <trkpt lat="46.0791566" lon="11.1158279" />
      <trkpt lat="46.0790632" lon="11.1153544" />
      <trkpt lat="46.0790285" lon="11.1152684" />
      <trkpt lat="46.0789910" lon="11.1151756" />
      <trkpt lat="46.0789640" lon="11.1150256" />
      <trkpt lat="46.0791919" lon="11.1150155" />
      <trkpt lat="46.0793484" lon="11.1149240" />
      <trkpt lat="46.0797376" lon="11.1146208" />
      <trkpt lat="46.0799627" lon="11.1148130" />
      <trkpt lat="46.0801324" lon="11.1147787" />
      <trkpt lat="46.0807216" lon="11.1144771" />
      <trkpt lat="46.0805599" lon="11.1139406" />
      <trkpt lat="46.0806572" lon="11.1137678" />
      <trkpt lat="46.0806990" lon="11.1135319" />
      <trkpt lat="46.0807024" lon="11.1135133" />
      <trkpt lat="46.0808209" lon="11.1134561" />
      <trkpt lat="46.0808328" lon="11.1134098" />
      <trkpt lat="46.0808847" lon="11.1132078" />
      <trkpt lat="46.0809070" lon="11.1131248" />
      <trkpt lat="46.0809086" lon="11.1131015" />
      <trkpt lat="46.0809046" lon="11.1130803" />
      <trkpt lat="46.0808968" lon="11.1130612" />
      <trkpt lat="46.0808843" lon="11.1130442" />
      <trkpt lat="46.0806586" lon="11.1127549" />
      <trkpt lat="46.0806571" lon="11.1127054" />
      <trkpt lat="46.0806674" lon="11.1126605" />
      <trkpt lat="46.0807616" lon="11.1124896" />
      <trkpt lat="46.0808181" lon="11.1123872" />
      <trkpt lat="46.0810095" lon="11.1120435" />
      <trkpt lat="46.0816759" lon="11.1119869" />
      <trkpt lat="46.0818210" lon="11.1119011" />
      <trkpt lat="46.0816759" lon="11.1119869" />
      <trkpt lat="46.0810095" lon="11.1120435" />
      <trkpt lat="46.0809828" lon="11.1120154" />
      <trkpt lat="46.0809246" lon="11.1119418" />
      <trkpt lat="46.0807494" lon="11.1122778" />
      <trkpt lat="46.0805697" lon="11.1125973" />
      <trkpt lat="46.0802068" lon="11.1131609" />
      <trkpt lat="46.0802560" lon="11.1132341" />
      <trkpt lat="46.0802894" lon="11.1132804" />
      <trkpt lat="46.0802641" lon="11.1133160" />
      <trkpt lat="46.0803317" lon="11.1133441" />
      <trkpt lat="46.0805121" lon="11.1134337" />
      <trkpt lat="46.0807024" lon="11.1135133" />
      <trkpt lat="46.0806990" lon="11.1135319" />
      <trkpt lat="46.0806572" lon="11.1137678" />
      <trkpt lat="46.0807623" lon="11.1142005" />
      <trkpt lat="46.0808381" lon="11.1145106" />
      <trkpt lat="46.0808576" lon="11.1145881" />
      <trkpt lat="46.0809234" lon="11.1149040" />
      <trkpt lat="46.0809592" lon="11.1150643" />
      <trkpt lat="46.0810332" lon="11.1153952" />
      <trkpt lat="46.0810496" lon="11.1154785" />
      <trkpt lat="46.0811478" lon="11.1159755" />
      <trkpt lat="46.0811753" lon="11.1161149" />
      <trkpt lat="46.0811870" lon="11.1161657" />
      <trkpt lat="46.0812145" lon="11.1162846" />
      <trkpt lat="46.0812280" lon="11.1163314" />
      <trkpt lat="46.0812489" lon="11.1163947" />
      <trkpt lat="46.0813356" lon="11.1166106" />
      <trkpt lat="46.0813581" lon="11.1166546" />
      <trkpt lat="46.0813792" lon="11.1166957" />
      <trkpt lat="46.0816944" lon="11.1174477" />
      <trkpt lat="46.0816489" lon="11.1176692" />
      <trkpt lat="46.0815628" lon="11.1180880" />
      <trkpt lat="46.0815212" lon="11.1183240" />
      <trkpt lat="46.0815057" lon="11.1184980" />
      <trkpt lat="46.0814972" lon="11.1186971" />
      <trkpt lat="46.0815096" lon="11.1189513" />
      <trkpt lat="46.0821692" lon="11.1184192" />
      <trkpt lat="46.0824385" lon="11.1182626" />
      <trkpt lat="46.0829662" lon="11.1179822" />
      <trkpt lat="46.0833124" lon="11.1177983" />
      <trkpt lat="46.0834321" lon="11.1177347" />
      <trkpt lat="46.0835002" lon="11.1176803" />
      <trkpt lat="46.0835509" lon="11.1175969" />
      <trkpt lat="46.0837007" lon="11.1172115" />
      <trkpt lat="46.0837126" lon="11.1171859" />
      <trkpt lat="46.0840270" lon="11.1165063" />
      <trkpt lat="46.0841379" lon="11.1163123" />
      <trkpt lat="46.0843121" lon="11.1160386" />
      <trkpt lat="46.0844480" lon="11.1158513" />
      <trkpt lat="46.0845656" lon="11.1156903" />
      <trkpt lat="46.0846218" lon="11.1156100" />
      <trkpt lat="46.0847567" lon="11.1154576" />
      <trkpt lat="46.0848670" lon="11.1153504" />
      <trkpt lat="46.0850788" lon="11.1151327" />
      <trkpt lat="46.0852873" lon="11.1149495" />
      <trkpt lat="46.0853347" lon="11.1148904" />
      <trkpt lat="46.0853638" lon="11.1148298" />
      <trkpt lat="46.0853914" lon="11.1147478" />
      <trkpt lat="46.0854336" lon="11.1145479" />
      <trkpt lat="46.0855137" lon="11.1141072" />
      <trkpt lat="46.0855825" lon="11.1138852" />
      <trkpt lat="46.0856203" lon="11.1138053" />
      <trkpt lat="46.0856412" lon="11.1137627" />
      <trkpt lat="46.0856392" lon="11.1137201" />
      <trkpt lat="46.0853774" lon="11.1130998" />
      <trkpt lat="46.0852841" lon="11.1128564" />
      <trkpt lat="46.0848434" lon="11.1132385" />
      <trkpt lat="46.0848253" lon="11.1131845" />
      <trkpt lat="46.0847074" lon="11.1132593" />
      <trkpt lat="46.0846352" lon="11.1132982" />
      <trkpt lat="46.0845566" lon="11.1133371" />
      <trkpt lat="46.0845182" lon="11.1133514" />
      <trkpt lat="46.0844688" lon="11.1133657" />
      <trkpt lat="46.0844124" lon="11.1133786" />
      <trkpt lat="46.0843703" lon="11.1133818" />
      <trkpt lat="46.0843069" lon="11.1133786" />
      <trkpt lat="46.0842693" lon="11.1133750" />
      <trkpt lat="46.0842386" lon="11.1133688" />
      <trkpt lat="46.0842151" lon="11.1133558" />
      <trkpt lat="46.0841980" lon="11.1133383" />
      <trkpt lat="46.0841867" lon="11.1133155" />
      <trkpt lat="46.0841801" lon="11.1132962" />
      <trkpt lat="46.0841754" lon="11.1132787" />
      <trkpt lat="46.0841744" lon="11.1132501" />
      <trkpt lat="46.0841770" lon="11.1132229" />
      <trkpt lat="46.0841820" lon="11.1132039" />
      <trkpt lat="46.0841916" lon="11.1131831" />
      <trkpt lat="46.0842045" lon="11.1131656" />
      <trkpt lat="46.0842253" lon="11.1131529" />
      <trkpt lat="46.0844873" lon="11.1129681" />
      <trkpt lat="46.0845286" lon="11.1129379" />
      <trkpt lat="46.0845153" lon="11.1128919" />
      <trkpt lat="46.0846751" lon="11.1127499" />
      <trkpt lat="46.0848665" lon="11.1125737" />
      <trkpt lat="46.0849802" lon="11.1124253" />
      <trkpt lat="46.0850901" lon="11.1122593" />
      <trkpt lat="46.0851585" lon="11.1121368" />
      <trkpt lat="46.0852561" lon="11.1119149" />
      <trkpt lat="46.0852822" lon="11.1118403" />
      <trkpt lat="46.0853134" lon="11.1117263" />
      <trkpt lat="46.0853517" lon="11.1114792" />
      <trkpt lat="46.0853756" lon="11.1113664" />
      <trkpt lat="46.0854002" lon="11.1112835" />
      <trkpt lat="46.0853523" lon="11.1112567" />
      <trkpt lat="46.0852684" lon="11.1112378" />
      <trkpt lat="46.0852526" lon="11.1111201" />
      <trkpt lat="46.0850607" lon="11.1103498" />
      <trkpt lat="46.0852526" lon="11.1111201" />
      <trkpt lat="46.0852684" lon="11.1112378" />
      <trkpt lat="46.0853523" lon="11.1112567" />
      <trkpt lat="46.0854002" lon="11.1112835" />
      <trkpt lat="46.0853756" lon="11.1113664" />
      <trkpt lat="46.0853517" lon="11.1114792" />
      <trkpt lat="46.0853134" lon="11.1117263" />
      <trkpt lat="46.0852822" lon="11.1118403" />
      <trkpt lat="46.0852561" lon="11.1119149" />
      <trkpt lat="46.0851585" lon="11.1121368" />
      <trkpt lat="46.0850901" lon="11.1122593" />
      <trkpt lat="46.0849802" lon="11.1124253" />
      <trkpt lat="46.0848665" lon="11.1125737" />
      <trkpt lat="46.0846751" lon="11.1127499" />
      <trkpt lat="46.0845153" lon="11.1128919" />
      <trkpt lat="46.0845286" lon="11.1129379" />
      <trkpt lat="46.0844873" lon="11.1129681" />
      <trkpt lat="46.0842253" lon="11.1131529" />
      <trkpt lat="46.0842045" lon="11.1131656" />
      <trkpt lat="46.0841916" lon="11.1131831" />
      <trkpt lat="46.0841820" lon="11.1132039" />
      <trkpt lat="46.0841770" lon="11.1132229" />
      <trkpt lat="46.0841744" lon="11.1132501" />
      <trkpt lat="46.0841754" lon="11.1132787" />
      <trkpt lat="46.0841801" lon="11.1132962" />
      <trkpt lat="46.0841867" lon="11.1133155" />
      <trkpt lat="46.0841980" lon="11.1133383" />
      <trkpt lat="46.0842151" lon="11.1133558" />
      <trkpt lat="46.0842386" lon="11.1133688" />
      <trkpt lat="46.0842693" lon="11.1133750" />
      <trkpt lat="46.0843069" lon="11.1133786" />
      <trkpt lat="46.0843703" lon="11.1133818" />
      <trkpt lat="46.0844124" lon="11.1133786" />
      <trkpt lat="46.0844688" lon="11.1133657" />
      <trkpt lat="46.0845182" lon="11.1133514" />
      <trkpt lat="46.0845566" lon="11.1133371" />
      <trkpt lat="46.0846352" lon="11.1132982" />
      <trkpt lat="46.0847074" lon="11.1132593" />
      <trkpt lat="46.0848253" lon="11.1131845" />
      <trkpt lat="46.0848434" lon="11.1132385" />
      <trkpt lat="46.0852841" lon="11.1128564" />
      <trkpt lat="46.0853774" lon="11.1130998" />
      <trkpt lat="46.0856392" lon="11.1137201" />
      <trkpt lat="46.0856412" lon="11.1137627" />
      <trkpt lat="46.0856203" lon="11.1138053" />
      <trkpt lat="46.0855825" lon="11.1138852" />
      <trkpt lat="46.0854849" lon="11.1139616" />
      <trkpt lat="46.0853833" lon="11.1140984" />
      <trkpt lat="46.0848022" lon="11.1145785" />
      <trkpt lat="46.0846890" lon="11.1146933" />
      <trkpt lat="46.0846521" lon="11.1147450" />
      <trkpt lat="46.0843129" lon="11.1147089" />
      <trkpt lat="46.0842569" lon="11.1147557" />
      <trkpt lat="46.0842968" lon="11.1148860" />
      <trkpt lat="46.0843249" lon="11.1149775" />
      <trkpt lat="46.0844661" lon="11.1153409" />
      <trkpt lat="46.0846218" lon="11.1156100" />
      <trkpt lat="46.0845656" lon="11.1156903" />
      <trkpt lat="46.0844480" lon="11.1158513" />
      <trkpt lat="46.0843121" lon="11.1160386" />
      <trkpt lat="46.0841379" lon="11.1163123" />
      <trkpt lat="46.0840270" lon="11.1165063" />
      <trkpt lat="46.0837126" lon="11.1171859" />
      <trkpt lat="46.0837007" lon="11.1172115" />
      <trkpt lat="46.0835509" lon="11.1175969" />
      <trkpt lat="46.0835002" lon="11.1176803" />
      <trkpt lat="46.0834321" lon="11.1177347" />
      <trkpt lat="46.0833124" lon="11.1177983" />
      <trkpt lat="46.0829662" lon="11.1179822" />
      <trkpt lat="46.0824385" lon="11.1182626" />
      <trkpt lat="46.0821692" lon="11.1184192" />
      <trkpt lat="46.0815096" lon="11.1189513" />
      <trkpt lat="46.0814972" lon="11.1186971" />
      <trkpt lat="46.0815057" lon="11.1184980" />
      <trkpt lat="46.0815212" lon="11.1183240" />
      <trkpt lat="46.0815628" lon="11.1180880" />
      <trkpt lat="46.0816489" lon="11.1176692" />
      <trkpt lat="46.0816944" lon="11.1174477" />
      <trkpt lat="46.0817726" lon="11.1171652" />
      <trkpt lat="46.0818355" lon="11.1169386" />
      <trkpt lat="46.0818807" lon="11.1167656" />
      <trkpt lat="46.0819216" lon="11.1165927" />
      <trkpt lat="46.0819869" lon="11.1162753" />
      <trkpt lat="46.0820124" lon="11.1161387" />
      <trkpt lat="46.0820557" lon="11.1159713" />
      <trkpt lat="46.0821736" lon="11.1156619" />
      <trkpt lat="46.0822069" lon="11.1155661" />
      <trkpt lat="46.0822141" lon="11.1155091" />
      <trkpt lat="46.0822048" lon="11.1154422" />
      <trkpt lat="46.0822754" lon="11.1153769" />
      <trkpt lat="46.0823883" lon="11.1152808" />
      <trkpt lat="46.0823627" lon="11.1151166" />
      <trkpt lat="46.0823223" lon="11.1149706" />
      <trkpt lat="46.0821410" lon="11.1145526" />
      <trkpt lat="46.0820922" lon="11.1144400" />
      <trkpt lat="46.0818186" lon="11.1138091" />
      <trkpt lat="46.0813186" lon="11.1137717" />
      <trkpt lat="46.0808741" lon="11.1135614" />
      <trkpt lat="46.0808209" lon="11.1134561" />
      <trkpt lat="46.0808328" lon="11.1134098" />
      <trkpt lat="46.0808847" lon="11.1132078" />
      <trkpt lat="46.0809070" lon="11.1131248" />
      <trkpt lat="46.0809086" lon="11.1131015" />
      <trkpt lat="46.0809046" lon="11.1130803" />
      <trkpt lat="46.0808968" lon="11.1130612" />
      <trkpt lat="46.0808843" lon="11.1130442" />
      <trkpt lat="46.0806586" lon="11.1127549" />
      <trkpt lat="46.0806571" lon="11.1127054" />
      <trkpt lat="46.0806674" lon="11.1126605" />
      <trkpt lat="46.0807616" lon="11.1124896" />
      <trkpt lat="46.0808181" lon="11.1123872" />
      <trkpt lat="46.0810095" lon="11.1120435" />
      <trkpt lat="46.0818121" lon="11.1103454" />
      <trkpt lat="46.0833931" lon="11.1070901" />
      <trkpt lat="46.0836531" lon="11.1065732" />
      <trkpt lat="46.0839316" lon="11.1060089" />
      <trkpt lat="46.0841914" lon="11.1059975" />
      <trkpt lat="46.0839316" lon="11.1060089" />
      <trkpt lat="46.0836531" lon="11.1065732" />
      <trkpt lat="46.0833931" lon="11.1070901" />
      <trkpt lat="46.0818121" lon="11.1103454" />
      <trkpt lat="46.0810095" lon="11.1120435" />
      <trkpt lat="46.0809828" lon="11.1120154" />
      <trkpt lat="46.0809246" lon="11.1119418" />
      <trkpt lat="46.0814117" lon="11.1109806" />
      <trkpt lat="46.0821793" lon="11.1093790" />
      <trkpt lat="46.0826070" lon="11.1084585" />
      <trkpt lat="46.0829289" lon="11.1078000" />
      <trkpt lat="46.0832406" lon="11.1071509" />
      <trkpt lat="46.0838758" lon="11.1058579" />
      <trkpt lat="46.0841373" lon="11.1053082" />
      <trkpt lat="46.0843894" lon="11.1048093" />
      <trkpt lat="46.0847215" lon="11.1041064" />
      <trkpt lat="46.0849047" lon="11.1037136" />
      <trkpt lat="46.0848014" lon="11.1041307" />
      <trkpt lat="46.0847975" lon="11.1043349" />
      <trkpt lat="46.0848014" lon="11.1041307" />
      <trkpt lat="46.0849047" lon="11.1037136" />
      <trkpt lat="46.0847215" lon="11.1041064" />
      <trkpt lat="46.0843894" lon="11.1048093" />
      <trkpt lat="46.0841373" lon="11.1053082" />
      <trkpt lat="46.0838758" lon="11.1058579" />
      <trkpt lat="46.0832406" lon="11.1071509" />
      <trkpt lat="46.0829289" lon="11.1078000" />
      <trkpt lat="46.0826070" lon="11.1084585" />
      <trkpt lat="46.0821793" lon="11.1093790" />
      <trkpt lat="46.0814117" lon="11.1109806" />
      <trkpt lat="46.0809246" lon="11.1119418" />
      <trkpt lat="46.0807494" lon="11.1122778" />
      <trkpt lat="46.0805697" lon="11.1125973" />
      <trkpt lat="46.0802068" lon="11.1131609" />
      <trkpt lat="46.0801057" lon="11.1132891" />
      <trkpt lat="46.0800024" lon="11.1134514" />
      <trkpt lat="46.0797763" lon="11.1137426" />
      <trkpt lat="46.0796015" lon="11.1139398" />
      <trkpt lat="46.0793598" lon="11.1142125" />
      <trkpt lat="46.0788122" lon="11.1147505" />
      <trkpt lat="46.0782688" lon="11.1152045" />
      <trkpt lat="46.0780088" lon="11.1154027" />
      <trkpt lat="46.0776843" lon="11.1156375" />
      <trkpt lat="46.0775785" lon="11.1157040" />
      <trkpt lat="46.0775678" lon="11.1156968" />
      <trkpt lat="46.0775432" lon="11.1156220" />
      <trkpt lat="46.0772669" lon="11.1147147" />
      <trkpt lat="46.0772409" lon="11.1146190" />
      <trkpt lat="46.0773113" lon="11.1145790" />
      <trkpt lat="46.0775085" lon="11.1144453" />
      <trkpt lat="46.0777788" lon="11.1142318" />
      <trkpt lat="46.0779992" lon="11.1140500" />
      <trkpt lat="46.0782246" lon="11.1138497" />
      <trkpt lat="46.0783662" lon="11.1137157" />
      <trkpt lat="46.0784304" lon="11.1136582" />
      <trkpt lat="46.0786175" lon="11.1134730" />
      <trkpt lat="46.0787808" lon="11.1133017" />
      <trkpt lat="46.0789901" lon="11.1130803" />
      <trkpt lat="46.0790374" lon="11.1129876" />
      <trkpt lat="46.0790721" lon="11.1128724" />
      <trkpt lat="46.0790958" lon="11.1127867" />
      <trkpt lat="46.0791795" lon="11.1124997" />
      <trkpt lat="46.0792427" lon="11.1122611" />
      <trkpt lat="46.0792742" lon="11.1121384" />
      <trkpt lat="46.0793428" lon="11.1121693" />
      <trkpt lat="46.0794319" lon="11.1121762" />
      <trkpt lat="46.0795002" lon="11.1121634" />
      <trkpt lat="46.0795796" lon="11.1121291" />
      <trkpt lat="46.0796248" lon="11.1120867" />
      <trkpt lat="46.0796690" lon="11.1120347" />
      <trkpt lat="46.0797491" lon="11.1119002" />
      <trkpt lat="46.0798349" lon="11.1117214" />
      <trkpt lat="46.0803934" lon="11.1105719" />
      <trkpt lat="46.0806891" lon="11.1099987" />
      <trkpt lat="46.0809922" lon="11.1093852" />
      <trkpt lat="46.0813019" lon="11.1087493" />
      <trkpt lat="46.0815976" lon="11.1081401" />
      <trkpt lat="46.0818361" lon="11.1076418" />
      <trkpt lat="46.0822413" lon="11.1068076" />
      <trkpt lat="46.0824709" lon="11.1063355" />
      <trkpt lat="46.0825587" lon="11.1061464" />
      <trkpt lat="46.0826353" lon="11.1059573" />
      <trkpt lat="46.0827288" lon="11.1057355" />
      <trkpt lat="46.0828461" lon="11.1054090" />
      <trkpt lat="46.0830767" lon="11.1049278" />
      <trkpt lat="46.0832393" lon="11.1045886" />
      <trkpt lat="46.0834639" lon="11.1042618" />
      <trkpt lat="46.0835095" lon="11.1041956" />
      <trkpt lat="46.0835353" lon="11.1041505" />
      <trkpt lat="46.0842303" lon="11.1027030" />
      <trkpt lat="46.0845086" lon="11.1021643" />
      <trkpt lat="46.0849281" lon="11.1013797" />
      <trkpt lat="46.0855109" lon="11.1004525" />
      <trkpt lat="46.0856611" lon="11.1002427" />
      <trkpt lat="46.0861294" lon="11.0995762" />
      <trkpt lat="46.0861039" lon="11.0995397" />
      <trkpt lat="46.0860423" lon="11.0993263" />
      <trkpt lat="46.0859879" lon="11.0992045" />
      <trkpt lat="46.0861202" lon="11.0992244" />
      <trkpt lat="46.0861897" lon="11.0992325" />
      <trkpt lat="46.0862506" lon="11.0992281" />
      <trkpt lat="46.0862907" lon="11.0991946" />
      <trkpt lat="46.0863371" lon="11.0991413" />
      <trkpt lat="46.0876392" lon="11.0976715" />
      <trkpt lat="46.0877016" lon="11.0975552" />
      <trkpt lat="46.0877604" lon="11.0974455" />
      <trkpt lat="46.0878921" lon="11.0970717" />
      <trkpt lat="46.0880134" lon="11.0966075" />
      <trkpt lat="46.0880530" lon="11.0965242" />
      <trkpt lat="46.0881100" lon="11.0964327" />
      <trkpt lat="46.0884428" lon="11.0960514" />
      <trkpt lat="46.0888288" lon="11.0957025" />
      <trkpt lat="46.0883698" lon="11.0946261" />
      <trkpt lat="46.0881522" lon="11.0946320" />
      <trkpt lat="46.0876041" lon="11.0946394" />
      <trkpt lat="46.0874748" lon="11.0945480" />
      <trkpt lat="46.0874945" lon="11.0945255" />
      <trkpt lat="46.0876410" lon="11.0943450" />
      <trkpt lat="46.0878256" lon="11.0941239" />
      <trkpt lat="46.0880100" lon="11.0939261" />
      <trkpt lat="46.0882819" lon="11.0936299" />
      <trkpt lat="46.0883477" lon="11.0935631" />
      <trkpt lat="46.0884375" lon="11.0935035" />
      <trkpt lat="46.0884833" lon="11.0934778" />
      <trkpt lat="46.0885580" lon="11.0934708" />
      <trkpt lat="46.0887714" lon="11.0934643" />
      <trkpt lat="46.0888196" lon="11.0934563" />
      <trkpt lat="46.0888635" lon="11.0934428" />
      <trkpt lat="46.0890631" lon="11.0933150" />
      <trkpt lat="46.0892060" lon="11.0932034" />
      <trkpt lat="46.0893560" lon="11.0930594" />
      <trkpt lat="46.0894136" lon="11.0929864" />
      <trkpt lat="46.0894955" lon="11.0930725" />
      <trkpt lat="46.0894398" lon="11.0931280" />
      <trkpt lat="46.0893378" lon="11.0931882" />
      <trkpt lat="46.0891365" lon="11.0933331" />
      <trkpt lat="46.0889341" lon="11.0934745" />
      <trkpt lat="46.0888837" lon="11.0935097" />
      <trkpt lat="46.0889341" lon="11.0934745" />
      <trkpt lat="46.0891365" lon="11.0933331" />
      <trkpt lat="46.0893378" lon="11.0931882" />
      <trkpt lat="46.0894398" lon="11.0931280" />
      <trkpt lat="46.0894955" lon="11.0930725" />
      <trkpt lat="46.0894136" lon="11.0929864" />
      <trkpt lat="46.0893560" lon="11.0930594" />
      <trkpt lat="46.0892060" lon="11.0932034" />
      <trkpt lat="46.0890631" lon="11.0933150" />
      <trkpt lat="46.0888635" lon="11.0934428" />
      <trkpt lat="46.0888196" lon="11.0934563" />
      <trkpt lat="46.0887714" lon="11.0934643" />
      <trkpt lat="46.0885580" lon="11.0934708" />
      <trkpt lat="46.0884833" lon="11.0934778" />
      <trkpt lat="46.0884375" lon="11.0935035" />
      <trkpt lat="46.0883477" lon="11.0935631" />
      <trkpt lat="46.0882819" lon="11.0936299" />
      <trkpt lat="46.0880100" lon="11.0939261" />
      <trkpt lat="46.0878256" lon="11.0941239" />
      <trkpt lat="46.0876410" lon="11.0943450" />
      <trkpt lat="46.0874945" lon="11.0945255" />
      <trkpt lat="46.0874748" lon="11.0945480" />
      <trkpt lat="46.0873458" lon="11.0947150" />
      <trkpt lat="46.0871827" lon="11.0949757" />
      <trkpt lat="46.0870094" lon="11.0952290" />
      <trkpt lat="46.0867835" lon="11.0955312" />
      <trkpt lat="46.0866780" lon="11.0956201" />
      <trkpt lat="46.0865808" lon="11.0956667" />
      <trkpt lat="46.0865023" lon="11.0956905" />
      <trkpt lat="46.0864152" lon="11.0957168" />
      <trkpt lat="46.0863179" lon="11.0957333" />
      <trkpt lat="46.0862343" lon="11.0957226" />
      <trkpt lat="46.0860914" lon="11.0956923" />
      <trkpt lat="46.0860023" lon="11.0956709" />
      <trkpt lat="46.0859418" lon="11.0956692" />
      <trkpt lat="46.0858964" lon="11.0956857" />
      <trkpt lat="46.0857798" lon="11.0957455" />
      <trkpt lat="46.0856746" lon="11.0958545" />
      <trkpt lat="46.0853672" lon="11.0960922" />
      <trkpt lat="46.0852492" lon="11.0962010" />
      <trkpt lat="46.0851936" lon="11.0962522" />
      <trkpt lat="46.0851097" lon="11.0963292" />
      <trkpt lat="46.0850239" lon="11.0964363" />
      <trkpt lat="46.0848653" lon="11.0966541" />
      <trkpt lat="46.0848148" lon="11.0967387" />
      <trkpt lat="46.0847672" lon="11.0968521" />
      <trkpt lat="46.0847059" lon="11.0970469" />
      <trkpt lat="46.0846521" lon="11.0973021" />
      <trkpt lat="46.0845871" lon="11.0976212" />
      <trkpt lat="46.0845576" lon="11.0977485" />
      <trkpt lat="46.0845516" lon="11.0978806" />
      <trkpt lat="46.0844933" lon="11.0978151" />
      <trkpt lat="46.0843836" lon="11.0977803" />
      <trkpt lat="46.0842701" lon="11.0976944" />
      <trkpt lat="46.0841994" lon="11.0975871" />
      <trkpt lat="46.0841603" lon="11.0976220" />
      <trkpt lat="46.0841213" lon="11.0975979" />
      <trkpt lat="46.0840606" lon="11.0975490" />
      <trkpt lat="46.0840190" lon="11.0974107" />
      <trkpt lat="46.0839192" lon="11.0974262" />
      <trkpt lat="46.0838435" lon="11.0974686" />
      <trkpt lat="46.0837635" lon="11.0973841" />
      <trkpt lat="46.0836670" lon="11.0972691" />
      <trkpt lat="46.0836893" lon="11.0970796" />
      <trkpt lat="46.0835578" lon="11.0969996" />
      <trkpt lat="46.0836526" lon="11.0969558" />
      <trkpt lat="46.0836368" lon="11.0969102" />
      <trkpt lat="46.0837633" lon="11.0968539" />
      <trkpt lat="46.0838359" lon="11.0966769" />
      <trkpt lat="46.0839122" lon="11.0965897" />
      <trkpt lat="46.0839150" lon="11.0965253" />
      <trkpt lat="46.0838424" lon="11.0964704" />
      <trkpt lat="46.0838889" lon="11.0964409" />
      <trkpt lat="46.0839047" lon="11.0963067" />
      <trkpt lat="46.0839875" lon="11.0962933" />
      <trkpt lat="46.0840312" lon="11.0962223" />
      <trkpt lat="46.0840908" lon="11.0961699" />
      <trkpt lat="46.0840936" lon="11.0960814" />
      <trkpt lat="46.0840396" lon="11.0959916" />
      <trkpt lat="46.0841140" lon="11.0958481" />
      <trkpt lat="46.0841456" lon="11.0958682" />
      <trkpt lat="46.0841847" lon="11.0958602" />
      <trkpt lat="46.0842089" lon="11.0958146" />
      <trkpt lat="46.0842219" lon="11.0957153" />
      <trkpt lat="46.0843010" lon="11.0956402" />
      <trkpt lat="46.0843075" lon="11.0955302" />
      <trkpt lat="46.0842284" lon="11.0953894" />
      <trkpt lat="46.0842824" lon="11.0952902" />
      <trkpt lat="46.0842975" lon="11.0952285" />
      <trkpt lat="46.0841838" lon="11.0949992" />
      <trkpt lat="46.0841029" lon="11.0948905" />
      <trkpt lat="46.0840554" lon="11.0948154" />
      <trkpt lat="46.0839326" lon="11.0947993" />
      <trkpt lat="46.0835764" lon="11.0949495" />
      <trkpt lat="46.0834778" lon="11.0948932" />
      <trkpt lat="46.0831410" lon="11.0942575" />
      <trkpt lat="46.0830341" lon="11.0942106" />
      <trkpt lat="46.0829001" lon="11.0942878" />
      <trkpt lat="46.0827872" lon="11.0942694" />
      <trkpt lat="46.0825634" lon="11.0943125" />
      <trkpt lat="46.0824694" lon="11.0940872" />
      <trkpt lat="46.0825587" lon="11.0937063" />
      <trkpt lat="46.0825513" lon="11.0936031" />
      <trkpt lat="46.0824750" lon="11.0935226" />
      <trkpt lat="46.0823345" lon="11.0934730" />
      <trkpt lat="46.0822108" lon="11.0934287" />
      <trkpt lat="46.0821383" lon="11.0934059" />
      <trkpt lat="46.0819931" lon="11.0933965" />
      <trkpt lat="46.0819243" lon="11.0933804" />
      <trkpt lat="46.0818378" lon="11.0933711" />
      <trkpt lat="46.0816657" lon="11.0933308" />
      <trkpt lat="46.0815745" lon="11.0932276" />
      <trkpt lat="46.0813199" lon="11.0932126" />
      <trkpt lat="46.0812327" lon="11.0931415" />
      <trkpt lat="46.0813486" lon="11.0931290" />
      <trkpt lat="46.0812506" lon="11.0930027" />
      <trkpt lat="46.0814314" lon="11.0930217" />
      <trkpt lat="46.0813665" lon="11.0929293" />
      <trkpt lat="46.0811971" lon="11.0928270" />
      <trkpt lat="46.0813059" lon="11.0928057" />
      <trkpt lat="46.0812480" lon="11.0927066" />
      <trkpt lat="46.0813600" lon="11.0926820" />
      <trkpt lat="46.0812395" lon="11.0924904" />
      <trkpt lat="46.0811721" lon="11.0922191" />
      <trkpt lat="46.0811569" lon="11.0919669" />
      <trkpt lat="46.0811085" lon="11.0917577" />
      <trkpt lat="46.0811057" lon="11.0916786" />
      <trkpt lat="46.0811364" lon="11.0915793" />
      <trkpt lat="46.0812238" lon="11.0914519" />
      <trkpt lat="46.0813187" lon="11.0913219" />
      <trkpt lat="46.0813876" lon="11.0911757" />
      <trkpt lat="46.0814443" lon="11.0909101" />
      <trkpt lat="46.0815001" lon="11.0908377" />
      <trkpt lat="46.0815380" lon="11.0907722" />
      <trkpt lat="46.0815898" lon="11.0906464" />
      <trkpt lat="46.0816787" lon="11.0902798" />
      <trkpt lat="46.0817001" lon="11.0901766" />
      <trkpt lat="46.0817364" lon="11.0900706" />
      <trkpt lat="46.0818099" lon="11.0899727" />
      <trkpt lat="46.0819641" lon="11.0897946" />
      <trkpt lat="46.0822080" lon="11.0896280" />
      <trkpt lat="46.0822694" lon="11.0895422" />
      <trkpt lat="46.0823602" lon="11.0893723" />
      <trkpt lat="46.0824286" lon="11.0891686" />
      <trkpt lat="46.0824905" lon="11.0889747" />
      <trkpt lat="46.0825114" lon="11.0889039" />
      <trkpt lat="46.0825059" lon="11.0887945" />
      <trkpt lat="46.0824594" lon="11.0887256" />
      <trkpt lat="46.0823941" lon="11.0885511" />
      <trkpt lat="46.0823827" lon="11.0883920" />
      <trkpt lat="46.0823900" lon="11.0881427" />
      <trkpt lat="46.0824515" lon="11.0878893" />
      <trkpt lat="46.0824762" lon="11.0878772" />
      <trkpt lat="46.0824896" lon="11.0879071" />
      <trkpt lat="46.0825061" lon="11.0880007" />
      <trkpt lat="46.0825227" lon="11.0882792" />
      <trkpt lat="46.0825443" lon="11.0884081" />
      <trkpt lat="46.0826035" lon="11.0885528" />
      <trkpt lat="46.0827600" lon="11.0888959" />
      <trkpt lat="46.0828501" lon="11.0891405" />
      <trkpt lat="46.0828769" lon="11.0891732" />
      <trkpt lat="46.0829091" lon="11.0891822" />
      <trkpt lat="46.0829235" lon="11.0891434" />
      <trkpt lat="46.0829253" lon="11.0890708" />
      <trkpt lat="46.0828794" lon="11.0889325" />
      <trkpt lat="46.0828745" lon="11.0886105" />
      <trkpt lat="46.0828842" lon="11.0885622" />
      <trkpt lat="46.0829091" lon="11.0885460" />
      <trkpt lat="46.0829422" lon="11.0885958" />
      <trkpt lat="46.0829599" lon="11.0886720" />
      <trkpt lat="46.0830122" lon="11.0888427" />
      <trkpt lat="46.0831466" lon="11.0889845" />
      <trkpt lat="46.0831958" lon="11.0890942" />
      <trkpt lat="46.0832526" lon="11.0893443" />
      <trkpt lat="46.0832545" lon="11.0894229" />
      <trkpt lat="46.0832340" lon="11.0895865" />
      <trkpt lat="46.0832034" lon="11.0897595" />
      <trkpt lat="46.0830671" lon="11.0901724" />
      <trkpt lat="46.0830353" lon="11.0903209" />
      <trkpt lat="46.0830452" lon="11.0904300" />
      <trkpt lat="46.0831075" lon="11.0906017" />
      <trkpt lat="46.0832506" lon="11.0907632" />
      <trkpt lat="46.0833354" lon="11.0908458" />
      <trkpt lat="46.0834784" lon="11.0910086" />
      <trkpt lat="46.0835266" lon="11.0911104" />
      <trkpt lat="46.0836010" lon="11.0911950" />
      <trkpt lat="46.0838093" lon="11.0913182" />
      <trkpt lat="46.0840443" lon="11.0913616" />
      <trkpt lat="46.0840926" lon="11.0913701" />
      <trkpt lat="46.0841479" lon="11.0913451" />
      <trkpt lat="46.0841270" lon="11.0912749" />
      <trkpt lat="46.0839382" lon="11.0911341" />
      <trkpt lat="46.0838898" lon="11.0910657" />
      <trkpt lat="46.0838461" lon="11.0909504" />
      <trkpt lat="46.0838368" lon="11.0908565" />
      <trkpt lat="46.0838136" lon="11.0907626" />
      <trkpt lat="46.0838164" lon="11.0907184" />
      <trkpt lat="46.0838508" lon="11.0906848" />
      <trkpt lat="46.0840573" lon="11.0907304" />
      <trkpt lat="46.0841484" lon="11.0908243" />
      <trkpt lat="46.0842591" lon="11.0908082" />
      <trkpt lat="46.0843549" lon="11.0908256" />
      <trkpt lat="46.0844145" lon="11.0908739" />
      <trkpt lat="46.0845149" lon="11.0909584" />
      <trkpt lat="46.0846872" lon="11.0909755" />
      <trkpt lat="46.0847839" lon="11.0909207" />
      <trkpt lat="46.0848754" lon="11.0907594" />
      <trkpt lat="46.0853455" lon="11.0905045" />
      <trkpt lat="46.0853909" lon="11.0905014" />
      <trkpt lat="46.0854301" lon="11.0904774" />
      <trkpt lat="46.0854522" lon="11.0904370" />
      <trkpt lat="46.0854366" lon="11.0903988" />
      <trkpt lat="46.0852577" lon="11.0903900" />
      <trkpt lat="46.0850670" lon="11.0903584" />
      <trkpt lat="46.0848679" lon="11.0901947" />
      <trkpt lat="46.0847131" lon="11.0898785" />
      <trkpt lat="46.0846829" lon="11.0897801" />
      <trkpt lat="46.0846807" lon="11.0897460" />
      <trkpt lat="46.0846962" lon="11.0897426" />
      <trkpt lat="46.0847148" lon="11.0897509" />
      <trkpt lat="46.0848632" lon="11.0899004" />
      <trkpt lat="46.0850802" lon="11.0899337" />
      <trkpt lat="46.0850850" lon="11.0899005" />
      <trkpt lat="46.0850157" lon="11.0898506" />
      <trkpt lat="46.0848550" lon="11.0897108" />
      <trkpt lat="46.0847827" lon="11.0895565" />
      <trkpt lat="46.0848022" lon="11.0895134" />
      <trkpt lat="46.0848470" lon="11.0895428" />
      <trkpt lat="46.0850309" lon="11.0897131" />
      <trkpt lat="46.0852191" lon="11.0897589" />
      <trkpt lat="46.0853407" lon="11.0896883" />
      <trkpt lat="46.0853530" lon="11.0896353" />
      <trkpt lat="46.0852879" lon="11.0896265" />
      <trkpt lat="46.0851682" lon="11.0895750" />
      <trkpt lat="46.0850357" lon="11.0895107" />
      <trkpt lat="46.0849669" lon="11.0894079" />
      <trkpt lat="46.0850096" lon="11.0893551" />
      <trkpt lat="46.0851235" lon="11.0893874" />
      <trkpt lat="46.0852425" lon="11.0894423" />
      <trkpt lat="46.0853915" lon="11.0894400" />
      <trkpt lat="46.0854879" lon="11.0893828" />
      <trkpt lat="46.0854936" lon="11.0893082" />
      <trkpt lat="46.0854570" lon="11.0892701" />
      <trkpt lat="46.0853611" lon="11.0892872" />
      <trkpt lat="46.0852142" lon="11.0891594" />
      <trkpt lat="46.0850958" lon="11.0889165" />
      <trkpt lat="46.0851113" lon="11.0888216" />
      <trkpt lat="46.0853196" lon="11.0888461" />
      <trkpt lat="46.0853979" lon="11.0888367" />
      <trkpt lat="46.0855749" lon="11.0886984" />
      <trkpt lat="46.0857907" lon="11.0886525" />
      <trkpt lat="46.0858901" lon="11.0886222" />
      <trkpt lat="46.0859594" lon="11.0884970" />
      <trkpt lat="46.0860349" lon="11.0883937" />
      <trkpt lat="46.0862120" lon="11.0883991" />
      <trkpt lat="46.0864812" lon="11.0882783" />
      <trkpt lat="46.0869110" lon="11.0882254" />
      <trkpt lat="46.0872423" lon="11.0881795" />
      <trkpt lat="46.0876119" lon="11.0880535" />
      <trkpt lat="46.0877750" lon="11.0880212" />
      <trkpt lat="46.0879272" lon="11.0879914" />
      <trkpt lat="46.0880975" lon="11.0878787" />
      <trkpt lat="46.0883281" lon="11.0877251" />
      <trkpt lat="46.0885273" lon="11.0874231" />
      <trkpt lat="46.0889842" lon="11.0870258" />
      <trkpt lat="46.0890672" lon="11.0867436" />
      <trkpt lat="46.0891269" lon="11.0866520" />
      <trkpt lat="46.0891859" lon="11.0866221" />
      <trkpt lat="46.0891664" lon="11.0865216" />
      <trkpt lat="46.0891787" lon="11.0863960" />
      <trkpt lat="46.0892196" lon="11.0861331" />
      <trkpt lat="46.0892568" lon="11.0858274" />
      <trkpt lat="46.0892866" lon="11.0853821" />
      <trkpt lat="46.0893361" lon="11.0849823" />
      <trkpt lat="46.0893424" lon="11.0849315" />
      <trkpt lat="46.0893796" lon="11.0846311" />
      <trkpt lat="46.0894142" lon="11.0845227" />
      <trkpt lat="46.0894341" lon="11.0843396" />
      <trkpt lat="46.0896549" lon="11.0832791" />
      <trkpt lat="46.0897093" lon="11.0829182" />
      <trkpt lat="46.0897126" lon="11.0828964" />
      <trkpt lat="46.0898561" lon="11.0825374" />
      <trkpt lat="46.0900058" lon="11.0820335" />
      <trkpt lat="46.0901642" lon="11.0816857" />
      <trkpt lat="46.0902170" lon="11.0815181" />
      <trkpt lat="46.0902725" lon="11.0811887" />
      <trkpt lat="46.0902831" lon="11.0807698" />
      <trkpt lat="46.0902566" lon="11.0801098" />
      <trkpt lat="46.0901020" lon="11.0799412" />
      <trkpt lat="46.0898700" lon="11.0798969" />
      <trkpt lat="46.0898031" lon="11.0799291" />
      <trkpt lat="46.0896282" lon="11.0798808" />
      <trkpt lat="46.0894719" lon="11.0798808" />
      <trkpt lat="46.0893417" lon="11.0797789" />
      <trkpt lat="46.0892971" lon="11.0796555" />
      <trkpt lat="46.0892301" lon="11.0795214" />
      <trkpt lat="46.0890813" lon="11.0793926" />
      <trkpt lat="46.0889399" lon="11.0792693" />
      <trkpt lat="46.0886646" lon="11.0791888" />
      <trkpt lat="46.0885865" lon="11.0791083" />
      <trkpt lat="46.0885530" lon="11.0790225" />
      <trkpt lat="46.0884968" lon="11.0789256" />
      <trkpt lat="46.0884042" lon="11.0788562" />
      <trkpt lat="46.0881549" lon="11.0787543" />
      <trkpt lat="46.0880061" lon="11.0786631" />
      <trkpt lat="46.0879131" lon="11.0786202" />
      <trkpt lat="46.0878647" lon="11.0784914" />
      <trkpt lat="46.0878387" lon="11.0783627" />
      <trkpt lat="46.0878312" lon="11.0781910" />
      <trkpt lat="46.0877643" lon="11.0780784" />
      <trkpt lat="46.0876824" lon="11.0780086" />
      <trkpt lat="46.0876229" lon="11.0780033" />
      <trkpt lat="46.0874778" lon="11.0780515" />
      <trkpt lat="46.0874592" lon="11.0779603" />
      <trkpt lat="46.0875187" lon="11.0777940" />
      <trkpt lat="46.0875560" lon="11.0777023" />
      <trkpt lat="46.0875174" lon="11.0776628" />
      <trkpt lat="46.0875124" lon="11.0776197" />
      <trkpt lat="46.0875319" lon="11.0775739" />
      <trkpt lat="46.0875063" lon="11.0775847" />
      <trkpt lat="46.0874883" lon="11.0775943" />
      <trkpt lat="46.0874416" lon="11.0775524" />
      <trkpt lat="46.0872663" lon="11.0775661" />
      <trkpt lat="46.0874416" lon="11.0775524" />
      <trkpt lat="46.0874852" lon="11.0775231" />
      <trkpt lat="46.0875299" lon="11.0775071" />
      <trkpt lat="46.0876247" lon="11.0774024" />
      <trkpt lat="46.0876396" lon="11.0772871" />
      <trkpt lat="46.0876192" lon="11.0771825" />
      <trkpt lat="46.0875615" lon="11.0770618" />
      <trkpt lat="46.0874524" lon="11.0769063" />
      <trkpt lat="46.0871919" lon="11.0767668" />
      <trkpt lat="46.0869427" lon="11.0764396" />
      <trkpt lat="46.0866971" lon="11.0762519" />
      <trkpt lat="46.0866295" lon="11.0761901" />
      <trkpt lat="46.0865383" lon="11.0760935" />
      <trkpt lat="46.0864844" lon="11.0759245" />
      <trkpt lat="46.0864211" lon="11.0758119" />
      <trkpt lat="46.0863170" lon="11.0756429" />
      <trkpt lat="46.0862332" lon="11.0755303" />
      <trkpt lat="46.0861960" lon="11.0754793" />
      <trkpt lat="46.0861675" lon="11.0754148" />
      <trkpt lat="46.0860410" lon="11.0754792" />
      <trkpt lat="46.0857062" lon="11.0753772" />
      <trkpt lat="46.0855797" lon="11.0752968" />
      <trkpt lat="46.0854011" lon="11.0752378" />
      <trkpt lat="46.0852932" lon="11.0751412" />
      <trkpt lat="46.0851332" lon="11.0752217" />
      <trkpt lat="46.0850178" lon="11.0752485" />
      <trkpt lat="46.0849211" lon="11.0752914" />
      <trkpt lat="46.0848058" lon="11.0752968" />
      <trkpt lat="46.0847127" lon="11.0752485" />
      <trkpt lat="46.0844895" lon="11.0752592" />
      <trkpt lat="46.0843518" lon="11.0752968" />
      <trkpt lat="46.0843010" lon="11.0753399" />
      <trkpt lat="46.0841670" lon="11.0753077" />
      <trkpt lat="46.0837050" lon="11.0750040" />
      <trkpt lat="46.0837685" lon="11.0748538" />
      <trkpt lat="46.0839960" lon="11.0747057" />
      <trkpt lat="46.0842006" lon="11.0745501" />
      <trkpt lat="46.0843165" lon="11.0743232" />
      <trkpt lat="46.0843940" lon="11.0740471" />
      <trkpt lat="46.0843098" lon="11.0739424" />
      <trkpt lat="46.0842101" lon="11.0738477" />
      <trkpt lat="46.0840531" lon="11.0737653" />
      <trkpt lat="46.0839117" lon="11.0735990" />
      <trkpt lat="46.0838001" lon="11.0734757" />
      <trkpt lat="46.0837331" lon="11.0733362" />
      <trkpt lat="46.0837415" lon="11.0732012" />
      <trkpt lat="46.0839112" lon="11.0730171" />
      <trkpt lat="46.0840047" lon="11.0729285" />
      <trkpt lat="46.0841424" lon="11.0728480" />
      <trkpt lat="46.0842503" lon="11.0727676" />
      <trkpt lat="46.0843470" lon="11.0726334" />
      <trkpt lat="46.0844624" lon="11.0725262" />
      <trkpt lat="46.0845331" lon="11.0725315" />
      <trkpt lat="46.0845628" lon="11.0724725" />
      <trkpt lat="46.0845712" lon="11.0724105" />
      <trkpt lat="46.0845267" lon="11.0723510" />
      <trkpt lat="46.0844697" lon="11.0722905" />
      <trkpt lat="46.0844549" lon="11.0722365" />
      <trkpt lat="46.0844539" lon="11.0721814" />
      <trkpt lat="46.0845246" lon="11.0720403" />
      <trkpt lat="46.0845682" lon="11.0719616" />
      <trkpt lat="46.0846312" lon="11.0718671" />
      <trkpt lat="46.0846671" lon="11.0718326" />
      <trkpt lat="46.0847284" lon="11.0717939" />
      <trkpt lat="46.0848209" lon="11.0717118" />
      <trkpt lat="46.0848564" lon="11.0716793" />
      <trkpt lat="46.0849312" lon="11.0715686" />
      <trkpt lat="46.0849645" lon="11.0715188" />
      <trkpt lat="46.0849914" lon="11.0714579" />
      <trkpt lat="46.0850769" lon="11.0712530" />
      <trkpt lat="46.0851065" lon="11.0712511" />
      <trkpt lat="46.0853280" lon="11.0712903" />
      <trkpt lat="46.0854223" lon="11.0713156" />
      <trkpt lat="46.0854837" lon="11.0713085" />
      <trkpt lat="46.0855440" lon="11.0712831" />
      <trkpt lat="46.0860312" lon="11.0707205" />
      <trkpt lat="46.0860897" lon="11.0706416" />
      <trkpt lat="46.0861394" lon="11.0705163" />
      <trkpt lat="46.0861686" lon="11.0703991" />
      <trkpt lat="46.0861754" lon="11.0703008" />
      <trkpt lat="46.0861715" lon="11.0701843" />
      <trkpt lat="46.0861399" lon="11.0700659" />
      <trkpt lat="46.0859879" lon="11.0696425" />
      <trkpt lat="46.0859265" lon="11.0695376" />
      <trkpt lat="46.0858592" lon="11.0694679" />
      <trkpt lat="46.0857442" lon="11.0694397" />
      <trkpt lat="46.0857174" lon="11.0694335" />
      <trkpt lat="46.0856774" lon="11.0694723" />
      <trkpt lat="46.0855930" lon="11.0695495" />
      <trkpt lat="46.0855020" lon="11.0696699" />
      <trkpt lat="46.0853073" lon="11.0699324" />
      <trkpt lat="46.0849082" lon="11.0704657" />
      <trkpt lat="46.0846473" lon="11.0708249" />
      <trkpt lat="46.0845952" lon="11.0708927" />
      <trkpt lat="46.0845769" lon="11.0709229" />
      <trkpt lat="46.0845637" lon="11.0709531" />
      <trkpt lat="46.0845399" lon="11.0710391" />
      <trkpt lat="46.0845076" lon="11.0710742" />
      <trkpt lat="46.0844799" lon="11.0711064" />
      <trkpt lat="46.0845389" lon="11.0709454" />
      <trkpt lat="46.0845609" lon="11.0708812" />
      <trkpt lat="46.0845854" lon="11.0708236" />
      <trkpt lat="46.0849104" lon="11.0703610" />
      <trkpt lat="46.0850155" lon="11.0702226" />
      <trkpt lat="46.0851813" lon="11.0700062" />
      <trkpt lat="46.0853134" lon="11.0698263" />
      <trkpt lat="46.0855832" lon="11.0694722" />
      <trkpt lat="46.0855925" lon="11.0694548" />
      <trkpt lat="46.0855981" lon="11.0694387" />
      <trkpt lat="46.0856004" lon="11.0694179" />
      <trkpt lat="46.0856008" lon="11.0693971" />
      <trkpt lat="46.0855994" lon="11.0693763" />
      <trkpt lat="46.0855948" lon="11.0693529" />
      <trkpt lat="46.0855878" lon="11.0693321" />
      <trkpt lat="46.0855781" lon="11.0693133" />
      <trkpt lat="46.0855636" lon="11.0692939" />
      <trkpt lat="46.0855502" lon="11.0692818" />
      <trkpt lat="46.0855325" lon="11.0692744" />
      <trkpt lat="46.0855222" lon="11.0692730" />
      <trkpt lat="46.0855277" lon="11.0692276" />
      <trkpt lat="46.0854469" lon="11.0692432" />
      <trkpt lat="46.0849520" lon="11.0697653" />
      <trkpt lat="46.0844800" lon="11.0703124" />
      <trkpt lat="46.0844014" lon="11.0703962" />
      <trkpt lat="46.0843442" lon="11.0704541" />
      <trkpt lat="46.0842646" lon="11.0705157" />
      <trkpt lat="46.0841766" lon="11.0705562" />
      <trkpt lat="46.0840911" lon="11.0705672" />
      <trkpt lat="46.0840098" lon="11.0705496" />
      <trkpt lat="46.0839302" lon="11.0705193" />
      <trkpt lat="46.0838527" lon="11.0704829" />
      <trkpt lat="46.0837755" lon="11.0704140" />
      <trkpt lat="46.0837264" lon="11.0703421" />
      <trkpt lat="46.0836844" lon="11.0702686" />
      <trkpt lat="46.0836507" lon="11.0701770" />
      <trkpt lat="46.0836263" lon="11.0700827" />
      <trkpt lat="46.0836041" lon="11.0699507" />
      <trkpt lat="46.0835722" lon="11.0696809" />
      <trkpt lat="46.0835384" lon="11.0693425" />
      <trkpt lat="46.0835010" lon="11.0690461" />
      <trkpt lat="46.0834622" lon="11.0687530" />
      <trkpt lat="46.0834338" lon="11.0684566" />
      <trkpt lat="46.0834183" lon="11.0681595" />
      <trkpt lat="46.0834186" lon="11.0679629" />
      <trkpt lat="46.0834181" lon="11.0678577" />
      <trkpt lat="46.0834215" lon="11.0677506" />
      <trkpt lat="46.0834743" lon="11.0668528" />
      <trkpt lat="46.0835377" lon="11.0657757" />
      <trkpt lat="46.0835539" lon="11.0654124" />
      <trkpt lat="46.0835457" lon="11.0652290" />
      <trkpt lat="46.0835346" lon="11.0650907" />
      <trkpt lat="46.0832967" lon="11.0653016" />
      <trkpt lat="46.0830228" lon="11.0655775" />
      <trkpt lat="46.0827228" lon="11.0658742" />
      <trkpt lat="46.0825256" lon="11.0660029" />
      <trkpt lat="46.0824847" lon="11.0660393" />
      <trkpt lat="46.0824680" lon="11.0660649" />
      <trkpt lat="46.0824417" lon="11.0661151" />
      <trkpt lat="46.0824127" lon="11.0661969" />
      <trkpt lat="46.0823617" lon="11.0663578" />
      <trkpt lat="46.0823513" lon="11.0664171" />
      <trkpt lat="46.0823542" lon="11.0665271" />
      <trkpt lat="46.0823976" lon="11.0671122" />
      <trkpt lat="46.0823944" lon="11.0671719" />
      <trkpt lat="46.0823801" lon="11.0672731" />
      <trkpt lat="46.0823698" lon="11.0673589" />
      <trkpt lat="46.0823637" lon="11.0674232" />
      <trkpt lat="46.0823619" lon="11.0674574" />
      <trkpt lat="46.0823617" lon="11.0675347" />
      <trkpt lat="46.0823603" lon="11.0676324" />
      <trkpt lat="46.0823609" lon="11.0678139" />
      <trkpt lat="46.0823564" lon="11.0679257" />
      <trkpt lat="46.0823609" lon="11.0678139" />
      <trkpt lat="46.0823603" lon="11.0676324" />
      <trkpt lat="46.0823617" lon="11.0675347" />
      <trkpt lat="46.0823619" lon="11.0674574" />
      <trkpt lat="46.0823637" lon="11.0674232" />
      <trkpt lat="46.0823698" lon="11.0673589" />
      <trkpt lat="46.0823801" lon="11.0672731" />
      <trkpt lat="46.0823944" lon="11.0671719" />
      <trkpt lat="46.0823976" lon="11.0671122" />
      <trkpt lat="46.0823542" lon="11.0665271" />
      <trkpt lat="46.0823513" lon="11.0664171" />
      <trkpt lat="46.0823617" lon="11.0663578" />
      <trkpt lat="46.0822899" lon="11.0664563" />
      <trkpt lat="46.0819033" lon="11.0663677" />
      <trkpt lat="46.0817556" lon="11.0663317" />
      <trkpt lat="46.0816679" lon="11.0663087" />
      <trkpt lat="46.0816250" lon="11.0663004" />
      <trkpt lat="46.0815729" lon="11.0662929" />
      <trkpt lat="46.0814643" lon="11.0662940" />
      <trkpt lat="46.0813692" lon="11.0664157" />
      <trkpt lat="46.0812816" lon="11.0665550" />
      <trkpt lat="46.0813692" lon="11.0664157" />
      <trkpt lat="46.0814643" lon="11.0662940" />
      <trkpt lat="46.0815729" lon="11.0662929" />
      <trkpt lat="46.0816250" lon="11.0663004" />
      <trkpt lat="46.0816679" lon="11.0663087" />
      <trkpt lat="46.0817556" lon="11.0663317" />
      <trkpt lat="46.0819033" lon="11.0663677" />
      <trkpt lat="46.0822899" lon="11.0664563" />
      <trkpt lat="46.0823617" lon="11.0663578" />
      <trkpt lat="46.0824127" lon="11.0661969" />
      <trkpt lat="46.0824417" lon="11.0661151" />
      <trkpt lat="46.0824680" lon="11.0660649" />
      <trkpt lat="46.0824847" lon="11.0660393" />
      <trkpt lat="46.0825256" lon="11.0660029" />
      <trkpt lat="46.0827228" lon="11.0658742" />
      <trkpt lat="46.0830228" lon="11.0655775" />
      <trkpt lat="46.0832967" lon="11.0653016" />
      <trkpt lat="46.0835346" lon="11.0650907" />
      <trkpt lat="46.0835287" lon="11.0650404" />
      <trkpt lat="46.0834725" lon="11.0647025" />
      <trkpt lat="46.0834234" lon="11.0645217" />
      <trkpt lat="46.0833730" lon="11.0643502" />
      <trkpt lat="46.0832600" lon="11.0640859" />
      <trkpt lat="46.0832232" lon="11.0639998" />
      <trkpt lat="46.0830684" lon="11.0636418" />
      <trkpt lat="46.0830490" lon="11.0635973" />
      <trkpt lat="46.0830421" lon="11.0635814" />
      <trkpt lat="46.0828230" lon="11.0630572" />
      <trkpt lat="46.0827718" lon="11.0629349" />
      <trkpt lat="46.0827192" lon="11.0627884" />
      <trkpt lat="46.0826121" lon="11.0624248" />
      <trkpt lat="46.0825471" lon="11.0621663" />
      <trkpt lat="46.0823658" lon="11.0613920" />
      <trkpt lat="46.0823210" lon="11.0611882" />
      <trkpt lat="46.0820501" lon="11.0600595" />
      <trkpt lat="46.0819366" lon="11.0596037" />
      <trkpt lat="46.0818771" lon="11.0594309" />
      <trkpt lat="46.0818155" lon="11.0592784" />
      <trkpt lat="46.0817135" lon="11.0590879" />
      <trkpt lat="46.0816094" lon="11.0589297" />
      <trkpt lat="46.0812648" lon="11.0584806" />
      <trkpt lat="46.0809091" lon="11.0580223" />
      <trkpt lat="46.0806490" lon="11.0576862" />
      <trkpt lat="46.0805941" lon="11.0576231" />
      <trkpt lat="46.0804267" lon="11.0574576" />
      <trkpt lat="46.0802374" lon="11.0573184" />
      <trkpt lat="46.0800093" lon="11.0571597" />
      <trkpt lat="46.0797988" lon="11.0570303" />
      <trkpt lat="46.0796789" lon="11.0569907" />
      <trkpt lat="46.0795583" lon="11.0569934" />
      <trkpt lat="46.0794602" lon="11.0570094" />
      <trkpt lat="46.0793506" lon="11.0570523" />
      <trkpt lat="46.0792373" lon="11.0571340" />
      <trkpt lat="46.0791512" lon="11.0572305" />
      <trkpt lat="46.0790631" lon="11.0573728" />
      <trkpt lat="46.0789146" lon="11.0576721" />
      <trkpt lat="46.0788278" lon="11.0578470" />
      <trkpt lat="46.0785397" lon="11.0583671" />
      <trkpt lat="46.0785815" lon="11.0584439" />
      <trkpt lat="46.0786069" lon="11.0585039" />
      <trkpt lat="46.0786525" lon="11.0584438" />
      <trkpt lat="46.0787414" lon="11.0583505" />
      <trkpt lat="46.0787994" lon="11.0582878" />
      <trkpt lat="46.0788448" lon="11.0582586" />
      <trkpt lat="46.0788979" lon="11.0582404" />
      <trkpt lat="46.0789237" lon="11.0582393" />
      <trkpt lat="46.0789636" lon="11.0582377" />
      <trkpt lat="46.0790048" lon="11.0582449" />
      <trkpt lat="46.0790351" lon="11.0582502" />
      <trkpt lat="46.0790815" lon="11.0582976" />
      <trkpt lat="46.0791366" lon="11.0583756" />
      <trkpt lat="46.0791636" lon="11.0584508" />
      <trkpt lat="46.0791839" lon="11.0585524" />
      <trkpt lat="46.0791829" lon="11.0586597" />
      <trkpt lat="46.0791317" lon="11.0588630" />
      <trkpt lat="46.0790873" lon="11.0590149" />
      <trkpt lat="46.0790061" lon="11.0592252" />
      <trkpt lat="46.0789733" lon="11.0592906" />
      <trkpt lat="46.0787766" lon="11.0596802" />
      <trkpt lat="46.0786785" lon="11.0599849" />
      <trkpt lat="46.0782669" lon="11.0605760" />
      <trkpt lat="46.0782200" lon="11.0606433" />
      <trkpt lat="46.0780237" lon="11.0608337" />
      <trkpt lat="46.0778577" lon="11.0609126" />
      <trkpt lat="46.0777293" lon="11.0609343" />
      <trkpt lat="46.0773595" lon="11.0608092" />
      <trkpt lat="46.0769670" lon="11.0606052" />
      <trkpt lat="46.0767235" lon="11.0604555" />
      <trkpt lat="46.0765235" lon="11.0603800" />
      <trkpt lat="46.0760404" lon="11.0603413" />
      <trkpt lat="46.0760126" lon="11.0603479" />
      <trkpt lat="46.0760117" lon="11.0603800" />
      <trkpt lat="46.0760252" lon="11.0604106" />
      <trkpt lat="46.0760406" lon="11.0604482" />
      <trkpt lat="46.0760199" lon="11.0604768" />
      <trkpt lat="46.0763201" lon="11.0608811" />
      <trkpt lat="46.0764942" lon="11.0611051" />
      <trkpt lat="46.0766949" lon="11.0612879" />
      <trkpt lat="46.0771059" lon="11.0614394" />
      <trkpt lat="46.0776224" lon="11.0617064" />
      <trkpt lat="46.0779001" lon="11.0618815" />
      <trkpt lat="46.0779938" lon="11.0619406" />
      <trkpt lat="46.0782336" lon="11.0620744" />
      <trkpt lat="46.0782838" lon="11.0621074" />
      <trkpt lat="46.0783127" lon="11.0621405" />
      <trkpt lat="46.0784126" lon="11.0621782" />
      <trkpt lat="46.0785569" lon="11.0622467" />
      <trkpt lat="46.0786617" lon="11.0623122" />
      <trkpt lat="46.0787567" lon="11.0624263" />
      <trkpt lat="46.0788397" lon="11.0625603" />
      <trkpt lat="46.0789070" lon="11.0627256" />
      <trkpt lat="46.0789485" lon="11.0628454" />
      <trkpt lat="46.0789881" lon="11.0630250" />
      <trkpt lat="46.0790434" lon="11.0632245" />
      <trkpt lat="46.0790909" lon="11.0633614" />
      <trkpt lat="46.0791522" lon="11.0634440" />
      <trkpt lat="46.0792807" lon="11.0635438" />
      <trkpt lat="46.0793108" lon="11.0635714" />
      <trkpt lat="46.0793282" lon="11.0636636" />
      <trkpt lat="46.0793143" lon="11.0637833" />
      <trkpt lat="46.0793064" lon="11.0638973" />
      <trkpt lat="46.0792491" lon="11.0641625" />
      <trkpt lat="46.0793064" lon="11.0638973" />
      <trkpt lat="46.0793143" lon="11.0637833" />
      <trkpt lat="46.0793282" lon="11.0636636" />
      <trkpt lat="46.0793108" lon="11.0635714" />
      <trkpt lat="46.0792807" lon="11.0635438" />
      <trkpt lat="46.0791522" lon="11.0634440" />
      <trkpt lat="46.0790909" lon="11.0633614" />
      <trkpt lat="46.0790434" lon="11.0632245" />
      <trkpt lat="46.0789881" lon="11.0630250" />
      <trkpt lat="46.0789485" lon="11.0628454" />
      <trkpt lat="46.0789070" lon="11.0627256" />
      <trkpt lat="46.0788397" lon="11.0625603" />
      <trkpt lat="46.0787567" lon="11.0624263" />
      <trkpt lat="46.0786617" lon="11.0623122" />
      <trkpt lat="46.0785569" lon="11.0622467" />
      <trkpt lat="46.0784126" lon="11.0621782" />
      <trkpt lat="46.0783127" lon="11.0621405" />
      <trkpt lat="46.0783337" lon="11.0621951" />
      <trkpt lat="46.0783466" lon="11.0623083" />
      <trkpt lat="46.0783417" lon="11.0624110" />
      <trkpt lat="46.0783277" lon="11.0624944" />
      <trkpt lat="46.0783057" lon="11.0625649" />
      <trkpt lat="46.0782798" lon="11.0626311" />
      <trkpt lat="46.0782303" lon="11.0627223" />
      <trkpt lat="46.0781709" lon="11.0627993" />
      <trkpt lat="46.0781251" lon="11.0628225" />
      <trkpt lat="46.0780742" lon="11.0628182" />
      <trkpt lat="46.0780273" lon="11.0628024" />
      <trkpt lat="46.0779830" lon="11.0627751" />
      <trkpt lat="46.0779394" lon="11.0627477" />
      <trkpt lat="46.0779055" lon="11.0626901" />
      <trkpt lat="46.0778606" lon="11.0626024" />
      <trkpt lat="46.0778044" lon="11.0625518" />
      <trkpt lat="46.0773491" lon="11.0623885" />
      <trkpt lat="46.0768693" lon="11.0621781" />
      <trkpt lat="46.0767707" lon="11.0621021" />
      <trkpt lat="46.0767826" lon="11.0624646" />
      <trkpt lat="46.0767707" lon="11.0621021" />
      <trkpt lat="46.0764393" lon="11.0618469" />
      <trkpt lat="46.0761452" lon="11.0615990" />
      <trkpt lat="46.0760737" lon="11.0615387" />
      <trkpt lat="46.0753835" lon="11.0609756" />
      <trkpt lat="46.0753133" lon="11.0612741" />
      <trkpt lat="46.0753021" lon="11.0614847" />
      <trkpt lat="46.0753426" lon="11.0615787" />
      <trkpt lat="46.0756056" lon="11.0617180" />
      <trkpt lat="46.0755426" lon="11.0619189" />
      <trkpt lat="46.0756056" lon="11.0617180" />
      <trkpt lat="46.0753426" lon="11.0615787" />
      <trkpt lat="46.0753021" lon="11.0614847" />
      <trkpt lat="46.0753133" lon="11.0612741" />
      <trkpt lat="46.0753835" lon="11.0609756" />
      <trkpt lat="46.0753961" lon="11.0608522" />
      <trkpt lat="46.0754160" lon="11.0606453" />
      <trkpt lat="46.0754111" lon="11.0605069" />
      <trkpt lat="46.0752863" lon="11.0603360" />
      <trkpt lat="46.0751011" lon="11.0601510" />
      <trkpt lat="46.0749071" lon="11.0598321" />
      <trkpt lat="46.0748617" lon="11.0597448" />
      <trkpt lat="46.0740643" lon="11.0594531" />
      <trkpt lat="46.0737469" lon="11.0593618" />
      <trkpt lat="46.0734710" lon="11.0593185" />
      <trkpt lat="46.0732447" lon="11.0593836" />
      <trkpt lat="46.0732530" lon="11.0594863" />
      <trkpt lat="46.0732232" lon="11.0598397" />
      <trkpt lat="46.0731884" lon="11.0600740" />
      <trkpt lat="46.0731737" lon="11.0601793" />
      <trkpt lat="46.0731863" lon="11.0603052" />
      <trkpt lat="46.0731740" lon="11.0604392" />
      <trkpt lat="46.0731547" lon="11.0606113" />
      <trkpt lat="46.0731456" lon="11.0607546" />
      <trkpt lat="46.0731750" lon="11.0608002" />
      <trkpt lat="46.0736687" lon="11.0608154" />
      <trkpt lat="46.0731750" lon="11.0608002" />
      <trkpt lat="46.0731456" lon="11.0607546" />
      <trkpt lat="46.0731547" lon="11.0606113" />
      <trkpt lat="46.0731740" lon="11.0604392" />
      <trkpt lat="46.0731863" lon="11.0603052" />
      <trkpt lat="46.0731737" lon="11.0601793" />
      <trkpt lat="46.0731264" lon="11.0602699" />
      <trkpt lat="46.0730625" lon="11.0603069" />
      <trkpt lat="46.0728166" lon="11.0603347" />
      <trkpt lat="46.0723695" lon="11.0603712" />
      <trkpt lat="46.0723333" lon="11.0603899" />
      <trkpt lat="46.0722407" lon="11.0604608" />
      <trkpt lat="46.0721984" lon="11.0605063" />
      <trkpt lat="46.0721397" lon="11.0605694" />
      <trkpt lat="46.0720841" lon="11.0606282" />
      <trkpt lat="46.0720648" lon="11.0606430" />
      <trkpt lat="46.0720442" lon="11.0606587" />
      <trkpt lat="46.0719939" lon="11.0606728" />
      <trkpt lat="46.0718721" lon="11.0605706" />
      <trkpt lat="46.0718183" lon="11.0605254" />
      <trkpt lat="46.0717211" lon="11.0604197" />
      <trkpt lat="46.0716845" lon="11.0604059" />
      <trkpt lat="46.0715058" lon="11.0604228" />
      <trkpt lat="46.0713458" lon="11.0603339" />
      <trkpt lat="46.0712913" lon="11.0601772" />
      <trkpt lat="46.0712881" lon="11.0601368" />
      <trkpt lat="46.0712667" lon="11.0599593" />
      <trkpt lat="46.0712321" lon="11.0599641" />
      <trkpt lat="46.0712235" lon="11.0599641" />
      <trkpt lat="46.0710990" lon="11.0599779" />
      <trkpt lat="46.0709939" lon="11.0599895" />
      <trkpt lat="46.0709329" lon="11.0600857" />
      <trkpt lat="46.0708621" lon="11.0603122" />
      <trkpt lat="46.0706341" lon="11.0601906" />
      <trkpt lat="46.0705020" lon="11.0601429" />
      <trkpt lat="46.0698305" lon="11.0597451" />
      <trkpt lat="46.0696945" lon="11.0597527" />
      <trkpt lat="46.0691103" lon="11.0598743" />
      <trkpt lat="46.0687670" lon="11.0598909" />
      <trkpt lat="46.0685575" lon="11.0599240" />
      <trkpt lat="46.0683317" lon="11.0599301" />
      <trkpt lat="46.0679075" lon="11.0597541" />
      <trkpt lat="46.0675776" lon="11.0596157" />
      <trkpt lat="46.0674390" lon="11.0595690" />
      <trkpt lat="46.0673931" lon="11.0595046" />
      <trkpt lat="46.0673703" lon="11.0594455" />
      <trkpt lat="46.0673369" lon="11.0593228" />
      <trkpt lat="46.0673276" lon="11.0592215" />
      <trkpt lat="46.0673280" lon="11.0591189" />
      <trkpt lat="46.0674639" lon="11.0586028" />
      <trkpt lat="46.0674752" lon="11.0585466" />
      <trkpt lat="46.0674811" lon="11.0585173" />
      <trkpt lat="46.0674753" lon="11.0584648" />
      <trkpt lat="46.0674593" lon="11.0584268" />
      <trkpt lat="46.0674333" lon="11.0584139" />
      <trkpt lat="46.0673965" lon="11.0584143" />
      <trkpt lat="46.0672079" lon="11.0589619" />
      <trkpt lat="46.0671196" lon="11.0592169" />
      <trkpt lat="46.0670693" lon="11.0591649" />
      <trkpt lat="46.0670451" lon="11.0590279" />
      <trkpt lat="46.0670911" lon="11.0585666" />
      <trkpt lat="46.0670819" lon="11.0583310" />
      <trkpt lat="46.0670336" lon="11.0582281" />
      <trkpt lat="46.0669346" lon="11.0581285" />
      <trkpt lat="46.0668448" lon="11.0580854" />
      <trkpt lat="46.0667596" lon="11.0580854" />
      <trkpt lat="46.0664188" lon="11.0582181" />
      <trkpt lat="46.0661142" lon="11.0583953" />
      <trkpt lat="46.0660656" lon="11.0584328" />
      <trkpt lat="46.0656720" lon="11.0582955" />
      <trkpt lat="46.0655098" lon="11.0582056" />
      <trkpt lat="46.0654727" lon="11.0583256" />
      <trkpt lat="46.0654974" lon="11.0587171" />
      <trkpt lat="46.0655193" lon="11.0588318" />
      <trkpt lat="46.0656346" lon="11.0591639" />
      <trkpt lat="46.0657539" lon="11.0593478" />
      <trkpt lat="46.0657868" lon="11.0594704" />
      <trkpt lat="46.0657539" lon="11.0593478" />
      <trkpt lat="46.0656346" lon="11.0591639" />
      <trkpt lat="46.0655193" lon="11.0588318" />
      <trkpt lat="46.0654974" lon="11.0587171" />
      <trkpt lat="46.0654727" lon="11.0583256" />
      <trkpt lat="46.0655098" lon="11.0582056" />
      <trkpt lat="46.0651370" lon="11.0579027" />
      <trkpt lat="46.0650638" lon="11.0578845" />
      <trkpt lat="46.0649527" lon="11.0580591" />
      <trkpt lat="46.0647837" lon="11.0582628" />
      <trkpt lat="46.0646928" lon="11.0584701" />
      <trkpt lat="46.0645384" lon="11.0587223" />
      <trkpt lat="46.0644242" lon="11.0588411" />
      <trkpt lat="46.0643005" lon="11.0590136" />
      <trkpt lat="46.0641825" lon="11.0593177" />
      <trkpt lat="46.0640992" lon="11.0595272" />
      <trkpt lat="46.0640712" lon="11.0596329" />
      <trkpt lat="46.0639881" lon="11.0597101" />
      <trkpt lat="46.0637276" lon="11.0598898" />
      <trkpt lat="46.0636406" lon="11.0597115" />
      <trkpt lat="46.0635104" lon="11.0593306" />
      <trkpt lat="46.0634214" lon="11.0590517" />
      <trkpt lat="46.0633634" lon="11.0586279" />
      <trkpt lat="46.0633015" lon="11.0583379" />
      <trkpt lat="46.0631815" lon="11.0578918" />
      <trkpt lat="46.0630616" lon="11.0577133" />
      <trkpt lat="46.0627659" lon="11.0574335" />
      <trkpt lat="46.0623744" lon="11.0570498" />
      <trkpt lat="46.0621072" lon="11.0564707" />
      <trkpt lat="46.0619084" lon="11.0562370" />
      <trkpt lat="46.0618769" lon="11.0566071" />
      <trkpt lat="46.0618994" lon="11.0569219" />
      <trkpt lat="46.0617577" lon="11.0571433" />
      <trkpt lat="46.0616036" lon="11.0570566" />
      <trkpt lat="46.0613000" lon="11.0566583" />
      <trkpt lat="46.0611215" lon="11.0564103" />
      <trkpt lat="46.0609148" lon="11.0562694" />
      <trkpt lat="46.0609018" lon="11.0563257" />
      <trkpt lat="46.0608804" lon="11.0563391" />
      <trkpt lat="46.0608162" lon="11.0563311" />
      <trkpt lat="46.0607854" lon="11.0563432" />
      <trkpt lat="46.0607799" lon="11.0564411" />
      <trkpt lat="46.0607948" lon="11.0566020" />
      <trkpt lat="46.0608459" lon="11.0567120" />
      <trkpt lat="46.0609167" lon="11.0568863" />
      <trkpt lat="46.0610330" lon="11.0572055" />
      <trkpt lat="46.0612405" lon="11.0576870" />
      <trkpt lat="46.0613447" lon="11.0579874" />
      <trkpt lat="46.0614322" lon="11.0582717" />
      <trkpt lat="46.0614545" lon="11.0584044" />
      <trkpt lat="46.0615001" lon="11.0587156" />
      <trkpt lat="46.0615681" lon="11.0589758" />
      <trkpt lat="46.0616295" lon="11.0592842" />
      <trkpt lat="46.0616593" lon="11.0595578" />
      <trkpt lat="46.0616425" lon="11.0597777" />
      <trkpt lat="46.0615085" lon="11.0602042" />
      <trkpt lat="46.0614452" lon="11.0604992" />
      <trkpt lat="46.0614452" lon="11.0607567" />
      <trkpt lat="46.0615830" lon="11.0611859" />
      <trkpt lat="46.0616870" lon="11.0617059" />
      <trkpt lat="46.0617623" lon="11.0618798" />
      <trkpt lat="46.0618123" lon="11.0620926" />
      <trkpt lat="46.0617449" lon="11.0621998" />
      <trkpt lat="46.0615699" lon="11.0626370" />
      <trkpt lat="46.0615011" lon="11.0632029" />
      <trkpt lat="46.0615290" lon="11.0637689" />
      <trkpt lat="46.0615867" lon="11.0641068" />
      <trkpt lat="46.0616332" lon="11.0645896" />
      <trkpt lat="46.0616909" lon="11.0647733" />
      <trkpt lat="46.0616667" lon="11.0651220" />
      <trkpt lat="46.0616137" lon="11.0653441" />
      <trkpt lat="46.0615625" lon="11.0654640" />
      <trkpt lat="46.0614880" lon="11.0655150" />
      <trkpt lat="46.0614061" lon="11.0655767" />
      <trkpt lat="46.0613429" lon="11.0655606" />
      <trkpt lat="46.0613001" lon="11.0655311" />
      <trkpt lat="46.0612070" lon="11.0653245" />
      <trkpt lat="46.0611623" lon="11.0651837" />
      <trkpt lat="46.0611072" lon="11.0650631" />
      <trkpt lat="46.0610498" lon="11.0650379" />
      <trkpt lat="46.0610315" lon="11.0649861" />
      <trkpt lat="46.0609329" lon="11.0646214" />
      <trkpt lat="46.0608808" lon="11.0644577" />
      <trkpt lat="46.0606947" lon="11.0641949" />
      <trkpt lat="46.0604341" lon="11.0638961" />
      <trkpt lat="46.0601703" lon="11.0636026" />
      <trkpt lat="46.0598614" lon="11.0633880" />
      <trkpt lat="46.0597050" lon="11.0632539" />
      <trkpt lat="46.0594296" lon="11.0630393" />
      <trkpt lat="46.0592397" lon="11.0628891" />
      <trkpt lat="46.0590983" lon="11.0627979" />
      <trkpt lat="46.0589643" lon="11.0627657" />
      <trkpt lat="46.0588005" lon="11.0627711" />
      <trkpt lat="46.0585176" lon="11.0627335" />
      <trkpt lat="46.0582868" lon="11.0626584" />
      <trkpt lat="46.0581155" lon="11.0625619" />
      <trkpt lat="46.0580475" lon="11.0625060" />
      <trkpt lat="46.0578121" lon="11.0623124" />
      <trkpt lat="46.0573599" lon="11.0619771" />
      <trkpt lat="46.0572705" lon="11.0619289" />
      <trkpt lat="46.0571570" lon="11.0619155" />
      <trkpt lat="46.0570881" lon="11.0619128" />
      <trkpt lat="46.0569008" lon="11.0615719" />
      <trkpt lat="46.0567562" lon="11.0612837" />
      <trkpt lat="46.0564162" lon="11.0611349" />
      <trkpt lat="46.0563696" lon="11.0611403" />
      <trkpt lat="46.0563250" lon="11.0611725" />
      <trkpt lat="46.0562710" lon="11.0612422" />
      <trkpt lat="46.0562635" lon="11.0614192" />
      <trkpt lat="46.0562989" lon="11.0616392" />
      <trkpt lat="46.0564069" lon="11.0622561" />
      <trkpt lat="46.0564795" lon="11.0625672" />
      <trkpt lat="46.0565148" lon="11.0629588" />
      <trkpt lat="46.0565260" lon="11.0632566" />
      <trkpt lat="46.0565409" lon="11.0633826" />
      <trkpt lat="46.0565595" lon="11.0636026" />
      <trkpt lat="46.0565818" lon="11.0637259" />
      <trkpt lat="46.0566693" lon="11.0639325" />
      <trkpt lat="46.0567605" lon="11.0641283" />
      <trkpt lat="46.0568368" lon="11.0645655" />
      <trkpt lat="46.0568201" lon="11.0650402" />
      <trkpt lat="46.0568313" lon="11.0651797" />
      <trkpt lat="46.0568871" lon="11.0653380" />
      <trkpt lat="46.0570044" lon="11.0655043" />
      <trkpt lat="46.0570062" lon="11.0657403" />
      <trkpt lat="46.0570379" lon="11.0659334" />
      <trkpt lat="46.0571049" lon="11.0660890" />
      <trkpt lat="46.0570937" lon="11.0662633" />
      <trkpt lat="46.0570714" lon="11.0664457" />
      <trkpt lat="46.0572054" lon="11.0666844" />
      <trkpt lat="46.0572705" lon="11.0667354" />
      <trkpt lat="46.0573040" lon="11.0668588" />
      <trkpt lat="46.0573226" lon="11.0671002" />
      <trkpt lat="46.0573412" lon="11.0672504" />
      <trkpt lat="46.0574157" lon="11.0673469" />
      <trkpt lat="46.0574482" lon="11.0674660" />
      <trkpt lat="46.0574083" lon="11.0677198" />
      <trkpt lat="46.0574492" lon="11.0680041" />
      <trkpt lat="46.0574864" lon="11.0681516" />
      <trkpt lat="46.0575181" lon="11.0683903" />
      <trkpt lat="46.0575572" lon="11.0685432" />
      <trkpt lat="46.0576521" lon="11.0687363" />
      <trkpt lat="46.0576837" lon="11.0689214" />
      <trkpt lat="46.0578754" lon="11.0691842" />
      <trkpt lat="46.0579313" lon="11.0693130" />
      <trkpt lat="46.0581183" lon="11.0695474" />
      <trkpt lat="46.0582002" lon="11.0696976" />
      <trkpt lat="46.0584608" lon="11.0700624" />
      <trkpt lat="46.0585399" lon="11.0703242" />
      <trkpt lat="46.0585873" lon="11.0705666" />
      <trkpt lat="46.0586609" lon="11.0707721" />
      <trkpt lat="46.0587167" lon="11.0708740" />
      <trkpt lat="46.0587056" lon="11.0709384" />
      <trkpt lat="46.0585136" lon="11.0708981" />
      <trkpt lat="46.0584301" lon="11.0708553" />
      <trkpt lat="46.0583594" lon="11.0708097" />
      <trkpt lat="46.0582402" lon="11.0706353" />
      <trkpt lat="46.0581583" lon="11.0704502" />
      <trkpt lat="46.0581006" lon="11.0703751" />
      <trkpt lat="46.0580039" lon="11.0702571" />
      <trkpt lat="46.0578475" lon="11.0700774" />
      <trkpt lat="46.0576242" lon="11.0697636" />
      <trkpt lat="46.0575516" lon="11.0697716" />
      <trkpt lat="46.0574380" lon="11.0697502" />
      <trkpt lat="46.0573822" lon="11.0697931" />
      <trkpt lat="46.0573301" lon="11.0697985" />
      <trkpt lat="46.0572538" lon="11.0697797" />
      <trkpt lat="46.0571868" lon="11.0696590" />
      <trkpt lat="46.0570714" lon="11.0695812" />
      <trkpt lat="46.0570081" lon="11.0695007" />
      <trkpt lat="46.0569299" lon="11.0694256" />
      <trkpt lat="46.0568536" lon="11.0693371" />
      <trkpt lat="46.0567475" lon="11.0690448" />
      <trkpt lat="46.0566079" lon="11.0688060" />
      <trkpt lat="46.0565279" lon="11.0686263" />
      <trkpt lat="46.0564292" lon="11.0684305" />
      <trkpt lat="46.0563976" lon="11.0683420" />
      <trkpt lat="46.0563659" lon="11.0682884" />
      <trkpt lat="46.0563175" lon="11.0682669" />
      <trkpt lat="46.0562300" lon="11.0681972" />
      <trkpt lat="46.0560458" lon="11.0678941" />
      <trkpt lat="46.0559788" lon="11.0678109" />
      <trkpt lat="46.0558894" lon="11.0676339" />
      <trkpt lat="46.0558094" lon="11.0674784" />
      <trkpt lat="46.0557535" lon="11.0672504" />
      <trkpt lat="46.0556851" lon="11.0668775" />
      <trkpt lat="46.0556512" lon="11.0667756" />
      <trkpt lat="46.0553096" lon="11.0666700" />
      <trkpt lat="46.0548964" lon="11.0664715" />
      <trkpt lat="46.0541965" lon="11.0659726" />
      <trkpt lat="46.0536856" lon="11.0654549" />
      <trkpt lat="46.0534780" lon="11.0654255" />
      <trkpt lat="46.0532373" lon="11.0651040" />
      <trkpt lat="46.0531833" lon="11.0648598" />
      <trkpt lat="46.0530718" lon="11.0646056" />
      <trkpt lat="46.0528542" lon="11.0643691" />
      <trkpt lat="46.0526515" lon="11.0641916" />
      <trkpt lat="46.0520484" lon="11.0638590" />
      <trkpt lat="46.0515130" lon="11.0637089" />
      <trkpt lat="46.0510990" lon="11.0635801" />
      <trkpt lat="46.0510639" lon="11.0635899" />
      <trkpt lat="46.0510428" lon="11.0637214" />
      <trkpt lat="46.0510353" lon="11.0638287" />
      <trkpt lat="46.0511098" lon="11.0640969" />
      <trkpt lat="46.0511321" lon="11.0643973" />
      <trkpt lat="46.0511321" lon="11.0647621" />
      <trkpt lat="46.0512215" lon="11.0650625" />
      <trkpt lat="46.0512513" lon="11.0653951" />
      <trkpt lat="46.0513257" lon="11.0657706" />
      <trkpt lat="46.0514300" lon="11.0660281" />
      <trkpt lat="46.0514597" lon="11.0664250" />
      <trkpt lat="46.0515789" lon="11.0667254" />
      <trkpt lat="46.0517018" lon="11.0669025" />
      <trkpt lat="46.0517315" lon="11.0669990" />
      <trkpt lat="46.0517725" lon="11.0672619" />
      <trkpt lat="46.0518111" lon="11.0674960" />
      <trkpt lat="46.0519124" lon="11.0675836" />
      <trkpt lat="46.0519448" lon="11.0676828" />
      <trkpt lat="46.0520056" lon="11.0678346" />
      <trkpt lat="46.0520826" lon="11.0679572" />
      <trkpt lat="46.0522244" lon="11.0680681" />
      <trkpt lat="46.0523662" lon="11.0682374" />
      <trkpt lat="46.0524270" lon="11.0683892" />
      <trkpt lat="46.0525526" lon="11.0685012" />
      <trkpt lat="46.0526660" lon="11.0685888" />
      <trkpt lat="46.0527511" lon="11.0687406" />
      <trkpt lat="46.0528645" lon="11.0689449" />
      <trkpt lat="46.0529536" lon="11.0690675" />
      <trkpt lat="46.0530914" lon="11.0692310" />
      <trkpt lat="46.0532453" lon="11.0694411" />
      <trkpt lat="46.0533609" lon="11.0696648" />
      <trkpt lat="46.0534632" lon="11.0698583" />
      <trkpt lat="46.0535074" lon="11.0699746" />
      <trkpt lat="46.0534822" lon="11.0700383" />
      <trkpt lat="46.0534967" lon="11.0701450" />
      <trkpt lat="46.0535577" lon="11.0703790" />
      <trkpt lat="46.0535519" lon="11.0705255" />
      <trkpt lat="46.0535258" lon="11.0708167" />
      <trkpt lat="46.0535025" lon="11.0708929" />
      <trkpt lat="46.0534480" lon="11.0709334" />
      <trkpt lat="46.0532720" lon="11.0709647" />
      <trkpt lat="46.0532119" lon="11.0709984" />
      <trkpt lat="46.0531960" lon="11.0709304" />
      <trkpt lat="46.0531650" lon="11.0709076" />
      <trkpt lat="46.0531131" lon="11.0709030" />
      <trkpt lat="46.0528874" lon="11.0710273" />
      <trkpt lat="46.0527572" lon="11.0710927" />
      <trkpt lat="46.0526766" lon="11.0711143" />
      <trkpt lat="46.0525105" lon="11.0711224" />
      <trkpt lat="46.0523885" lon="11.0710952" />
      <trkpt lat="46.0522614" lon="11.0710609" />
      <trkpt lat="46.0521061" lon="11.0710179" />
      <trkpt lat="46.0518278" lon="11.0708566" />
      <trkpt lat="46.0517439" lon="11.0708224" />
      <trkpt lat="46.0514578" lon="11.0707693" />
      <trkpt lat="46.0511749" lon="11.0707080" />
      <trkpt lat="46.0509746" lon="11.0706653" />
      <trkpt lat="46.0507994" lon="11.0706442" />
      <trkpt lat="46.0506429" lon="11.0706272" />
      <trkpt lat="46.0504560" lon="11.0705946" />
      <trkpt lat="46.0503939" lon="11.0705826" />
      <trkpt lat="46.0503458" lon="11.0705608" />
      <trkpt lat="46.0503274" lon="11.0705074" />
      <trkpt lat="46.0503293" lon="11.0704409" />
      <trkpt lat="46.0503557" lon="11.0704016" />
      <trkpt lat="46.0503922" lon="11.0703834" />
      <trkpt lat="46.0505363" lon="11.0703692" />
      <trkpt lat="46.0506514" lon="11.0703518" />
      <trkpt lat="46.0507184" lon="11.0703349" />
      <trkpt lat="46.0507874" lon="11.0702985" />
      <trkpt lat="46.0509287" lon="11.0701834" />
      <trkpt lat="46.0510775" lon="11.0700482" />
      <trkpt lat="46.0512133" lon="11.0699837" />
      <trkpt lat="46.0515202" lon="11.0699426" />
      <trkpt lat="46.0516890" lon="11.0699648" />
      <trkpt lat="46.0519151" lon="11.0700105" />
      <trkpt lat="46.0520805" lon="11.0700416" />
      <trkpt lat="46.0521173" lon="11.0700372" />
      <trkpt lat="46.0521501" lon="11.0700122" />
      <trkpt lat="46.0521685" lon="11.0699514" />
      <trkpt lat="46.0521624" lon="11.0698813" />
      <trkpt lat="46.0521396" lon="11.0698191" />
      <trkpt lat="46.0521015" lon="11.0697855" />
      <trkpt lat="46.0519695" lon="11.0697542" />
      <trkpt lat="46.0519916" lon="11.0696517" />
      <trkpt lat="46.0520087" lon="11.0695722" />
      <trkpt lat="46.0520270" lon="11.0694164" />
      <trkpt lat="46.0520453" lon="11.0692386" />
      <trkpt lat="46.0520270" lon="11.0694164" />
      <trkpt lat="46.0520087" lon="11.0695722" />
      <trkpt lat="46.0519916" lon="11.0696517" />
      <trkpt lat="46.0519695" lon="11.0697542" />
      <trkpt lat="46.0521015" lon="11.0697855" />
      <trkpt lat="46.0521396" lon="11.0698191" />
      <trkpt lat="46.0521624" lon="11.0698813" />
      <trkpt lat="46.0521685" lon="11.0699514" />
      <trkpt lat="46.0521501" lon="11.0700122" />
      <trkpt lat="46.0521173" lon="11.0700372" />
      <trkpt lat="46.0520805" lon="11.0700416" />
      <trkpt lat="46.0519151" lon="11.0700105" />
      <trkpt lat="46.0516890" lon="11.0699648" />
      <trkpt lat="46.0515202" lon="11.0699426" />
      <trkpt lat="46.0512133" lon="11.0699837" />
      <trkpt lat="46.0510775" lon="11.0700482" />
      <trkpt lat="46.0509287" lon="11.0701834" />
      <trkpt lat="46.0507874" lon="11.0702985" />
      <trkpt lat="46.0507184" lon="11.0703349" />
      <trkpt lat="46.0506514" lon="11.0703518" />
      <trkpt lat="46.0505363" lon="11.0703692" />
      <trkpt lat="46.0503922" lon="11.0703834" />
      <trkpt lat="46.0503557" lon="11.0704016" />
      <trkpt lat="46.0503293" lon="11.0704409" />
      <trkpt lat="46.0503274" lon="11.0705074" />
      <trkpt lat="46.0503458" lon="11.0705608" />
      <trkpt lat="46.0503939" lon="11.0705826" />
      <trkpt lat="46.0504560" lon="11.0705946" />
      <trkpt lat="46.0506429" lon="11.0706272" />
      <trkpt lat="46.0507994" lon="11.0706442" />
      <trkpt lat="46.0509746" lon="11.0706653" />
      <trkpt lat="46.0511749" lon="11.0707080" />
      <trkpt lat="46.0514578" lon="11.0707693" />
      <trkpt lat="46.0517439" lon="11.0708224" />
      <trkpt lat="46.0518278" lon="11.0708566" />
      <trkpt lat="46.0521061" lon="11.0710179" />
      <trkpt lat="46.0522614" lon="11.0710609" />
      <trkpt lat="46.0523885" lon="11.0710952" />
      <trkpt lat="46.0525105" lon="11.0711224" />
      <trkpt lat="46.0526766" lon="11.0711143" />
      <trkpt lat="46.0527572" lon="11.0710927" />
      <trkpt lat="46.0528874" lon="11.0710273" />
      <trkpt lat="46.0531131" lon="11.0709030" />
      <trkpt lat="46.0531650" lon="11.0709076" />
      <trkpt lat="46.0531960" lon="11.0709304" />
      <trkpt lat="46.0532119" lon="11.0709984" />
      <trkpt lat="46.0531922" lon="11.0710669" />
      <trkpt lat="46.0530779" lon="11.0711717" />
      <trkpt lat="46.0528865" lon="11.0713128" />
      <trkpt lat="46.0527402" lon="11.0714070" />
      <trkpt lat="46.0525981" lon="11.0714731" />
      <trkpt lat="46.0525210" lon="11.0715116" />
      <trkpt lat="46.0525070" lon="11.0714538" />
      <trkpt lat="46.0524191" lon="11.0714821" />
      <trkpt lat="46.0522888" lon="11.0715488" />
      <trkpt lat="46.0521133" lon="11.0716719" />
      <trkpt lat="46.0520111" lon="11.0717355" />
      <trkpt lat="46.0518905" lon="11.0718277" />
      <trkpt lat="46.0515874" lon="11.0720337" />
      <trkpt lat="46.0514529" lon="11.0721592" />
      <trkpt lat="46.0512838" lon="11.0719889" />
      <trkpt lat="46.0511791" lon="11.0719062" />
      <trkpt lat="46.0508354" lon="11.0717068" />
      <trkpt lat="46.0506970" lon="11.0715996" />
      <trkpt lat="46.0506160" lon="11.0714936" />
      <trkpt lat="46.0505080" lon="11.0713461" />
      <trkpt lat="46.0506160" lon="11.0714936" />
      <trkpt lat="46.0506970" lon="11.0715996" />
      <trkpt lat="46.0508354" lon="11.0717068" />
      <trkpt lat="46.0511791" lon="11.0719062" />
      <trkpt lat="46.0512838" lon="11.0719889" />
      <trkpt lat="46.0514529" lon="11.0721592" />
      <trkpt lat="46.0513539" lon="11.0722656" />
      <trkpt lat="46.0512239" lon="11.0723432" />
      <trkpt lat="46.0511696" lon="11.0723993" />
      <trkpt lat="46.0510161" lon="11.0725020" />
      <trkpt lat="46.0508912" lon="11.0725358" />
      <trkpt lat="46.0507924" lon="11.0725816" />
      <trkpt lat="46.0507627" lon="11.0726129" />
      <trkpt lat="46.0507507" lon="11.0726447" />
      <trkpt lat="46.0506907" lon="11.0725695" />
      <trkpt lat="46.0505687" lon="11.0724251" />
      <trkpt lat="46.0504248" lon="11.0723117" />
      <trkpt lat="46.0503106" lon="11.0722327" />
      <trkpt lat="46.0501762" lon="11.0721555" />
      <trkpt lat="46.0501137" lon="11.0721674" />
      <trkpt lat="46.0500734" lon="11.0721940" />
      <trkpt lat="46.0500562" lon="11.0722695" />
      <trkpt lat="46.0500392" lon="11.0723443" />
      <trkpt lat="46.0500377" lon="11.0724639" />
      <trkpt lat="46.0500359" lon="11.0726069" />
      <trkpt lat="46.0500252" lon="11.0730345" />
      <trkpt lat="46.0500104" lon="11.0733691" />
      <trkpt lat="46.0499935" lon="11.0735750" />
      <trkpt lat="46.0499570" lon="11.0736718" />
      <trkpt lat="46.0498810" lon="11.0737214" />
      <trkpt lat="46.0496093" lon="11.0735419" />
      <trkpt lat="46.0496159" lon="11.0732901" />
      <trkpt lat="46.0495570" lon="11.0731010" />
      <trkpt lat="46.0495693" lon="11.0729897" />
      <trkpt lat="46.0495607" lon="11.0728925" />
      <trkpt lat="46.0494663" lon="11.0727458" />
      <trkpt lat="46.0495607" lon="11.0728925" />
      <trkpt lat="46.0495693" lon="11.0729897" />
      <trkpt lat="46.0495570" lon="11.0731010" />
      <trkpt lat="46.0496159" lon="11.0732901" />
      <trkpt lat="46.0496093" lon="11.0735419" />
      <trkpt lat="46.0495453" lon="11.0736127" />
      <trkpt lat="46.0495040" lon="11.0737807" />
      <trkpt lat="46.0492904" lon="11.0755607" />
      <trkpt lat="46.0492255" lon="11.0760810" />
      <trkpt lat="46.0492051" lon="11.0767131" />
      <trkpt lat="46.0491528" lon="11.0768415" />
      <trkpt lat="46.0490859" lon="11.0769574" />
      <trkpt lat="46.0490680" lon="11.0771079" />
      <trkpt lat="46.0490784" lon="11.0772028" />
      <trkpt lat="46.0490859" lon="11.0772710" />
      <trkpt lat="46.0491276" lon="11.0774169" />
      <trkpt lat="46.0491725" lon="11.0776720" />
      <trkpt lat="46.0491621" lon="11.0783780" />
      <trkpt lat="46.0491324" lon="11.0785847" />
      <trkpt lat="46.0490595" lon="11.0786992" />
      <trkpt lat="46.0489481" lon="11.0787782" />
      <trkpt lat="46.0487214" lon="11.0788761" />
      <trkpt lat="46.0486618" lon="11.0789962" />
      <trkpt lat="46.0486320" lon="11.0791628" />
      <trkpt lat="46.0486618" lon="11.0793218" />
      <trkpt lat="46.0487154" lon="11.0794763" />
      <trkpt lat="46.0488346" lon="11.0795965" />
      <trkpt lat="46.0491503" lon="11.0798025" />
      <trkpt lat="46.0492814" lon="11.0799570" />
      <trkpt lat="46.0493648" lon="11.0801029" />
      <trkpt lat="46.0493844" lon="11.0802265" />
      <trkpt lat="46.0493785" lon="11.0804066" />
      <trkpt lat="46.0493863" lon="11.0806082" />
      <trkpt lat="46.0494183" lon="11.0806902" />
      <trkpt lat="46.0494839" lon="11.0807810" />
      <trkpt lat="46.0496269" lon="11.0809698" />
      <trkpt lat="46.0496864" lon="11.0810985" />
      <trkpt lat="46.0497103" lon="11.0812530" />
      <trkpt lat="46.0496936" lon="11.0814865" />
      <trkpt lat="46.0496711" lon="11.0818008" />
      <trkpt lat="46.0496668" lon="11.0820448" />
      <trkpt lat="46.0497073" lon="11.0823416" />
      <trkpt lat="46.0497541" lon="11.0824153" />
      <trkpt lat="46.0497969" lon="11.0824719" />
      <trkpt lat="46.0498546" lon="11.0825148" />
      <trkpt lat="46.0499440" lon="11.0825926" />
      <trkpt lat="46.0500780" lon="11.0826892" />
      <trkpt lat="46.0501841" lon="11.0828018" />
      <trkpt lat="46.0503275" lon="11.0830003" />
      <trkpt lat="46.0503870" lon="11.0830915" />
      <trkpt lat="46.0504578" lon="11.0831505" />
      <trkpt lat="46.0505561" lon="11.0832014" />
      <trkpt lat="46.0506336" lon="11.0832786" />
      <trkpt lat="46.0506872" lon="11.0833988" />
      <trkpt lat="46.0507072" lon="11.0835475" />
      <trkpt lat="46.0506991" lon="11.0836820" />
      <trkpt lat="46.0506753" lon="11.0838451" />
      <trkpt lat="46.0506281" lon="11.0839914" />
      <trkpt lat="46.0505844" lon="11.0840933" />
      <trkpt lat="46.0505300" lon="11.0841512" />
      <trkpt lat="46.0502493" lon="11.0842556" />
      <trkpt lat="46.0501897" lon="11.0843052" />
      <trkpt lat="46.0501395" lon="11.0843740" />
      <trkpt lat="46.0500473" lon="11.0845828" />
      <trkpt lat="46.0500101" lon="11.0846432" />
      <trkpt lat="46.0499672" lon="11.0846802" />
      <trkpt lat="46.0498570" lon="11.0847293" />
      <trkpt lat="46.0497671" lon="11.0847612" />
      <trkpt lat="46.0496406" lon="11.0847809" />
      <trkpt lat="46.0494250" lon="11.0847928" />
      <trkpt lat="46.0492459" lon="11.0847813" />
      <trkpt lat="46.0490414" lon="11.0847573" />
      <trkpt lat="46.0489057" lon="11.0847819" />
      <trkpt lat="46.0488503" lon="11.0848068" />
      <trkpt lat="46.0488010" lon="11.0848832" />
      <trkpt lat="46.0487768" lon="11.0849427" />
      <trkpt lat="46.0487104" lon="11.0849749" />
      <trkpt lat="46.0486359" lon="11.0849213" />
      <trkpt lat="46.0485652" lon="11.0847657" />
      <trkpt lat="46.0485391" lon="11.0845887" />
      <trkpt lat="46.0484683" lon="11.0842078" />
      <trkpt lat="46.0483529" lon="11.0838591" />
      <trkpt lat="46.0482003" lon="11.0835587" />
      <trkpt lat="46.0480402" lon="11.0833334" />
      <trkpt lat="46.0479024" lon="11.0831993" />
      <trkpt lat="46.0478764" lon="11.0830920" />
      <trkpt lat="46.0477349" lon="11.0828828" />
      <trkpt lat="46.0475264" lon="11.0825717" />
      <trkpt lat="46.0474631" lon="11.0823088" />
      <trkpt lat="46.0474221" lon="11.0822283" />
      <trkpt lat="46.0474072" lon="11.0820996" />
      <trkpt lat="46.0473514" lon="11.0819869" />
      <trkpt lat="46.0472620" lon="11.0819494" />
      <trkpt lat="46.0471950" lon="11.0818582" />
      <trkpt lat="46.0471019" lon="11.0818099" />
      <trkpt lat="46.0469604" lon="11.0818367" />
      <trkpt lat="46.0468674" lon="11.0819172" />
      <trkpt lat="46.0467966" lon="11.0823624" />
      <trkpt lat="46.0467445" lon="11.0824429" />
      <trkpt lat="46.0466142" lon="11.0825019" />
      <trkpt lat="46.0465621" lon="11.0824536" />
      <trkpt lat="46.0464392" lon="11.0824215" />
      <trkpt lat="46.0464057" lon="11.0825663" />
      <trkpt lat="46.0463424" lon="11.0826468" />
      <trkpt lat="46.0461488" lon="11.0826360" />
      <trkpt lat="46.0459998" lon="11.0825663" />
      <trkpt lat="46.0459514" lon="11.0824966" />
      <trkpt lat="46.0457764" lon="11.0822981" />
      <trkpt lat="46.0457355" lon="11.0821801" />
      <trkpt lat="46.0457392" lon="11.0820889" />
      <trkpt lat="46.0458025" lon="11.0819011" />
      <trkpt lat="46.0457764" lon="11.0818206" />
      <trkpt lat="46.0456871" lon="11.0817348" />
      <trkpt lat="46.0456722" lon="11.0816490" />
      <trkpt lat="46.0455940" lon="11.0816222" />
      <trkpt lat="46.0455232" lon="11.0816436" />
      <trkpt lat="46.0454674" lon="11.0814559" />
      <trkpt lat="46.0455232" lon="11.0816436" />
      <trkpt lat="46.0455940" lon="11.0816222" />
      <trkpt lat="46.0456722" lon="11.0816490" />
      <trkpt lat="46.0456871" lon="11.0817348" />
      <trkpt lat="46.0457764" lon="11.0818206" />
      <trkpt lat="46.0458025" lon="11.0819011" />
      <trkpt lat="46.0457392" lon="11.0820889" />
      <trkpt lat="46.0457355" lon="11.0821801" />
      <trkpt lat="46.0457764" lon="11.0822981" />
      <trkpt lat="46.0459514" lon="11.0824966" />
      <trkpt lat="46.0459998" lon="11.0825663" />
      <trkpt lat="46.0461488" lon="11.0826360" />
      <trkpt lat="46.0463424" lon="11.0826468" />
      <trkpt lat="46.0464057" lon="11.0825663" />
      <trkpt lat="46.0464392" lon="11.0824215" />
      <trkpt lat="46.0465621" lon="11.0824536" />
      <trkpt lat="46.0466142" lon="11.0825019" />
      <trkpt lat="46.0467445" lon="11.0824429" />
      <trkpt lat="46.0467966" lon="11.0823624" />
      <trkpt lat="46.0468674" lon="11.0819172" />
      <trkpt lat="46.0469604" lon="11.0818367" />
      <trkpt lat="46.0471019" lon="11.0818099" />
      <trkpt lat="46.0471950" lon="11.0818582" />
      <trkpt lat="46.0472620" lon="11.0819494" />
      <trkpt lat="46.0473514" lon="11.0819869" />
      <trkpt lat="46.0474072" lon="11.0820996" />
      <trkpt lat="46.0474221" lon="11.0822283" />
      <trkpt lat="46.0474631" lon="11.0823088" />
      <trkpt lat="46.0475264" lon="11.0825717" />
      <trkpt lat="46.0477349" lon="11.0828828" />
      <trkpt lat="46.0478764" lon="11.0830920" />
      <trkpt lat="46.0479024" lon="11.0831993" />
      <trkpt lat="46.0480402" lon="11.0833334" />
      <trkpt lat="46.0482003" lon="11.0835587" />
      <trkpt lat="46.0483529" lon="11.0838591" />
      <trkpt lat="46.0484683" lon="11.0842078" />
      <trkpt lat="46.0485391" lon="11.0845887" />
      <trkpt lat="46.0485652" lon="11.0847657" />
      <trkpt lat="46.0486359" lon="11.0849213" />
      <trkpt lat="46.0487104" lon="11.0849749" />
      <trkpt lat="46.0487768" lon="11.0849427" />
      <trkpt lat="46.0487721" lon="11.0849918" />
      <trkpt lat="46.0487777" lon="11.0850817" />
      <trkpt lat="46.0487870" lon="11.0852574" />
      <trkpt lat="46.0488271" lon="11.0856128" />
      <trkpt lat="46.0488364" lon="11.0858649" />
      <trkpt lat="46.0488047" lon="11.0860500" />
      <trkpt lat="46.0486111" lon="11.0861640" />
      <trkpt lat="46.0485311" lon="11.0862511" />
      <trkpt lat="46.0484538" lon="11.0864483" />
      <trkpt lat="46.0484278" lon="11.0865261" />
      <trkpt lat="46.0484101" lon="11.0867393" />
      <trkpt lat="46.0484222" lon="11.0869271" />
      <trkpt lat="46.0483626" lon="11.0871537" />
      <trkpt lat="46.0482490" lon="11.0872798" />
      <trkpt lat="46.0479679" lon="11.0874474" />
      <trkpt lat="46.0478581" lon="11.0874662" />
      <trkpt lat="46.0477157" lon="11.0875601" />
      <trkpt lat="46.0473974" lon="11.0877612" />
      <trkpt lat="46.0472912" lon="11.0878055" />
      <trkpt lat="46.0471935" lon="11.0879624" />
      <trkpt lat="46.0471879" lon="11.0880817" />
      <trkpt lat="46.0470837" lon="11.0881756" />
      <trkpt lat="46.0470045" lon="11.0883580" />
      <trkpt lat="46.0470576" lon="11.0884921" />
      <trkpt lat="46.0470930" lon="11.0885431" />
      <trkpt lat="46.0471516" lon="11.0886276" />
      <trkpt lat="46.0471823" lon="11.0887147" />
      <trkpt lat="46.0471283" lon="11.0886879" />
      <trkpt lat="46.0470064" lon="11.0887000" />
      <trkpt lat="46.0469031" lon="11.0887644" />
      <trkpt lat="46.0467895" lon="11.0887000" />
      <trkpt lat="46.0466806" lon="11.0887577" />
      <trkpt lat="46.0465754" lon="11.0887496" />
      <trkpt lat="46.0464609" lon="11.0887577" />
      <trkpt lat="46.0463297" lon="11.0887255" />
      <trkpt lat="46.0462208" lon="11.0886289" />
      <trkpt lat="46.0461054" lon="11.0885592" />
      <trkpt lat="46.0459844" lon="11.0885350" />
      <trkpt lat="46.0458699" lon="11.0886008" />
      <trkpt lat="46.0457591" lon="11.0886450" />
      <trkpt lat="46.0457163" lon="11.0886933" />
      <trkpt lat="46.0456939" lon="11.0888395" />
      <trkpt lat="46.0456539" lon="11.0889521" />
      <trkpt lat="46.0455329" lon="11.0889602" />
      <trkpt lat="46.0454287" lon="11.0890393" />
      <trkpt lat="46.0453542" lon="11.0890889" />
      <trkpt lat="46.0452974" lon="11.0891922" />
      <trkpt lat="46.0452527" lon="11.0892458" />
      <trkpt lat="46.0452090" lon="11.0893249" />
      <trkpt lat="46.0451271" lon="11.0894014" />
      <trkpt lat="46.0448822" lon="11.0893746" />
      <trkpt lat="46.0447342" lon="11.0894108" />
      <trkpt lat="46.0446197" lon="11.0894175" />
      <trkpt lat="46.0444066" lon="11.0894872" />
      <trkpt lat="46.0442372" lon="11.0895744" />
      <trkpt lat="46.0441655" lon="11.0896589" />
      <trkpt lat="46.0440910" lon="11.0896978" />
      <trkpt lat="46.0440072" lon="11.0896884" />
      <trkpt lat="46.0439188" lon="11.0896562" />
      <trkpt lat="46.0438713" lon="11.0897501" />
      <trkpt lat="46.0437680" lon="11.0897031" />
      <trkpt lat="46.0436563" lon="11.0896870" />
      <trkpt lat="46.0435455" lon="11.0896307" />
      <trkpt lat="46.0435288" lon="11.0896750" />
      <trkpt lat="46.0435232" lon="11.0897541" />
      <trkpt lat="46.0435874" lon="11.0898909" />
      <trkpt lat="46.0436572" lon="11.0899781" />
      <trkpt lat="46.0438378" lon="11.0901055" />
      <trkpt lat="46.0439272" lon="11.0901162" />
      <trkpt lat="46.0440007" lon="11.0901779" />
      <trkpt lat="46.0440594" lon="11.0902879" />
      <trkpt lat="46.0441115" lon="11.0903871" />
      <trkpt lat="46.0442697" lon="11.0904448" />
      <trkpt lat="46.0443060" lon="11.0905145" />
      <trkpt lat="46.0443368" lon="11.0906003" />
      <trkpt lat="46.0443284" lon="11.0906567" />
      <trkpt lat="46.0443172" lon="11.0907438" />
      <trkpt lat="46.0443144" lon="11.0908779" />
      <trkpt lat="46.0442446" lon="11.0910134" />
      <trkpt lat="46.0442027" lon="11.0911033" />
      <trkpt lat="46.0442120" lon="11.0912025" />
      <trkpt lat="46.0442046" lon="11.0913903" />
      <trkpt lat="46.0441646" lon="11.0914573" />
      <trkpt lat="46.0441487" lon="11.0915217" />
      <trkpt lat="46.0441664" lon="11.0915767" />
      <trkpt lat="46.0442130" lon="11.0916437" />
      <trkpt lat="46.0442521" lon="11.0917376" />
      <trkpt lat="46.0442530" lon="11.0919736" />
      <trkpt lat="46.0443256" lon="11.0921118" />
      <trkpt lat="46.0444261" lon="11.0920742" />
      <trkpt lat="46.0445509" lon="11.0921171" />
      <trkpt lat="46.0445751" lon="11.0922405" />
      <trkpt lat="46.0446551" lon="11.0922995" />
      <trkpt lat="46.0447426" lon="11.0923263" />
      <trkpt lat="46.0448152" lon="11.0923961" />
      <trkpt lat="46.0449381" lon="11.0923398" />
      <trkpt lat="46.0449530" lon="11.0924256" />
      <trkpt lat="46.0448916" lon="11.0925329" />
      <trkpt lat="46.0449977" lon="11.0925168" />
      <trkpt lat="46.0449455" lon="11.0927314" />
      <trkpt lat="46.0451466" lon="11.0926294" />
      <trkpt lat="46.0451783" lon="11.0926402" />
      <trkpt lat="46.0452043" lon="11.0927045" />
      <trkpt lat="46.0454240" lon="11.0927072" />
      <trkpt lat="46.0455469" lon="11.0928333" />
      <trkpt lat="46.0456418" lon="11.0929164" />
      <trkpt lat="46.0456232" lon="11.0929942" />
      <trkpt lat="46.0457033" lon="11.0931686" />
      <trkpt lat="46.0457721" lon="11.0932866" />
      <trkpt lat="46.0458429" lon="11.0933697" />
      <trkpt lat="46.0458671" lon="11.0934529" />
      <trkpt lat="46.0458894" lon="11.0936996" />
      <trkpt lat="46.0457963" lon="11.0936862" />
      <trkpt lat="46.0457852" lon="11.0937828" />
      <trkpt lat="46.0458578" lon="11.0938928" />
      <trkpt lat="46.0459341" lon="11.0939544" />
      <trkpt lat="46.0460123" lon="11.0939679" />
      <trkpt lat="46.0461054" lon="11.0939705" />
      <trkpt lat="46.0462115" lon="11.0939115" />
      <trkpt lat="46.0462524" lon="11.0938525" />
      <trkpt lat="46.0463474" lon="11.0936889" />
      <trkpt lat="46.0463195" lon="11.0936540" />
      <trkpt lat="46.0463269" lon="11.0935628" />
      <trkpt lat="46.0463995" lon="11.0935575" />
      <trkpt lat="46.0465429" lon="11.0936514" />
      <trkpt lat="46.0466639" lon="11.0938176" />
      <trkpt lat="46.0467849" lon="11.0939813" />
      <trkpt lat="46.0468556" lon="11.0939947" />
      <trkpt lat="46.0469338" lon="11.0940725" />
      <trkpt lat="46.0469971" lon="11.0940537" />
      <trkpt lat="46.0470604" lon="11.0941020" />
      <trkpt lat="46.0471135" lon="11.0940778" />
      <trkpt lat="46.0470716" lon="11.0939705" />
      <trkpt lat="46.0470781" lon="11.0939182" />
      <trkpt lat="46.0470958" lon="11.0939115" />
      <trkpt lat="46.0472549" lon="11.0939209" />
      <trkpt lat="46.0473015" lon="11.0939692" />
      <trkpt lat="46.0473666" lon="11.0939759" />
      <trkpt lat="46.0474309" lon="11.0939236" />
      <trkpt lat="46.0476934" lon="11.0939571" />
      <trkpt lat="46.0477203" lon="11.0939477" />
      <trkpt lat="46.0477306" lon="11.0939236" />
      <trkpt lat="46.0477194" lon="11.0938753" />
      <trkpt lat="46.0477390" lon="11.0938619" />
      <trkpt lat="46.0478609" lon="11.0938632" />
      <trkpt lat="46.0479512" lon="11.0939182" />
      <trkpt lat="46.0480687" lon="11.0939392" />
      <trkpt lat="46.0481736" lon="11.0940349" />
      <trkpt lat="46.0483254" lon="11.0940725" />
      <trkpt lat="46.0483877" lon="11.0941127" />
      <trkpt lat="46.0484426" lon="11.0941958" />
      <trkpt lat="46.0484603" lon="11.0943916" />
      <trkpt lat="46.0484119" lon="11.0946411" />
      <trkpt lat="46.0483691" lon="11.0947658" />
      <trkpt lat="46.0482900" lon="11.0947993" />
      <trkpt lat="46.0482723" lon="11.0948597" />
      <trkpt lat="46.0483030" lon="11.0949107" />
      <trkpt lat="46.0482677" lon="11.0949858" />
      <trkpt lat="46.0481578" lon="11.0950112" />
      <trkpt lat="46.0481355" lon="11.0950662" />
      <trkpt lat="46.0481476" lon="11.0951802" />
      <trkpt lat="46.0480675" lon="11.0951748" />
      <trkpt lat="46.0480191" lon="11.0952808" />
      <trkpt lat="46.0480238" lon="11.0953586" />
      <trkpt lat="46.0480610" lon="11.0953881" />
      <trkpt lat="46.0480964" lon="11.0954793" />
      <trkpt lat="46.0481718" lon="11.0954940" />
      <trkpt lat="46.0483347" lon="11.0954793" />
      <trkpt lat="46.0484473" lon="11.0955061" />
      <trkpt lat="46.0484920" lon="11.0955638" />
      <trkpt lat="46.0485255" lon="11.0956201" />
      <trkpt lat="46.0485599" lon="11.0957636" />
      <trkpt lat="46.0485795" lon="11.0958038" />
      <trkpt lat="46.0486139" lon="11.0958467" />
      <trkpt lat="46.0487694" lon="11.0958856" />
      <trkpt lat="46.0490765" lon="11.0962330" />
      <trkpt lat="46.0493036" lon="11.0964382" />
      <trkpt lat="46.0493697" lon="11.0964422" />
      <trkpt lat="46.0495763" lon="11.0964167" />
      <trkpt lat="46.0496313" lon="11.0964422" />
      <trkpt lat="46.0497039" lon="11.0965253" />
      <trkpt lat="46.0497346" lon="11.0966045" />
      <trkpt lat="46.0497467" lon="11.0966568" />
      <trkpt lat="46.0498407" lon="11.0968271" />
      <trkpt lat="46.0501125" lon="11.0970752" />
      <trkpt lat="46.0501990" lon="11.0970725" />
      <trkpt lat="46.0502539" lon="11.0970913" />
      <trkpt lat="46.0505341" lon="11.0973005" />
      <trkpt lat="46.0506011" lon="11.0973810" />
      <trkpt lat="46.0506244" lon="11.0974359" />
      <trkpt lat="46.0506998" lon="11.0975473" />
      <trkpt lat="46.0507584" lon="11.0975526" />
      <trkpt lat="46.0508943" lon="11.0975634" />
      <trkpt lat="46.0509827" lon="11.0975325" />
      <trkpt lat="46.0510283" lon="11.0975271" />
      <trkpt lat="46.0511800" lon="11.0975513" />
      <trkpt lat="46.0513327" lon="11.0976344" />
      <trkpt lat="46.0514490" lon="11.0976344" />
      <trkpt lat="46.0515272" lon="11.0976894" />
      <trkpt lat="46.0516007" lon="11.0979067" />
      <trkpt lat="46.0516324" lon="11.0979630" />
      <trkpt lat="46.0516938" lon="11.0979885" />
      <trkpt lat="46.0518874" lon="11.0979804" />
      <trkpt lat="46.0519256" lon="11.0980006" />
      <trkpt lat="46.0519879" lon="11.0980314" />
      <trkpt lat="46.0521015" lon="11.0982205" />
      <trkpt lat="46.0521899" lon="11.0982326" />
      <trkpt lat="46.0523127" lon="11.0982446" />
      <trkpt lat="46.0525687" lon="11.0983036" />
      <trkpt lat="46.0526580" lon="11.0983345" />
      <trkpt lat="46.0527753" lon="11.0984351" />
      <trkpt lat="46.0528582" lon="11.0985625" />
      <trkpt lat="46.0529307" lon="11.0986295" />
      <trkpt lat="46.0529922" lon="11.0986631" />
      <trkpt lat="46.0531290" lon="11.0987046" />
      <trkpt lat="46.0532565" lon="11.0987154" />
      <trkpt lat="46.0534287" lon="11.0987690" />
      <trkpt lat="46.0534724" lon="11.0988106" />
      <trkpt lat="46.0535422" lon="11.0988562" />
      <trkpt lat="46.0537265" lon="11.0988736" />
      <trkpt lat="46.0538326" lon="11.0989125" />
      <trkpt lat="46.0538931" lon="11.0989863" />
      <trkpt lat="46.0539443" lon="11.0990573" />
      <trkpt lat="46.0540253" lon="11.0992277" />
      <trkpt lat="46.0540997" lon="11.0993645" />
      <trkpt lat="46.0542896" lon="11.0995804" />
      <trkpt lat="46.0543947" lon="11.0997158" />
      <trkpt lat="46.0545213" lon="11.0997990" />
      <trkpt lat="46.0546982" lon="11.0998888" />
      <trkpt lat="46.0550490" lon="11.0999250" />
      <trkpt lat="46.0552044" lon="11.0999237" />
      <trkpt lat="46.0552975" lon="11.0998888" />
      <trkpt lat="46.0556549" lon="11.0998915" />
      <trkpt lat="46.0557573" lon="11.0999183" />
      <trkpt lat="46.0558085" lon="11.0999036" />
      <trkpt lat="46.0558745" lon="11.0996434" />
      <trkpt lat="46.0559434" lon="11.0995656" />
      <trkpt lat="46.0560234" lon="11.0995992" />
      <trkpt lat="46.0561016" lon="11.0995308" />
      <trkpt lat="46.0561872" lon="11.0994945" />
      <trkpt lat="46.0563045" lon="11.0994489" />
      <trkpt lat="46.0563892" lon="11.0994342" />
      <trkpt lat="46.0564515" lon="11.0993363" />
      <trkpt lat="46.0565586" lon="11.0991687" />
      <trkpt lat="46.0566330" lon="11.0991378" />
      <trkpt lat="46.0567354" lon="11.0990976" />
      <trkpt lat="46.0568648" lon="11.0989501" />
      <trkpt lat="46.0569476" lon="11.0988052" />
      <trkpt lat="46.0570137" lon="11.0985705" />
      <trkpt lat="46.0570500" lon="11.0983922" />
      <trkpt lat="46.0570220" lon="11.0982755" />
      <trkpt lat="46.0570509" lon="11.0982124" />
      <trkpt lat="46.0571179" lon="11.0982084" />
      <trkpt lat="46.0572082" lon="11.0983050" />
      <trkpt lat="46.0573133" lon="11.0983707" />
      <trkpt lat="46.0574427" lon="11.0984029" />
      <trkpt lat="46.0575181" lon="11.0984753" />
      <trkpt lat="46.0575488" lon="11.0985155" />
      <trkpt lat="46.0576353" lon="11.0985799" />
      <trkpt lat="46.0577219" lon="11.0986724" />
      <trkpt lat="46.0578159" lon="11.0987113" />
      <trkpt lat="46.0579173" lon="11.0987140" />
      <trkpt lat="46.0580225" lon="11.0988682" />
      <trkpt lat="46.0581742" lon="11.0989930" />
      <trkpt lat="46.0582682" lon="11.0990882" />
      <trkpt lat="46.0584245" lon="11.0991231" />
      <trkpt lat="46.0585576" lon="11.0991070" />
      <trkpt lat="46.0586637" lon="11.0992303" />
      <trkpt lat="46.0587512" lon="11.0992223" />
      <trkpt lat="46.0588172" lon="11.0992236" />
      <trkpt lat="46.0589084" lon="11.0992545" />
      <trkpt lat="46.0589336" lon="11.0993430" />
      <trkpt lat="46.0590462" lon="11.0993564" />
      <trkpt lat="46.0591504" lon="11.0993215" />
      <trkpt lat="46.0591550" lon="11.0996085" />
      <trkpt lat="46.0591401" lon="11.0997587" />
      <trkpt lat="46.0591039" lon="11.0998499" />
      <trkpt lat="46.0590332" lon="11.0999473" />
      <trkpt lat="46.0588250" lon="11.1001140" />
      <trkpt lat="46.0587828" lon="11.1001383" />
      <trkpt lat="46.0587409" lon="11.1001343" />
      <trkpt lat="46.0586731" lon="11.1001038" />
      <trkpt lat="46.0586015" lon="11.1000471" />
      <trkpt lat="46.0581020" lon="11.0999002" />
      <trkpt lat="46.0580066" lon="11.0997877" />
      <trkpt lat="46.0579499" lon="11.0998647" />
      <trkpt lat="46.0577945" lon="11.0997815" />
      <trkpt lat="46.0577312" lon="11.0996716" />
      <trkpt lat="46.0576577" lon="11.0995670" />
      <trkpt lat="46.0575832" lon="11.0994301" />
      <trkpt lat="46.0575259" lon="11.0992994" />
      <trkpt lat="46.0574213" lon="11.0992290" />
      <trkpt lat="46.0573431" lon="11.0992464" />
      <trkpt lat="46.0572538" lon="11.0993551" />
      <trkpt lat="46.0571877" lon="11.0994624" />
      <trkpt lat="46.0571179" lon="11.0996622" />
      <trkpt lat="46.0570262" lon="11.0998526" />
      <trkpt lat="46.0569727" lon="11.0999706" />
      <trkpt lat="46.0569280" lon="11.1000431" />
      <trkpt lat="46.0568622" lon="11.1001225" />
      <trkpt lat="46.0568202" lon="11.1001129" />
      <trkpt lat="46.0566554" lon="11.1001731" />
      <trkpt lat="46.0564776" lon="11.1002348" />
      <trkpt lat="46.0563966" lon="11.1003086" />
      <trkpt lat="46.0561826" lon="11.1002938" />
      <trkpt lat="46.0560914" lon="11.1002241" />
      <trkpt lat="46.0559918" lon="11.1002295" />
      <trkpt lat="46.0558950" lon="11.1003260" />
      <trkpt lat="46.0558322" lon="11.1004028" />
      <trkpt lat="46.0557517" lon="11.1004588" />
      <trkpt lat="46.0556474" lon="11.1004561" />
      <trkpt lat="46.0555460" lon="11.1004266" />
      <trkpt lat="46.0550341" lon="11.1005621" />
      <trkpt lat="46.0549122" lon="11.1005661" />
      <trkpt lat="46.0547773" lon="11.1005366" />
      <trkpt lat="46.0546181" lon="11.1005554" />
      <trkpt lat="46.0545223" lon="11.1005500" />
      <trkpt lat="46.0544152" lon="11.1004709" />
      <trkpt lat="46.0543454" lon="11.1003609" />
      <trkpt lat="46.0542440" lon="11.1003166" />
      <trkpt lat="46.0541779" lon="11.1002415" />
      <trkpt lat="46.0539668" lon="11.0999498" />
      <trkpt lat="46.0537456" lon="11.0997620" />
      <trkpt lat="46.0536883" lon="11.0997440" />
      <trkpt lat="46.0536167" lon="11.0997829" />
      <trkpt lat="46.0535243" lon="11.0998316" />
      <trkpt lat="46.0533794" lon="11.0998540" />
      <trkpt lat="46.0532826" lon="11.0998660" />
      <trkpt lat="46.0532016" lon="11.0998338" />
      <trkpt lat="46.0530899" lon="11.0998821" />
      <trkpt lat="46.0529979" lon="11.0999632" />
      <trkpt lat="46.0528740" lon="11.0999545" />
      <trkpt lat="46.0527614" lon="11.1000068" />
      <trkpt lat="46.0526636" lon="11.1000095" />
      <trkpt lat="46.0525687" lon="11.1000404" />
      <trkpt lat="46.0525008" lon="11.1000766" />
      <trkpt lat="46.0524840" lon="11.1001530" />
      <trkpt lat="46.0525194" lon="11.1002281" />
      <trkpt lat="46.0526013" lon="11.1003381" />
      <trkpt lat="46.0526348" lon="11.1004320" />
      <trkpt lat="46.0526393" lon="11.1005678" />
      <trkpt lat="46.0526202" lon="11.1006546" />
      <trkpt lat="46.0526469" lon="11.1007423" />
      <trkpt lat="46.0525363" lon="11.1008377" />
      <trkpt lat="46.0525058" lon="11.1008129" />
      <trkpt lat="46.0524943" lon="11.1008329" />
      <trkpt lat="46.0524104" lon="11.1007299" />
      <trkpt lat="46.0523875" lon="11.1008635" />
      <trkpt lat="46.0522578" lon="11.1008377" />
      <trkpt lat="46.0522540" lon="11.1009254" />
      <trkpt lat="46.0521930" lon="11.1009388" />
      <trkpt lat="46.0521777" lon="11.1009808" />
      <trkpt lat="46.0521930" lon="11.1010704" />
      <trkpt lat="46.0522731" lon="11.1013098" />
      <trkpt lat="46.0523570" lon="11.1013165" />
      <trkpt lat="46.0524859" lon="11.1013359" />
      <trkpt lat="46.0525325" lon="11.1014357" />
      <trkpt lat="46.0524486" lon="11.1014814" />
      <trkpt lat="46.0523453" lon="11.1015773" />
      <trkpt lat="46.0521890" lon="11.1016913" />
      <trkpt lat="46.0521024" lon="11.1017168" />
      <trkpt lat="46.0519814" lon="11.1017194" />
      <trkpt lat="46.0517990" lon="11.1016725" />
      <trkpt lat="46.0517134" lon="11.1015961" />
      <trkpt lat="46.0516054" lon="11.1015692" />
      <trkpt lat="46.0515369" lon="11.1016655" />
      <trkpt lat="46.0514949" lon="11.1017246" />
      <trkpt lat="46.0514644" lon="11.1017122" />
      <trkpt lat="46.0514339" lon="11.1016617" />
      <trkpt lat="46.0514072" lon="11.1015196" />
      <trkpt lat="46.0513576" lon="11.1014328" />
      <trkpt lat="46.0513385" lon="11.1014280" />
      <trkpt lat="46.0513194" lon="11.1015558" />
      <trkpt lat="46.0512508" lon="11.1015272" />
      <trkpt lat="46.0512317" lon="11.1013184" />
      <trkpt lat="46.0511516" lon="11.1013155" />
      <trkpt lat="46.0509151" lon="11.1012049" />
      <trkpt lat="46.0508693" lon="11.1012068" />
      <trkpt lat="46.0507968" lon="11.1011410" />
      <trkpt lat="46.0507396" lon="11.1011496" />
      <trkpt lat="46.0507510" lon="11.1012230" />
      <trkpt lat="46.0507100" lon="11.1012420" />
      <trkpt lat="46.0506404" lon="11.1011906" />
      <trkpt lat="46.0506213" lon="11.1010218" />
      <trkpt lat="46.0505794" lon="11.1010141" />
      <trkpt lat="46.0505946" lon="11.1010656" />
      <trkpt lat="46.0505260" lon="11.1010752" />
      <trkpt lat="46.0504916" lon="11.1011353" />
      <trkpt lat="46.0505639" lon="11.1013077" />
      <trkpt lat="46.0506067" lon="11.1014016" />
      <trkpt lat="46.0505983" lon="11.1015210" />
      <trkpt lat="46.0505025" lon="11.1015236" />
      <trkpt lat="46.0503200" lon="11.1015424" />
      <trkpt lat="46.0502170" lon="11.1015816" />
      <trkpt lat="46.0501395" lon="11.1016336" />
      <trkpt lat="46.0500538" lon="11.1016363" />
      <trkpt lat="46.0499486" lon="11.1016028" />
      <trkpt lat="46.0498174" lon="11.1015679" />
      <trkpt lat="46.0496677" lon="11.1015749" />
      <trkpt lat="46.0496486" lon="11.1015539" />
      <trkpt lat="46.0494846" lon="11.1016397" />
      <trkpt lat="46.0493549" lon="11.1016655" />
      <trkpt lat="46.0491770" lon="11.1017905" />
      <trkpt lat="46.0490058" lon="11.1020333" />
      <trkpt lat="46.0489509" lon="11.1020654" />
      <trkpt lat="46.0488438" lon="11.1020708" />
      <trkpt lat="46.0486797" lon="11.1019363" />
      <trkpt lat="46.0485538" lon="11.1018829" />
      <trkpt lat="46.0484164" lon="11.1017818" />
      <trkpt lat="46.0483554" lon="11.1017084" />
      <trkpt lat="46.0483134" lon="11.1017065" />
      <trkpt lat="46.0483058" lon="11.1018667" />
      <trkpt lat="46.0482947" lon="11.1020558" />
      <trkpt lat="46.0482219" lon="11.1021309" />
      <trkpt lat="46.0479684" lon="11.1023578" />
      <trkpt lat="46.0478800" lon="11.1024380" />
      <trkpt lat="46.0477725" lon="11.1024472" />
      <trkpt lat="46.0476969" lon="11.1024295" />
      <trkpt lat="46.0476185" lon="11.1023907" />
      <trkpt lat="46.0475839" lon="11.1024015" />
      <trkpt lat="46.0475350" lon="11.1024561" />
      <trkpt lat="46.0474570" lon="11.1025311" />
      <trkpt lat="46.0473216" lon="11.1026579" />
      <trkpt lat="46.0472687" lon="11.1027047" />
      <trkpt lat="46.0472047" lon="11.1027481" />
      <trkpt lat="46.0471817" lon="11.1027714" />
      <trkpt lat="46.0471779" lon="11.1026834" />
      <trkpt lat="46.0471642" lon="11.1026307" />
      <trkpt lat="46.0471472" lon="11.1025940" />
      <trkpt lat="46.0471098" lon="11.1025646" />
      <trkpt lat="46.0470622" lon="11.1025364" />
      <trkpt lat="46.0469439" lon="11.1024849" />
      <trkpt lat="46.0469014" lon="11.1024677" />
      <trkpt lat="46.0468529" lon="11.1024579" />
      <trkpt lat="46.0468155" lon="11.1024518" />
      <trkpt lat="46.0467287" lon="11.1024469" />
      <trkpt lat="46.0466258" lon="11.1024555" />
      <trkpt lat="46.0465871" lon="11.1024672" />
      <trkpt lat="46.0465570" lon="11.1024875" />
      <trkpt lat="46.0465288" lon="11.1025208" />
      <trkpt lat="46.0463209" lon="11.1027205" />
      <trkpt lat="46.0462958" lon="11.1027365" />
      <trkpt lat="46.0462656" lon="11.1027379" />
      <trkpt lat="46.0462184" lon="11.1027365" />
      <trkpt lat="46.0461772" lon="11.1027278" />
      <trkpt lat="46.0461431" lon="11.1027133" />
      <trkpt lat="46.0458881" lon="11.1026016" />
      <trkpt lat="46.0458263" lon="11.1025586" />
      <trkpt lat="46.0457799" lon="11.1024998" />
      <trkpt lat="46.0457407" lon="11.1024799" />
      <trkpt lat="46.0456447" lon="11.1024858" />
      <trkpt lat="46.0455498" lon="11.1025033" />
      <trkpt lat="46.0454903" lon="11.1021541" />
      <trkpt lat="46.0455498" lon="11.1025033" />
      <trkpt lat="46.0456447" lon="11.1024858" />
      <trkpt lat="46.0457407" lon="11.1024799" />
      <trkpt lat="46.0457799" lon="11.1024998" />
      <trkpt lat="46.0458263" lon="11.1025586" />
      <trkpt lat="46.0458622" lon="11.1026241" />
      <trkpt lat="46.0459200" lon="11.1028080" />
      <trkpt lat="46.0459525" lon="11.1029730" />
      <trkpt lat="46.0459658" lon="11.1030889" />
      <trkpt lat="46.0459633" lon="11.1031972" />
      <trkpt lat="46.0459505" lon="11.1033356" />
      <trkpt lat="46.0459204" lon="11.1035097" />
      <trkpt lat="46.0458893" lon="11.1037388" />
      <trkpt lat="46.0458670" lon="11.1040017" />
      <trkpt lat="46.0458612" lon="11.1040470" />
      <trkpt lat="46.0458256" lon="11.1043228" />
      <trkpt lat="46.0460870" lon="11.1039229" />
      <trkpt lat="46.0461994" lon="11.1037988" />
      <trkpt lat="46.0464209" lon="11.1035889" />
      <trkpt lat="46.0464712" lon="11.1035554" />
      <trkpt lat="46.0465810" lon="11.1034555" />
      <trkpt lat="46.0467695" lon="11.1032329" />
      <trkpt lat="46.0467841" lon="11.1031962" />
      <trkpt lat="46.0468021" lon="11.1031511" />
      <trkpt lat="46.0468598" lon="11.1030914" />
      <trkpt lat="46.0470311" lon="11.1029734" />
      <trkpt lat="46.0470827" lon="11.1029271" />
      <trkpt lat="46.0471283" lon="11.1028661" />
      <trkpt lat="46.0471460" lon="11.1028171" />
      <trkpt lat="46.0471817" lon="11.1027714" />
      <trkpt lat="46.0471460" lon="11.1028171" />
      <trkpt lat="46.0471283" lon="11.1028661" />
      <trkpt lat="46.0470827" lon="11.1029271" />
      <trkpt lat="46.0470311" lon="11.1029734" />
      <trkpt lat="46.0468598" lon="11.1030914" />
      <trkpt lat="46.0468021" lon="11.1031511" />
      <trkpt lat="46.0467841" lon="11.1031962" />
      <trkpt lat="46.0467695" lon="11.1032329" />
      <trkpt lat="46.0465810" lon="11.1034555" />
      <trkpt lat="46.0464712" lon="11.1035554" />
      <trkpt lat="46.0464209" lon="11.1035889" />
      <trkpt lat="46.0461994" lon="11.1037988" />
      <trkpt lat="46.0460870" lon="11.1039229" />
      <trkpt lat="46.0458256" lon="11.1043228" />
      <trkpt lat="46.0457528" lon="11.1044212" />
      <trkpt lat="46.0456631" lon="11.1045403" />
      <trkpt lat="46.0456295" lon="11.1045694" />
      <trkpt lat="46.0455952" lon="11.1045991" />
      <trkpt lat="46.0455103" lon="11.1046239" />
      <trkpt lat="46.0454408" lon="11.1046538" />
      <trkpt lat="46.0453826" lon="11.1046966" />
      <trkpt lat="46.0452907" lon="11.1047904" />
      <trkpt lat="46.0452792" lon="11.1047979" />
      <trkpt lat="46.0452686" lon="11.1048027" />
      <trkpt lat="46.0452049" lon="11.1048121" />
      <trkpt lat="46.0451413" lon="11.1048202" />
      <trkpt lat="46.0451237" lon="11.1048304" />
      <trkpt lat="46.0451149" lon="11.1048402" />
      <trkpt lat="46.0451088" lon="11.1048512" />
      <trkpt lat="46.0451052" lon="11.1048876" />
      <trkpt lat="46.0450969" lon="11.1049702" />
      <trkpt lat="46.0450894" lon="11.1050470" />
      <trkpt lat="46.0450821" lon="11.1051409" />
      <trkpt lat="46.0450689" lon="11.1052029" />
      <trkpt lat="46.0450735" lon="11.1052456" />
      <trkpt lat="46.0450743" lon="11.1053523" />
      <trkpt lat="46.0450749" lon="11.1054377" />
      <trkpt lat="46.0452170" lon="11.1054183" />
      <trkpt lat="46.0454036" lon="11.1054649" />
      <trkpt lat="46.0455308" lon="11.1055178" />
      <trkpt lat="46.0456392" lon="11.1055945" />
      <trkpt lat="46.0457627" lon="11.1056965" />
      <trkpt lat="46.0458291" lon="11.1057318" />
      <trkpt lat="46.0458888" lon="11.1057508" />
      <trkpt lat="46.0459730" lon="11.1057566" />
      <trkpt lat="46.0459983" lon="11.1057583" />
      <trkpt lat="46.0460999" lon="11.1057594" />
      <trkpt lat="46.0461419" lon="11.1057567" />
      <trkpt lat="46.0462766" lon="11.1057302" />
      <trkpt lat="46.0464008" lon="11.1056936" />
      <trkpt lat="46.0465900" lon="11.1056447" />
      <trkpt lat="46.0466952" lon="11.1056226" />
      <trkpt lat="46.0468332" lon="11.1055849" />
      <trkpt lat="46.0469034" lon="11.1055649" />
      <trkpt lat="46.0469729" lon="11.1055509" />
      <trkpt lat="46.0470351" lon="11.1055438" />
      <trkpt lat="46.0471015" lon="11.1055408" />
      <trkpt lat="46.0471571" lon="11.1055520" />
      <trkpt lat="46.0472056" lon="11.1055736" />
      <trkpt lat="46.0472767" lon="11.1056144" />
      <trkpt lat="46.0474242" lon="11.1057021" />
      <trkpt lat="46.0475554" lon="11.1057880" />
      <trkpt lat="46.0475962" lon="11.1058260" />
      <trkpt lat="46.0476494" lon="11.1058807" />
      <trkpt lat="46.0478651" lon="11.1058768" />
      <trkpt lat="46.0479189" lon="11.1058875" />
      <trkpt lat="46.0479658" lon="11.1059091" />
      <trkpt lat="46.0480142" lon="11.1059318" />
      <trkpt lat="46.0480817" lon="11.1059667" />
      <trkpt lat="46.0481512" lon="11.1060017" />
      <trkpt lat="46.0482875" lon="11.1060548" />
      <trkpt lat="46.0483614" lon="11.1060716" />
      <trkpt lat="46.0484354" lon="11.1060842" />
      <trkpt lat="46.0486053" lon="11.1061047" />
      <trkpt lat="46.0489864" lon="11.1061146" />
      <trkpt lat="46.0492193" lon="11.1060938" />
      <trkpt lat="46.0492708" lon="11.1061029" />
      <trkpt lat="46.0492301" lon="11.1059930" />
      <trkpt lat="46.0492056" lon="11.1058818" />
      <trkpt lat="46.0491080" lon="11.1050949" />
      <trkpt lat="46.0490359" lon="11.1044083" />
      <trkpt lat="46.0488342" lon="11.1044406" />
      <trkpt lat="46.0486380" lon="11.1044541" />
      <trkpt lat="46.0484304" lon="11.1044633" />
      <trkpt lat="46.0483136" lon="11.1044534" />
      <trkpt lat="46.0482743" lon="11.1044511" />
      <trkpt lat="46.0479593" lon="11.1043925" />
      <trkpt lat="46.0482743" lon="11.1044511" />
      <trkpt lat="46.0483136" lon="11.1044534" />
      <trkpt lat="46.0484304" lon="11.1044633" />
      <trkpt lat="46.0486380" lon="11.1044541" />
      <trkpt lat="46.0488342" lon="11.1044406" />
      <trkpt lat="46.0490359" lon="11.1044083" />
      <trkpt lat="46.0491080" lon="11.1050949" />
      <trkpt lat="46.0492056" lon="11.1058818" />
      <trkpt lat="46.0492301" lon="11.1059930" />
      <trkpt lat="46.0492708" lon="11.1061029" />
      <trkpt lat="46.0492566" lon="11.1066051" />
      <trkpt lat="46.0492649" lon="11.1066380" />
      <trkpt lat="46.0492834" lon="11.1066563" />
      <trkpt lat="46.0494264" lon="11.1067105" />
      <trkpt lat="46.0494579" lon="11.1067384" />
      <trkpt lat="46.0494786" lon="11.1067724" />
      <trkpt lat="46.0494933" lon="11.1068180" />
      <trkpt lat="46.0494940" lon="11.1068726" />
      <trkpt lat="46.0494907" lon="11.1069329" />
      <trkpt lat="46.0494698" lon="11.1070082" />
      <trkpt lat="46.0494513" lon="11.1070385" />
      <trkpt lat="46.0494318" lon="11.1070645" />
      <trkpt lat="46.0494104" lon="11.1070816" />
      <trkpt lat="46.0493899" lon="11.1070943" />
      <trkpt lat="46.0493039" lon="11.1071160" />
      <trkpt lat="46.0492818" lon="11.1071512" />
      <trkpt lat="46.0492645" lon="11.1072146" />
      <trkpt lat="46.0493587" lon="11.1072425" />
      <trkpt lat="46.0494304" lon="11.1072533" />
      <trkpt lat="46.0495842" lon="11.1072635" />
      <trkpt lat="46.0496696" lon="11.1072771" />
      <trkpt lat="46.0497219" lon="11.1072888" />
      <trkpt lat="46.0497832" lon="11.1073069" />
      <trkpt lat="46.0499238" lon="11.1073449" />
      <trkpt lat="46.0500083" lon="11.1073865" />
      <trkpt lat="46.0500861" lon="11.1074329" />
      <trkpt lat="46.0502303" lon="11.1075226" />
      <trkpt lat="46.0503859" lon="11.1076573" />
      <trkpt lat="46.0505062" lon="11.1077129" />
      <trkpt lat="46.0505950" lon="11.1077478" />
      <trkpt lat="46.0506648" lon="11.1077583" />
      <trkpt lat="46.0507238" lon="11.1077598" />
      <trkpt lat="46.0508149" lon="11.1077379" />
      <trkpt lat="46.0508793" lon="11.1077112" />
      <trkpt lat="46.0509528" lon="11.1076746" />
      <trkpt lat="46.0511146" lon="11.1075547" />
      <trkpt lat="46.0512786" lon="11.1074300" />
      <trkpt lat="46.0513385" lon="11.1074074" />
      <trkpt lat="46.0513876" lon="11.1074090" />
      <trkpt lat="46.0514648" lon="11.1074261" />
      <trkpt lat="46.0515720" lon="11.1074621" />
      <trkpt lat="46.0517462" lon="11.1075378" />
      <trkpt lat="46.0517866" lon="11.1075831" />
      <trkpt lat="46.0517577" lon="11.1076549" />
      <trkpt lat="46.0515622" lon="11.1079720" />
      <trkpt lat="46.0511460" lon="11.1087450" />
      <trkpt lat="46.0510317" lon="11.1089037" />
      <trkpt lat="46.0509141" lon="11.1090220" />
      <trkpt lat="46.0507521" lon="11.1091271" />
      <trkpt lat="46.0502329" lon="11.1093448" />
      <trkpt lat="46.0492290" lon="11.1097742" />
      <trkpt lat="46.0486921" lon="11.1100421" />
      <trkpt lat="46.0481417" lon="11.1103517" />
      <trkpt lat="46.0475621" lon="11.1107191" />
      <trkpt lat="46.0469853" lon="11.1110800" />
      <trkpt lat="46.0464860" lon="11.1114405" />
      <trkpt lat="46.0463354" lon="11.1115411" />
      <trkpt lat="46.0463672" lon="11.1112033" />
      <trkpt lat="46.0463733" lon="11.1111488" />
      <trkpt lat="46.0463730" lon="11.1110844" />
      <trkpt lat="46.0463621" lon="11.1109982" />
      <trkpt lat="46.0463102" lon="11.1107949" />
      <trkpt lat="46.0462956" lon="11.1107556" />
      <trkpt lat="46.0462794" lon="11.1107187" />
      <trkpt lat="46.0462617" lon="11.1106889" />
      <trkpt lat="46.0462458" lon="11.1106623" />
      <trkpt lat="46.0462106" lon="11.1106151" />
      <trkpt lat="46.0460683" lon="11.1104672" />
      <trkpt lat="46.0458710" lon="11.1102406" />
      <trkpt lat="46.0458125" lon="11.1102501" />
      <trkpt lat="46.0457721" lon="11.1101918" />
      <trkpt lat="46.0456466" lon="11.1099085" />
      <trkpt lat="46.0455823" lon="11.1097648" />
      <trkpt lat="46.0452879" lon="11.1093320" />
      <trkpt lat="46.0451844" lon="11.1091909" />
      <trkpt lat="46.0451331" lon="11.1090970" />
      <trkpt lat="46.0450912" lon="11.1089968" />
      <trkpt lat="46.0450772" lon="11.1089073" />
      <trkpt lat="46.0450402" lon="11.1085161" />
      <trkpt lat="46.0450389" lon="11.1084498" />
      <trkpt lat="46.0450239" lon="11.1083944" />
      <trkpt lat="46.0450137" lon="11.1083566" />
      <trkpt lat="46.0448517" lon="11.1081631" />
      <trkpt lat="46.0447555" lon="11.1080465" />
      <trkpt lat="46.0447116" lon="11.1079715" />
      <trkpt lat="46.0446281" lon="11.1078018" />
      <trkpt lat="46.0445920" lon="11.1077225" />
      <trkpt lat="46.0445864" lon="11.1076698" />
      <trkpt lat="46.0446019" lon="11.1075093" />
      <trkpt lat="46.0446348" lon="11.1073269" />
      <trkpt lat="46.0447391" lon="11.1070228" />
      <trkpt lat="46.0447699" lon="11.1068758" />
      <trkpt lat="46.0447982" lon="11.1067001" />
      <trkpt lat="46.0448215" lon="11.1065949" />
      <trkpt lat="46.0448754" lon="11.1064143" />
      <trkpt lat="46.0449297" lon="11.1062235" />
      <trkpt lat="46.0449434" lon="11.1060686" />
      <trkpt lat="46.0449505" lon="11.1058148" />
      <trkpt lat="46.0449889" lon="11.1056538" />
      <trkpt lat="46.0450040" lon="11.1056137" />
      <trkpt lat="46.0450163" lon="11.1055804" />
      <trkpt lat="46.0451555" lon="11.1055355" />
      <trkpt lat="46.0452979" lon="11.1054960" />
      <trkpt lat="46.0454036" lon="11.1054649" />
      <trkpt lat="46.0455308" lon="11.1055178" />
      <trkpt lat="46.0455596" lon="11.1054861" />
      <trkpt lat="46.0455758" lon="11.1054687" />
      <trkpt lat="46.0456044" lon="11.1054331" />
      <trkpt lat="46.0456211" lon="11.1054093" />
      <trkpt lat="46.0456485" lon="11.1053649" />
      <trkpt lat="46.0456739" lon="11.1053133" />
      <trkpt lat="46.0456893" lon="11.1052615" />
      <trkpt lat="46.0456947" lon="11.1052126" />
      <trkpt lat="46.0455485" lon="11.1051613" />
      <trkpt lat="46.0453892" lon="11.1050981" />
      <trkpt lat="46.0453587" lon="11.1050835" />
      <trkpt lat="46.0453146" lon="11.1050623" />
      <trkpt lat="46.0452375" lon="11.1050152" />
      <trkpt lat="46.0451854" lon="11.1049984" />
      <trkpt lat="46.0451165" lon="11.1049752" />
      <trkpt lat="46.0450969" lon="11.1049702" />
      <trkpt lat="46.0451052" lon="11.1048876" />
      <trkpt lat="46.0451088" lon="11.1048512" />
      <trkpt lat="46.0451149" lon="11.1048402" />
      <trkpt lat="46.0451237" lon="11.1048304" />
      <trkpt lat="46.0451413" lon="11.1048202" />
      <trkpt lat="46.0452049" lon="11.1048121" />
      <trkpt lat="46.0452686" lon="11.1048027" />
      <trkpt lat="46.0452792" lon="11.1047979" />
      <trkpt lat="46.0452907" lon="11.1047904" />
      <trkpt lat="46.0453826" lon="11.1046966" />
      <trkpt lat="46.0454408" lon="11.1046538" />
      <trkpt lat="46.0455103" lon="11.1046239" />
      <trkpt lat="46.0455952" lon="11.1045991" />
      <trkpt lat="46.0456295" lon="11.1045694" />
      <trkpt lat="46.0456631" lon="11.1045403" />
      <trkpt lat="46.0457528" lon="11.1044212" />
      <trkpt lat="46.0458256" lon="11.1043228" />
      <trkpt lat="46.0460870" lon="11.1039229" />
      <trkpt lat="46.0461994" lon="11.1037988" />
      <trkpt lat="46.0464209" lon="11.1035889" />
      <trkpt lat="46.0464712" lon="11.1035554" />
      <trkpt lat="46.0465810" lon="11.1034555" />
      <trkpt lat="46.0467695" lon="11.1032329" />
      <trkpt lat="46.0467841" lon="11.1031962" />
      <trkpt lat="46.0468021" lon="11.1031511" />
      <trkpt lat="46.0468598" lon="11.1030914" />
      <trkpt lat="46.0470311" lon="11.1029734" />
      <trkpt lat="46.0470827" lon="11.1029271" />
      <trkpt lat="46.0471283" lon="11.1028661" />
      <trkpt lat="46.0471460" lon="11.1028171" />
      <trkpt lat="46.0471817" lon="11.1027714" />
      <trkpt lat="46.0472047" lon="11.1027481" />
      <trkpt lat="46.0472687" lon="11.1027047" />
      <trkpt lat="46.0473216" lon="11.1026579" />
      <trkpt lat="46.0474570" lon="11.1025311" />
      <trkpt lat="46.0475350" lon="11.1024561" />
      <trkpt lat="46.0475839" lon="11.1024015" />
      <trkpt lat="46.0476185" lon="11.1023907" />
      <trkpt lat="46.0476969" lon="11.1024295" />
      <trkpt lat="46.0477725" lon="11.1024472" />
      <trkpt lat="46.0478800" lon="11.1024380" />
      <trkpt lat="46.0479684" lon="11.1023578" />
      <trkpt lat="46.0482219" lon="11.1021309" />
      <trkpt lat="46.0482947" lon="11.1020558" />
      <trkpt lat="46.0483058" lon="11.1018667" />
      <trkpt lat="46.0483134" lon="11.1017065" />
      <trkpt lat="46.0483554" lon="11.1017084" />
      <trkpt lat="46.0484164" lon="11.1017818" />
      <trkpt lat="46.0485538" lon="11.1018829" />
      <trkpt lat="46.0486797" lon="11.1019363" />
      <trkpt lat="46.0488438" lon="11.1020708" />
      <trkpt lat="46.0489509" lon="11.1020654" />
      <trkpt lat="46.0490058" lon="11.1020333" />
      <trkpt lat="46.0491770" lon="11.1017905" />
      <trkpt lat="46.0493549" lon="11.1016655" />
      <trkpt lat="46.0494846" lon="11.1016397" />
      <trkpt lat="46.0496486" lon="11.1015539" />
      <trkpt lat="46.0496677" lon="11.1015749" />
      <trkpt lat="46.0498174" lon="11.1015679" />
      <trkpt lat="46.0499486" lon="11.1016028" />
      <trkpt lat="46.0500538" lon="11.1016363" />
      <trkpt lat="46.0501395" lon="11.1016336" />
      <trkpt lat="46.0502170" lon="11.1015816" />
      <trkpt lat="46.0503200" lon="11.1015424" />
      <trkpt lat="46.0505025" lon="11.1015236" />
      <trkpt lat="46.0505983" lon="11.1015210" />
      <trkpt lat="46.0506067" lon="11.1014016" />
      <trkpt lat="46.0505639" lon="11.1013077" />
      <trkpt lat="46.0504916" lon="11.1011353" />
      <trkpt lat="46.0505260" lon="11.1010752" />
      <trkpt lat="46.0505946" lon="11.1010656" />
      <trkpt lat="46.0505794" lon="11.1010141" />
      <trkpt lat="46.0506213" lon="11.1010218" />
      <trkpt lat="46.0506404" lon="11.1011906" />
      <trkpt lat="46.0507100" lon="11.1012420" />
      <trkpt lat="46.0507510" lon="11.1012230" />
      <trkpt lat="46.0507396" lon="11.1011496" />
      <trkpt lat="46.0507968" lon="11.1011410" />
      <trkpt lat="46.0508693" lon="11.1012068" />
      <trkpt lat="46.0509151" lon="11.1012049" />
      <trkpt lat="46.0511516" lon="11.1013155" />
      <trkpt lat="46.0512317" lon="11.1013184" />
      <trkpt lat="46.0512508" lon="11.1015272" />
      <trkpt lat="46.0513194" lon="11.1015558" />
      <trkpt lat="46.0513385" lon="11.1014280" />
      <trkpt lat="46.0513576" lon="11.1014328" />
      <trkpt lat="46.0514072" lon="11.1015196" />
      <trkpt lat="46.0514339" lon="11.1016617" />
      <trkpt lat="46.0514644" lon="11.1017122" />
      <trkpt lat="46.0514949" lon="11.1017246" />
      <trkpt lat="46.0515369" lon="11.1016655" />
      <trkpt lat="46.0516054" lon="11.1015692" />
      <trkpt lat="46.0517134" lon="11.1015961" />
      <trkpt lat="46.0517990" lon="11.1016725" />
      <trkpt lat="46.0519814" lon="11.1017194" />
      <trkpt lat="46.0521024" lon="11.1017168" />
      <trkpt lat="46.0521890" lon="11.1016913" />
      <trkpt lat="46.0523453" lon="11.1015773" />
      <trkpt lat="46.0524486" lon="11.1014814" />
      <trkpt lat="46.0525325" lon="11.1014357" />
      <trkpt lat="46.0524859" lon="11.1013359" />
      <trkpt lat="46.0523570" lon="11.1013165" />
      <trkpt lat="46.0522731" lon="11.1013098" />
      <trkpt lat="46.0521930" lon="11.1010704" />
      <trkpt lat="46.0521777" lon="11.1009808" />
      <trkpt lat="46.0521930" lon="11.1009388" />
      <trkpt lat="46.0522540" lon="11.1009254" />
      <trkpt lat="46.0522578" lon="11.1008377" />
      <trkpt lat="46.0523875" lon="11.1008635" />
      <trkpt lat="46.0524104" lon="11.1007299" />
      <trkpt lat="46.0524943" lon="11.1008329" />
      <trkpt lat="46.0525058" lon="11.1008129" />
      <trkpt lat="46.0525363" lon="11.1008377" />
      <trkpt lat="46.0526469" lon="11.1007423" />
      <trkpt lat="46.0526202" lon="11.1006546" />
      <trkpt lat="46.0526393" lon="11.1005678" />
      <trkpt lat="46.0526348" lon="11.1004320" />
      <trkpt lat="46.0526013" lon="11.1003381" />
      <trkpt lat="46.0525194" lon="11.1002281" />
      <trkpt lat="46.0524840" lon="11.1001530" />
      <trkpt lat="46.0525008" lon="11.1000766" />
      <trkpt lat="46.0525687" lon="11.1000404" />
      <trkpt lat="46.0526636" lon="11.1000095" />
      <trkpt lat="46.0527614" lon="11.1000068" />
      <trkpt lat="46.0528740" lon="11.0999545" />
      <trkpt lat="46.0529979" lon="11.0999632" />
      <trkpt lat="46.0530899" lon="11.0998821" />
      <trkpt lat="46.0532016" lon="11.0998338" />
      <trkpt lat="46.0532826" lon="11.0998660" />
      <trkpt lat="46.0533794" lon="11.0998540" />
      <trkpt lat="46.0535243" lon="11.0998316" />
      <trkpt lat="46.0536167" lon="11.0997829" />
      <trkpt lat="46.0536883" lon="11.0997440" />
      <trkpt lat="46.0537456" lon="11.0997620" />
      <trkpt lat="46.0539668" lon="11.0999498" />
      <trkpt lat="46.0541779" lon="11.1002415" />
      <trkpt lat="46.0542440" lon="11.1003166" />
      <trkpt lat="46.0543454" lon="11.1003609" />
      <trkpt lat="46.0544152" lon="11.1004709" />
      <trkpt lat="46.0545223" lon="11.1005500" />
      <trkpt lat="46.0546181" lon="11.1005554" />
      <trkpt lat="46.0547773" lon="11.1005366" />
      <trkpt lat="46.0549122" lon="11.1005661" />
      <trkpt lat="46.0550341" lon="11.1005621" />
      <trkpt lat="46.0555460" lon="11.1004266" />
      <trkpt lat="46.0556474" lon="11.1004561" />
      <trkpt lat="46.0557517" lon="11.1004588" />
      <trkpt lat="46.0558322" lon="11.1004028" />
      <trkpt lat="46.0558950" lon="11.1003260" />
      <trkpt lat="46.0559918" lon="11.1002295" />
      <trkpt lat="46.0560914" lon="11.1002241" />
      <trkpt lat="46.0561826" lon="11.1002938" />
      <trkpt lat="46.0563966" lon="11.1003086" />
      <trkpt lat="46.0564776" lon="11.1002348" />
      <trkpt lat="46.0566554" lon="11.1001731" />
      <trkpt lat="46.0568202" lon="11.1001129" />
      <trkpt lat="46.0568622" lon="11.1001225" />
      <trkpt lat="46.0569280" lon="11.1000431" />
      <trkpt lat="46.0569727" lon="11.0999706" />
      <trkpt lat="46.0570262" lon="11.0998526" />
      <trkpt lat="46.0571179" lon="11.0996622" />
      <trkpt lat="46.0571877" lon="11.0994624" />
      <trkpt lat="46.0572538" lon="11.0993551" />
      <trkpt lat="46.0573431" lon="11.0992464" />
      <trkpt lat="46.0574213" lon="11.0992290" />
      <trkpt lat="46.0575259" lon="11.0992994" />
      <trkpt lat="46.0575832" lon="11.0994301" />
      <trkpt lat="46.0576577" lon="11.0995670" />
      <trkpt lat="46.0577312" lon="11.0996716" />
      <trkpt lat="46.0577945" lon="11.0997815" />
      <trkpt lat="46.0579499" lon="11.0998647" />
      <trkpt lat="46.0580066" lon="11.0997877" />
      <trkpt lat="46.0581020" lon="11.0999002" />
      <trkpt lat="46.0586015" lon="11.1000471" />
      <trkpt lat="46.0586731" lon="11.1001038" />
      <trkpt lat="46.0587409" lon="11.1001343" />
      <trkpt lat="46.0587828" lon="11.1001383" />
      <trkpt lat="46.0588250" lon="11.1001140" />
      <trkpt lat="46.0590332" lon="11.0999473" />
      <trkpt lat="46.0591039" lon="11.0998499" />
      <trkpt lat="46.0591401" lon="11.0997587" />
      <trkpt lat="46.0591550" lon="11.0996085" />
      <trkpt lat="46.0591504" lon="11.0993215" />
      <trkpt lat="46.0591532" lon="11.0992210" />
      <trkpt lat="46.0591876" lon="11.0990480" />
      <trkpt lat="46.0593440" lon="11.0981239" />
      <trkpt lat="46.0593605" lon="11.0979433" />
      <trkpt lat="46.0594241" lon="11.0976035" />
      <trkpt lat="46.0595818" lon="11.0971956" />
      <trkpt lat="46.0597649" lon="11.0968037" />
      <trkpt lat="46.0599251" lon="11.0965633" />
      <trkpt lat="46.0600438" lon="11.0964072" />
      <trkpt lat="46.0601265" lon="11.0963424" />
      <trkpt lat="46.0601704" lon="11.0963080" />
      <trkpt lat="46.0609817" lon="11.0962812" />
      <trkpt lat="46.0612221" lon="11.0962906" />
      <trkpt lat="46.0614582" lon="11.0962928" />
      <trkpt lat="46.0615565" lon="11.0963162" />
      <trkpt lat="46.0616598" lon="11.0963679" />
      <trkpt lat="46.0617106" lon="11.0964000" />
      <trkpt lat="46.0617624" lon="11.0964506" />
      <trkpt lat="46.0618856" lon="11.0965697" />
      <trkpt lat="46.0619296" lon="11.0965987" />
      <trkpt lat="46.0619467" lon="11.0965972" />
      <trkpt lat="46.0619851" lon="11.0965790" />
      <trkpt lat="46.0620648" lon="11.0965303" />
      <trkpt lat="46.0620853" lon="11.0965228" />
      <trkpt lat="46.0621096" lon="11.0965206" />
      <trkpt lat="46.0624676" lon="11.0965677" />
      <trkpt lat="46.0625294" lon="11.0965701" />
      <trkpt lat="46.0625459" lon="11.0965723" />
      <trkpt lat="46.0626045" lon="11.0965710" />
      <trkpt lat="46.0626402" lon="11.0965591" />
      <trkpt lat="46.0626832" lon="11.0965426" />
      <trkpt lat="46.0627374" lon="11.0965210" />
      <trkpt lat="46.0627571" lon="11.0965131" />
      <trkpt lat="46.0628107" lon="11.0964742" />
      <trkpt lat="46.0629276" lon="11.0963363" />
      <trkpt lat="46.0630799" lon="11.0963374" />
      <trkpt lat="46.0631264" lon="11.0963552" />
      <trkpt lat="46.0631555" lon="11.0963738" />
      <trkpt lat="46.0632502" lon="11.0964246" />
      <trkpt lat="46.0632574" lon="11.0964276" />
      <trkpt lat="46.0632728" lon="11.0964340" />
      <trkpt lat="46.0633005" lon="11.0964419" />
      <trkpt lat="46.0633342" lon="11.0964521" />
      <trkpt lat="46.0633450" lon="11.0964574" />
      <trkpt lat="46.0633537" lon="11.0964671" />
      <trkpt lat="46.0635912" lon="11.0965479" />
      <trkpt lat="46.0635901" lon="11.0966156" />
      <trkpt lat="46.0635938" lon="11.0968308" />
      <trkpt lat="46.0637412" lon="11.0968432" />
      <trkpt lat="46.0638570" lon="11.0968491" />
      <trkpt lat="46.0638783" lon="11.0968501" />
      <trkpt lat="46.0639044" lon="11.0968514" />
      <trkpt lat="46.0640557" lon="11.0968587" />
      <trkpt lat="46.0641882" lon="11.0968652" />
      <trkpt lat="46.0642839" lon="11.0968699" />
      <trkpt lat="46.0643157" lon="11.0968702" />
      <trkpt lat="46.0643438" lon="11.0968678" />
      <trkpt lat="46.0645957" lon="11.0968383" />
      <trkpt lat="46.0646225" lon="11.0968931" />
      <trkpt lat="46.0646739" lon="11.0969900" />
      <trkpt lat="46.0647684" lon="11.0971782" />
      <trkpt lat="46.0647783" lon="11.0971979" />
      <trkpt lat="46.0648700" lon="11.0973972" />
      <trkpt lat="46.0649103" lon="11.0975166" />
      <trkpt lat="46.0649520" lon="11.0976640" />
      <trkpt lat="46.0649542" lon="11.0976742" />
      <trkpt lat="46.0649851" lon="11.0978239" />
      <trkpt lat="46.0650045" lon="11.0979043" />
      <trkpt lat="46.0650490" lon="11.0980363" />
      <trkpt lat="46.0652589" lon="11.0983599" />
      <trkpt lat="46.0654875" lon="11.0987260" />
      <trkpt lat="46.0655138" lon="11.0987618" />
      <trkpt lat="46.0655362" lon="11.0987850" />
      <trkpt lat="46.0655613" lon="11.0988108" />
      <trkpt lat="46.0655482" lon="11.0988476" />
      <trkpt lat="46.0655443" lon="11.0988648" />
      <trkpt lat="46.0655426" lon="11.0988748" />
      <trkpt lat="46.0655432" lon="11.0988847" />
      <trkpt lat="46.0655693" lon="11.0989723" />
      <trkpt lat="46.0655912" lon="11.0990439" />
      <trkpt lat="46.0656030" lon="11.0990723" />
      <trkpt lat="46.0656168" lon="11.0990873" />
      <trkpt lat="46.0656251" lon="11.0990934" />
      <trkpt lat="46.0656389" lon="11.0990974" />
      <trkpt lat="46.0656875" lon="11.0991031" />
      <trkpt lat="46.0657811" lon="11.0991232" />
      <trkpt lat="46.0658914" lon="11.0991295" />
      <trkpt lat="46.0660010" lon="11.0991385" />
      <trkpt lat="46.0660321" lon="11.0991487" />
      <trkpt lat="46.0660597" lon="11.0991665" />
      <trkpt lat="46.0660976" lon="11.0992057" />
      <trkpt lat="46.0661284" lon="11.0992431" />
      <trkpt lat="46.0661947" lon="11.0993482" />
      <trkpt lat="46.0662348" lon="11.0994102" />
      <trkpt lat="46.0662792" lon="11.0994496" />
      <trkpt lat="46.0663194" lon="11.0994536" />
      <trkpt lat="46.0663535" lon="11.0994354" />
      <trkpt lat="46.0663874" lon="11.0994028" />
      <trkpt lat="46.0664006" lon="11.0993615" />
      <trkpt lat="46.0664022" lon="11.0993084" />
      <trkpt lat="46.0663693" lon="11.0991486" />
      <trkpt lat="46.0663674" lon="11.0990604" />
      <trkpt lat="46.0663804" lon="11.0989597" />
      <trkpt lat="46.0664054" lon="11.0988681" />
      <trkpt lat="46.0664493" lon="11.0987849" />
      <trkpt lat="46.0664977" lon="11.0987229" />
      <trkpt lat="46.0666499" lon="11.0986085" />
      <trkpt lat="46.0667176" lon="11.0985492" />
      <trkpt lat="46.0668666" lon="11.0984645" />
      <trkpt lat="46.0669556" lon="11.0984128" />
      <trkpt lat="46.0670317" lon="11.0983896" />
      <trkpt lat="46.0670758" lon="11.0983761" />
      <trkpt lat="46.0671470" lon="11.0983637" />
      <trkpt lat="46.0672698" lon="11.0983294" />
      <trkpt lat="46.0673903" lon="11.0982400" />
      <trkpt lat="46.0674771" lon="11.0981565" />
      <trkpt lat="46.0675492" lon="11.0981059" />
      <trkpt lat="46.0676765" lon="11.0980472" />
      <trkpt lat="46.0677721" lon="11.0980020" />
      <trkpt lat="46.0678624" lon="11.0979606" />
      <trkpt lat="46.0681204" lon="11.0978229" />
      <trkpt lat="46.0681766" lon="11.0977835" />
      <trkpt lat="46.0682689" lon="11.0977092" />
      <trkpt lat="46.0684366" lon="11.0975826" />
      <trkpt lat="46.0685646" lon="11.0974613" />
      <trkpt lat="46.0686842" lon="11.0974144" />
      <trkpt lat="46.0688816" lon="11.0973826" />
      <trkpt lat="46.0689499" lon="11.0973754" />
      <trkpt lat="46.0690306" lon="11.0973712" />
      <trkpt lat="46.0691399" lon="11.0973305" />
      <trkpt lat="46.0692617" lon="11.0972357" />
      <trkpt lat="46.0693755" lon="11.0971444" />
      <trkpt lat="46.0694713" lon="11.0970339" />
      <trkpt lat="46.0695186" lon="11.0969926" />
      <trkpt lat="46.0695401" lon="11.0969899" />
      <trkpt lat="46.0695718" lon="11.0969794" />
      <trkpt lat="46.0695803" lon="11.0969896" />
      <trkpt lat="46.0695303" lon="11.0971000" />
      <trkpt lat="46.0694334" lon="11.0972864" />
      <trkpt lat="46.0693365" lon="11.0974971" />
      <trkpt lat="46.0692525" lon="11.0976526" />
      <trkpt lat="46.0692184" lon="11.0977308" />
      <trkpt lat="46.0691688" lon="11.0978561" />
      <trkpt lat="46.0691056" lon="11.0980416" />
      <trkpt lat="46.0690609" lon="11.0981876" />
      <trkpt lat="46.0690272" lon="11.0983266" />
      <trkpt lat="46.0690047" lon="11.0985142" />
      <trkpt lat="46.0690159" lon="11.0986376" />
      <trkpt lat="46.0690463" lon="11.0987718" />
      <trkpt lat="46.0691109" lon="11.0989366" />
      <trkpt lat="46.0692038" lon="11.0990748" />
      <trkpt lat="46.0692802" lon="11.0991893" />
      <trkpt lat="46.0693686" lon="11.0992625" />
      <trkpt lat="46.0694504" lon="11.0993347" />
      <trkpt lat="46.0695490" lon="11.0994281" />
      <trkpt lat="46.0695406" lon="11.0995716" />
      <trkpt lat="46.0695205" lon="11.0996503" />
      <trkpt lat="46.0695098" lon="11.0997291" />
      <trkpt lat="46.0695248" lon="11.0998000" />
      <trkpt lat="46.0695571" lon="11.0998708" />
      <trkpt lat="46.0696153" lon="11.0999783" />
      <trkpt lat="46.0698023" lon="11.1002888" />
      <trkpt lat="46.0699289" lon="11.1005161" />
      <trkpt lat="46.0700914" lon="11.1008042" />
      <trkpt lat="46.0701573" lon="11.1009235" />
      <trkpt lat="46.0702203" lon="11.1010374" />
      <trkpt lat="46.0702640" lon="11.1011432" />
      <trkpt lat="46.0702877" lon="11.1011920" />
      <trkpt lat="46.0703096" lon="11.1012312" />
      <trkpt lat="46.0703411" lon="11.1013284" />
      <trkpt lat="46.0703765" lon="11.1014293" />
      <trkpt lat="46.0704085" lon="11.1015229" />
      <trkpt lat="46.0705247" lon="11.1018477" />
      <trkpt lat="46.0706005" lon="11.1020906" />
      <trkpt lat="46.0706688" lon="11.1023018" />
      <trkpt lat="46.0707030" lon="11.1024570" />
      <trkpt lat="46.0707310" lon="11.1025970" />
      <trkpt lat="46.0707477" lon="11.1027477" />
      <trkpt lat="46.0707433" lon="11.1028468" />
      <trkpt lat="46.0707314" lon="11.1029432" />
      <trkpt lat="46.0707010" lon="11.1031222" />
      <trkpt lat="46.0706430" lon="11.1033996" />
      <trkpt lat="46.0706023" lon="11.1035620" />
      <trkpt lat="46.0705532" lon="11.1036813" />
      <trkpt lat="46.0704134" lon="11.1039409" />
      <trkpt lat="46.0702867" lon="11.1041664" />
      <trkpt lat="46.0701332" lon="11.1044844" />
      <trkpt lat="46.0698882" lon="11.1049319" />
      <trkpt lat="46.0696858" lon="11.1051996" />
      <trkpt lat="46.0695004" lon="11.1054396" />
      <trkpt lat="46.0693881" lon="11.1055711" />
      <trkpt lat="46.0692859" lon="11.1056815" />
      <trkpt lat="46.0691825" lon="11.1057870" />
      <trkpt lat="46.0690852" lon="11.1058820" />
      <trkpt lat="46.0689842" lon="11.1059706" />
      <trkpt lat="46.0688261" lon="11.1060842" />
      <trkpt lat="46.0687224" lon="11.1061567" />
      <trkpt lat="46.0686694" lon="11.1061956" />
      <trkpt lat="46.0684760" lon="11.1063648" />
      <trkpt lat="46.0683645" lon="11.1065071" />
      <trkpt lat="46.0683067" lon="11.1066073" />
      <trkpt lat="46.0682040" lon="11.1069284" />
      <trkpt lat="46.0681470" lon="11.1070863" />
      <trkpt lat="46.0681195" lon="11.1072104" />
      <trkpt lat="46.0681148" lon="11.1072581" />
      <trkpt lat="46.0681183" lon="11.1073154" />
      <trkpt lat="46.0681310" lon="11.1073754" />
      <trkpt lat="46.0681553" lon="11.1074176" />
      <trkpt lat="46.0681917" lon="11.1074463" />
      <trkpt lat="46.0682120" lon="11.1074616" />
      <trkpt lat="46.0682329" lon="11.1074716" />
      <trkpt lat="46.0682524" lon="11.1074809" />
      <trkpt lat="46.0682737" lon="11.1074876" />
      <trkpt lat="46.0683283" lon="11.1074975" />
      <trkpt lat="46.0683847" lon="11.1075034" />
      <trkpt lat="46.0684967" lon="11.1075124" />
      <trkpt lat="46.0685256" lon="11.1075181" />
      <trkpt lat="46.0685535" lon="11.1075311" />
      <trkpt lat="46.0686015" lon="11.1075826" />
      <trkpt lat="46.0686447" lon="11.1075803" />
      <trkpt lat="46.0686934" lon="11.1075740" />
      <trkpt lat="46.0687394" lon="11.1075677" />
      <trkpt lat="46.0687738" lon="11.1075589" />
      <trkpt lat="46.0688082" lon="11.1075421" />
      <trkpt lat="46.0688622" lon="11.1075004" />
      <trkpt lat="46.0690168" lon="11.1073557" />
      <trkpt lat="46.0690932" lon="11.1072988" />
      <trkpt lat="46.0691696" lon="11.1072500" />
      <trkpt lat="46.0692312" lon="11.1072155" />
      <trkpt lat="46.0693068" lon="11.1071693" />
      <trkpt lat="46.0693400" lon="11.1071582" />
      <trkpt lat="46.0693760" lon="11.1071472" />
      <trkpt lat="46.0695976" lon="11.1070935" />
      <trkpt lat="46.0697499" lon="11.1070222" />
      <trkpt lat="46.0698625" lon="11.1069881" />
      <trkpt lat="46.0699614" lon="11.1069641" />
      <trkpt lat="46.0700588" lon="11.1069583" />
      <trkpt lat="46.0701850" lon="11.1069673" />
      <trkpt lat="46.0703531" lon="11.1070145" />
      <trkpt lat="46.0704616" lon="11.1070376" />
      <trkpt lat="46.0704786" lon="11.1070412" />
      <trkpt lat="46.0705938" lon="11.1070578" />
      <trkpt lat="46.0706614" lon="11.1070494" />
      <trkpt lat="46.0707164" lon="11.1070232" />
      <trkpt lat="46.0707602" lon="11.1069849" />
      <trkpt lat="46.0708036" lon="11.1069156" />
      <trkpt lat="46.0709263" lon="11.1066278" />
      <trkpt lat="46.0709871" lon="11.1064903" />
      <trkpt lat="46.0710111" lon="11.1064552" />
      <trkpt lat="46.0710283" lon="11.1064457" />
      <trkpt lat="46.0710494" lon="11.1064437" />
      <trkpt lat="46.0710684" lon="11.1064607" />
      <trkpt lat="46.0710809" lon="11.1064921" />
      <trkpt lat="46.0710837" lon="11.1065577" />
      <trkpt lat="46.0710883" lon="11.1066279" />
      <trkpt lat="46.0710817" lon="11.1067605" />
      <trkpt lat="46.0710658" lon="11.1069633" />
      <trkpt lat="46.0710615" lon="11.1071404" />
      <trkpt lat="46.0710690" lon="11.1072037" />
      <trkpt lat="46.0710770" lon="11.1072479" />
      <trkpt lat="46.0710934" lon="11.1072680" />
      <trkpt lat="46.0711111" lon="11.1072710" />
      <trkpt lat="46.0711289" lon="11.1072599" />
      <trkpt lat="46.0711537" lon="11.1072441" />
      <trkpt lat="46.0711960" lon="11.1072143" />
      <trkpt lat="46.0713099" lon="11.1071258" />
      <trkpt lat="46.0713812" lon="11.1070307" />
      <trkpt lat="46.0714814" lon="11.1068834" />
      <trkpt lat="46.0715860" lon="11.1067126" />
      <trkpt lat="46.0716749" lon="11.1066140" />
      <trkpt lat="46.0718550" lon="11.1064816" />
      <trkpt lat="46.0720068" lon="11.1064030" />
      <trkpt lat="46.0721134" lon="11.1063618" />
      <trkpt lat="46.0721887" lon="11.1063259" />
      <trkpt lat="46.0722320" lon="11.1062946" />
      <trkpt lat="46.0722893" lon="11.1062431" />
      <trkpt lat="46.0724810" lon="11.1060040" />
      <trkpt lat="46.0726814" lon="11.1057606" />
      <trkpt lat="46.0727759" lon="11.1056658" />
      <trkpt lat="46.0728648" lon="11.1056031" />
      <trkpt lat="46.0729591" lon="11.1055567" />
      <trkpt lat="46.0730665" lon="11.1055186" />
      <trkpt lat="46.0731436" lon="11.1055008" />
      <trkpt lat="46.0731631" lon="11.1054990" />
      <trkpt lat="46.0731860" lon="11.1055039" />
      <trkpt lat="46.0732021" lon="11.1055067" />
      <trkpt lat="46.0732163" lon="11.1055082" />
      <trkpt lat="46.0733551" lon="11.1055019" />
      <trkpt lat="46.0733756" lon="11.1055039" />
      <trkpt lat="46.0734030" lon="11.1055081" />
      <trkpt lat="46.0733780" lon="11.1055867" />
      <trkpt lat="46.0733083" lon="11.1058057" />
      <trkpt lat="46.0732529" lon="11.1059914" />
      <trkpt lat="46.0732200" lon="11.1060497" />
      <trkpt lat="46.0731749" lon="11.1061013" />
      <trkpt lat="46.0730228" lon="11.1062328" />
      <trkpt lat="46.0729383" lon="11.1063107" />
      <trkpt lat="46.0728539" lon="11.1063993" />
      <trkpt lat="46.0728000" lon="11.1064839" />
      <trkpt lat="46.0727777" lon="11.1065370" />
      <trkpt lat="46.0727592" lon="11.1065954" />
      <trkpt lat="46.0727248" lon="11.1067023" />
      <trkpt lat="46.0727016" lon="11.1068147" />
      <trkpt lat="46.0726664" lon="11.1070611" />
      <trkpt lat="46.0726430" lon="11.1071846" />
      <trkpt lat="46.0726278" lon="11.1072317" />
      <trkpt lat="46.0726076" lon="11.1072787" />
      <trkpt lat="46.0725875" lon="11.1073177" />
      <trkpt lat="46.0725572" lon="11.1073568" />
      <trkpt lat="46.0721237" lon="11.1078214" />
      <trkpt lat="46.0718427" lon="11.1081567" />
      <trkpt lat="46.0716956" lon="11.1083682" />
      <trkpt lat="46.0714759" lon="11.1087687" />
      <trkpt lat="46.0714398" lon="11.1088371" />
      <trkpt lat="46.0713762" lon="11.1089573" />
      <trkpt lat="46.0710922" lon="11.1094943" />
      <trkpt lat="46.0710472" lon="11.1095792" />
      <trkpt lat="46.0709758" lon="11.1097204" />
      <trkpt lat="46.0708898" lon="11.1099156" />
      <trkpt lat="46.0708699" lon="11.1099676" />
      <trkpt lat="46.0708044" lon="11.1101298" />
      <trkpt lat="46.0707208" lon="11.1103771" />
      <trkpt lat="46.0706692" lon="11.1105778" />
      <trkpt lat="46.0706562" lon="11.1106262" />
      <trkpt lat="46.0706362" lon="11.1107149" />
      <trkpt lat="46.0706014" lon="11.1107079" />
      <trkpt lat="46.0705938" lon="11.1107384" />
      <trkpt lat="46.0705787" lon="11.1108167" />
      <trkpt lat="46.0705413" lon="11.1111003" />
      <trkpt lat="46.0705361" lon="11.1111626" />
      <trkpt lat="46.0705257" lon="11.1113296" />
      <trkpt lat="46.0705187" lon="11.1114760" />
      <trkpt lat="46.0705136" lon="11.1116151" />
      <trkpt lat="46.0705106" lon="11.1117214" />
      <trkpt lat="46.0704958" lon="11.1117395" />
      <trkpt lat="46.0705047" lon="11.1117917" />
      <trkpt lat="46.0705169" lon="11.1118466" />
      <trkpt lat="46.0705292" lon="11.1118991" />
      <trkpt lat="46.0706025" lon="11.1118700" />
      <trkpt lat="46.0706390" lon="11.1118595" />
      <trkpt lat="46.0706788" lon="11.1120416" />
      <trkpt lat="46.0707116" lon="11.1121405" />
      <trkpt lat="46.0707388" lon="11.1122047" />
      <trkpt lat="46.0708272" lon="11.1124134" />
      <trkpt lat="46.0708645" lon="11.1125010" />
      <trkpt lat="46.0708906" lon="11.1125624" />
      <trkpt lat="46.0709759" lon="11.1127520" />
      <trkpt lat="46.0710044" lon="11.1128120" />
      <trkpt lat="46.0711426" lon="11.1130964" />
      <trkpt lat="46.0711659" lon="11.1131444" />
      <trkpt lat="46.0711916" lon="11.1131957" />
      <trkpt lat="46.0712260" lon="11.1132822" />
      <trkpt lat="46.0712590" lon="11.1133721" />
      <trkpt lat="46.0712858" lon="11.1134671" />
      <trkpt lat="46.0713211" lon="11.1136075" />
      <trkpt lat="46.0713250" lon="11.1136230" />
      <trkpt lat="46.0713294" lon="11.1136394" />
      <trkpt lat="46.0713398" lon="11.1136831" />
      <trkpt lat="46.0713254" lon="11.1136882" />
      <trkpt lat="46.0713602" lon="11.1138424" />
      <trkpt lat="46.0713938" lon="11.1138528" />
      <trkpt lat="46.0713979" lon="11.1138918" />
      <trkpt lat="46.0714095" lon="11.1139887" />
      <trkpt lat="46.0714292" lon="11.1140880" />
      <trkpt lat="46.0715524" lon="11.1145972" />
      <trkpt lat="46.0716461" lon="11.1150144" />
      <trkpt lat="46.0716005" lon="11.1150685" />
      <trkpt lat="46.0715565" lon="11.1151446" />
      <trkpt lat="46.0716777" lon="11.1151800" />
      <trkpt lat="46.0716701" lon="11.1152371" />
      <trkpt lat="46.0715462" lon="11.1151968" />
      <trkpt lat="46.0714778" lon="11.1151767" />
      <trkpt lat="46.0714751" lon="11.1151881" />
      <trkpt lat="46.0714713" lon="11.1152069" />
      <trkpt lat="46.0712489" lon="11.1150973" />
      <trkpt lat="46.0711800" lon="11.1150634" />
      <trkpt lat="46.0711622" lon="11.1150542" />
      <trkpt lat="46.0709446" lon="11.1149414" />
      <trkpt lat="46.0708185" lon="11.1148581" />
      <trkpt lat="46.0707959" lon="11.1148434" />
      <trkpt lat="46.0708009" lon="11.1148281" />
      <trkpt lat="46.0708045" lon="11.1148160" />
      <trkpt lat="46.0707833" lon="11.1147994" />
      <trkpt lat="46.0705116" lon="11.1145755" />
      <trkpt lat="46.0704564" lon="11.1145311" />
      <trkpt lat="46.0703770" lon="11.1144800" />
      <trkpt lat="46.0703535" lon="11.1144784" />
      <trkpt lat="46.0703420" lon="11.1144768" />
      <trkpt lat="46.0703300" lon="11.1144739" />
      <trkpt lat="46.0702894" lon="11.1144548" />
      <trkpt lat="46.0702508" lon="11.1144356" />
      <trkpt lat="46.0702467" lon="11.1144529" />
      <trkpt lat="46.0699151" lon="11.1156990" />
      <trkpt lat="46.0698998" lon="11.1157127" />
      <trkpt lat="46.0698507" lon="11.1157710" />
      <trkpt lat="46.0697948" lon="11.1158159" />
      <trkpt lat="46.0697290" lon="11.1158495" />
      <trkpt lat="46.0696957" lon="11.1158516" />
      <trkpt lat="46.0696409" lon="11.1158489" />
      <trkpt lat="46.0696120" lon="11.1158421" />
      <trkpt lat="46.0695555" lon="11.1157924" />
      <trkpt lat="46.0694630" lon="11.1156868" />
      <trkpt lat="46.0694235" lon="11.1157469" />
      <trkpt lat="46.0693849" lon="11.1158089" />
      <trkpt lat="46.0694825" lon="11.1159653" />
      <trkpt lat="46.0695837" lon="11.1160774" />
      <trkpt lat="46.0696531" lon="11.1161456" />
      <trkpt lat="46.0698035" lon="11.1162762" />
      <trkpt lat="46.0699295" lon="11.1163939" />
      <trkpt lat="46.0699495" lon="11.1164167" />
      <trkpt lat="46.0700000" lon="11.1164941" />
      <trkpt lat="46.0700236" lon="11.1165374" />
      <trkpt lat="46.0700680" lon="11.1166069" />
      <trkpt lat="46.0701165" lon="11.1166890" />
      <trkpt lat="46.0701363" lon="11.1167225" />
      <trkpt lat="46.0701743" lon="11.1167917" />
      <trkpt lat="46.0702123" lon="11.1168786" />
      <trkpt lat="46.0702292" lon="11.1169470" />
      <trkpt lat="46.0702367" lon="11.1170213" />
      <trkpt lat="46.0702287" lon="11.1171541" />
      <trkpt lat="46.0702169" lon="11.1171918" />
      <trkpt lat="46.0701805" lon="11.1173050" />
      <trkpt lat="46.0700861" lon="11.1176034" />
      <trkpt lat="46.0700527" lon="11.1177069" />
      <trkpt lat="46.0700431" lon="11.1177476" />
      <trkpt lat="46.0700369" lon="11.1177882" />
      <trkpt lat="46.0700305" lon="11.1178362" />
      <trkpt lat="46.0700294" lon="11.1178856" />
      <trkpt lat="46.0700269" lon="11.1179061" />
      <trkpt lat="46.0699908" lon="11.1179414" />
      <trkpt lat="46.0699871" lon="11.1179668" />
      <trkpt lat="46.0699905" lon="11.1180483" />
      <trkpt lat="46.0700084" lon="11.1181540" />
      <trkpt lat="46.0699803" lon="11.1181633" />
      <trkpt lat="46.0699644" lon="11.1181025" />
      <trkpt lat="46.0699602" lon="11.1180863" />
      <trkpt lat="46.0698926" lon="11.1180856" />
      <trkpt lat="46.0698565" lon="11.1180693" />
      <trkpt lat="46.0698227" lon="11.1180755" />
      <trkpt lat="46.0698214" lon="11.1178923" />
      <trkpt lat="46.0698162" lon="11.1177869" />
      <trkpt lat="46.0698052" lon="11.1177080" />
      <trkpt lat="46.0697925" lon="11.1176638" />
      <trkpt lat="46.0697728" lon="11.1176277" />
      <trkpt lat="46.0696085" lon="11.1174443" />
      <trkpt lat="46.0694474" lon="11.1171906" />
      <trkpt lat="46.0690898" lon="11.1169530" />
      <trkpt lat="46.0689420" lon="11.1168633" />
      <trkpt lat="46.0688625" lon="11.1168212" />
      <trkpt lat="46.0688130" lon="11.1168193" />
      <trkpt lat="46.0686021" lon="11.1169041" />
      <trkpt lat="46.0681601" lon="11.1171031" />
      <trkpt lat="46.0681191" lon="11.1171294" />
      <trkpt lat="46.0680545" lon="11.1170328" />
      <trkpt lat="46.0679940" lon="11.1164565" />
      <trkpt lat="46.0679753" lon="11.1163254" />
      <trkpt lat="46.0680338" lon="11.1160199" />
      <trkpt lat="46.0680707" lon="11.1158822" />
      <trkpt lat="46.0680737" lon="11.1158721" />
      <trkpt lat="46.0680940" lon="11.1158801" />
      <trkpt lat="46.0682188" lon="11.1153837" />
      <trkpt lat="46.0681850" lon="11.1153880" />
      <trkpt lat="46.0681384" lon="11.1153939" />
      <trkpt lat="46.0681265" lon="11.1153883" />
      <trkpt lat="46.0680332" lon="11.1153684" />
      <trkpt lat="46.0679464" lon="11.1153270" />
      <trkpt lat="46.0677902" lon="11.1152526" />
      <trkpt lat="46.0677326" lon="11.1152266" />
      <trkpt lat="46.0677254" lon="11.1152228" />
      <trkpt lat="46.0669565" lon="11.1148188" />
      <trkpt lat="46.0669080" lon="11.1147934" />
      <trkpt lat="46.0668587" lon="11.1147689" />
      <trkpt lat="46.0664895" lon="11.1145858" />
      <trkpt lat="46.0663840" lon="11.1145473" />
      <trkpt lat="46.0663506" lon="11.1145446" />
      <trkpt lat="46.0663315" lon="11.1145516" />
      <trkpt lat="46.0663055" lon="11.1145612" />
      <trkpt lat="46.0662432" lon="11.1145505" />
      <trkpt lat="46.0661796" lon="11.1145362" />
      <trkpt lat="46.0660937" lon="11.1145610" />
      <trkpt lat="46.0660821" lon="11.1145378" />
      <trkpt lat="46.0660532" lon="11.1145050" />
      <trkpt lat="46.0659947" lon="11.1144847" />
      <trkpt lat="46.0659856" lon="11.1144795" />
      <trkpt lat="46.0659923" lon="11.1143291" />
      <trkpt lat="46.0659951" lon="11.1143098" />
      <trkpt lat="46.0655416" lon="11.1140592" />
      <trkpt lat="46.0652836" lon="11.1139468" />
      <trkpt lat="46.0651362" lon="11.1138670" />
      <trkpt lat="46.0650965" lon="11.1138455" />
      <trkpt lat="46.0648206" lon="11.1137084" />
      <trkpt lat="46.0647463" lon="11.1136623" />
      <trkpt lat="46.0646967" lon="11.1136437" />
      <trkpt lat="46.0641463" lon="11.1134375" />
      <trkpt lat="46.0637524" lon="11.1132971" />
      <trkpt lat="46.0636983" lon="11.1132832" />
      <trkpt lat="46.0636621" lon="11.1132752" />
      <trkpt lat="46.0634818" lon="11.1132254" />
      <trkpt lat="46.0633090" lon="11.1131770" />
      <trkpt lat="46.0631257" lon="11.1131259" />
      <trkpt lat="46.0627502" lon="11.1130204" />
      <trkpt lat="46.0625630" lon="11.1130073" />
      <trkpt lat="46.0625007" lon="11.1130063" />
      <trkpt lat="46.0624579" lon="11.1130163" />
      <trkpt lat="46.0624262" lon="11.1130355" />
      <trkpt lat="46.0623907" lon="11.1130695" />
      <trkpt lat="46.0623572" lon="11.1131131" />
      <trkpt lat="46.0623316" lon="11.1131631" />
      <trkpt lat="46.0623205" lon="11.1131998" />
      <trkpt lat="46.0623104" lon="11.1132523" />
      <trkpt lat="46.0623098" lon="11.1132833" />
      <trkpt lat="46.0623245" lon="11.1135043" />
      <trkpt lat="46.0623318" lon="11.1135988" />
      <trkpt lat="46.0622819" lon="11.1135872" />
      <trkpt lat="46.0622377" lon="11.1135805" />
      <trkpt lat="46.0620544" lon="11.1135429" />
      <trkpt lat="46.0618492" lon="11.1135112" />
      <trkpt lat="46.0616604" lon="11.1134805" />
      <trkpt lat="46.0615126" lon="11.1134600" />
      <trkpt lat="46.0612735" lon="11.1134347" />
      <trkpt lat="46.0611072" lon="11.1134227" />
      <trkpt lat="46.0610721" lon="11.1134257" />
      <trkpt lat="46.0605715" lon="11.1134088" />
      <trkpt lat="46.0604255" lon="11.1134099" />
      <trkpt lat="46.0602254" lon="11.1134139" />
      <trkpt lat="46.0600655" lon="11.1134229" />
      <trkpt lat="46.0599219" lon="11.1134290" />
      <trkpt lat="46.0597295" lon="11.1134450" />
      <trkpt lat="46.0595687" lon="11.1134622" />
      <trkpt lat="46.0593995" lon="11.1134879" />
      <trkpt lat="46.0592298" lon="11.1135164" />
      <trkpt lat="46.0591207" lon="11.1135315" />
      <trkpt lat="46.0591315" lon="11.1139340" />
      <trkpt lat="46.0591340" lon="11.1140740" />
      <trkpt lat="46.0591002" lon="11.1140813" />
      <trkpt lat="46.0590485" lon="11.1140876" />
      <trkpt lat="46.0590238" lon="11.1140969" />
      <trkpt lat="46.0590235" lon="11.1140756" />
      <trkpt lat="46.0590220" lon="11.1139423" />
      <trkpt lat="46.0590029" lon="11.1139088" />
      <trkpt lat="46.0586269" lon="11.1138985" />
      <trkpt lat="46.0586013" lon="11.1138978" />
      <trkpt lat="46.0585896" lon="11.1128142" />
      <trkpt lat="46.0585865" lon="11.1126407" />
      <trkpt lat="46.0585866" lon="11.1126234" />
      <trkpt lat="46.0583932" lon="11.1126167" />
      <trkpt lat="46.0583462" lon="11.1126125" />
      <trkpt lat="46.0582967" lon="11.1126081" />
      <trkpt lat="46.0582649" lon="11.1126053" />
      <trkpt lat="46.0573856" lon="11.1125479" />
      <trkpt lat="46.0573464" lon="11.1125459" />
      <trkpt lat="46.0573151" lon="11.1125443" />
      <trkpt lat="46.0571199" lon="11.1125299" />
      <trkpt lat="46.0570728" lon="11.1125301" />
      <trkpt lat="46.0570464" lon="11.1125401" />
      <trkpt lat="46.0570314" lon="11.1125551" />
      <trkpt lat="46.0570090" lon="11.1125837" />
      <trkpt lat="46.0569863" lon="11.1126337" />
      <trkpt lat="46.0569723" lon="11.1127049" />
      <trkpt lat="46.0569236" lon="11.1127116" />
      <trkpt lat="46.0568799" lon="11.1127190" />
      <trkpt lat="46.0568711" lon="11.1126825" />
      <trkpt lat="46.0568480" lon="11.1126295" />
      <trkpt lat="46.0568160" lon="11.1125909" />
      <trkpt lat="46.0567840" lon="11.1125592" />
      <trkpt lat="46.0567505" lon="11.1125442" />
      <trkpt lat="46.0567084" lon="11.1125329" />
      <trkpt lat="46.0560629" lon="11.1124910" />
      <trkpt lat="46.0560655" lon="11.1124271" />
      <trkpt lat="46.0559674" lon="11.1124240" />
      <trkpt lat="46.0540789" lon="11.1123119" />
      <trkpt lat="46.0535783" lon="11.1122738" />
      <trkpt lat="46.0533484" lon="11.1122291" />
      <trkpt lat="46.0530891" lon="11.1121620" />
      <trkpt lat="46.0529160" lon="11.1121163" />
      <trkpt lat="46.0527425" lon="11.1120706" />
      <trkpt lat="46.0527305" lon="11.1121492" />
      <trkpt lat="46.0523140" lon="11.1120341" />
      <trkpt lat="46.0520490" lon="11.1119686" />
      <trkpt lat="46.0519889" lon="11.1119523" />
      <trkpt lat="46.0519323" lon="11.1123848" />
      <trkpt lat="46.0517122" lon="11.1123412" />
      <trkpt lat="46.0517744" lon="11.1119011" />
      <trkpt lat="46.0519199" lon="11.1119337" />
      <trkpt lat="46.0519889" lon="11.1119523" />
      <trkpt lat="46.0519998" lon="11.1118688" />
      <trkpt lat="46.0520591" lon="11.1118853" />
      <trkpt lat="46.0524902" lon="11.1120001" />
      <trkpt lat="46.0526854" lon="11.1120529" />
      <trkpt lat="46.0527425" lon="11.1120706" />
      <trkpt lat="46.0527305" lon="11.1121492" />
      <trkpt lat="46.0527245" lon="11.1121889" />
      <trkpt lat="46.0527188" lon="11.1122657" />
      <trkpt lat="46.0523555" lon="11.1126561" />
      <trkpt lat="46.0523524" lon="11.1126874" />
      <trkpt lat="46.0525928" lon="11.1140456" />
      <trkpt lat="46.0526038" lon="11.1141030" />
      <trkpt lat="46.0527610" lon="11.1146057" />
      <trkpt lat="46.0527254" lon="11.1146787" />
      <trkpt lat="46.0527856" lon="11.1146504" />
      <trkpt lat="46.0529016" lon="11.1150655" />
      <trkpt lat="46.0530451" lon="11.1155481" />
      <trkpt lat="46.0532285" lon="11.1161297" />
      <trkpt lat="46.0532739" lon="11.1162915" />
      <trkpt lat="46.0533371" lon="11.1166312" />
      <trkpt lat="46.0533575" lon="11.1167489" />
      <trkpt lat="46.0539046" lon="11.1165510" />
      <trkpt lat="46.0545052" lon="11.1164223" />
      <trkpt lat="46.0546197" lon="11.1163964" />
      <trkpt lat="46.0550688" lon="11.1163289" />
      <trkpt lat="46.0551639" lon="11.1163218" />
      <trkpt lat="46.0551570" lon="11.1162732" />
      <trkpt lat="46.0551726" lon="11.1162753" />
      <trkpt lat="46.0555059" lon="11.1162220" />
      <trkpt lat="46.0555115" lon="11.1162741" />
      <trkpt lat="46.0559355" lon="11.1162139" />
      <trkpt lat="46.0561956" lon="11.1161794" />
      <trkpt lat="46.0569145" lon="11.1160769" />
      <trkpt lat="46.0571742" lon="11.1160341" />
      <trkpt lat="46.0572289" lon="11.1160278" />
      <trkpt lat="46.0572305" lon="11.1160775" />
      <trkpt lat="46.0572519" lon="11.1160740" />
      <trkpt lat="46.0572817" lon="11.1160970" />
      <trkpt lat="46.0572914" lon="11.1161286" />
      <trkpt lat="46.0573161" lon="11.1163155" />
      <trkpt lat="46.0574610" lon="11.1174088" />
      <trkpt lat="46.0574996" lon="11.1174023" />
      <trkpt lat="46.0575083" lon="11.1174670" />
      <trkpt lat="46.0575196" lon="11.1175314" />
      <trkpt lat="46.0575472" lon="11.1177681" />
      <trkpt lat="46.0575548" lon="11.1178704" />
      <trkpt lat="46.0575414" lon="11.1179814" />
      <trkpt lat="46.0575321" lon="11.1180479" />
      <trkpt lat="46.0575263" lon="11.1180843" />
      <trkpt lat="46.0575132" lon="11.1181609" />
      <trkpt lat="46.0574948" lon="11.1182024" />
      <trkpt lat="46.0574657" lon="11.1182243" />
      <trkpt lat="46.0574407" lon="11.1182569" />
      <trkpt lat="46.0574218" lon="11.1182991" />
      <trkpt lat="46.0574110" lon="11.1183492" />
      <trkpt lat="46.0574094" lon="11.1183854" />
      <trkpt lat="46.0574125" lon="11.1184211" />
      <trkpt lat="46.0574200" lon="11.1184544" />
      <trkpt lat="46.0574300" lon="11.1184899" />
      <trkpt lat="46.0574502" lon="11.1185227" />
      <trkpt lat="46.0574180" lon="11.1185424" />
      <trkpt lat="46.0573397" lon="11.1186109" />
      <trkpt lat="46.0571597" lon="11.1188150" />
      <trkpt lat="46.0571510" lon="11.1188255" />
      <trkpt lat="46.0571053" lon="11.1188925" />
      <trkpt lat="46.0567462" lon="11.1193971" />
      <trkpt lat="46.0567102" lon="11.1193495" />
      <trkpt lat="46.0565914" lon="11.1191928" />
      <trkpt lat="46.0565319" lon="11.1191012" />
      <trkpt lat="46.0565142" lon="11.1190207" />
      <trkpt lat="46.0564767" lon="11.1186831" />
      <trkpt lat="46.0564633" lon="11.1186868" />
      <trkpt lat="46.0564261" lon="11.1183423" />
      <trkpt lat="46.0564150" lon="11.1183204" />
      <trkpt lat="46.0564056" lon="11.1182516" />
      <trkpt lat="46.0563996" lon="11.1181895" />
      <trkpt lat="46.0565642" lon="11.1181488" />
      <trkpt lat="46.0565855" lon="11.1181443" />
      <trkpt lat="46.0566150" lon="11.1181380" />
      <trkpt lat="46.0566635" lon="11.1181278" />
      <trkpt lat="46.0566609" lon="11.1180834" />
      <trkpt lat="46.0566581" lon="11.1180367" />
      <trkpt lat="46.0567996" lon="11.1180139" />
      <trkpt lat="46.0567987" lon="11.1179945" />
      <trkpt lat="46.0567902" lon="11.1178236" />
      <trkpt lat="46.0567987" lon="11.1179945" />
      <trkpt lat="46.0567996" lon="11.1180139" />
      <trkpt lat="46.0568015" lon="11.1180715" />
      <trkpt lat="46.0568824" lon="11.1180635" />
      <trkpt lat="46.0568830" lon="11.1181211" />
      <trkpt lat="46.0566635" lon="11.1181278" />
      <trkpt lat="46.0566150" lon="11.1181380" />
      <trkpt lat="46.0565855" lon="11.1181443" />
      <trkpt lat="46.0565642" lon="11.1181488" />
      <trkpt lat="46.0563996" lon="11.1181895" />
      <trkpt lat="46.0564056" lon="11.1182516" />
      <trkpt lat="46.0564150" lon="11.1183204" />
      <trkpt lat="46.0564394" lon="11.1183142" />
      <trkpt lat="46.0564406" lon="11.1183348" />
      <trkpt lat="46.0564767" lon="11.1186831" />
      <trkpt lat="46.0564633" lon="11.1186868" />
      <trkpt lat="46.0564954" lon="11.1190075" />
      <trkpt lat="46.0565006" lon="11.1190530" />
      <trkpt lat="46.0565079" lon="11.1191038" />
      <trkpt lat="46.0565247" lon="11.1191323" />
      <trkpt lat="46.0566950" lon="11.1193733" />
      <trkpt lat="46.0566180" lon="11.1194960" />
      <trkpt lat="46.0566478" lon="11.1195372" />
      <trkpt lat="46.0565932" lon="11.1196143" />
      <trkpt lat="46.0565310" lon="11.1196934" />
      <trkpt lat="46.0565482" lon="11.1197393" />
      <trkpt lat="46.0565655" lon="11.1197852" />
      <trkpt lat="46.0566134" lon="11.1200016" />
      <trkpt lat="46.0568295" lon="11.1199433" />
      <trkpt lat="46.0571362" lon="11.1198341" />
      <trkpt lat="46.0572027" lon="11.1198102" />
      <trkpt lat="46.0572398" lon="11.1197669" />
      <trkpt lat="46.0573338" lon="11.1197233" />
      <trkpt lat="46.0573449" lon="11.1197192" />
      <trkpt lat="46.0575885" lon="11.1196225" />
      <trkpt lat="46.0576636" lon="11.1196851" />
      <trkpt lat="46.0577849" lon="11.1196381" />
      <trkpt lat="46.0578301" lon="11.1196202" />
      <trkpt lat="46.0579095" lon="11.1195900" />
      <trkpt lat="46.0579310" lon="11.1195295" />
      <trkpt lat="46.0579520" lon="11.1194712" />
      <trkpt lat="46.0579751" lon="11.1194141" />
      <trkpt lat="46.0580289" lon="11.1193886" />
      <trkpt lat="46.0585235" lon="11.1191879" />
      <trkpt lat="46.0587415" lon="11.1190992" />
      <trkpt lat="46.0588430" lon="11.1190592" />
      <trkpt lat="46.0589899" lon="11.1190039" />
      <trkpt lat="46.0590518" lon="11.1189869" />
      <trkpt lat="46.0590916" lon="11.1189851" />
      <trkpt lat="46.0591235" lon="11.1189848" />
      <trkpt lat="46.0591714" lon="11.1189945" />
      <trkpt lat="46.0594937" lon="11.1191020" />
      <trkpt lat="46.0595694" lon="11.1191124" />
      <trkpt lat="46.0595909" lon="11.1191103" />
      <trkpt lat="46.0596144" lon="11.1191079" />
      <trkpt lat="46.0596412" lon="11.1191016" />
      <trkpt lat="46.0596750" lon="11.1190936" />
      <trkpt lat="46.0597592" lon="11.1190819" />
      <trkpt lat="46.0598078" lon="11.1190827" />
      <trkpt lat="46.0598231" lon="11.1190964" />
      <trkpt lat="46.0598436" lon="11.1191105" />
      <trkpt lat="46.0598769" lon="11.1191229" />
      <trkpt lat="46.0598960" lon="11.1191215" />
      <trkpt lat="46.0599180" lon="11.1191142" />
      <trkpt lat="46.0599402" lon="11.1191022" />
      <trkpt lat="46.0600050" lon="11.1190980" />
      <trkpt lat="46.0600799" lon="11.1190896" />
      <trkpt lat="46.0600867" lon="11.1191288" />
      <trkpt lat="46.0601553" lon="11.1191074" />
      <trkpt lat="46.0602616" lon="11.1190818" />
      <trkpt lat="46.0603482" lon="11.1190677" />
      <trkpt lat="46.0604273" lon="11.1190622" />
      <trkpt lat="46.0608526" lon="11.1190619" />
      <trkpt lat="46.0612990" lon="11.1190543" />
      <trkpt lat="46.0613030" lon="11.1191248" />
      <trkpt lat="46.0613122" lon="11.1192892" />
      <trkpt lat="46.0613196" lon="11.1194199" />
      <trkpt lat="46.0613217" lon="11.1194579" />
      <trkpt lat="46.0613483" lon="11.1199306" />
      <trkpt lat="46.0613606" lon="11.1201497" />
      <trkpt lat="46.0614088" lon="11.1209608" />
      <trkpt lat="46.0614097" lon="11.1209777" />
      <trkpt lat="46.0614333" lon="11.1214411" />
      <trkpt lat="46.0614345" lon="11.1214648" />
      <trkpt lat="46.0614419" lon="11.1216311" />
      <trkpt lat="46.0614434" lon="11.1216616" />
      <trkpt lat="46.0614464" lon="11.1217229" />
      <trkpt lat="46.0615861" lon="11.1217028" />
      <trkpt lat="46.0618911" lon="11.1216643" />
      <trkpt lat="46.0620871" lon="11.1216487" />
      <trkpt lat="46.0621300" lon="11.1216464" />
      <trkpt lat="46.0621711" lon="11.1216454" />
      <trkpt lat="46.0624410" lon="11.1216302" />
      <trkpt lat="46.0624505" lon="11.1216299" />
      <trkpt lat="46.0627290" lon="11.1216188" />
      <trkpt lat="46.0627849" lon="11.1216219" />
      <trkpt lat="46.0630008" lon="11.1216637" />
      <trkpt lat="46.0630001" lon="11.1215975" />
      <trkpt lat="46.0629992" lon="11.1215165" />
      <trkpt lat="46.0629974" lon="11.1213934" />
      <trkpt lat="46.0629992" lon="11.1215165" />
      <trkpt lat="46.0630001" lon="11.1215975" />
      <trkpt lat="46.0630008" lon="11.1216637" />
      <trkpt lat="46.0630750" lon="11.1216781" />
      <trkpt lat="46.0631413" lon="11.1216906" />
      <trkpt lat="46.0633240" lon="11.1217174" />
      <trkpt lat="46.0633922" lon="11.1217181" />
      <trkpt lat="46.0634951" lon="11.1217020" />
      <trkpt lat="46.0634925" lon="11.1217336" />
      <trkpt lat="46.0636685" lon="11.1217137" />
      <trkpt lat="46.0637438" lon="11.1216829" />
      <trkpt lat="46.0637762" lon="11.1216696" />
      <trkpt lat="46.0645715" lon="11.1215283" />
      <trkpt lat="46.0646307" lon="11.1215162" />
      <trkpt lat="46.0646368" lon="11.1215196" />
      <trkpt lat="46.0646401" lon="11.1215279" />
      <trkpt lat="46.0646469" lon="11.1215649" />
      <trkpt lat="46.0646849" lon="11.1215509" />
      <trkpt lat="46.0647313" lon="11.1215338" />
      <trkpt lat="46.0647686" lon="11.1215322" />
      <trkpt lat="46.0647927" lon="11.1214765" />
      <trkpt lat="46.0647781" lon="11.1214005" />
      <trkpt lat="46.0648869" lon="11.1212041" />
      <trkpt lat="46.0654209" lon="11.1212172" />
      <trkpt lat="46.0654688" lon="11.1212196" />
      <trkpt lat="46.0655300" lon="11.1212233" />
      <trkpt lat="46.0655507" lon="11.1211539" />
      <trkpt lat="46.0657149" lon="11.1211459" />
      <trkpt lat="46.0661065" lon="11.1211467" />
      <trkpt lat="46.0661586" lon="11.1211285" />
      <trkpt lat="46.0664061" lon="11.1210506" />
      <trkpt lat="46.0665614" lon="11.1210220" />
      <trkpt lat="46.0666115" lon="11.1210169" />
      <trkpt lat="46.0666602" lon="11.1210169" />
      <trkpt lat="46.0667526" lon="11.1210542" />
      <trkpt lat="46.0667705" lon="11.1210629" />
      <trkpt lat="46.0668711" lon="11.1210492" />
    </trkseg>
  </trk>
</gpx>
