<?xml version="1.0" encoding="UTF-8"?>
<gpx xmlns="http://www.topografix.com/GPX/1/1" version="1.1" creator="ShapeRoute route-engine">
  <metadata>
    <name>heart 15 km · 2026-09-22</name>
    <author>
      <name>ShapeRoute route-engine</name>
    </author>
    <time>2026-09-22T21:32:44Z</time>
  </metadata>
  <trk>
    <name>heart 15 km · 2026-09-22</name>
    <trkseg>
      <trkpt lat="46.0668711" lon="11.1210492" />
      <trkpt lat="46.0667705" lon="11.1210629" />
      <trkpt lat="46.0667526" lon="11.1210542" />
      <trkpt lat="46.0667024" lon="11.1213629" />
      <trkpt lat="46.0666701" lon="11.1215352" />
      <trkpt lat="46.0666789" lon="11.1217092" />
      <trkpt lat="46.0667274" lon="11.1218448" />
      <trkpt lat="46.0667304" lon="11.1218751" />
      <trkpt lat="46.0667210" lon="11.1219626" />
      <trkpt lat="46.0667229" lon="11.1219913" />
      <trkpt lat="46.0667249" lon="11.1220591" />
      <trkpt lat="46.0667287" lon="11.1221612" />
      <trkpt lat="46.0667350" lon="11.1222603" />
      <trkpt lat="46.0667357" lon="11.1222747" />
      <trkpt lat="46.0667414" lon="11.1223091" />
      <trkpt lat="46.0667532" lon="11.1223909" />
      <trkpt lat="46.0667715" lon="11.1225101" />
      <trkpt lat="46.0667729" lon="11.1225194" />
      <trkpt lat="46.0667810" lon="11.1225726" />
      <trkpt lat="46.0668548" lon="11.1230552" />
      <trkpt lat="46.0668872" lon="11.1232848" />
      <trkpt lat="46.0668905" lon="11.1233334" />
      <trkpt lat="46.0668986" lon="11.1233290" />
      <trkpt lat="46.0669188" lon="11.1233181" />
      <trkpt lat="46.0669670" lon="11.1232923" />
      <trkpt lat="46.0672635" lon="11.1232024" />
      <trkpt lat="46.0672653" lon="11.1232368" />
      <trkpt lat="46.0672686" lon="11.1232351" />
      <trkpt lat="46.0672810" lon="11.1232291" />
      <trkpt lat="46.0672821" lon="11.1232581" />
      <trkpt lat="46.0672873" lon="11.1232576" />
      <trkpt lat="46.0673011" lon="11.1232564" />
      <trkpt lat="46.0673146" lon="11.1232553" />
      <trkpt lat="46.0673183" lon="11.1232550" />
      <trkpt lat="46.0673371" lon="11.1232534" />
      <trkpt lat="46.0674008" lon="11.1232483" />
      <trkpt lat="46.0674156" lon="11.1232472" />
      <trkpt lat="46.0676659" lon="11.1232331" />
      <trkpt lat="46.0677631" lon="11.1232283" />
      <trkpt lat="46.0678077" lon="11.1232267" />
      <trkpt lat="46.0678142" lon="11.1235709" />
      <trkpt lat="46.0680250" lon="11.1235503" />
      <trkpt lat="46.0682343" lon="11.1235128" />
      <trkpt lat="46.0682565" lon="11.1234891" />
      <trkpt lat="46.0682805" lon="11.1238337" />
      <trkpt lat="46.0682827" lon="11.1238602" />
      <trkpt lat="46.0682835" lon="11.1238873" />
      <trkpt lat="46.0683250" lon="11.1239053" />
      <trkpt lat="46.0683541" lon="11.1239478" />
      <trkpt lat="46.0683766" lon="11.1242292" />
      <trkpt lat="46.0683684" lon="11.1245203" />
      <trkpt lat="46.0683518" lon="11.1247826" />
      <trkpt lat="46.0683737" lon="11.1247791" />
      <trkpt lat="46.0683932" lon="11.1251886" />
      <trkpt lat="46.0684031" lon="11.1252346" />
      <trkpt lat="46.0684436" lon="11.1253302" />
      <trkpt lat="46.0685799" lon="11.1255744" />
      <trkpt lat="46.0686781" lon="11.1256876" />
      <trkpt lat="46.0687726" lon="11.1258097" />
      <trkpt lat="46.0688536" lon="11.1258788" />
      <trkpt lat="46.0689365" lon="11.1258826" />
      <trkpt lat="46.0689309" lon="11.1259038" />
      <trkpt lat="46.0689600" lon="11.1258922" />
      <trkpt lat="46.0690129" lon="11.1258657" />
      <trkpt lat="46.0690323" lon="11.1258559" />
      <trkpt lat="46.0691752" lon="11.1258084" />
      <trkpt lat="46.0693468" lon="11.1257235" />
      <trkpt lat="46.0694703" lon="11.1256455" />
      <trkpt lat="46.0695166" lon="11.1256194" />
      <trkpt lat="46.0696736" lon="11.1255595" />
      <trkpt lat="46.0696998" lon="11.1255439" />
      <trkpt lat="46.0699822" lon="11.1254971" />
      <trkpt lat="46.0701757" lon="11.1254398" />
      <trkpt lat="46.0701951" lon="11.1255251" />
      <trkpt lat="46.0703104" lon="11.1258937" />
      <trkpt lat="46.0703744" lon="11.1261142" />
      <trkpt lat="46.0704496" lon="11.1264614" />
      <trkpt lat="46.0704611" lon="11.1265307" />
      <trkpt lat="46.0704804" lon="11.1266564" />
      <trkpt lat="46.0705083" lon="11.1266443" />
      <trkpt lat="46.0705378" lon="11.1266280" />
      <trkpt lat="46.0705687" lon="11.1266685" />
      <trkpt lat="46.0709427" lon="11.1265551" />
      <trkpt lat="46.0709703" lon="11.1265422" />
      <trkpt lat="46.0714867" lon="11.1261603" />
      <trkpt lat="46.0714910" lon="11.1261744" />
      <trkpt lat="46.0715046" lon="11.1262192" />
      <trkpt lat="46.0715185" lon="11.1262647" />
      <trkpt lat="46.0715224" lon="11.1262776" />
      <trkpt lat="46.0715381" lon="11.1263281" />
      <trkpt lat="46.0718397" lon="11.1261925" />
      <trkpt lat="46.0718195" lon="11.1261313" />
      <trkpt lat="46.0718057" lon="11.1260913" />
      <trkpt lat="46.0719279" lon="11.1259983" />
      <trkpt lat="46.0719595" lon="11.1259970" />
      <trkpt lat="46.0720236" lon="11.1260184" />
      <trkpt lat="46.0720402" lon="11.1259968" />
      <trkpt lat="46.0720594" lon="11.1259585" />
      <trkpt lat="46.0720743" lon="11.1259287" />
      <trkpt lat="46.0720801" lon="11.1259174" />
      <trkpt lat="46.0720949" lon="11.1258874" />
      <trkpt lat="46.0721792" lon="11.1254450" />
      <trkpt lat="46.0721976" lon="11.1253427" />
      <trkpt lat="46.0722208" lon="11.1252132" />
      <trkpt lat="46.0723085" lon="11.1252311" />
      <trkpt lat="46.0727195" lon="11.1253147" />
      <trkpt lat="46.0730716" lon="11.1253856" />
      <trkpt lat="46.0731112" lon="11.1253935" />
      <trkpt lat="46.0731101" lon="11.1254840" />
      <trkpt lat="46.0731515" lon="11.1254814" />
      <trkpt lat="46.0731516" lon="11.1254532" />
      <trkpt lat="46.0731565" lon="11.1254463" />
      <trkpt lat="46.0731690" lon="11.1254454" />
      <trkpt lat="46.0734031" lon="11.1254700" />
      <trkpt lat="46.0736762" lon="11.1254607" />
      <trkpt lat="46.0737043" lon="11.1254537" />
      <trkpt lat="46.0738438" lon="11.1254301" />
      <trkpt lat="46.0738766" lon="11.1254193" />
      <trkpt lat="46.0742936" lon="11.1252822" />
      <trkpt lat="46.0744911" lon="11.1252180" />
      <trkpt lat="46.0744955" lon="11.1252706" />
      <trkpt lat="46.0744974" lon="11.1253131" />
      <trkpt lat="46.0744973" lon="11.1253342" />
      <trkpt lat="46.0744654" lon="11.1253720" />
      <trkpt lat="46.0739627" lon="11.1258798" />
      <trkpt lat="46.0738574" lon="11.1259851" />
      <trkpt lat="46.0737670" lon="11.1260733" />
      <trkpt lat="46.0736399" lon="11.1262152" />
      <trkpt lat="46.0736617" lon="11.1264186" />
      <trkpt lat="46.0737090" lon="11.1270530" />
      <trkpt lat="46.0737023" lon="11.1270824" />
      <trkpt lat="46.0736737" lon="11.1271080" />
      <trkpt lat="46.0735896" lon="11.1271588" />
      <trkpt lat="46.0735302" lon="11.1271951" />
      <trkpt lat="46.0734663" lon="11.1272419" />
      <trkpt lat="46.0734660" lon="11.1274177" />
      <trkpt lat="46.0734711" lon="11.1276069" />
      <trkpt lat="46.0734537" lon="11.1276617" />
      <trkpt lat="46.0733483" lon="11.1278310" />
      <trkpt lat="46.0732983" lon="11.1279491" />
      <trkpt lat="46.0733316" lon="11.1279510" />
      <trkpt lat="46.0733801" lon="11.1279390" />
      <trkpt lat="46.0735035" lon="11.1278998" />
      <trkpt lat="46.0735237" lon="11.1278934" />
      <trkpt lat="46.0735347" lon="11.1278881" />
      <trkpt lat="46.0735910" lon="11.1278598" />
      <trkpt lat="46.0736055" lon="11.1278536" />
      <trkpt lat="46.0736330" lon="11.1278374" />
      <trkpt lat="46.0736518" lon="11.1278337" />
      <trkpt lat="46.0737268" lon="11.1278281" />
      <trkpt lat="46.0738871" lon="11.1278374" />
      <trkpt lat="46.0738985" lon="11.1279014" />
      <trkpt lat="46.0739021" lon="11.1279049" />
      <trkpt lat="46.0740563" lon="11.1280547" />
      <trkpt lat="46.0740792" lon="11.1280566" />
      <trkpt lat="46.0741217" lon="11.1280537" />
      <trkpt lat="46.0741340" lon="11.1280529" />
      <trkpt lat="46.0742255" lon="11.1280386" />
      <trkpt lat="46.0741631" lon="11.1282502" />
      <trkpt lat="46.0741717" lon="11.1282818" />
      <trkpt lat="46.0741515" lon="11.1283292" />
      <trkpt lat="46.0741667" lon="11.1283468" />
      <trkpt lat="46.0741912" lon="11.1283750" />
      <trkpt lat="46.0742467" lon="11.1282269" />
      <trkpt lat="46.0743188" lon="11.1280689" />
      <trkpt lat="46.0744212" lon="11.1279428" />
      <trkpt lat="46.0745531" lon="11.1278791" />
      <trkpt lat="46.0746745" lon="11.1278750" />
      <trkpt lat="46.0748351" lon="11.1279289" />
      <trkpt lat="46.0751899" lon="11.1280282" />
      <trkpt lat="46.0752276" lon="11.1280388" />
      <trkpt lat="46.0756233" lon="11.1281540" />
      <trkpt lat="46.0757365" lon="11.1281867" />
      <trkpt lat="46.0757716" lon="11.1281967" />
      <trkpt lat="46.0758499" lon="11.1282191" />
      <trkpt lat="46.0759290" lon="11.1282301" />
      <trkpt lat="46.0759087" lon="11.1284264" />
      <trkpt lat="46.0759068" lon="11.1285458" />
      <trkpt lat="46.0758860" lon="11.1286618" />
      <trkpt lat="46.0758202" lon="11.1289142" />
      <trkpt lat="46.0757893" lon="11.1291059" />
      <trkpt lat="46.0757939" lon="11.1293083" />
      <trkpt lat="46.0758122" lon="11.1294045" />
      <trkpt lat="46.0758601" lon="11.1295688" />
      <trkpt lat="46.0759415" lon="11.1297726" />
      <trkpt lat="46.0760013" lon="11.1299493" />
      <trkpt lat="46.0760478" lon="11.1300123" />
      <trkpt lat="46.0761724" lon="11.1300875" />
      <trkpt lat="46.0764975" lon="11.1302832" />
      <trkpt lat="46.0766298" lon="11.1303343" />
      <trkpt lat="46.0767621" lon="11.1303772" />
      <trkpt lat="46.0770168" lon="11.1304446" />
      <trkpt lat="46.0771354" lon="11.1304578" />
      <trkpt lat="46.0772788" lon="11.1304450" />
      <trkpt lat="46.0772661" lon="11.1305162" />
      <trkpt lat="46.0772528" lon="11.1305902" />
      <trkpt lat="46.0772467" lon="11.1307100" />
      <trkpt lat="46.0771814" lon="11.1311854" />
      <trkpt lat="46.0771268" lon="11.1316045" />
      <trkpt lat="46.0771004" lon="11.1317526" />
      <trkpt lat="46.0770901" lon="11.1317798" />
      <trkpt lat="46.0770754" lon="11.1318003" />
      <trkpt lat="46.0770549" lon="11.1318176" />
      <trkpt lat="46.0770427" lon="11.1318742" />
      <trkpt lat="46.0770161" lon="11.1319878" />
      <trkpt lat="46.0770354" lon="11.1320010" />
      <trkpt lat="46.0770442" lon="11.1320247" />
      <trkpt lat="46.0770434" lon="11.1320669" />
      <trkpt lat="46.0770143" lon="11.1321916" />
      <trkpt lat="46.0769636" lon="11.1323468" />
      <trkpt lat="46.0769153" lon="11.1324783" />
      <trkpt lat="46.0768684" lon="11.1325898" />
      <trkpt lat="46.0767867" lon="11.1327649" />
      <trkpt lat="46.0766733" lon="11.1329902" />
      <trkpt lat="46.0762758" lon="11.1337879" />
      <trkpt lat="46.0761969" lon="11.1339476" />
      <trkpt lat="46.0761494" lon="11.1340216" />
      <trkpt lat="46.0761049" lon="11.1340658" />
      <trkpt lat="46.0760642" lon="11.1340847" />
      <trkpt lat="46.0760129" lon="11.1340992" />
      <trkpt lat="46.0759773" lon="11.1340965" />
      <trkpt lat="46.0759050" lon="11.1340844" />
      <trkpt lat="46.0758616" lon="11.1340378" />
      <trkpt lat="46.0757541" lon="11.1339736" />
      <trkpt lat="46.0756662" lon="11.1340106" />
      <trkpt lat="46.0754573" lon="11.1341588" />
      <trkpt lat="46.0752879" lon="11.1342721" />
      <trkpt lat="46.0751455" lon="11.1344115" />
      <trkpt lat="46.0756583" lon="11.1351939" />
      <trkpt lat="46.0757217" lon="11.1352906" />
      <trkpt lat="46.0753457" lon="11.1361392" />
      <trkpt lat="46.0751791" lon="11.1364057" />
      <trkpt lat="46.0751588" lon="11.1365343" />
      <trkpt lat="46.0751011" lon="11.1365647" />
      <trkpt lat="46.0750804" lon="11.1366130" />
      <trkpt lat="46.0750752" lon="11.1366973" />
      <trkpt lat="46.0750581" lon="11.1366994" />
      <trkpt lat="46.0749711" lon="11.1367069" />
      <trkpt lat="46.0746562" lon="11.1366373" />
      <trkpt lat="46.0745655" lon="11.1366369" />
      <trkpt lat="46.0746488" lon="11.1367399" />
      <trkpt lat="46.0747498" lon="11.1368544" />
      <trkpt lat="46.0746959" lon="11.1368796" />
      <trkpt lat="46.0746536" lon="11.1368912" />
      <trkpt lat="46.0746177" lon="11.1369476" />
      <trkpt lat="46.0747747" lon="11.1370136" />
      <trkpt lat="46.0748243" lon="11.1369891" />
      <trkpt lat="46.0748541" lon="11.1369925" />
      <trkpt lat="46.0749364" lon="11.1370247" />
      <trkpt lat="46.0750123" lon="11.1370958" />
      <trkpt lat="46.0750820" lon="11.1372178" />
      <trkpt lat="46.0751118" lon="11.1373070" />
      <trkpt lat="46.0751281" lon="11.1374069" />
      <trkpt lat="46.0751551" lon="11.1378233" />
      <trkpt lat="46.0751657" lon="11.1378679" />
      <trkpt lat="46.0751774" lon="11.1379165" />
      <trkpt lat="46.0752044" lon="11.1380634" />
      <trkpt lat="46.0752430" lon="11.1381465" />
      <trkpt lat="46.0752844" lon="11.1382357" />
      <trkpt lat="46.0753174" lon="11.1383222" />
      <trkpt lat="46.0753337" lon="11.1383958" />
      <trkpt lat="46.0753472" lon="11.1384568" />
      <trkpt lat="46.0753672" lon="11.1386253" />
      <trkpt lat="46.0753816" lon="11.1387693" />
      <trkpt lat="46.0754044" lon="11.1390711" />
      <trkpt lat="46.0753801" lon="11.1390713" />
      <trkpt lat="46.0753391" lon="11.1390759" />
      <trkpt lat="46.0753392" lon="11.1391766" />
      <trkpt lat="46.0753082" lon="11.1392350" />
      <trkpt lat="46.0753317" lon="11.1392821" />
      <trkpt lat="46.0753465" lon="11.1393539" />
      <trkpt lat="46.0753677" lon="11.1397802" />
      <trkpt lat="46.0753855" lon="11.1399167" />
      <trkpt lat="46.0753890" lon="11.1399436" />
      <trkpt lat="46.0754019" lon="11.1400111" />
      <trkpt lat="46.0755048" lon="11.1403588" />
      <trkpt lat="46.0755135" lon="11.1403925" />
      <trkpt lat="46.0755260" lon="11.1404410" />
      <trkpt lat="46.0755818" lon="11.1406369" />
      <trkpt lat="46.0756279" lon="11.1408473" />
      <trkpt lat="46.0756442" lon="11.1409588" />
      <trkpt lat="46.0756584" lon="11.1411160" />
      <trkpt lat="46.0756500" lon="11.1411392" />
      <trkpt lat="46.0756358" lon="11.1411551" />
      <trkpt lat="46.0756191" lon="11.1411996" />
      <trkpt lat="46.0755997" lon="11.1412512" />
      <trkpt lat="46.0756471" lon="11.1413212" />
      <trkpt lat="46.0756562" lon="11.1413456" />
      <trkpt lat="46.0756521" lon="11.1415130" />
      <trkpt lat="46.0756506" lon="11.1415594" />
      <trkpt lat="46.0756475" lon="11.1415997" />
      <trkpt lat="46.0756440" lon="11.1416450" />
      <trkpt lat="46.0756328" lon="11.1417201" />
      <trkpt lat="46.0756046" lon="11.1422289" />
      <trkpt lat="46.0756022" lon="11.1422721" />
      <trkpt lat="46.0755980" lon="11.1423328" />
      <trkpt lat="46.0755791" lon="11.1427211" />
      <trkpt lat="46.0755580" lon="11.1429158" />
      <trkpt lat="46.0755493" lon="11.1429977" />
      <trkpt lat="46.0755284" lon="11.1430871" />
      <trkpt lat="46.0755124" lon="11.1431357" />
      <trkpt lat="46.0754686" lon="11.1432843" />
      <trkpt lat="46.0754593" lon="11.1433993" />
      <trkpt lat="46.0754616" lon="11.1435889" />
      <trkpt lat="46.0754514" lon="11.1436214" />
      <trkpt lat="46.0754817" lon="11.1436801" />
      <trkpt lat="46.0755076" lon="11.1437302" />
      <trkpt lat="46.0755462" lon="11.1436895" />
      <trkpt lat="46.0755710" lon="11.1436809" />
      <trkpt lat="46.0755906" lon="11.1436819" />
      <trkpt lat="46.0756018" lon="11.1436993" />
      <trkpt lat="46.0756237" lon="11.1437871" />
      <trkpt lat="46.0756479" lon="11.1438569" />
      <trkpt lat="46.0756703" lon="11.1438373" />
      <trkpt lat="46.0756966" lon="11.1438143" />
      <trkpt lat="46.0757417" lon="11.1439281" />
      <trkpt lat="46.0758515" lon="11.1441742" />
      <trkpt lat="46.0760192" lon="11.1445883" />
      <trkpt lat="46.0760538" lon="11.1447173" />
      <trkpt lat="46.0760741" lon="11.1448734" />
      <trkpt lat="46.0760741" lon="11.1450511" />
      <trkpt lat="46.0760717" lon="11.1452127" />
      <trkpt lat="46.0760260" lon="11.1455441" />
      <trkpt lat="46.0760086" lon="11.1455875" />
      <trkpt lat="46.0759781" lon="11.1458755" />
      <trkpt lat="46.0759781" lon="11.1459552" />
      <trkpt lat="46.0759502" lon="11.1459796" />
      <trkpt lat="46.0759250" lon="11.1459889" />
      <trkpt lat="46.0759194" lon="11.1462853" />
      <trkpt lat="46.0759165" lon="11.1466263" />
      <trkpt lat="46.0758593" lon="11.1465937" />
      <trkpt lat="46.0757431" lon="11.1465275" />
      <trkpt lat="46.0756208" lon="11.1464438" />
      <trkpt lat="46.0755085" lon="11.1463525" />
      <trkpt lat="46.0754784" lon="11.1463269" />
      <trkpt lat="46.0753913" lon="11.1462528" />
      <trkpt lat="46.0751825" lon="11.1459941" />
      <trkpt lat="46.0751273" lon="11.1459705" />
      <trkpt lat="46.0749748" lon="11.1459054" />
      <trkpt lat="46.0746811" lon="11.1458327" />
      <trkpt lat="46.0746487" lon="11.1458183" />
      <trkpt lat="46.0744438" lon="11.1457733" />
      <trkpt lat="46.0744115" lon="11.1457665" />
      <trkpt lat="46.0743394" lon="11.1459332" />
      <trkpt lat="46.0742112" lon="11.1462299" />
      <trkpt lat="46.0740266" lon="11.1468117" />
      <trkpt lat="46.0739112" lon="11.1469852" />
      <trkpt lat="46.0737449" lon="11.1470891" />
      <trkpt lat="46.0736122" lon="11.1471970" />
      <trkpt lat="46.0735472" lon="11.1472740" />
      <trkpt lat="46.0734074" lon="11.1474537" />
      <trkpt lat="46.0733438" lon="11.1475583" />
      <trkpt lat="46.0732805" lon="11.1477023" />
      <trkpt lat="46.0732164" lon="11.1478455" />
      <trkpt lat="46.0731986" lon="11.1479102" />
      <trkpt lat="46.0731692" lon="11.1480321" />
      <trkpt lat="46.0730830" lon="11.1483800" />
      <trkpt lat="46.0730693" lon="11.1484486" />
      <trkpt lat="46.0730226" lon="11.1486574" />
      <trkpt lat="46.0729981" lon="11.1487979" />
      <trkpt lat="46.0729800" lon="11.1489351" />
      <trkpt lat="46.0729670" lon="11.1490796" />
      <trkpt lat="46.0729688" lon="11.1491988" />
      <trkpt lat="46.0729745" lon="11.1495145" />
      <trkpt lat="46.0729939" lon="11.1497925" />
      <trkpt lat="46.0730427" lon="11.1499477" />
      <trkpt lat="46.0730926" lon="11.1500983" />
      <trkpt lat="46.0731917" lon="11.1502589" />
      <trkpt lat="46.0731947" lon="11.1502638" />
      <trkpt lat="46.0732057" lon="11.1502803" />
      <trkpt lat="46.0732329" lon="11.1503096" />
      <trkpt lat="46.0733050" lon="11.1503409" />
      <trkpt lat="46.0733836" lon="11.1503761" />
      <trkpt lat="46.0735869" lon="11.1504493" />
      <trkpt lat="46.0736142" lon="11.1504548" />
      <trkpt lat="46.0736544" lon="11.1504341" />
      <trkpt lat="46.0737739" lon="11.1503230" />
      <trkpt lat="46.0738120" lon="11.1502872" />
      <trkpt lat="46.0738382" lon="11.1502821" />
      <trkpt lat="46.0738706" lon="11.1502968" />
      <trkpt lat="46.0738862" lon="11.1503298" />
      <trkpt lat="46.0738097" lon="11.1504015" />
      <trkpt lat="46.0738137" lon="11.1504478" />
      <trkpt lat="46.0738172" lon="11.1504916" />
      <trkpt lat="46.0738242" lon="11.1505689" />
      <trkpt lat="46.0738340" lon="11.1507583" />
      <trkpt lat="46.0738384" lon="11.1509548" />
      <trkpt lat="46.0738561" lon="11.1512187" />
      <trkpt lat="46.0738513" lon="11.1512777" />
      <trkpt lat="46.0738370" lon="11.1513101" />
      <trkpt lat="46.0738265" lon="11.1513755" />
      <trkpt lat="46.0737908" lon="11.1514269" />
      <trkpt lat="46.0737470" lon="11.1514946" />
      <trkpt lat="46.0737075" lon="11.1515758" />
      <trkpt lat="46.0736738" lon="11.1516633" />
      <trkpt lat="46.0736417" lon="11.1517564" />
      <trkpt lat="46.0736296" lon="11.1517666" />
      <trkpt lat="46.0736034" lon="11.1517746" />
      <trkpt lat="46.0735772" lon="11.1518722" />
      <trkpt lat="46.0735545" lon="11.1519535" />
      <trkpt lat="46.0735422" lon="11.1520154" />
      <trkpt lat="46.0735617" lon="11.1520581" />
      <trkpt lat="46.0735681" lon="11.1520721" />
      <trkpt lat="46.0735671" lon="11.1521282" />
      <trkpt lat="46.0735702" lon="11.1523118" />
      <trkpt lat="46.0735655" lon="11.1523619" />
      <trkpt lat="46.0735518" lon="11.1524104" />
      <trkpt lat="46.0735318" lon="11.1524491" />
      <trkpt lat="46.0735081" lon="11.1524749" />
      <trkpt lat="46.0734781" lon="11.1524886" />
      <trkpt lat="46.0734450" lon="11.1524939" />
      <trkpt lat="46.0734092" lon="11.1524840" />
      <trkpt lat="46.0733808" lon="11.1524620" />
      <trkpt lat="46.0733534" lon="11.1524264" />
      <trkpt lat="46.0733371" lon="11.1523915" />
      <trkpt lat="46.0732560" lon="11.1520744" />
      <trkpt lat="46.0732376" lon="11.1520175" />
      <trkpt lat="46.0732155" lon="11.1519765" />
      <trkpt lat="46.0731534" lon="11.1518930" />
      <trkpt lat="46.0731203" lon="11.1518612" />
      <trkpt lat="46.0730908" lon="11.1518475" />
      <trkpt lat="46.0730582" lon="11.1518559" />
      <trkpt lat="46.0730350" lon="11.1518756" />
      <trkpt lat="46.0730192" lon="11.1519067" />
      <trkpt lat="46.0730139" lon="11.1519416" />
      <trkpt lat="46.0730213" lon="11.1519939" />
      <trkpt lat="46.0730350" lon="11.1520296" />
      <trkpt lat="46.0730703" lon="11.1520774" />
      <trkpt lat="46.0731687" lon="11.1521904" />
      <trkpt lat="46.0731945" lon="11.1522413" />
      <trkpt lat="46.0732113" lon="11.1523057" />
      <trkpt lat="46.0732171" lon="11.1523664" />
      <trkpt lat="46.0732103" lon="11.1524431" />
      <trkpt lat="46.0732013" lon="11.1525075" />
      <trkpt lat="46.0732018" lon="11.1525432" />
      <trkpt lat="46.0731836" lon="11.1525705" />
      <trkpt lat="46.0731592" lon="11.1526069" />
      <trkpt lat="46.0731397" lon="11.1526054" />
      <trkpt lat="46.0731187" lon="11.1526122" />
      <trkpt lat="46.0730718" lon="11.1526350" />
      <trkpt lat="46.0730029" lon="11.1526494" />
      <trkpt lat="46.0729434" lon="11.1526615" />
      <trkpt lat="46.0729050" lon="11.1526889" />
      <trkpt lat="46.0728750" lon="11.1527238" />
      <trkpt lat="46.0728561" lon="11.1527662" />
      <trkpt lat="46.0727866" lon="11.1530106" />
      <trkpt lat="46.0727769" lon="11.1529376" />
      <trkpt lat="46.0727535" lon="11.1530179" />
      <trkpt lat="46.0727280" lon="11.1530617" />
      <trkpt lat="46.0726936" lon="11.1530971" />
      <trkpt lat="46.0726183" lon="11.1531457" />
      <trkpt lat="46.0724065" lon="11.1532515" />
      <trkpt lat="46.0723550" lon="11.1532703" />
      <trkpt lat="46.0723031" lon="11.1532715" />
      <trkpt lat="46.0722488" lon="11.1532618" />
      <trkpt lat="46.0721865" lon="11.1532283" />
      <trkpt lat="46.0721321" lon="11.1531753" />
      <trkpt lat="46.0720461" lon="11.1530860" />
      <trkpt lat="46.0718046" lon="11.1528130" />
      <trkpt lat="46.0716771" lon="11.1526513" />
      <trkpt lat="46.0715614" lon="11.1524494" />
      <trkpt lat="46.0714126" lon="11.1521247" />
      <trkpt lat="46.0712050" lon="11.1516738" />
      <trkpt lat="46.0711728" lon="11.1516156" />
      <trkpt lat="46.0710902" lon="11.1514704" />
      <trkpt lat="46.0710573" lon="11.1514049" />
      <trkpt lat="46.0708692" lon="11.1510112" />
      <trkpt lat="46.0708086" lon="11.1509107" />
      <trkpt lat="46.0707679" lon="11.1508647" />
      <trkpt lat="46.0707313" lon="11.1508299" />
      <trkpt lat="46.0706940" lon="11.1508091" />
      <trkpt lat="46.0706203" lon="11.1507682" />
      <trkpt lat="46.0703886" lon="11.1506376" />
      <trkpt lat="46.0703018" lon="11.1505759" />
      <trkpt lat="46.0701249" lon="11.1504501" />
      <trkpt lat="46.0700691" lon="11.1504187" />
      <trkpt lat="46.0700236" lon="11.1504023" />
      <trkpt lat="46.0699831" lon="11.1503967" />
      <trkpt lat="46.0698476" lon="11.1503880" />
      <trkpt lat="46.0697005" lon="11.1503930" />
      <trkpt lat="46.0696140" lon="11.1504044" />
      <trkpt lat="46.0693164" lon="11.1504773" />
      <trkpt lat="46.0691969" lon="11.1505045" />
      <trkpt lat="46.0689702" lon="11.1505561" />
      <trkpt lat="46.0686593" lon="11.1506505" />
      <trkpt lat="46.0686308" lon="11.1506609" />
      <trkpt lat="46.0686002" lon="11.1506325" />
      <trkpt lat="46.0685648" lon="11.1506201" />
      <trkpt lat="46.0685285" lon="11.1506251" />
      <trkpt lat="46.0684335" lon="11.1506000" />
      <trkpt lat="46.0683584" lon="11.1505966" />
      <trkpt lat="46.0684282" lon="11.1507247" />
      <trkpt lat="46.0684471" lon="11.1507790" />
      <trkpt lat="46.0684534" lon="11.1508307" />
      <trkpt lat="46.0684711" lon="11.1508766" />
      <trkpt lat="46.0684983" lon="11.1509117" />
      <trkpt lat="46.0685319" lon="11.1509320" />
      <trkpt lat="46.0685305" lon="11.1509835" />
      <trkpt lat="46.0685265" lon="11.1510534" />
      <trkpt lat="46.0684792" lon="11.1510383" />
      <trkpt lat="46.0684749" lon="11.1509983" />
      <trkpt lat="46.0684671" lon="11.1509587" />
      <trkpt lat="46.0684501" lon="11.1509228" />
      <trkpt lat="46.0684252" lon="11.1508713" />
      <trkpt lat="46.0684130" lon="11.1508259" />
      <trkpt lat="46.0684041" lon="11.1507697" />
      <trkpt lat="46.0683881" lon="11.1507148" />
      <trkpt lat="46.0683636" lon="11.1506782" />
      <trkpt lat="46.0683190" lon="11.1506355" />
      <trkpt lat="46.0682235" lon="11.1506071" />
      <trkpt lat="46.0679034" lon="11.1505657" />
      <trkpt lat="46.0675236" lon="11.1505381" />
      <trkpt lat="46.0674365" lon="11.1505356" />
      <trkpt lat="46.0673434" lon="11.1505330" />
      <trkpt lat="46.0672500" lon="11.1505303" />
      <trkpt lat="46.0665985" lon="11.1505068" />
      <trkpt lat="46.0665330" lon="11.1505049" />
      <trkpt lat="46.0665182" lon="11.1505108" />
      <trkpt lat="46.0664747" lon="11.1506085" />
      <trkpt lat="46.0664469" lon="11.1506079" />
      <trkpt lat="46.0664220" lon="11.1506069" />
      <trkpt lat="46.0664219" lon="11.1505875" />
      <trkpt lat="46.0664166" lon="11.1505618" />
      <trkpt lat="46.0664059" lon="11.1505377" />
      <trkpt lat="46.0663917" lon="11.1505182" />
      <trkpt lat="46.0663713" lon="11.1505046" />
      <trkpt lat="46.0662351" lon="11.1504769" />
      <trkpt lat="46.0660590" lon="11.1503979" />
      <trkpt lat="46.0658090" lon="11.1503776" />
      <trkpt lat="46.0653065" lon="11.1504290" />
      <trkpt lat="46.0652921" lon="11.1504574" />
      <trkpt lat="46.0652533" lon="11.1505340" />
      <trkpt lat="46.0652135" lon="11.1505328" />
      <trkpt lat="46.0651650" lon="11.1505194" />
      <trkpt lat="46.0651450" lon="11.1504968" />
      <trkpt lat="46.0651053" lon="11.1504610" />
      <trkpt lat="46.0650595" lon="11.1504307" />
      <trkpt lat="46.0649981" lon="11.1504152" />
      <trkpt lat="46.0648091" lon="11.1503809" />
      <trkpt lat="46.0645165" lon="11.1503468" />
      <trkpt lat="46.0641477" lon="11.1503372" />
      <trkpt lat="46.0641460" lon="11.1503140" />
      <trkpt lat="46.0641375" lon="11.1502884" />
      <trkpt lat="46.0641233" lon="11.1502679" />
      <trkpt lat="46.0641019" lon="11.1502546" />
      <trkpt lat="46.0640512" lon="11.1502449" />
      <trkpt lat="46.0639815" lon="11.1502344" />
      <trkpt lat="46.0639427" lon="11.1502416" />
      <trkpt lat="46.0639106" lon="11.1502719" />
      <trkpt lat="46.0638869" lon="11.1503126" />
      <trkpt lat="46.0638736" lon="11.1503620" />
      <trkpt lat="46.0638739" lon="11.1504120" />
      <trkpt lat="46.0639211" lon="11.1505505" />
      <trkpt lat="46.0638917" lon="11.1505726" />
      <trkpt lat="46.0638556" lon="11.1505998" />
      <trkpt lat="46.0637946" lon="11.1504659" />
      <trkpt lat="46.0636729" lon="11.1503045" />
      <trkpt lat="46.0635596" lon="11.1502174" />
      <trkpt lat="46.0634853" lon="11.1501871" />
      <trkpt lat="46.0632385" lon="11.1501888" />
      <trkpt lat="46.0630855" lon="11.1501893" />
      <trkpt lat="46.0628787" lon="11.1501892" />
      <trkpt lat="46.0628091" lon="11.1501925" />
      <trkpt lat="46.0627464" lon="11.1502001" />
      <trkpt lat="46.0626451" lon="11.1502176" />
      <trkpt lat="46.0625325" lon="11.1502481" />
      <trkpt lat="46.0624350" lon="11.1502840" />
      <trkpt lat="46.0622944" lon="11.1503417" />
      <trkpt lat="46.0621478" lon="11.1504060" />
      <trkpt lat="46.0620442" lon="11.1504561" />
      <trkpt lat="46.0619775" lon="11.1504873" />
      <trkpt lat="46.0619661" lon="11.1504401" />
      <trkpt lat="46.0619538" lon="11.1503895" />
      <trkpt lat="46.0619201" lon="11.1503987" />
      <trkpt lat="46.0618830" lon="11.1504009" />
      <trkpt lat="46.0618475" lon="11.1503867" />
      <trkpt lat="46.0618278" lon="11.1503606" />
      <trkpt lat="46.0618016" lon="11.1503778" />
      <trkpt lat="46.0617717" lon="11.1503950" />
      <trkpt lat="46.0617664" lon="11.1504317" />
      <trkpt lat="46.0617554" lon="11.1504446" />
      <trkpt lat="46.0617033" lon="11.1504522" />
      <trkpt lat="46.0617066" lon="11.1504995" />
      <trkpt lat="46.0617114" lon="11.1505684" />
      <trkpt lat="46.0615874" lon="11.1505750" />
      <trkpt lat="46.0614788" lon="11.1505761" />
      <trkpt lat="46.0609177" lon="11.1505436" />
      <trkpt lat="46.0606064" lon="11.1505225" />
      <trkpt lat="46.0599903" lon="11.1504840" />
      <trkpt lat="46.0594945" lon="11.1504525" />
      <trkpt lat="46.0592403" lon="11.1504343" />
      <trkpt lat="46.0590885" lon="11.1504214" />
      <trkpt lat="46.0589514" lon="11.1503979" />
      <trkpt lat="46.0588119" lon="11.1503544" />
      <trkpt lat="46.0587222" lon="11.1503170" />
      <trkpt lat="46.0586682" lon="11.1502906" />
      <trkpt lat="46.0585824" lon="11.1502484" />
      <trkpt lat="46.0584279" lon="11.1501551" />
      <trkpt lat="46.0581545" lon="11.1499870" />
      <trkpt lat="46.0578877" lon="11.1498244" />
      <trkpt lat="46.0576684" lon="11.1496897" />
      <trkpt lat="46.0575117" lon="11.1495928" />
      <trkpt lat="46.0574220" lon="11.1495372" />
      <trkpt lat="46.0573769" lon="11.1495601" />
      <trkpt lat="46.0573049" lon="11.1495361" />
      <trkpt lat="46.0572013" lon="11.1494847" />
      <trkpt lat="46.0571622" lon="11.1494530" />
      <trkpt lat="46.0570403" lon="11.1493647" />
      <trkpt lat="46.0570066" lon="11.1493067" />
      <trkpt lat="46.0568995" lon="11.1492628" />
      <trkpt lat="46.0567516" lon="11.1492107" />
      <trkpt lat="46.0567606" lon="11.1491512" />
      <trkpt lat="46.0567695" lon="11.1490916" />
      <trkpt lat="46.0566784" lon="11.1490642" />
      <trkpt lat="46.0565525" lon="11.1490292" />
      <trkpt lat="46.0564645" lon="11.1490113" />
      <trkpt lat="46.0562873" lon="11.1489832" />
      <trkpt lat="46.0560940" lon="11.1489513" />
      <trkpt lat="46.0558953" lon="11.1489214" />
      <trkpt lat="46.0558651" lon="11.1489169" />
      <trkpt lat="46.0559050" lon="11.1477689" />
      <trkpt lat="46.0558848" lon="11.1474872" />
      <trkpt lat="46.0558155" lon="11.1472439" />
      <trkpt lat="46.0556722" lon="11.1470494" />
      <trkpt lat="46.0553991" lon="11.1467982" />
      <trkpt lat="46.0552973" lon="11.1467190" />
      <trkpt lat="46.0552541" lon="11.1465876" />
      <trkpt lat="46.0551949" lon="11.1462116" />
      <trkpt lat="46.0552166" lon="11.1455842" />
      <trkpt lat="46.0552070" lon="11.1453166" />
      <trkpt lat="46.0551937" lon="11.1451002" />
      <trkpt lat="46.0551776" lon="11.1450400" />
      <trkpt lat="46.0544166" lon="11.1434453" />
      <trkpt lat="46.0542754" lon="11.1431737" />
      <trkpt lat="46.0541642" lon="11.1430340" />
      <trkpt lat="46.0540920" lon="11.1429547" />
      <trkpt lat="46.0541097" lon="11.1427126" />
      <trkpt lat="46.0540872" lon="11.1424493" />
      <trkpt lat="46.0540321" lon="11.1422698" />
      <trkpt lat="46.0539041" lon="11.1420457" />
      <trkpt lat="46.0538031" lon="11.1419455" />
      <trkpt lat="46.0537290" lon="11.1418176" />
      <trkpt lat="46.0537026" lon="11.1416942" />
      <trkpt lat="46.0536486" lon="11.1410493" />
      <trkpt lat="46.0536487" lon="11.1408360" />
      <trkpt lat="46.0536830" lon="11.1406517" />
      <trkpt lat="46.0537307" lon="11.1405459" />
      <trkpt lat="46.0538081" lon="11.1404491" />
      <trkpt lat="46.0539300" lon="11.1403919" />
      <trkpt lat="46.0540409" lon="11.1403829" />
      <trkpt lat="46.0541201" lon="11.1403777" />
      <trkpt lat="46.0542306" lon="11.1403460" />
      <trkpt lat="46.0543174" lon="11.1402559" />
      <trkpt lat="46.0543987" lon="11.1400683" />
      <trkpt lat="46.0545013" lon="11.1397236" />
      <trkpt lat="46.0545711" lon="11.1396280" />
      <trkpt lat="46.0547432" lon="11.1395677" />
      <trkpt lat="46.0549025" lon="11.1395447" />
      <trkpt lat="46.0550056" lon="11.1395039" />
      <trkpt lat="46.0550774" lon="11.1394124" />
      <trkpt lat="46.0550153" lon="11.1391708" />
      <trkpt lat="46.0549668" lon="11.1390220" />
      <trkpt lat="46.0548956" lon="11.1389023" />
      <trkpt lat="46.0547727" lon="11.1386888" />
      <trkpt lat="46.0546040" lon="11.1384793" />
      <trkpt lat="46.0544660" lon="11.1382853" />
      <trkpt lat="46.0543864" lon="11.1381726" />
      <trkpt lat="46.0542750" lon="11.1380800" />
      <trkpt lat="46.0541044" lon="11.1379238" />
      <trkpt lat="46.0540300" lon="11.1376691" />
      <trkpt lat="46.0539741" lon="11.1376798" />
      <trkpt lat="46.0530670" lon="11.1373619" />
      <trkpt lat="46.0529759" lon="11.1372941" />
      <trkpt lat="46.0528715" lon="11.1372289" />
      <trkpt lat="46.0523854" lon="11.1369259" />
      <trkpt lat="46.0522544" lon="11.1369409" />
      <trkpt lat="46.0520170" lon="11.1369344" />
      <trkpt lat="46.0517455" lon="11.1369304" />
      <trkpt lat="46.0515415" lon="11.1369283" />
      <trkpt lat="46.0515548" lon="11.1368720" />
      <trkpt lat="46.0515288" lon="11.1368296" />
      <trkpt lat="46.0515033" lon="11.1367896" />
      <trkpt lat="46.0516354" lon="11.1364756" />
      <trkpt lat="46.0516817" lon="11.1363868" />
      <trkpt lat="46.0516986" lon="11.1363611" />
      <trkpt lat="46.0517233" lon="11.1363261" />
      <trkpt lat="46.0517054" lon="11.1362797" />
      <trkpt lat="46.0516861" lon="11.1362323" />
      <trkpt lat="46.0515951" lon="11.1361272" />
      <trkpt lat="46.0513669" lon="11.1361208" />
      <trkpt lat="46.0512923" lon="11.1360782" />
      <trkpt lat="46.0512578" lon="11.1360021" />
      <trkpt lat="46.0512773" lon="11.1357976" />
      <trkpt lat="46.0512768" lon="11.1357493" />
      <trkpt lat="46.0512633" lon="11.1357024" />
      <trkpt lat="46.0512316" lon="11.1356491" />
      <trkpt lat="46.0511126" lon="11.1354486" />
      <trkpt lat="46.0510616" lon="11.1354707" />
      <trkpt lat="46.0510131" lon="11.1355015" />
      <trkpt lat="46.0509529" lon="11.1355354" />
      <trkpt lat="46.0509297" lon="11.1355464" />
      <trkpt lat="46.0508498" lon="11.1355827" />
      <trkpt lat="46.0507938" lon="11.1356081" />
      <trkpt lat="46.0507462" lon="11.1356274" />
      <trkpt lat="46.0508862" lon="11.1356645" />
      <trkpt lat="46.0509027" lon="11.1356638" />
      <trkpt lat="46.0509166" lon="11.1356574" />
      <trkpt lat="46.0509320" lon="11.1356366" />
      <trkpt lat="46.0509397" lon="11.1356081" />
      <trkpt lat="46.0509376" lon="11.1355790" />
      <trkpt lat="46.0509297" lon="11.1355464" />
      <trkpt lat="46.0509529" lon="11.1355354" />
      <trkpt lat="46.0510131" lon="11.1355015" />
      <trkpt lat="46.0510616" lon="11.1354707" />
      <trkpt lat="46.0511126" lon="11.1354486" />
      <trkpt lat="46.0511726" lon="11.1354355" />
      <trkpt lat="46.0512350" lon="11.1354388" />
      <trkpt lat="46.0512771" lon="11.1354471" />
      <trkpt lat="46.0512927" lon="11.1354502" />
      <trkpt lat="46.0513415" lon="11.1354643" />
      <trkpt lat="46.0513913" lon="11.1354824" />
      <trkpt lat="46.0514267" lon="11.1354911" />
      <trkpt lat="46.0514486" lon="11.1354884" />
      <trkpt lat="46.0516181" lon="11.1354545" />
      <trkpt lat="46.0517464" lon="11.1354388" />
      <trkpt lat="46.0518465" lon="11.1354429" />
      <trkpt lat="46.0519172" lon="11.1354536" />
      <trkpt lat="46.0519916" lon="11.1354672" />
      <trkpt lat="46.0520461" lon="11.1354986" />
      <trkpt lat="46.0521030" lon="11.1355030" />
      <trkpt lat="46.0521741" lon="11.1354428" />
      <trkpt lat="46.0522187" lon="11.1354053" />
      <trkpt lat="46.0522783" lon="11.1353798" />
      <trkpt lat="46.0523056" lon="11.1353774" />
      <trkpt lat="46.0524202" lon="11.1353671" />
      <trkpt lat="46.0524565" lon="11.1353610" />
      <trkpt lat="46.0524924" lon="11.1353443" />
      <trkpt lat="46.0525189" lon="11.1353128" />
      <trkpt lat="46.0525394" lon="11.1352450" />
      <trkpt lat="46.0525599" lon="11.1351619" />
      <trkpt lat="46.0525743" lon="11.1350734" />
      <trkpt lat="46.0525859" lon="11.1349091" />
      <trkpt lat="46.0525952" lon="11.1348672" />
      <trkpt lat="46.0526129" lon="11.1347877" />
      <trkpt lat="46.0526557" lon="11.1346201" />
      <trkpt lat="46.0527013" lon="11.1345141" />
      <trkpt lat="46.0527739" lon="11.1343686" />
      <trkpt lat="46.0528251" lon="11.1342701" />
      <trkpt lat="46.0528841" lon="11.1341805" />
      <trkpt lat="46.0528972" lon="11.1341594" />
      <trkpt lat="46.0529515" lon="11.1340881" />
      <trkpt lat="46.0530270" lon="11.1340089" />
      <trkpt lat="46.0530491" lon="11.1339857" />
      <trkpt lat="46.0531985" lon="11.1338745" />
      <trkpt lat="46.0532310" lon="11.1338530" />
      <trkpt lat="46.0532917" lon="11.1338139" />
      <trkpt lat="46.0533497" lon="11.1337597" />
      <trkpt lat="46.0533160" lon="11.1337172" />
      <trkpt lat="46.0532889" lon="11.1336562" />
      <trkpt lat="46.0532841" lon="11.1335893" />
      <trkpt lat="46.0532950" lon="11.1335122" />
      <trkpt lat="46.0533096" lon="11.1334206" />
      <trkpt lat="46.0533190" lon="11.1333545" />
      <trkpt lat="46.0533264" lon="11.1333021" />
      <trkpt lat="46.0533376" lon="11.1332233" />
      <trkpt lat="46.0533411" lon="11.1330833" />
      <trkpt lat="46.0533401" lon="11.1329688" />
      <trkpt lat="46.0533213" lon="11.1326102" />
      <trkpt lat="46.0533163" lon="11.1324654" />
      <trkpt lat="46.0533123" lon="11.1323914" />
      <trkpt lat="46.0526937" lon="11.1324304" />
      <trkpt lat="46.0523797" lon="11.1324502" />
      <trkpt lat="46.0521408" lon="11.1324653" />
      <trkpt lat="46.0521483" lon="11.1326638" />
      <trkpt lat="46.0517667" lon="11.1326819" />
      <trkpt lat="46.0517955" lon="11.1331366" />
      <trkpt lat="46.0516379" lon="11.1331578" />
      <trkpt lat="46.0516431" lon="11.1332253" />
      <trkpt lat="46.0515900" lon="11.1332294" />
      <trkpt lat="46.0515905" lon="11.1332647" />
      <trkpt lat="46.0515909" lon="11.1332908" />
      <trkpt lat="46.0515163" lon="11.1333085" />
      <trkpt lat="46.0513483" lon="11.1332952" />
      <trkpt lat="46.0512674" lon="11.1332755" />
      <trkpt lat="46.0511158" lon="11.1332384" />
      <trkpt lat="46.0510285" lon="11.1332094" />
      <trkpt lat="46.0509357" lon="11.1331640" />
      <trkpt lat="46.0508895" lon="11.1331565" />
      <trkpt lat="46.0508729" lon="11.1331538" />
      <trkpt lat="46.0507730" lon="11.1331215" />
      <trkpt lat="46.0507195" lon="11.1331051" />
      <trkpt lat="46.0502197" lon="11.1329521" />
      <trkpt lat="46.0501616" lon="11.1329343" />
      <trkpt lat="46.0501134" lon="11.1328643" />
      <trkpt lat="46.0501228" lon="11.1328360" />
      <trkpt lat="46.0501278" lon="11.1327955" />
      <trkpt lat="46.0500726" lon="11.1320777" />
      <trkpt lat="46.0500449" lon="11.1316719" />
      <trkpt lat="46.0500416" lon="11.1316369" />
      <trkpt lat="46.0500276" lon="11.1314851" />
      <trkpt lat="46.0500113" lon="11.1312909" />
      <trkpt lat="46.0499941" lon="11.1312565" />
      <trkpt lat="46.0499847" lon="11.1312371" />
      <trkpt lat="46.0499822" lon="11.1312320" />
      <trkpt lat="46.0499652" lon="11.1312091" />
      <trkpt lat="46.0499368" lon="11.1311997" />
      <trkpt lat="46.0496982" lon="11.1312948" />
      <trkpt lat="46.0495718" lon="11.1313315" />
      <trkpt lat="46.0493784" lon="11.1313403" />
      <trkpt lat="46.0490097" lon="11.1313078" />
      <trkpt lat="46.0489779" lon="11.1313020" />
      <trkpt lat="46.0489393" lon="11.1312960" />
      <trkpt lat="46.0488476" lon="11.1312836" />
      <trkpt lat="46.0488080" lon="11.1312819" />
      <trkpt lat="46.0486569" lon="11.1312755" />
      <trkpt lat="46.0485666" lon="11.1312716" />
      <trkpt lat="46.0485563" lon="11.1312850" />
      <trkpt lat="46.0480328" lon="11.1312564" />
      <trkpt lat="46.0480333" lon="11.1312385" />
      <trkpt lat="46.0480343" lon="11.1312064" />
      <trkpt lat="46.0480198" lon="11.1312054" />
      <trkpt lat="46.0480135" lon="11.1312049" />
      <trkpt lat="46.0479764" lon="11.1312022" />
      <trkpt lat="46.0478542" lon="11.1311924" />
      <trkpt lat="46.0478566" lon="11.1311328" />
      <trkpt lat="46.0478587" lon="11.1310782" />
      <trkpt lat="46.0475483" lon="11.1310533" />
      <trkpt lat="46.0474350" lon="11.1310450" />
      <trkpt lat="46.0473089" lon="11.1310359" />
      <trkpt lat="46.0470718" lon="11.1310186" />
      <trkpt lat="46.0470697" lon="11.1309925" />
      <trkpt lat="46.0470523" lon="11.1309594" />
      <trkpt lat="46.0470244" lon="11.1309308" />
      <trkpt lat="46.0466775" lon="11.1309040" />
      <trkpt lat="46.0466595" lon="11.1309120" />
      <trkpt lat="46.0466464" lon="11.1309317" />
      <trkpt lat="46.0466407" lon="11.1309907" />
      <trkpt lat="46.0464609" lon="11.1309777" />
      <trkpt lat="46.0463261" lon="11.1309639" />
      <trkpt lat="46.0459489" lon="11.1309254" />
      <trkpt lat="46.0456986" lon="11.1309225" />
      <trkpt lat="46.0455286" lon="11.1309445" />
      <trkpt lat="46.0454804" lon="11.1309507" />
      <trkpt lat="46.0453453" lon="11.1309492" />
      <trkpt lat="46.0452495" lon="11.1309552" />
      <trkpt lat="46.0451873" lon="11.1309749" />
      <trkpt lat="46.0451612" lon="11.1309565" />
      <trkpt lat="46.0450542" lon="11.1307438" />
      <trkpt lat="46.0450273" lon="11.1306818" />
      <trkpt lat="46.0450273" lon="11.1303096" />
      <trkpt lat="46.0450273" lon="11.1301431" />
      <trkpt lat="46.0450274" lon="11.1301220" />
      <trkpt lat="46.0450274" lon="11.1300328" />
      <trkpt lat="46.0448581" lon="11.1298305" />
      <trkpt lat="46.0447240" lon="11.1296721" />
      <trkpt lat="46.0447243" lon="11.1295581" />
      <trkpt lat="46.0447247" lon="11.1293489" />
      <trkpt lat="46.0450275" lon="11.1293516" />
      <trkpt lat="46.0450274" lon="11.1295608" />
      <trkpt lat="46.0450274" lon="11.1297767" />
      <trkpt lat="46.0450274" lon="11.1300328" />
      <trkpt lat="46.0450274" lon="11.1301220" />
      <trkpt lat="46.0450273" lon="11.1301431" />
      <trkpt lat="46.0450273" lon="11.1303096" />
      <trkpt lat="46.0450273" lon="11.1306818" />
      <trkpt lat="46.0450084" lon="11.1307452" />
      <trkpt lat="46.0449818" lon="11.1308415" />
      <trkpt lat="46.0449359" lon="11.1309679" />
      <trkpt lat="46.0449109" lon="11.1310282" />
      <trkpt lat="46.0447314" lon="11.1310567" />
      <trkpt lat="46.0443887" lon="11.1311048" />
      <trkpt lat="46.0438059" lon="11.1311978" />
      <trkpt lat="46.0437961" lon="11.1311686" />
      <trkpt lat="46.0437879" lon="11.1311699" />
      <trkpt lat="46.0437506" lon="11.1311755" />
      <trkpt lat="46.0437479" lon="11.1311407" />
      <trkpt lat="46.0437359" lon="11.1310135" />
      <trkpt lat="46.0437202" lon="11.1308375" />
      <trkpt lat="46.0435199" lon="11.1305374" />
      <trkpt lat="46.0431247" lon="11.1299454" />
      <trkpt lat="46.0431038" lon="11.1298960" />
      <trkpt lat="46.0431241" lon="11.1298555" />
      <trkpt lat="46.0431506" lon="11.1297991" />
      <trkpt lat="46.0431557" lon="11.1297572" />
      <trkpt lat="46.0431480" lon="11.1297318" />
      <trkpt lat="46.0431286" lon="11.1296885" />
      <trkpt lat="46.0430861" lon="11.1295896" />
      <trkpt lat="46.0430522" lon="11.1295132" />
      <trkpt lat="46.0429821" lon="11.1295232" />
      <trkpt lat="46.0428713" lon="11.1295004" />
      <trkpt lat="46.0427878" lon="11.1294750" />
      <trkpt lat="46.0426906" lon="11.1294721" />
      <trkpt lat="46.0413943" lon="11.1292350" />
      <trkpt lat="46.0413383" lon="11.1292338" />
      <trkpt lat="46.0412524" lon="11.1292362" />
      <trkpt lat="46.0411905" lon="11.1292162" />
      <trkpt lat="46.0411445" lon="11.1291907" />
      <trkpt lat="46.0411096" lon="11.1291639" />
      <trkpt lat="46.0410794" lon="11.1291334" />
      <trkpt lat="46.0410509" lon="11.1291046" />
      <trkpt lat="46.0410075" lon="11.1290594" />
      <trkpt lat="46.0409541" lon="11.1290153" />
      <trkpt lat="46.0408997" lon="11.1289792" />
      <trkpt lat="46.0408483" lon="11.1289248" />
      <trkpt lat="46.0408126" lon="11.1288393" />
      <trkpt lat="46.0407917" lon="11.1287058" />
      <trkpt lat="46.0407873" lon="11.1284889" />
      <trkpt lat="46.0407922" lon="11.1283773" />
      <trkpt lat="46.0408037" lon="11.1282630" />
      <trkpt lat="46.0408162" lon="11.1281746" />
      <trkpt lat="46.0408351" lon="11.1280301" />
      <trkpt lat="46.0408535" lon="11.1278668" />
      <trkpt lat="46.0408598" lon="11.1278197" />
      <trkpt lat="46.0408732" lon="11.1276802" />
      <trkpt lat="46.0408806" lon="11.1275019" />
      <trkpt lat="46.0408827" lon="11.1273632" />
      <trkpt lat="46.0408814" lon="11.1268330" />
      <trkpt lat="46.0408786" lon="11.1263557" />
      <trkpt lat="46.0408780" lon="11.1263285" />
      <trkpt lat="46.0408771" lon="11.1261213" />
      <trkpt lat="46.0408743" lon="11.1255600" />
      <trkpt lat="46.0408733" lon="11.1254916" />
      <trkpt lat="46.0408724" lon="11.1253249" />
      <trkpt lat="46.0408626" lon="11.1251886" />
      <trkpt lat="46.0408450" lon="11.1250528" />
      <trkpt lat="46.0408191" lon="11.1249318" />
      <trkpt lat="46.0407903" lon="11.1248347" />
      <trkpt lat="46.0407595" lon="11.1247372" />
      <trkpt lat="46.0406546" lon="11.1245587" />
      <trkpt lat="46.0406197" lon="11.1245136" />
      <trkpt lat="46.0405707" lon="11.1244784" />
      <trkpt lat="46.0405110" lon="11.1244463" />
      <trkpt lat="46.0404759" lon="11.1244393" />
      <trkpt lat="46.0404433" lon="11.1244192" />
      <trkpt lat="46.0404156" lon="11.1243872" />
      <trkpt lat="46.0403949" lon="11.1243458" />
      <trkpt lat="46.0403825" lon="11.1242978" />
      <trkpt lat="46.0402928" lon="11.1241921" />
      <trkpt lat="46.0401773" lon="11.1241028" />
      <trkpt lat="46.0401303" lon="11.1240975" />
      <trkpt lat="46.0400684" lon="11.1240974" />
      <trkpt lat="46.0399415" lon="11.1241096" />
      <trkpt lat="46.0399425" lon="11.1240164" />
      <trkpt lat="46.0399428" lon="11.1239737" />
      <trkpt lat="46.0399447" lon="11.1238931" />
      <trkpt lat="46.0399462" lon="11.1238265" />
      <trkpt lat="46.0399872" lon="11.1238156" />
      <trkpt lat="46.0400280" lon="11.1224388" />
      <trkpt lat="46.0401677" lon="11.1222786" />
      <trkpt lat="46.0403025" lon="11.1221249" />
      <trkpt lat="46.0403043" lon="11.1220433" />
      <trkpt lat="46.0403066" lon="11.1219346" />
      <trkpt lat="46.0403091" lon="11.1218227" />
      <trkpt lat="46.0404092" lon="11.1217119" />
      <trkpt lat="46.0408327" lon="11.1212542" />
      <trkpt lat="46.0414377" lon="11.1205977" />
      <trkpt lat="46.0419070" lon="11.1200924" />
      <trkpt lat="46.0427072" lon="11.1192159" />
      <trkpt lat="46.0427326" lon="11.1192116" />
      <trkpt lat="46.0427335" lon="11.1191163" />
      <trkpt lat="46.0427455" lon="11.1190317" />
      <trkpt lat="46.0429383" lon="11.1188010" />
      <trkpt lat="46.0428308" lon="11.1188267" />
      <trkpt lat="46.0434776" lon="11.1181060" />
      <trkpt lat="46.0434987" lon="11.1180778" />
      <trkpt lat="46.0437128" lon="11.1178452" />
      <trkpt lat="46.0439706" lon="11.1175655" />
      <trkpt lat="46.0441981" lon="11.1173889" />
      <trkpt lat="46.0442362" lon="11.1173594" />
      <trkpt lat="46.0444290" lon="11.1172242" />
      <trkpt lat="46.0445228" lon="11.1171788" />
      <trkpt lat="46.0448542" lon="11.1170258" />
      <trkpt lat="46.0450349" lon="11.1169732" />
      <trkpt lat="46.0453067" lon="11.1168820" />
      <trkpt lat="46.0455543" lon="11.1167537" />
      <trkpt lat="46.0457336" lon="11.1166323" />
      <trkpt lat="46.0458566" lon="11.1165445" />
      <trkpt lat="46.0460249" lon="11.1164080" />
      <trkpt lat="46.0460500" lon="11.1163831" />
      <trkpt lat="46.0462417" lon="11.1161932" />
      <trkpt lat="46.0463543" lon="11.1160808" />
      <trkpt lat="46.0465276" lon="11.1159256" />
      <trkpt lat="46.0467643" lon="11.1156055" />
      <trkpt lat="46.0469689" lon="11.1151836" />
      <trkpt lat="46.0469217" lon="11.1154214" />
      <trkpt lat="46.0469262" lon="11.1154699" />
      <trkpt lat="46.0469675" lon="11.1156173" />
      <trkpt lat="46.0470101" lon="11.1156780" />
      <trkpt lat="46.0470750" lon="11.1157393" />
      <trkpt lat="46.0469465" lon="11.1157068" />
      <trkpt lat="46.0468477" lon="11.1157134" />
      <trkpt lat="46.0467577" lon="11.1157519" />
      <trkpt lat="46.0465276" lon="11.1159256" />
      <trkpt lat="46.0463543" lon="11.1160808" />
      <trkpt lat="46.0462417" lon="11.1161932" />
      <trkpt lat="46.0460500" lon="11.1163831" />
      <trkpt lat="46.0460249" lon="11.1164080" />
      <trkpt lat="46.0458566" lon="11.1165445" />
      <trkpt lat="46.0457336" lon="11.1166323" />
      <trkpt lat="46.0455543" lon="11.1167537" />
      <trkpt lat="46.0453067" lon="11.1168820" />
      <trkpt lat="46.0450349" lon="11.1169732" />
      <trkpt lat="46.0448542" lon="11.1170258" />
      <trkpt lat="46.0445228" lon="11.1171788" />
      <trkpt lat="46.0444290" lon="11.1172242" />
      <trkpt lat="46.0442362" lon="11.1173594" />
      <trkpt lat="46.0441981" lon="11.1173889" />
      <trkpt lat="46.0439706" lon="11.1175655" />
      <trkpt lat="46.0437128" lon="11.1178452" />
      <trkpt lat="46.0434987" lon="11.1180778" />
      <trkpt lat="46.0434776" lon="11.1181060" />
      <trkpt lat="46.0428308" lon="11.1188267" />
      <trkpt lat="46.0403394" lon="11.1216101" />
      <trkpt lat="46.0395602" lon="11.1224639" />
      <trkpt lat="46.0394005" lon="11.1226180" />
      <trkpt lat="46.0390081" lon="11.1229867" />
      <trkpt lat="46.0386312" lon="11.1233194" />
      <trkpt lat="46.0385506" lon="11.1233961" />
      <trkpt lat="46.0384376" lon="11.1235732" />
      <trkpt lat="46.0381644" lon="11.1238191" />
      <trkpt lat="46.0381315" lon="11.1238580" />
      <trkpt lat="46.0381023" lon="11.1239022" />
      <trkpt lat="46.0380645" lon="11.1240172" />
      <trkpt lat="46.0380561" lon="11.1241473" />
      <trkpt lat="46.0380575" lon="11.1242810" />
      <trkpt lat="46.0380586" lon="11.1243502" />
      <trkpt lat="46.0380231" lon="11.1243550" />
      <trkpt lat="46.0380004" lon="11.1243633" />
      <trkpt lat="46.0379895" lon="11.1243863" />
      <trkpt lat="46.0379834" lon="11.1244106" />
      <trkpt lat="46.0379804" lon="11.1244371" />
      <trkpt lat="46.0379714" lon="11.1244615" />
      <trkpt lat="46.0379557" lon="11.1244827" />
      <trkpt lat="46.0379055" lon="11.1244972" />
      <trkpt lat="46.0375169" lon="11.1245900" />
      <trkpt lat="46.0373786" lon="11.1246179" />
      <trkpt lat="46.0372310" lon="11.1246721" />
      <trkpt lat="46.0372039" lon="11.1246685" />
      <trkpt lat="46.0369034" lon="11.1246086" />
      <trkpt lat="46.0368599" lon="11.1246013" />
      <trkpt lat="46.0368141" lon="11.1246023" />
      <trkpt lat="46.0366091" lon="11.1246623" />
      <trkpt lat="46.0363135" lon="11.1246487" />
      <trkpt lat="46.0361131" lon="11.1246579" />
      <trkpt lat="46.0358099" lon="11.1246366" />
      <trkpt lat="46.0353344" lon="11.1246045" />
      <trkpt lat="46.0352710" lon="11.1246016" />
      <trkpt lat="46.0352459" lon="11.1246039" />
      <trkpt lat="46.0352368" lon="11.1245849" />
      <trkpt lat="46.0352289" lon="11.1245740" />
      <trkpt lat="46.0352194" lon="11.1245700" />
      <trkpt lat="46.0352112" lon="11.1245668" />
      <trkpt lat="46.0349126" lon="11.1245194" />
      <trkpt lat="46.0348063" lon="11.1244915" />
      <trkpt lat="46.0347762" lon="11.1244716" />
      <trkpt lat="46.0347681" lon="11.1244552" />
      <trkpt lat="46.0347627" lon="11.1244281" />
      <trkpt lat="46.0347740" lon="11.1242191" />
      <trkpt lat="46.0348108" lon="11.1239411" />
      <trkpt lat="46.0351301" lon="11.1223164" />
      <trkpt lat="46.0351478" lon="11.1222770" />
      <trkpt lat="46.0352041" lon="11.1222273" />
      <trkpt lat="46.0352581" lon="11.1222085" />
      <trkpt lat="46.0354273" lon="11.1221550" />
      <trkpt lat="46.0354559" lon="11.1221499" />
      <trkpt lat="46.0354837" lon="11.1221524" />
      <trkpt lat="46.0355127" lon="11.1221650" />
      <trkpt lat="46.0355391" lon="11.1221844" />
      <trkpt lat="46.0355610" lon="11.1222143" />
      <trkpt lat="46.0355744" lon="11.1222449" />
      <trkpt lat="46.0355865" lon="11.1222826" />
      <trkpt lat="46.0355969" lon="11.1223372" />
      <trkpt lat="46.0355983" lon="11.1223619" />
      <trkpt lat="46.0357013" lon="11.1223552" />
      <trkpt lat="46.0361095" lon="11.1223097" />
      <trkpt lat="46.0362477" lon="11.1222812" />
      <trkpt lat="46.0366042" lon="11.1222118" />
      <trkpt lat="46.0369581" lon="11.1221027" />
      <trkpt lat="46.0375130" lon="11.1219079" />
      <trkpt lat="46.0377459" lon="11.1218126" />
      <trkpt lat="46.0378599" lon="11.1217324" />
      <trkpt lat="46.0379372" lon="11.1216547" />
      <trkpt lat="46.0380255" lon="11.1215608" />
      <trkpt lat="46.0385378" lon="11.1209690" />
      <trkpt lat="46.0386431" lon="11.1208372" />
      <trkpt lat="46.0387517" lon="11.1206825" />
      <trkpt lat="46.0388730" lon="11.1204891" />
      <trkpt lat="46.0389277" lon="11.1204243" />
      <trkpt lat="46.0389712" lon="11.1203971" />
      <trkpt lat="46.0389930" lon="11.1203923" />
      <trkpt lat="46.0390147" lon="11.1203930" />
      <trkpt lat="46.0390410" lon="11.1203994" />
      <trkpt lat="46.0390591" lon="11.1204137" />
      <trkpt lat="46.0390757" lon="11.1204361" />
      <trkpt lat="46.0391539" lon="11.1205721" />
      <trkpt lat="46.0391683" lon="11.1205853" />
      <trkpt lat="46.0391865" lon="11.1205917" />
      <trkpt lat="46.0392109" lon="11.1205995" />
      <trkpt lat="46.0392372" lon="11.1205991" />
      <trkpt lat="46.0392664" lon="11.1205908" />
      <trkpt lat="46.0392967" lon="11.1205757" />
      <trkpt lat="46.0395971" lon="11.1203454" />
      <trkpt lat="46.0399241" lon="11.1200756" />
      <trkpt lat="46.0402864" lon="11.1197631" />
      <trkpt lat="46.0405448" lon="11.1194970" />
      <trkpt lat="46.0408513" lon="11.1192000" />
      <trkpt lat="46.0425962" lon="11.1173348" />
      <trkpt lat="46.0428582" lon="11.1170123" />
      <trkpt lat="46.0429599" lon="11.1168368" />
      <trkpt lat="46.0430486" lon="11.1166847" />
      <trkpt lat="46.0430798" lon="11.1166401" />
      <trkpt lat="46.0432297" lon="11.1164676" />
      <trkpt lat="46.0432798" lon="11.1163641" />
      <trkpt lat="46.0433036" lon="11.1163030" />
      <trkpt lat="46.0433503" lon="11.1161863" />
      <trkpt lat="46.0435372" lon="11.1156241" />
      <trkpt lat="46.0436197" lon="11.1154450" />
      <trkpt lat="46.0437175" lon="11.1152728" />
      <trkpt lat="46.0438922" lon="11.1149788" />
      <trkpt lat="46.0442645" lon="11.1144933" />
      <trkpt lat="46.0443389" lon="11.1144149" />
      <trkpt lat="46.0449057" lon="11.1138181" />
      <trkpt lat="46.0452384" lon="11.1134644" />
      <trkpt lat="46.0453256" lon="11.1133819" />
      <trkpt lat="46.0453928" lon="11.1133116" />
      <trkpt lat="46.0454064" lon="11.1132128" />
      <trkpt lat="46.0453650" lon="11.1131658" />
      <trkpt lat="46.0452175" lon="11.1128914" />
      <trkpt lat="46.0451865" lon="11.1127781" />
      <trkpt lat="46.0451500" lon="11.1126954" />
      <trkpt lat="46.0450304" lon="11.1124800" />
      <trkpt lat="46.0450054" lon="11.1124338" />
      <trkpt lat="46.0449815" lon="11.1123899" />
      <trkpt lat="46.0449091" lon="11.1122208" />
      <trkpt lat="46.0449012" lon="11.1121922" />
      <trkpt lat="46.0448965" lon="11.1121636" />
      <trkpt lat="46.0448965" lon="11.1121386" />
      <trkpt lat="46.0448998" lon="11.1121170" />
      <trkpt lat="46.0449090" lon="11.1120999" />
      <trkpt lat="46.0449220" lon="11.1120800" />
      <trkpt lat="46.0449350" lon="11.1120688" />
      <trkpt lat="46.0449605" lon="11.1120542" />
      <trkpt lat="46.0449569" lon="11.1120303" />
      <trkpt lat="46.0449472" lon="11.1119695" />
      <trkpt lat="46.0454473" lon="11.1118148" />
      <trkpt lat="46.0458432" lon="11.1117018" />
      <trkpt lat="46.0462851" lon="11.1115659" />
      <trkpt lat="46.0463354" lon="11.1115411" />
      <trkpt lat="46.0464860" lon="11.1114405" />
      <trkpt lat="46.0469853" lon="11.1110800" />
      <trkpt lat="46.0475621" lon="11.1107191" />
      <trkpt lat="46.0481417" lon="11.1103517" />
      <trkpt lat="46.0486921" lon="11.1100421" />
      <trkpt lat="46.0492290" lon="11.1097742" />
      <trkpt lat="46.0502329" lon="11.1093448" />
      <trkpt lat="46.0507521" lon="11.1091271" />
      <trkpt lat="46.0509141" lon="11.1090220" />
      <trkpt lat="46.0510317" lon="11.1089037" />
      <trkpt lat="46.0511460" lon="11.1087450" />
      <trkpt lat="46.0515622" lon="11.1079720" />
      <trkpt lat="46.0517577" lon="11.1076549" />
      <trkpt lat="46.0517866" lon="11.1075831" />
      <trkpt lat="46.0518332" lon="11.1075753" />
      <trkpt lat="46.0518678" lon="11.1075660" />
      <trkpt lat="46.0519505" lon="11.1075459" />
      <trkpt lat="46.0521040" lon="11.1075449" />
      <trkpt lat="46.0524323" lon="11.1075386" />
      <trkpt lat="46.0527217" lon="11.1075498" />
      <trkpt lat="46.0527819" lon="11.1075597" />
      <trkpt lat="46.0528433" lon="11.1075703" />
      <trkpt lat="46.0529583" lon="11.1076047" />
      <trkpt lat="46.0530733" lon="11.1076483" />
      <trkpt lat="46.0530706" lon="11.1075890" />
      <trkpt lat="46.0530639" lon="11.1075317" />
      <trkpt lat="46.0530543" lon="11.1074924" />
      <trkpt lat="46.0530438" lon="11.1074587" />
      <trkpt lat="46.0530227" lon="11.1074109" />
      <trkpt lat="46.0528522" lon="11.1071930" />
      <trkpt lat="46.0528034" lon="11.1071363" />
      <trkpt lat="46.0527350" lon="11.1070872" />
      <trkpt lat="46.0524898" lon="11.1069704" />
      <trkpt lat="46.0524575" lon="11.1069437" />
      <trkpt lat="46.0523727" lon="11.1068459" />
      <trkpt lat="46.0522974" lon="11.1067457" />
      <trkpt lat="46.0522273" lon="11.1066917" />
      <trkpt lat="46.0521495" lon="11.1066463" />
      <trkpt lat="46.0518563" lon="11.1065196" />
      <trkpt lat="46.0518253" lon="11.1065063" />
      <trkpt lat="46.0517673" lon="11.1064764" />
      <trkpt lat="46.0517374" lon="11.1064602" />
      <trkpt lat="46.0517153" lon="11.1064403" />
      <trkpt lat="46.0510193" lon="11.1062653" />
      <trkpt lat="46.0505654" lon="11.1061755" />
      <trkpt lat="46.0503752" lon="11.1061570" />
      <trkpt lat="46.0501348" lon="11.1061852" />
      <trkpt lat="46.0500328" lon="11.1061968" />
      <trkpt lat="46.0499277" lon="11.1062128" />
      <trkpt lat="46.0498540" lon="11.1062172" />
      <trkpt lat="46.0496964" lon="11.1061910" />
      <trkpt lat="46.0493823" lon="11.1061284" />
      <trkpt lat="46.0492865" lon="11.1061067" />
      <trkpt lat="46.0492708" lon="11.1061029" />
      <trkpt lat="46.0492193" lon="11.1060938" />
      <trkpt lat="46.0489864" lon="11.1061146" />
      <trkpt lat="46.0486053" lon="11.1061047" />
      <trkpt lat="46.0484354" lon="11.1060842" />
      <trkpt lat="46.0483614" lon="11.1060716" />
      <trkpt lat="46.0482875" lon="11.1060548" />
      <trkpt lat="46.0481512" lon="11.1060017" />
      <trkpt lat="46.0480817" lon="11.1059667" />
      <trkpt lat="46.0480142" lon="11.1059318" />
      <trkpt lat="46.0479658" lon="11.1059091" />
      <trkpt lat="46.0479189" lon="11.1058875" />
      <trkpt lat="46.0478651" lon="11.1058768" />
      <trkpt lat="46.0476494" lon="11.1058807" />
      <trkpt lat="46.0475962" lon="11.1058260" />
      <trkpt lat="46.0475554" lon="11.1057880" />
      <trkpt lat="46.0474242" lon="11.1057021" />
      <trkpt lat="46.0472767" lon="11.1056144" />
      <trkpt lat="46.0472056" lon="11.1055736" />
      <trkpt lat="46.0471571" lon="11.1055520" />
      <trkpt lat="46.0471015" lon="11.1055408" />
      <trkpt lat="46.0470351" lon="11.1055438" />
      <trkpt lat="46.0469729" lon="11.1055509" />
      <trkpt lat="46.0469034" lon="11.1055649" />
      <trkpt lat="46.0468332" lon="11.1055849" />
      <trkpt lat="46.0466952" lon="11.1056226" />
      <trkpt lat="46.0465900" lon="11.1056447" />
      <trkpt lat="46.0464008" lon="11.1056936" />
      <trkpt lat="46.0462766" lon="11.1057302" />
      <trkpt lat="46.0461419" lon="11.1057567" />
      <trkpt lat="46.0460999" lon="11.1057594" />
      <trkpt lat="46.0459983" lon="11.1057583" />
      <trkpt lat="46.0459730" lon="11.1057566" />
      <trkpt lat="46.0458888" lon="11.1057508" />
      <trkpt lat="46.0458291" lon="11.1057318" />
      <trkpt lat="46.0457627" lon="11.1056965" />
      <trkpt lat="46.0456392" lon="11.1055945" />
      <trkpt lat="46.0455308" lon="11.1055178" />
      <trkpt lat="46.0454036" lon="11.1054649" />
      <trkpt lat="46.0452170" lon="11.1054183" />
      <trkpt lat="46.0450749" lon="11.1054377" />
      <trkpt lat="46.0450743" lon="11.1053523" />
      <trkpt lat="46.0450735" lon="11.1052456" />
      <trkpt lat="46.0450689" lon="11.1052029" />
      <trkpt lat="46.0450821" lon="11.1051409" />
      <trkpt lat="46.0450894" lon="11.1050470" />
      <trkpt lat="46.0450969" lon="11.1049702" />
      <trkpt lat="46.0451052" lon="11.1048876" />
      <trkpt lat="46.0451088" lon="11.1048512" />
      <trkpt lat="46.0451149" lon="11.1048402" />
      <trkpt lat="46.0451237" lon="11.1048304" />
      <trkpt lat="46.0451413" lon="11.1048202" />
      <trkpt lat="46.0452049" lon="11.1048121" />
      <trkpt lat="46.0452686" lon="11.1048027" />
      <trkpt lat="46.0452792" lon="11.1047979" />
      <trkpt lat="46.0452907" lon="11.1047904" />
      <trkpt lat="46.0453826" lon="11.1046966" />
      <trkpt lat="46.0454408" lon="11.1046538" />
      <trkpt lat="46.0455103" lon="11.1046239" />
      <trkpt lat="46.0455952" lon="11.1045991" />
      <trkpt lat="46.0456295" lon="11.1045694" />
      <trkpt lat="46.0456631" lon="11.1045403" />
      <trkpt lat="46.0457528" lon="11.1044212" />
      <trkpt lat="46.0458256" lon="11.1043228" />
      <trkpt lat="46.0460870" lon="11.1039229" />
      <trkpt lat="46.0461994" lon="11.1037988" />
      <trkpt lat="46.0464209" lon="11.1035889" />
      <trkpt lat="46.0464712" lon="11.1035554" />
      <trkpt lat="46.0465810" lon="11.1034555" />
      <trkpt lat="46.0467695" lon="11.1032329" />
      <trkpt lat="46.0467841" lon="11.1031962" />
      <trkpt lat="46.0468021" lon="11.1031511" />
      <trkpt lat="46.0468598" lon="11.1030914" />
      <trkpt lat="46.0470311" lon="11.1029734" />
      <trkpt lat="46.0470827" lon="11.1029271" />
      <trkpt lat="46.0471283" lon="11.1028661" />
      <trkpt lat="46.0471460" lon="11.1028171" />
      <trkpt lat="46.0471817" lon="11.1027714" />
      <trkpt lat="46.0472047" lon="11.1027481" />
      <trkpt lat="46.0472687" lon="11.1027047" />
      <trkpt lat="46.0473216" lon="11.1026579" />
      <trkpt lat="46.0474570" lon="11.1025311" />
      <trkpt lat="46.0475350" lon="11.1024561" />
      <trkpt lat="46.0475839" lon="11.1024015" />
      <trkpt lat="46.0476185" lon="11.1023907" />
      <trkpt lat="46.0476969" lon="11.1024295" />
      <trkpt lat="46.0477725" lon="11.1024472" />
      <trkpt lat="46.0478800" lon="11.1024380" />
      <trkpt lat="46.0479684" lon="11.1023578" />
      <trkpt lat="46.0482219" lon="11.1021309" />
      <trkpt lat="46.0482947" lon="11.1020558" />
      <trkpt lat="46.0483058" lon="11.1018667" />
      <trkpt lat="46.0483134" lon="11.1017065" />
      <trkpt lat="46.0483554" lon="11.1017084" />
      <trkpt lat="46.0484164" lon="11.1017818" />
      <trkpt lat="46.0485538" lon="11.1018829" />
      <trkpt lat="46.0486797" lon="11.1019363" />
      <trkpt lat="46.0488438" lon="11.1020708" />
      <trkpt lat="46.0489509" lon="11.1020654" />
      <trkpt lat="46.0490058" lon="11.1020333" />
      <trkpt lat="46.0491770" lon="11.1017905" />
      <trkpt lat="46.0493549" lon="11.1016655" />
      <trkpt lat="46.0494846" lon="11.1016397" />
      <trkpt lat="46.0496486" lon="11.1015539" />
      <trkpt lat="46.0496677" lon="11.1015749" />
      <trkpt lat="46.0498174" lon="11.1015679" />
      <trkpt lat="46.0499486" lon="11.1016028" />
      <trkpt lat="46.0500538" lon="11.1016363" />
      <trkpt lat="46.0501395" lon="11.1016336" />
      <trkpt lat="46.0502170" lon="11.1015816" />
      <trkpt lat="46.0503200" lon="11.1015424" />
      <trkpt lat="46.0505025" lon="11.1015236" />
      <trkpt lat="46.0505983" lon="11.1015210" />
      <trkpt lat="46.0506067" lon="11.1014016" />
      <trkpt lat="46.0505639" lon="11.1013077" />
      <trkpt lat="46.0504916" lon="11.1011353" />
      <trkpt lat="46.0505260" lon="11.1010752" />
      <trkpt lat="46.0505946" lon="11.1010656" />
      <trkpt lat="46.0505794" lon="11.1010141" />
      <trkpt lat="46.0506213" lon="11.1010218" />
      <trkpt lat="46.0506404" lon="11.1011906" />
      <trkpt lat="46.0507100" lon="11.1012420" />
      <trkpt lat="46.0507510" lon="11.1012230" />
      <trkpt lat="46.0507396" lon="11.1011496" />
      <trkpt lat="46.0507968" lon="11.1011410" />
      <trkpt lat="46.0508693" lon="11.1012068" />
      <trkpt lat="46.0509151" lon="11.1012049" />
      <trkpt lat="46.0511516" lon="11.1013155" />
      <trkpt lat="46.0512317" lon="11.1013184" />
      <trkpt lat="46.0512508" lon="11.1015272" />
      <trkpt lat="46.0513194" lon="11.1015558" />
      <trkpt lat="46.0513385" lon="11.1014280" />
      <trkpt lat="46.0513576" lon="11.1014328" />
      <trkpt lat="46.0514072" lon="11.1015196" />
      <trkpt lat="46.0514339" lon="11.1016617" />
      <trkpt lat="46.0514644" lon="11.1017122" />
      <trkpt lat="46.0514949" lon="11.1017246" />
      <trkpt lat="46.0515369" lon="11.1016655" />
      <trkpt lat="46.0516054" lon="11.1015692" />
      <trkpt lat="46.0517134" lon="11.1015961" />
      <trkpt lat="46.0517990" lon="11.1016725" />
      <trkpt lat="46.0519814" lon="11.1017194" />
      <trkpt lat="46.0521024" lon="11.1017168" />
      <trkpt lat="46.0521890" lon="11.1016913" />
      <trkpt lat="46.0523453" lon="11.1015773" />
      <trkpt lat="46.0524486" lon="11.1014814" />
      <trkpt lat="46.0525325" lon="11.1014357" />
      <trkpt lat="46.0524859" lon="11.1013359" />
      <trkpt lat="46.0523570" lon="11.1013165" />
      <trkpt lat="46.0522731" lon="11.1013098" />
      <trkpt lat="46.0521930" lon="11.1010704" />
      <trkpt lat="46.0521777" lon="11.1009808" />
      <trkpt lat="46.0521930" lon="11.1009388" />
      <trkpt lat="46.0522540" lon="11.1009254" />
      <trkpt lat="46.0522578" lon="11.1008377" />
      <trkpt lat="46.0523875" lon="11.1008635" />
      <trkpt lat="46.0524104" lon="11.1007299" />
      <trkpt lat="46.0524943" lon="11.1008329" />
      <trkpt lat="46.0525058" lon="11.1008129" />
      <trkpt lat="46.0525363" lon="11.1008377" />
      <trkpt lat="46.0526469" lon="11.1007423" />
      <trkpt lat="46.0526202" lon="11.1006546" />
      <trkpt lat="46.0526393" lon="11.1005678" />
      <trkpt lat="46.0526348" lon="11.1004320" />
      <trkpt lat="46.0526013" lon="11.1003381" />
      <trkpt lat="46.0525194" lon="11.1002281" />
      <trkpt lat="46.0524840" lon="11.1001530" />
      <trkpt lat="46.0525008" lon="11.1000766" />
      <trkpt lat="46.0525687" lon="11.1000404" />
      <trkpt lat="46.0526636" lon="11.1000095" />
      <trkpt lat="46.0527614" lon="11.1000068" />
      <trkpt lat="46.0528740" lon="11.0999545" />
      <trkpt lat="46.0529979" lon="11.0999632" />
      <trkpt lat="46.0530899" lon="11.0998821" />
      <trkpt lat="46.0532016" lon="11.0998338" />
      <trkpt lat="46.0532826" lon="11.0998660" />
      <trkpt lat="46.0533794" lon="11.0998540" />
      <trkpt lat="46.0535243" lon="11.0998316" />
      <trkpt lat="46.0536167" lon="11.0997829" />
      <trkpt lat="46.0536883" lon="11.0997440" />
      <trkpt lat="46.0537456" lon="11.0997620" />
      <trkpt lat="46.0539668" lon="11.0999498" />
      <trkpt lat="46.0541779" lon="11.1002415" />
      <trkpt lat="46.0542440" lon="11.1003166" />
      <trkpt lat="46.0543454" lon="11.1003609" />
      <trkpt lat="46.0544152" lon="11.1004709" />
      <trkpt lat="46.0545223" lon="11.1005500" />
      <trkpt lat="46.0546181" lon="11.1005554" />
      <trkpt lat="46.0547773" lon="11.1005366" />
      <trkpt lat="46.0549122" lon="11.1005661" />
      <trkpt lat="46.0550341" lon="11.1005621" />
      <trkpt lat="46.0555460" lon="11.1004266" />
      <trkpt lat="46.0556474" lon="11.1004561" />
      <trkpt lat="46.0557517" lon="11.1004588" />
      <trkpt lat="46.0558322" lon="11.1004028" />
      <trkpt lat="46.0558950" lon="11.1003260" />
      <trkpt lat="46.0559918" lon="11.1002295" />
      <trkpt lat="46.0560914" lon="11.1002241" />
      <trkpt lat="46.0561826" lon="11.1002938" />
      <trkpt lat="46.0563966" lon="11.1003086" />
      <trkpt lat="46.0564776" lon="11.1002348" />
      <trkpt lat="46.0566554" lon="11.1001731" />
      <trkpt lat="46.0568202" lon="11.1001129" />
      <trkpt lat="46.0568622" lon="11.1001225" />
      <trkpt lat="46.0569280" lon="11.1000431" />
      <trkpt lat="46.0569727" lon="11.0999706" />
      <trkpt lat="46.0570262" lon="11.0998526" />
      <trkpt lat="46.0571179" lon="11.0996622" />
      <trkpt lat="46.0571877" lon="11.0994624" />
      <trkpt lat="46.0572538" lon="11.0993551" />
      <trkpt lat="46.0573431" lon="11.0992464" />
      <trkpt lat="46.0574213" lon="11.0992290" />
      <trkpt lat="46.0575259" lon="11.0992994" />
      <trkpt lat="46.0575832" lon="11.0994301" />
      <trkpt lat="46.0576577" lon="11.0995670" />
      <trkpt lat="46.0577312" lon="11.0996716" />
      <trkpt lat="46.0577945" lon="11.0997815" />
      <trkpt lat="46.0579499" lon="11.0998647" />
      <trkpt lat="46.0580066" lon="11.0997877" />
      <trkpt lat="46.0581020" lon="11.0999002" />
      <trkpt lat="46.0586015" lon="11.1000471" />
      <trkpt lat="46.0586731" lon="11.1001038" />
      <trkpt lat="46.0587409" lon="11.1001343" />
      <trkpt lat="46.0587828" lon="11.1001383" />
      <trkpt lat="46.0588250" lon="11.1001140" />
      <trkpt lat="46.0590332" lon="11.0999473" />
      <trkpt lat="46.0591039" lon="11.0998499" />
      <trkpt lat="46.0591401" lon="11.0997587" />
      <trkpt lat="46.0591550" lon="11.0996085" />
      <trkpt lat="46.0591504" lon="11.0993215" />
      <trkpt lat="46.0591532" lon="11.0992210" />
      <trkpt lat="46.0591876" lon="11.0990480" />
      <trkpt lat="46.0593440" lon="11.0981239" />
      <trkpt lat="46.0593605" lon="11.0979433" />
      <trkpt lat="46.0594241" lon="11.0976035" />
      <trkpt lat="46.0595818" lon="11.0971956" />
      <trkpt lat="46.0597649" lon="11.0968037" />
      <trkpt lat="46.0599251" lon="11.0965633" />
      <trkpt lat="46.0600438" lon="11.0964072" />
      <trkpt lat="46.0601265" lon="11.0963424" />
      <trkpt lat="46.0598660" lon="11.0963041" />
      <trkpt lat="46.0597404" lon="11.0964583" />
      <trkpt lat="46.0596991" lon="11.0964503" />
      <trkpt lat="46.0596480" lon="11.0964405" />
      <trkpt lat="46.0596138" lon="11.0964274" />
      <trkpt lat="46.0595966" lon="11.0963941" />
      <trkpt lat="46.0595884" lon="11.0963338" />
      <trkpt lat="46.0595884" lon="11.0962585" />
      <trkpt lat="46.0595824" lon="11.0961671" />
      <trkpt lat="46.0595757" lon="11.0960896" />
      <trkpt lat="46.0595608" lon="11.0960165" />
      <trkpt lat="46.0595324" lon="11.0959455" />
      <trkpt lat="46.0594817" lon="11.0958282" />
      <trkpt lat="46.0594189" lon="11.0957004" />
      <trkpt lat="46.0593951" lon="11.0956518" />
      <trkpt lat="46.0593757" lon="11.0956044" />
      <trkpt lat="46.0593709" lon="11.0955815" />
      <trkpt lat="46.0593365" lon="11.0955547" />
      <trkpt lat="46.0592856" lon="11.0955115" />
      <trkpt lat="46.0592669" lon="11.0954508" />
      <trkpt lat="46.0592197" lon="11.0954518" />
      <trkpt lat="46.0592248" lon="11.0953934" />
      <trkpt lat="46.0592239" lon="11.0953552" />
      <trkpt lat="46.0591499" lon="11.0952567" />
      <trkpt lat="46.0592220" lon="11.0950005" />
      <trkpt lat="46.0593095" lon="11.0948811" />
      <trkpt lat="46.0596742" lon="11.0945899" />
      <trkpt lat="46.0599023" lon="11.0944659" />
      <trkpt lat="46.0600399" lon="11.0943789" />
      <trkpt lat="46.0601402" lon="11.0942765" />
      <trkpt lat="46.0601846" lon="11.0942241" />
      <trkpt lat="46.0602282" lon="11.0941214" />
      <trkpt lat="46.0602520" lon="11.0940654" />
      <trkpt lat="46.0602698" lon="11.0939797" />
      <trkpt lat="46.0602723" lon="11.0938862" />
      <trkpt lat="46.0602157" lon="11.0936139" />
      <trkpt lat="46.0601597" lon="11.0932466" />
      <trkpt lat="46.0600753" lon="11.0930554" />
      <trkpt lat="46.0599783" lon="11.0929195" />
      <trkpt lat="46.0598772" lon="11.0927876" />
      <trkpt lat="46.0598643" lon="11.0927640" />
      <trkpt lat="46.0596090" lon="11.0922957" />
      <trkpt lat="46.0595450" lon="11.0921470" />
      <trkpt lat="46.0595032" lon="11.0919021" />
      <trkpt lat="46.0594426" lon="11.0913223" />
      <trkpt lat="46.0593858" lon="11.0909527" />
      <trkpt lat="46.0593739" lon="11.0909238" />
      <trkpt lat="46.0593392" lon="11.0906252" />
      <trkpt lat="46.0593709" lon="11.0905452" />
      <trkpt lat="46.0594946" lon="11.0905835" />
      <trkpt lat="46.0595737" lon="11.0907653" />
      <trkpt lat="46.0596772" lon="11.0909709" />
      <trkpt lat="46.0598664" lon="11.0912649" />
      <trkpt lat="46.0601240" lon="11.0916705" />
      <trkpt lat="46.0602176" lon="11.0918086" />
      <trkpt lat="46.0602461" lon="11.0918476" />
      <trkpt lat="46.0603037" lon="11.0919265" />
      <trkpt lat="46.0603837" lon="11.0919996" />
      <trkpt lat="46.0605233" lon="11.0920467" />
      <trkpt lat="46.0605899" lon="11.0920953" />
      <trkpt lat="46.0607848" lon="11.0922080" />
      <trkpt lat="46.0608806" lon="11.0922307" />
      <trkpt lat="46.0609103" lon="11.0921501" />
      <trkpt lat="46.0609464" lon="11.0920606" />
      <trkpt lat="46.0609858" lon="11.0920098" />
      <trkpt lat="46.0610515" lon="11.0919403" />
      <trkpt lat="46.0611898" lon="11.0918071" />
      <trkpt lat="46.0612436" lon="11.0917809" />
      <trkpt lat="46.0613578" lon="11.0917926" />
      <trkpt lat="46.0614787" lon="11.0917899" />
      <trkpt lat="46.0615978" lon="11.0918194" />
      <trkpt lat="46.0617802" lon="11.0918194" />
      <trkpt lat="46.0621125" lon="11.0917987" />
      <trkpt lat="46.0621636" lon="11.0917443" />
      <trkpt lat="46.0621704" lon="11.0916743" />
      <trkpt lat="46.0621469" lon="11.0916182" />
      <trkpt lat="46.0620929" lon="11.0915995" />
      <trkpt lat="46.0620371" lon="11.0915700" />
      <trkpt lat="46.0619626" lon="11.0915029" />
      <trkpt lat="46.0619031" lon="11.0914788" />
      <trkpt lat="46.0617784" lon="11.0914379" />
      <trkpt lat="46.0616613" lon="11.0913682" />
      <trkpt lat="46.0616410" lon="11.0913159" />
      <trkpt lat="46.0616939" lon="11.0912659" />
      <trkpt lat="46.0617723" lon="11.0912386" />
      <trkpt lat="46.0619940" lon="11.0912099" />
      <trkpt lat="46.0621516" lon="11.0911892" />
      <trkpt lat="46.0623129" lon="11.0911819" />
      <trkpt lat="46.0625316" lon="11.0911736" />
      <trkpt lat="46.0627658" lon="11.0911783" />
      <trkpt lat="46.0629898" lon="11.0911530" />
      <trkpt lat="46.0633901" lon="11.0911866" />
      <trkpt lat="46.0636786" lon="11.0913058" />
      <trkpt lat="46.0639016" lon="11.0913646" />
      <trkpt lat="46.0640930" lon="11.0913721" />
      <trkpt lat="46.0642923" lon="11.0914094" />
      <trkpt lat="46.0644449" lon="11.0914466" />
      <trkpt lat="46.0646467" lon="11.0914951" />
      <trkpt lat="46.0649883" lon="11.0914765" />
      <trkpt lat="46.0651435" lon="11.0914951" />
      <trkpt lat="46.0655113" lon="11.0915220" />
      <trkpt lat="46.0656029" lon="11.0916398" />
      <trkpt lat="46.0657439" lon="11.0916692" />
      <trkpt lat="46.0658620" lon="11.0917410" />
      <trkpt lat="46.0658980" lon="11.0917454" />
      <trkpt lat="46.0659885" lon="11.0917815" />
      <trkpt lat="46.0660983" lon="11.0918136" />
      <trkpt lat="46.0662491" lon="11.0918217" />
      <trkpt lat="46.0663328" lon="11.0918217" />
      <trkpt lat="46.0664500" lon="11.0918351" />
      <trkpt lat="46.0665357" lon="11.0918405" />
      <trkpt lat="46.0666417" lon="11.0918431" />
      <trkpt lat="46.0666994" lon="11.0918405" />
      <trkpt lat="46.0667887" lon="11.0918512" />
      <trkpt lat="46.0668948" lon="11.0919022" />
      <trkpt lat="46.0669246" lon="11.0919638" />
      <trkpt lat="46.0669395" lon="11.0920416" />
      <trkpt lat="46.0670028" lon="11.0920577" />
      <trkpt lat="46.0670567" lon="11.0920738" />
      <trkpt lat="46.0670660" lon="11.0921194" />
      <trkpt lat="46.0670567" lon="11.0921623" />
      <trkpt lat="46.0670121" lon="11.0922455" />
      <trkpt lat="46.0669668" lon="11.0923171" />
      <trkpt lat="46.0669883" lon="11.0923043" />
      <trkpt lat="46.0671669" lon="11.0921365" />
      <trkpt lat="46.0673273" lon="11.0919687" />
      <trkpt lat="46.0676455" lon="11.0917412" />
      <trkpt lat="46.0678551" lon="11.0915622" />
      <trkpt lat="46.0681289" lon="11.0913373" />
      <trkpt lat="46.0683027" lon="11.0911670" />
      <trkpt lat="46.0684967" lon="11.0909395" />
      <trkpt lat="46.0686028" lon="11.0908351" />
      <trkpt lat="46.0687051" lon="11.0907081" />
      <trkpt lat="46.0686016" lon="11.0909340" />
      <trkpt lat="46.0684810" lon="11.0911394" />
      <trkpt lat="46.0684014" lon="11.0913374" />
      <trkpt lat="46.0684079" lon="11.0914141" />
      <trkpt lat="46.0684700" lon="11.0914137" />
      <trkpt lat="46.0689316" lon="11.0912952" />
      <trkpt lat="46.0690308" lon="11.0912828" />
      <trkpt lat="46.0691414" lon="11.0913067" />
      <trkpt lat="46.0691032" lon="11.0914125" />
      <trkpt lat="46.0690498" lon="11.0914631" />
      <trkpt lat="46.0690346" lon="11.0916281" />
      <trkpt lat="46.0689058" lon="11.0917577" />
      <trkpt lat="46.0685041" lon="11.0921377" />
      <trkpt lat="46.0683660" lon="11.0923729" />
      <trkpt lat="46.0682996" lon="11.0924956" />
      <trkpt lat="46.0681735" lon="11.0926527" />
      <trkpt lat="46.0680122" lon="11.0929759" />
      <trkpt lat="46.0679282" lon="11.0931279" />
      <trkpt lat="46.0677787" lon="11.0933433" />
      <trkpt lat="46.0675386" lon="11.0935909" />
      <trkpt lat="46.0673239" lon="11.0939022" />
      <trkpt lat="46.0670591" lon="11.0942320" />
      <trkpt lat="46.0667415" lon="11.0945268" />
      <trkpt lat="46.0666469" lon="11.0945854" />
      <trkpt lat="46.0666274" lon="11.0945879" />
      <trkpt lat="46.0664533" lon="11.0946050" />
      <trkpt lat="46.0663786" lon="11.0946739" />
      <trkpt lat="46.0663241" lon="11.0946870" />
      <trkpt lat="46.0662133" lon="11.0947404" />
      <trkpt lat="46.0661374" lon="11.0948061" />
      <trkpt lat="46.0660895" lon="11.0948661" />
      <trkpt lat="46.0660521" lon="11.0949658" />
      <trkpt lat="46.0660254" lon="11.0950592" />
      <trkpt lat="46.0660046" lon="11.0951529" />
      <trkpt lat="46.0659784" lon="11.0952469" />
      <trkpt lat="46.0659463" lon="11.0953331" />
      <trkpt lat="46.0659182" lon="11.0953832" />
      <trkpt lat="46.0658723" lon="11.0954652" />
      <trkpt lat="46.0658179" lon="11.0955492" />
      <trkpt lat="46.0657650" lon="11.0956107" />
      <trkpt lat="46.0657489" lon="11.0956295" />
      <trkpt lat="46.0656979" lon="11.0956671" />
      <trkpt lat="46.0656851" lon="11.0956766" />
      <trkpt lat="46.0656296" lon="11.0957058" />
      <trkpt lat="46.0655840" lon="11.0957217" />
      <trkpt lat="46.0655077" lon="11.0957383" />
      <trkpt lat="46.0654331" lon="11.0957495" />
      <trkpt lat="46.0653487" lon="11.0957454" />
      <trkpt lat="46.0648892" lon="11.0957229" />
      <trkpt lat="46.0648440" lon="11.0957250" />
      <trkpt lat="46.0647977" lon="11.0957346" />
      <trkpt lat="46.0647604" lon="11.0957474" />
      <trkpt lat="46.0647273" lon="11.0957745" />
      <trkpt lat="46.0646822" lon="11.0958339" />
      <trkpt lat="46.0646528" lon="11.0959031" />
      <trkpt lat="46.0646084" lon="11.0960557" />
      <trkpt lat="46.0645647" lon="11.0962205" />
      <trkpt lat="46.0645554" lon="11.0962557" />
      <trkpt lat="46.0645409" lon="11.0963109" />
      <trkpt lat="46.0645228" lon="11.0963956" />
      <trkpt lat="46.0645129" lon="11.0964479" />
      <trkpt lat="46.0645086" lon="11.0965213" />
      <trkpt lat="46.0645095" lon="11.0965696" />
      <trkpt lat="46.0645170" lon="11.0966291" />
      <trkpt lat="46.0645401" lon="11.0967116" />
      <trkpt lat="46.0645507" lon="11.0967384" />
      <trkpt lat="46.0645667" lon="11.0967788" />
      <trkpt lat="46.0645957" lon="11.0968383" />
      <trkpt lat="46.0646225" lon="11.0968931" />
      <trkpt lat="46.0646739" lon="11.0969900" />
      <trkpt lat="46.0647684" lon="11.0971782" />
      <trkpt lat="46.0647783" lon="11.0971979" />
      <trkpt lat="46.0648700" lon="11.0973972" />
      <trkpt lat="46.0649103" lon="11.0975166" />
      <trkpt lat="46.0649520" lon="11.0976640" />
      <trkpt lat="46.0649542" lon="11.0976742" />
      <trkpt lat="46.0649851" lon="11.0978239" />
      <trkpt lat="46.0650045" lon="11.0979043" />
      <trkpt lat="46.0650490" lon="11.0980363" />
      <trkpt lat="46.0652589" lon="11.0983599" />
      <trkpt lat="46.0654875" lon="11.0987260" />
      <trkpt lat="46.0655138" lon="11.0987618" />
      <trkpt lat="46.0655362" lon="11.0987850" />
      <trkpt lat="46.0655613" lon="11.0988108" />
      <trkpt lat="46.0655759" lon="11.0988200" />
      <trkpt lat="46.0656193" lon="11.0988379" />
      <trkpt lat="46.0657013" lon="11.0988549" />
      <trkpt lat="46.0657735" lon="11.0988495" />
      <trkpt lat="46.0658361" lon="11.0988269" />
      <trkpt lat="46.0658501" lon="11.0988166" />
      <trkpt lat="46.0658708" lon="11.0988013" />
      <trkpt lat="46.0659022" lon="11.0987727" />
      <trkpt lat="46.0659609" lon="11.0986939" />
      <trkpt lat="46.0660731" lon="11.0985141" />
      <trkpt lat="46.0662223" lon="11.0983190" />
      <trkpt lat="46.0664309" lon="11.0981395" />
      <trkpt lat="46.0666347" lon="11.0980065" />
      <trkpt lat="46.0668445" lon="11.0979533" />
      <trkpt lat="46.0670079" lon="11.0978901" />
      <trkpt lat="46.0671433" lon="11.0978055" />
      <trkpt lat="46.0672790" lon="11.0977048" />
      <trkpt lat="46.0674101" lon="11.0975870" />
      <trkpt lat="46.0675630" lon="11.0974332" />
      <trkpt lat="46.0677132" lon="11.0972746" />
      <trkpt lat="46.0678214" lon="11.0970977" />
      <trkpt lat="46.0678958" lon="11.0969290" />
      <trkpt lat="46.0679405" lon="11.0968625" />
      <trkpt lat="46.0679828" lon="11.0968104" />
      <trkpt lat="46.0680078" lon="11.0967842" />
      <trkpt lat="46.0681597" lon="11.0966642" />
      <trkpt lat="46.0683309" lon="11.0965259" />
      <trkpt lat="46.0683495" lon="11.0965133" />
      <trkpt lat="46.0684043" lon="11.0964844" />
      <trkpt lat="46.0684606" lon="11.0964690" />
      <trkpt lat="46.0685446" lon="11.0964607" />
      <trkpt lat="46.0686278" lon="11.0964626" />
      <trkpt lat="46.0687331" lon="11.0964528" />
      <trkpt lat="46.0687930" lon="11.0964246" />
      <trkpt lat="46.0688383" lon="11.0963895" />
      <trkpt lat="46.0688742" lon="11.0963476" />
      <trkpt lat="46.0689059" lon="11.0962922" />
      <trkpt lat="46.0689453" lon="11.0961495" />
      <trkpt lat="46.0690285" lon="11.0958038" />
      <trkpt lat="46.0690617" lon="11.0956981" />
      <trkpt lat="46.0691013" lon="11.0955935" />
      <trkpt lat="46.0691322" lon="11.0955210" />
      <trkpt lat="46.0691654" lon="11.0954486" />
      <trkpt lat="46.0692427" lon="11.0953389" />
      <trkpt lat="46.0693027" lon="11.0952759" />
      <trkpt lat="46.0693341" lon="11.0952520" />
      <trkpt lat="46.0693695" lon="11.0952357" />
      <trkpt lat="46.0696315" lon="11.0951948" />
      <trkpt lat="46.0700044" lon="11.0951516" />
      <trkpt lat="46.0704741" lon="11.0950986" />
      <trkpt lat="46.0707137" lon="11.0950714" />
      <trkpt lat="46.0709215" lon="11.0950476" />
      <trkpt lat="46.0711274" lon="11.0950131" />
      <trkpt lat="46.0711994" lon="11.0949971" />
      <trkpt lat="46.0712301" lon="11.0949768" />
      <trkpt lat="46.0712626" lon="11.0949377" />
      <trkpt lat="46.0715031" lon="11.0945930" />
      <trkpt lat="46.0715668" lon="11.0944946" />
      <trkpt lat="46.0715986" lon="11.0944445" />
      <trkpt lat="46.0716235" lon="11.0943810" />
      <trkpt lat="46.0716301" lon="11.0943115" />
      <trkpt lat="46.0716201" lon="11.0942415" />
      <trkpt lat="46.0716048" lon="11.0941666" />
      <trkpt lat="46.0715903" lon="11.0940929" />
      <trkpt lat="46.0715662" lon="11.0939631" />
      <trkpt lat="46.0715528" lon="11.0938308" />
      <trkpt lat="46.0715507" lon="11.0937431" />
      <trkpt lat="46.0715613" lon="11.0936670" />
      <trkpt lat="46.0715754" lon="11.0936034" />
      <trkpt lat="46.0715978" lon="11.0935345" />
      <trkpt lat="46.0716276" lon="11.0934677" />
      <trkpt lat="46.0716670" lon="11.0934047" />
      <trkpt lat="46.0717046" lon="11.0933659" />
      <trkpt lat="46.0717373" lon="11.0933416" />
      <trkpt lat="46.0717662" lon="11.0933246" />
      <trkpt lat="46.0717998" lon="11.0933157" />
      <trkpt lat="46.0721931" lon="11.0933161" />
      <trkpt lat="46.0722830" lon="11.0933167" />
      <trkpt lat="46.0723823" lon="11.0933226" />
      <trkpt lat="46.0724576" lon="11.0933319" />
      <trkpt lat="46.0725283" lon="11.0933480" />
      <trkpt lat="46.0727881" lon="11.0934231" />
      <trkpt lat="46.0728490" lon="11.0934344" />
      <trkpt lat="46.0729229" lon="11.0934322" />
      <trkpt lat="46.0729896" lon="11.0934241" />
      <trkpt lat="46.0730460" lon="11.0934241" />
      <trkpt lat="46.0730763" lon="11.0934255" />
      <trkpt lat="46.0731075" lon="11.0934363" />
      <trkpt lat="46.0731339" lon="11.0934627" />
      <trkpt lat="46.0731464" lon="11.0934855" />
      <trkpt lat="46.0731566" lon="11.0935133" />
      <trkpt lat="46.0731642" lon="11.0935564" />
      <trkpt lat="46.0731623" lon="11.0935931" />
      <trkpt lat="46.0731514" lon="11.0936250" />
      <trkpt lat="46.0731404" lon="11.0936405" />
      <trkpt lat="46.0731224" lon="11.0936561" />
      <trkpt lat="46.0730995" lon="11.0936679" />
      <trkpt lat="46.0730785" lon="11.0936744" />
      <trkpt lat="46.0730477" lon="11.0936748" />
      <trkpt lat="46.0730159" lon="11.0936671" />
      <trkpt lat="46.0728766" lon="11.0936180" />
      <trkpt lat="46.0727925" lon="11.0935941" />
      <trkpt lat="46.0727347" lon="11.0935754" />
      <trkpt lat="46.0726880" lon="11.0935701" />
      <trkpt lat="46.0724994" lon="11.0935868" />
      <trkpt lat="46.0723687" lon="11.0936251" />
      <trkpt lat="46.0722350" lon="11.0937004" />
      <trkpt lat="46.0721092" lon="11.0938038" />
      <trkpt lat="46.0720649" lon="11.0938673" />
      <trkpt lat="46.0720416" lon="11.0939383" />
      <trkpt lat="46.0720275" lon="11.0940027" />
      <trkpt lat="46.0720181" lon="11.0940798" />
      <trkpt lat="46.0720085" lon="11.0942849" />
      <trkpt lat="46.0720079" lon="11.0945195" />
      <trkpt lat="46.0719969" lon="11.0946121" />
      <trkpt lat="46.0719791" lon="11.0946949" />
      <trkpt lat="46.0719513" lon="11.0947873" />
      <trkpt lat="46.0719064" lon="11.0949026" />
      <trkpt lat="46.0718524" lon="11.0950178" />
      <trkpt lat="46.0717984" lon="11.0951323" />
      <trkpt lat="46.0717031" lon="11.0952966" />
      <trkpt lat="46.0714340" lon="11.0956459" />
      <trkpt lat="46.0713019" lon="11.0957998" />
      <trkpt lat="46.0712225" lon="11.0958898" />
      <trkpt lat="46.0711765" lon="11.0959307" />
      <trkpt lat="46.0711351" lon="11.0959618" />
      <trkpt lat="46.0710268" lon="11.0960383" />
      <trkpt lat="46.0708709" lon="11.0961447" />
      <trkpt lat="46.0707137" lon="11.0962511" />
      <trkpt lat="46.0706401" lon="11.0963145" />
      <trkpt lat="46.0705673" lon="11.0964164" />
      <trkpt lat="46.0705366" lon="11.0964687" />
      <trkpt lat="46.0704499" lon="11.0966111" />
      <trkpt lat="46.0703429" lon="11.0967970" />
      <trkpt lat="46.0702498" lon="11.0969134" />
      <trkpt lat="46.0700918" lon="11.0970979" />
      <trkpt lat="46.0699649" lon="11.0973082" />
      <trkpt lat="46.0698828" lon="11.0975223" />
      <trkpt lat="46.0698445" lon="11.0977551" />
      <trkpt lat="46.0698815" lon="11.0977568" />
      <trkpt lat="46.0699723" lon="11.0977572" />
      <trkpt lat="46.0701109" lon="11.0977713" />
      <trkpt lat="46.0702408" lon="11.0977608" />
      <trkpt lat="46.0703232" lon="11.0977313" />
      <trkpt lat="46.0705014" lon="11.0976207" />
      <trkpt lat="46.0707011" lon="11.0974372" />
      <trkpt lat="46.0708130" lon="11.0973476" />
      <trkpt lat="46.0708965" lon="11.0973109" />
      <trkpt lat="46.0710478" lon="11.0972658" />
      <trkpt lat="46.0711388" lon="11.0972505" />
      <trkpt lat="46.0712261" lon="11.0972620" />
      <trkpt lat="46.0714053" lon="11.0972851" />
      <trkpt lat="46.0714799" lon="11.0972844" />
      <trkpt lat="46.0715446" lon="11.0972757" />
      <trkpt lat="46.0717922" lon="11.0972134" />
      <trkpt lat="46.0720810" lon="11.0970783" />
      <trkpt lat="46.0721749" lon="11.0970719" />
      <trkpt lat="46.0722512" lon="11.0970808" />
      <trkpt lat="46.0725963" lon="11.0970961" />
      <trkpt lat="46.0727494" lon="11.0971079" />
      <trkpt lat="46.0728251" lon="11.0971279" />
      <trkpt lat="46.0731730" lon="11.0972468" />
      <trkpt lat="46.0734514" lon="11.0973257" />
      <trkpt lat="46.0737659" lon="11.0974709" />
      <trkpt lat="46.0739904" lon="11.0976348" />
      <trkpt lat="46.0742465" lon="11.0977462" />
      <trkpt lat="46.0743735" lon="11.0978433" />
      <trkpt lat="46.0744212" lon="11.0978917" />
      <trkpt lat="46.0744850" lon="11.0979667" />
      <trkpt lat="46.0745343" lon="11.0980142" />
      <trkpt lat="46.0745824" lon="11.0980490" />
      <trkpt lat="46.0747803" lon="11.0981722" />
      <trkpt lat="46.0747857" lon="11.0981756" />
      <trkpt lat="46.0747970" lon="11.0981827" />
      <trkpt lat="46.0748164" lon="11.0981915" />
      <trkpt lat="46.0748563" lon="11.0982034" />
      <trkpt lat="46.0748909" lon="11.0982090" />
      <trkpt lat="46.0749306" lon="11.0982090" />
      <trkpt lat="46.0750468" lon="11.0982070" />
      <trkpt lat="46.0751564" lon="11.0982257" />
      <trkpt lat="46.0752306" lon="11.0982303" />
      <trkpt lat="46.0752953" lon="11.0982233" />
      <trkpt lat="46.0754589" lon="11.0981709" />
      <trkpt lat="46.0756033" lon="11.0981184" />
      <trkpt lat="46.0757066" lon="11.0980899" />
      <trkpt lat="46.0757931" lon="11.0980767" />
      <trkpt lat="46.0758378" lon="11.0980712" />
      <trkpt lat="46.0760573" lon="11.0980396" />
      <trkpt lat="46.0761041" lon="11.0980418" />
      <trkpt lat="46.0761268" lon="11.0980519" />
      <trkpt lat="46.0761318" lon="11.0980736" />
      <trkpt lat="46.0762530" lon="11.0980695" />
      <trkpt lat="46.0763610" lon="11.0980727" />
      <trkpt lat="46.0765975" lon="11.0980933" />
      <trkpt lat="46.0767897" lon="11.0981422" />
      <trkpt lat="46.0766556" lon="11.0981704" />
      <trkpt lat="46.0765881" lon="11.0981730" />
      <trkpt lat="46.0765472" lon="11.0981745" />
      <trkpt lat="46.0764949" lon="11.0981771" />
      <trkpt lat="46.0764441" lon="11.0981841" />
      <trkpt lat="46.0764129" lon="11.0981987" />
      <trkpt lat="46.0763748" lon="11.0982483" />
      <trkpt lat="46.0763455" lon="11.0982852" />
      <trkpt lat="46.0762130" lon="11.0983854" />
      <trkpt lat="46.0760701" lon="11.0984850" />
      <trkpt lat="46.0758238" lon="11.0986543" />
      <trkpt lat="46.0757529" lon="11.0987535" />
      <trkpt lat="46.0753953" lon="11.0992931" />
      <trkpt lat="46.0753253" lon="11.0993576" />
      <trkpt lat="46.0752360" lon="11.0993988" />
      <trkpt lat="46.0750072" lon="11.0994749" />
      <trkpt lat="46.0749398" lon="11.0995150" />
      <trkpt lat="46.0749343" lon="11.0995200" />
      <trkpt lat="46.0750069" lon="11.0995847" />
      <trkpt lat="46.0750326" lon="11.0996120" />
      <trkpt lat="46.0753062" lon="11.1001942" />
      <trkpt lat="46.0753380" lon="11.1002619" />
      <trkpt lat="46.0753683" lon="11.1003133" />
      <trkpt lat="46.0753942" lon="11.1003389" />
      <trkpt lat="46.0753957" lon="11.1003917" />
      <trkpt lat="46.0754061" lon="11.1004601" />
      <trkpt lat="46.0754244" lon="11.1005272" />
      <trkpt lat="46.0753974" lon="11.1006103" />
      <trkpt lat="46.0752254" lon="11.1007922" />
      <trkpt lat="46.0748654" lon="11.1008552" />
      <trkpt lat="46.0748113" lon="11.1008853" />
      <trkpt lat="46.0751140" lon="11.1010738" />
      <trkpt lat="46.0751873" lon="11.1011067" />
      <trkpt lat="46.0752121" lon="11.1011310" />
      <trkpt lat="46.0752637" lon="11.1012854" />
      <trkpt lat="46.0753014" lon="11.1013797" />
      <trkpt lat="46.0753341" lon="11.1014183" />
      <trkpt lat="46.0753511" lon="11.1014370" />
      <trkpt lat="46.0753556" lon="11.1014268" />
      <trkpt lat="46.0753718" lon="11.1014081" />
      <trkpt lat="46.0753867" lon="11.1013978" />
      <trkpt lat="46.0754022" lon="11.1013913" />
      <trkpt lat="46.0754573" lon="11.1013857" />
      <trkpt lat="46.0754981" lon="11.1013773" />
      <trkpt lat="46.0755325" lon="11.1013605" />
      <trkpt lat="46.0755869" lon="11.1013147" />
      <trkpt lat="46.0756322" lon="11.1012755" />
      <trkpt lat="46.0756834" lon="11.1012278" />
      <trkpt lat="46.0757277" lon="11.1011750" />
      <trkpt lat="46.0757565" lon="11.1011508" />
      <trkpt lat="46.0758747" lon="11.1010328" />
      <trkpt lat="46.0759947" lon="11.1009165" />
      <trkpt lat="46.0761019" lon="11.1008122" />
      <trkpt lat="46.0761364" lon="11.1007829" />
      <trkpt lat="46.0761610" lon="11.1007694" />
      <trkpt lat="46.0761830" lon="11.1007660" />
      <trkpt lat="46.0762132" lon="11.1007824" />
      <trkpt lat="46.0761648" lon="11.1008993" />
      <trkpt lat="46.0757707" lon="11.1017405" />
      <trkpt lat="46.0756373" lon="11.1020427" />
      <trkpt lat="46.0756215" lon="11.1020786" />
      <trkpt lat="46.0755729" lon="11.1021560" />
      <trkpt lat="46.0755325" lon="11.1022082" />
      <trkpt lat="46.0754949" lon="11.1022410" />
      <trkpt lat="46.0754686" lon="11.1022577" />
      <trkpt lat="46.0754252" lon="11.1022851" />
      <trkpt lat="46.0753920" lon="11.1022937" />
      <trkpt lat="46.0753563" lon="11.1022910" />
      <trkpt lat="46.0753308" lon="11.1022802" />
      <trkpt lat="46.0752875" lon="11.1022527" />
      <trkpt lat="46.0752403" lon="11.1022009" />
      <trkpt lat="46.0750429" lon="11.1019263" />
      <trkpt lat="46.0750194" lon="11.1019050" />
      <trkpt lat="46.0750083" lon="11.1018974" />
      <trkpt lat="46.0749903" lon="11.1018917" />
      <trkpt lat="46.0749712" lon="11.1018938" />
      <trkpt lat="46.0749463" lon="11.1019031" />
      <trkpt lat="46.0748999" lon="11.1019379" />
      <trkpt lat="46.0748201" lon="11.1020348" />
      <trkpt lat="46.0747278" lon="11.1021692" />
      <trkpt lat="46.0746356" lon="11.1023305" />
      <trkpt lat="46.0745902" lon="11.1024447" />
      <trkpt lat="46.0745467" lon="11.1025871" />
      <trkpt lat="46.0743109" lon="11.1036012" />
      <trkpt lat="46.0742878" lon="11.1036991" />
      <trkpt lat="46.0742611" lon="11.1037864" />
      <trkpt lat="46.0742357" lon="11.1038350" />
      <trkpt lat="46.0742065" lon="11.1038756" />
      <trkpt lat="46.0740049" lon="11.1041204" />
      <trkpt lat="46.0738863" lon="11.1042657" />
      <trkpt lat="46.0737878" lon="11.1044088" />
      <trkpt lat="46.0737195" lon="11.1045304" />
      <trkpt lat="46.0737015" lon="11.1045622" />
      <trkpt lat="46.0736455" lon="11.1047063" />
      <trkpt lat="46.0736047" lon="11.1048427" />
      <trkpt lat="46.0734166" lon="11.1054688" />
      <trkpt lat="46.0734423" lon="11.1054859" />
      <trkpt lat="46.0735312" lon="11.1054870" />
      <trkpt lat="46.0736408" lon="11.1054310" />
      <trkpt lat="46.0737329" lon="11.1053846" />
      <trkpt lat="46.0738324" lon="11.1053276" />
      <trkpt lat="46.0739255" lon="11.1052638" />
      <trkpt lat="46.0739613" lon="11.1052470" />
      <trkpt lat="46.0739906" lon="11.1052409" />
      <trkpt lat="46.0740242" lon="11.1052531" />
      <trkpt lat="46.0740575" lon="11.1052852" />
      <trkpt lat="46.0740809" lon="11.1053117" />
      <trkpt lat="46.0741043" lon="11.1053440" />
      <trkpt lat="46.0741244" lon="11.1053899" />
      <trkpt lat="46.0741427" lon="11.1054406" />
      <trkpt lat="46.0742974" lon="11.1058320" />
      <trkpt lat="46.0744728" lon="11.1063251" />
      <trkpt lat="46.0745205" lon="11.1062506" />
      <trkpt lat="46.0746830" lon="11.1059971" />
      <trkpt lat="46.0747673" lon="11.1059872" />
      <trkpt lat="46.0749235" lon="11.1059723" />
      <trkpt lat="46.0750011" lon="11.1059610" />
      <trkpt lat="46.0750380" lon="11.1059556" />
      <trkpt lat="46.0751303" lon="11.1059422" />
      <trkpt lat="46.0751953" lon="11.1059252" />
      <trkpt lat="46.0752857" lon="11.1058962" />
      <trkpt lat="46.0753834" lon="11.1058423" />
      <trkpt lat="46.0754213" lon="11.1058154" />
      <trkpt lat="46.0754620" lon="11.1057786" />
      <trkpt lat="46.0754964" lon="11.1057327" />
      <trkpt lat="46.0755294" lon="11.1056829" />
      <trkpt lat="46.0757012" lon="11.1054896" />
      <trkpt lat="46.0759417" lon="11.1052701" />
      <trkpt lat="46.0759730" lon="11.1052467" />
      <trkpt lat="46.0759974" lon="11.1052433" />
      <trkpt lat="46.0760209" lon="11.1052519" />
      <trkpt lat="46.0760374" lon="11.1052666" />
      <trkpt lat="46.0760582" lon="11.1052926" />
      <trkpt lat="46.0759822" lon="11.1053733" />
      <trkpt lat="46.0758826" lon="11.1054640" />
      <trkpt lat="46.0757681" lon="11.1055552" />
      <trkpt lat="46.0756693" lon="11.1056513" />
      <trkpt lat="46.0756353" lon="11.1057107" />
      <trkpt lat="46.0756096" lon="11.1057795" />
      <trkpt lat="46.0755951" lon="11.1058352" />
      <trkpt lat="46.0755825" lon="11.1058923" />
      <trkpt lat="46.0755737" lon="11.1059754" />
      <trkpt lat="46.0755754" lon="11.1060665" />
      <trkpt lat="46.0756150" lon="11.1067014" />
      <trkpt lat="46.0756179" lon="11.1068772" />
      <trkpt lat="46.0756163" lon="11.1069420" />
      <trkpt lat="46.0756100" lon="11.1070029" />
      <trkpt lat="46.0755921" lon="11.1070670" />
      <trkpt lat="46.0755705" lon="11.1071218" />
      <trkpt lat="46.0754757" lon="11.1072992" />
      <trkpt lat="46.0753637" lon="11.1074805" />
      <trkpt lat="46.0752358" lon="11.1077233" />
      <trkpt lat="46.0752098" lon="11.1077728" />
      <trkpt lat="46.0751208" lon="11.1078842" />
      <trkpt lat="46.0750141" lon="11.1080090" />
      <trkpt lat="46.0749772" lon="11.1080094" />
      <trkpt lat="46.0749382" lon="11.1080270" />
      <trkpt lat="46.0749085" lon="11.1080598" />
      <trkpt lat="46.0748846" lon="11.1081081" />
      <trkpt lat="46.0748730" lon="11.1081650" />
      <trkpt lat="46.0748748" lon="11.1082242" />
      <trkpt lat="46.0748900" lon="11.1082794" />
      <trkpt lat="46.0748930" lon="11.1084447" />
      <trkpt lat="46.0748708" lon="11.1086846" />
      <trkpt lat="46.0748562" lon="11.1087858" />
      <trkpt lat="46.0748555" lon="11.1088092" />
      <trkpt lat="46.0748546" lon="11.1088440" />
      <trkpt lat="46.0748580" lon="11.1089216" />
      <trkpt lat="46.0748849" lon="11.1090531" />
      <trkpt lat="46.0749100" lon="11.1091645" />
      <trkpt lat="46.0749202" lon="11.1092355" />
      <trkpt lat="46.0749304" lon="11.1093306" />
      <trkpt lat="46.0749301" lon="11.1096600" />
      <trkpt lat="46.0749281" lon="11.1098210" />
      <trkpt lat="46.0749269" lon="11.1099176" />
      <trkpt lat="46.0749251" lon="11.1100558" />
      <trkpt lat="46.0749222" lon="11.1102751" />
      <trkpt lat="46.0749208" lon="11.1103402" />
      <trkpt lat="46.0749184" lon="11.1106646" />
      <trkpt lat="46.0749211" lon="11.1107384" />
      <trkpt lat="46.0749286" lon="11.1109429" />
      <trkpt lat="46.0749321" lon="11.1109999" />
      <trkpt lat="46.0749410" lon="11.1111442" />
      <trkpt lat="46.0749587" lon="11.1113894" />
      <trkpt lat="46.0749443" lon="11.1114020" />
      <trkpt lat="46.0749307" lon="11.1114222" />
      <trkpt lat="46.0749205" lon="11.1114510" />
      <trkpt lat="46.0749170" lon="11.1114829" />
      <trkpt lat="46.0749193" lon="11.1115082" />
      <trkpt lat="46.0749250" lon="11.1115297" />
      <trkpt lat="46.0748708" lon="11.1116491" />
      <trkpt lat="46.0748261" lon="11.1117896" />
      <trkpt lat="46.0747878" lon="11.1119541" />
      <trkpt lat="46.0747584" lon="11.1121259" />
      <trkpt lat="46.0747447" lon="11.1122221" />
      <trkpt lat="46.0746839" lon="11.1126392" />
      <trkpt lat="46.0746306" lon="11.1130853" />
      <trkpt lat="46.0745956" lon="11.1132796" />
      <trkpt lat="46.0745492" lon="11.1134686" />
      <trkpt lat="46.0745407" lon="11.1135033" />
      <trkpt lat="46.0745179" lon="11.1135539" />
      <trkpt lat="46.0744087" lon="11.1138053" />
      <trkpt lat="46.0742953" lon="11.1140309" />
      <trkpt lat="46.0742468" lon="11.1141034" />
      <trkpt lat="46.0742711" lon="11.1141476" />
      <trkpt lat="46.0742485" lon="11.1141802" />
      <trkpt lat="46.0741613" lon="11.1142768" />
      <trkpt lat="46.0740698" lon="11.1143674" />
      <trkpt lat="46.0739644" lon="11.1144472" />
      <trkpt lat="46.0739329" lon="11.1144737" />
      <trkpt lat="46.0738359" lon="11.1145444" />
      <trkpt lat="46.0738211" lon="11.1145531" />
      <trkpt lat="46.0736995" lon="11.1146214" />
      <trkpt lat="46.0735399" lon="11.1146939" />
      <trkpt lat="46.0734409" lon="11.1147375" />
      <trkpt lat="46.0733209" lon="11.1148073" />
      <trkpt lat="46.0732764" lon="11.1148142" />
      <trkpt lat="46.0731655" lon="11.1148314" />
      <trkpt lat="46.0729169" lon="11.1148591" />
      <trkpt lat="46.0726726" lon="11.1148737" />
      <trkpt lat="46.0726562" lon="11.1148756" />
      <trkpt lat="46.0723931" lon="11.1149142" />
      <trkpt lat="46.0722051" lon="11.1149428" />
      <trkpt lat="46.0721179" lon="11.1149561" />
      <trkpt lat="46.0718735" lon="11.1149919" />
      <trkpt lat="46.0717718" lon="11.1150156" />
      <trkpt lat="46.0716846" lon="11.1150533" />
      <trkpt lat="46.0716622" lon="11.1150668" />
      <trkpt lat="46.0716521" lon="11.1150762" />
      <trkpt lat="46.0716469" lon="11.1150926" />
      <trkpt lat="46.0716519" lon="11.1151115" />
      <trkpt lat="46.0716632" lon="11.1151227" />
      <trkpt lat="46.0716843" lon="11.1151327" />
      <trkpt lat="46.0716777" lon="11.1151800" />
      <trkpt lat="46.0716701" lon="11.1152371" />
      <trkpt lat="46.0715462" lon="11.1151968" />
      <trkpt lat="46.0714778" lon="11.1151767" />
      <trkpt lat="46.0714751" lon="11.1151881" />
      <trkpt lat="46.0714713" lon="11.1152069" />
      <trkpt lat="46.0712489" lon="11.1150973" />
      <trkpt lat="46.0711800" lon="11.1150634" />
      <trkpt lat="46.0711622" lon="11.1150542" />
      <trkpt lat="46.0709446" lon="11.1149414" />
      <trkpt lat="46.0708185" lon="11.1148581" />
      <trkpt lat="46.0707959" lon="11.1148434" />
      <trkpt lat="46.0708009" lon="11.1148281" />
      <trkpt lat="46.0708045" lon="11.1148160" />
      <trkpt lat="46.0707833" lon="11.1147994" />
      <trkpt lat="46.0705116" lon="11.1145755" />
      <trkpt lat="46.0704564" lon="11.1145311" />
      <trkpt lat="46.0703770" lon="11.1144800" />
      <trkpt lat="46.0703535" lon="11.1144784" />
      <trkpt lat="46.0703420" lon="11.1144768" />
      <trkpt lat="46.0703300" lon="11.1144739" />
      <trkpt lat="46.0703250" lon="11.1144890" />
      <trkpt lat="46.0699886" lon="11.1157401" />
      <trkpt lat="46.0699948" lon="11.1157680" />
      <trkpt lat="46.0700117" lon="11.1157886" />
      <trkpt lat="46.0700662" lon="11.1158228" />
      <trkpt lat="46.0700586" lon="11.1159035" />
      <trkpt lat="46.0700453" lon="11.1160451" />
      <trkpt lat="46.0700459" lon="11.1161000" />
      <trkpt lat="46.0700146" lon="11.1161265" />
      <trkpt lat="46.0700032" lon="11.1161537" />
      <trkpt lat="46.0700003" lon="11.1162009" />
      <trkpt lat="46.0700091" lon="11.1162886" />
      <trkpt lat="46.0700203" lon="11.1163341" />
      <trkpt lat="46.0699884" lon="11.1163713" />
      <trkpt lat="46.0699495" lon="11.1164167" />
      <trkpt lat="46.0700000" lon="11.1164941" />
      <trkpt lat="46.0700236" lon="11.1165374" />
      <trkpt lat="46.0700680" lon="11.1166069" />
      <trkpt lat="46.0701165" lon="11.1166890" />
      <trkpt lat="46.0701363" lon="11.1167225" />
      <trkpt lat="46.0701743" lon="11.1167917" />
      <trkpt lat="46.0702123" lon="11.1168786" />
      <trkpt lat="46.0702292" lon="11.1169470" />
      <trkpt lat="46.0702367" lon="11.1170213" />
      <trkpt lat="46.0702287" lon="11.1171541" />
      <trkpt lat="46.0702169" lon="11.1171918" />
      <trkpt lat="46.0701805" lon="11.1173050" />
      <trkpt lat="46.0700861" lon="11.1176034" />
      <trkpt lat="46.0700527" lon="11.1177069" />
      <trkpt lat="46.0700431" lon="11.1177476" />
      <trkpt lat="46.0700369" lon="11.1177882" />
      <trkpt lat="46.0700305" lon="11.1178362" />
      <trkpt lat="46.0700294" lon="11.1178856" />
      <trkpt lat="46.0700269" lon="11.1179061" />
      <trkpt lat="46.0699908" lon="11.1179414" />
      <trkpt lat="46.0699871" lon="11.1179668" />
      <trkpt lat="46.0699905" lon="11.1180483" />
      <trkpt lat="46.0700084" lon="11.1181540" />
      <trkpt lat="46.0699803" lon="11.1181633" />
      <trkpt lat="46.0699644" lon="11.1181025" />
      <trkpt lat="46.0699602" lon="11.1180863" />
      <trkpt lat="46.0698926" lon="11.1180856" />
      <trkpt lat="46.0698565" lon="11.1180693" />
      <trkpt lat="46.0698227" lon="11.1180755" />
      <trkpt lat="46.0698226" lon="11.1181539" />
      <trkpt lat="46.0698295" lon="11.1182314" />
      <trkpt lat="46.0698110" lon="11.1182381" />
      <trkpt lat="46.0697546" lon="11.1182695" />
      <trkpt lat="46.0696180" lon="11.1183567" />
      <trkpt lat="46.0695558" lon="11.1183976" />
      <trkpt lat="46.0694212" lon="11.1184664" />
      <trkpt lat="46.0693622" lon="11.1184902" />
      <trkpt lat="46.0693153" lon="11.1185044" />
      <trkpt lat="46.0692756" lon="11.1185147" />
      <trkpt lat="46.0690320" lon="11.1185750" />
      <trkpt lat="46.0689449" lon="11.1186015" />
      <trkpt lat="46.0688008" lon="11.1186481" />
      <trkpt lat="46.0686992" lon="11.1186809" />
      <trkpt lat="46.0686577" lon="11.1186973" />
      <trkpt lat="46.0686626" lon="11.1187409" />
      <trkpt lat="46.0687066" lon="11.1191764" />
      <trkpt lat="46.0684842" lon="11.1192388" />
      <trkpt lat="46.0684705" lon="11.1194031" />
      <trkpt lat="46.0684727" lon="11.1194502" />
      <trkpt lat="46.0684351" lon="11.1194617" />
      <trkpt lat="46.0684278" lon="11.1194633" />
      <trkpt lat="46.0681837" lon="11.1195184" />
      <trkpt lat="46.0681147" lon="11.1195474" />
      <trkpt lat="46.0679043" lon="11.1196359" />
      <trkpt lat="46.0678811" lon="11.1196664" />
      <trkpt lat="46.0678540" lon="11.1197239" />
      <trkpt lat="46.0678130" lon="11.1198242" />
      <trkpt lat="46.0677742" lon="11.1198820" />
      <trkpt lat="46.0677323" lon="11.1199236" />
      <trkpt lat="46.0676821" lon="11.1199464" />
      <trkpt lat="46.0676448" lon="11.1199678" />
      <trkpt lat="46.0676272" lon="11.1199974" />
      <trkpt lat="46.0676206" lon="11.1200671" />
      <trkpt lat="46.0676225" lon="11.1201073" />
      <trkpt lat="46.0676157" lon="11.1201320" />
      <trkpt lat="46.0675899" lon="11.1201529" />
      <trkpt lat="46.0675648" lon="11.1201851" />
      <trkpt lat="46.0675481" lon="11.1202039" />
      <trkpt lat="46.0675208" lon="11.1202206" />
      <trkpt lat="46.0673967" lon="11.1201946" />
      <trkpt lat="46.0672684" lon="11.1202069" />
      <trkpt lat="46.0672696" lon="11.1202246" />
      <trkpt lat="46.0672765" lon="11.1203235" />
      <trkpt lat="46.0672800" lon="11.1204559" />
      <trkpt lat="46.0672643" lon="11.1204667" />
      <trkpt lat="46.0671281" lon="11.1204977" />
      <trkpt lat="46.0670559" lon="11.1205068" />
      <trkpt lat="46.0670444" lon="11.1205090" />
      <trkpt lat="46.0670289" lon="11.1205458" />
      <trkpt lat="46.0668249" lon="11.1206182" />
      <trkpt lat="46.0668711" lon="11.1210492" />
    </trkseg>
  </trk>
</gpx>
