<?xml version="1.0" encoding="UTF-8"?>
<gpx xmlns="http://www.topografix.com/GPX/1/1" version="1.1" creator="ShapeRoute route-engine">
  <metadata>
    <name>heart 15 km · 2026-09-22</name>
    <author>
      <name>ShapeRoute route-engine</name>
    </author>
    <time>2026-09-22T19:32:07Z</time>
  </metadata>
  <trk>
    <name>heart 15 km · 2026-09-22</name>
    <trkseg>
      <trkpt lat="46.0543700" lon="11.4492227" />
      <trkpt lat="46.0544091" lon="11.4494516" />
      <trkpt lat="46.0544525" lon="11.4497065" />
      <trkpt lat="46.0545694" lon="11.4496569" />
      <trkpt lat="46.0549217" lon="11.4495504" />
      <trkpt lat="46.0549901" lon="11.4495154" />
      <trkpt lat="46.0550172" lon="11.4494570" />
      <trkpt lat="46.0550433" lon="11.4493947" />
      <trkpt lat="46.0550712" lon="11.4493272" />
      <trkpt lat="46.0551072" lon="11.4493038" />
      <trkpt lat="46.0551631" lon="11.4492908" />
      <trkpt lat="46.0551991" lon="11.4492506" />
      <trkpt lat="46.0552334" lon="11.4492077" />
      <trkpt lat="46.0552379" lon="11.4491467" />
      <trkpt lat="46.0552334" lon="11.4492077" />
      <trkpt lat="46.0551991" lon="11.4492506" />
      <trkpt lat="46.0551631" lon="11.4492908" />
      <trkpt lat="46.0551072" lon="11.4493038" />
      <trkpt lat="46.0550712" lon="11.4493272" />
      <trkpt lat="46.0550433" lon="11.4493947" />
      <trkpt lat="46.0550172" lon="11.4494570" />
      <trkpt lat="46.0549901" lon="11.4495154" />
      <trkpt lat="46.0549217" lon="11.4495504" />
      <trkpt lat="46.0545694" lon="11.4496569" />
      <trkpt lat="46.0544525" lon="11.4497065" />
      <trkpt lat="46.0544650" lon="11.4497801" />
      <trkpt lat="46.0545043" lon="11.4500072" />
      <trkpt lat="46.0545135" lon="11.4500603" />
      <trkpt lat="46.0545778" lon="11.4504325" />
      <trkpt lat="46.0546686" lon="11.4509574" />
      <trkpt lat="46.0546770" lon="11.4510062" />
      <trkpt lat="46.0547228" lon="11.4512834" />
      <trkpt lat="46.0547289" lon="11.4513206" />
      <trkpt lat="46.0548383" lon="11.4519824" />
      <trkpt lat="46.0548724" lon="11.4522392" />
      <trkpt lat="46.0548718" lon="11.4523434" />
      <trkpt lat="46.0549004" lon="11.4523506" />
      <trkpt lat="46.0549084" lon="11.4523526" />
      <trkpt lat="46.0550524" lon="11.4524383" />
      <trkpt lat="46.0551662" lon="11.4525253" />
      <trkpt lat="46.0552531" lon="11.4525923" />
      <trkpt lat="46.0552940" lon="11.4526254" />
      <trkpt lat="46.0554180" lon="11.4527256" />
      <trkpt lat="46.0556818" lon="11.4529551" />
      <trkpt lat="46.0558953" lon="11.4531331" />
      <trkpt lat="46.0559154" lon="11.4531498" />
      <trkpt lat="46.0560705" lon="11.4532782" />
      <trkpt lat="46.0560919" lon="11.4532963" />
      <trkpt lat="46.0561072" lon="11.4532565" />
      <trkpt lat="46.0561402" lon="11.4531744" />
      <trkpt lat="46.0561863" lon="11.4530147" />
      <trkpt lat="46.0561916" lon="11.4529705" />
      <trkpt lat="46.0562297" lon="11.4526542" />
      <trkpt lat="46.0562600" lon="11.4524304" />
      <trkpt lat="46.0563050" lon="11.4520978" />
      <trkpt lat="46.0563507" lon="11.4517599" />
      <trkpt lat="46.0563892" lon="11.4514750" />
      <trkpt lat="46.0564254" lon="11.4510470" />
      <trkpt lat="46.0564312" lon="11.4509773" />
      <trkpt lat="46.0564546" lon="11.4507009" />
      <trkpt lat="46.0565915" lon="11.4498151" />
      <trkpt lat="46.0564546" lon="11.4507009" />
      <trkpt lat="46.0564312" lon="11.4509773" />
      <trkpt lat="46.0564254" lon="11.4510470" />
      <trkpt lat="46.0563892" lon="11.4514750" />
      <trkpt lat="46.0563507" lon="11.4517599" />
      <trkpt lat="46.0563050" lon="11.4520978" />
      <trkpt lat="46.0562600" lon="11.4524304" />
      <trkpt lat="46.0562297" lon="11.4526542" />
      <trkpt lat="46.0561916" lon="11.4529705" />
      <trkpt lat="46.0561863" lon="11.4530147" />
      <trkpt lat="46.0562680" lon="11.4530362" />
      <trkpt lat="46.0564808" lon="11.4531828" />
      <trkpt lat="46.0566924" lon="11.4533286" />
      <trkpt lat="46.0568637" lon="11.4534053" />
      <trkpt lat="46.0571171" lon="11.4534513" />
      <trkpt lat="46.0572039" lon="11.4534425" />
      <trkpt lat="46.0573128" lon="11.4533569" />
      <trkpt lat="46.0573388" lon="11.4533129" />
      <trkpt lat="46.0573846" lon="11.4532356" />
      <trkpt lat="46.0575165" lon="11.4529132" />
      <trkpt lat="46.0575401" lon="11.4528218" />
      <trkpt lat="46.0575431" lon="11.4527250" />
      <trkpt lat="46.0575365" lon="11.4522511" />
      <trkpt lat="46.0575410" lon="11.4521628" />
      <trkpt lat="46.0575700" lon="11.4520775" />
      <trkpt lat="46.0576165" lon="11.4519996" />
      <trkpt lat="46.0576483" lon="11.4519474" />
      <trkpt lat="46.0577213" lon="11.4518993" />
      <trkpt lat="46.0578033" lon="11.4518555" />
      <trkpt lat="46.0579429" lon="11.4518583" />
      <trkpt lat="46.0581354" lon="11.4519534" />
      <trkpt lat="46.0582766" lon="11.4520396" />
      <trkpt lat="46.0582957" lon="11.4520513" />
      <trkpt lat="46.0584769" lon="11.4521981" />
      <trkpt lat="46.0587901" lon="11.4524564" />
      <trkpt lat="46.0584769" lon="11.4521981" />
      <trkpt lat="46.0582957" lon="11.4520513" />
      <trkpt lat="46.0582766" lon="11.4520396" />
      <trkpt lat="46.0581354" lon="11.4519534" />
      <trkpt lat="46.0579429" lon="11.4518583" />
      <trkpt lat="46.0578033" lon="11.4518555" />
      <trkpt lat="46.0577213" lon="11.4518993" />
      <trkpt lat="46.0576483" lon="11.4519474" />
      <trkpt lat="46.0576165" lon="11.4519996" />
      <trkpt lat="46.0575700" lon="11.4520775" />
      <trkpt lat="46.0575410" lon="11.4521628" />
      <trkpt lat="46.0575365" lon="11.4522511" />
      <trkpt lat="46.0575431" lon="11.4527250" />
      <trkpt lat="46.0575401" lon="11.4528218" />
      <trkpt lat="46.0575165" lon="11.4529132" />
      <trkpt lat="46.0573846" lon="11.4532356" />
      <trkpt lat="46.0573388" lon="11.4533129" />
      <trkpt lat="46.0573128" lon="11.4533569" />
      <trkpt lat="46.0572039" lon="11.4534425" />
      <trkpt lat="46.0571171" lon="11.4534513" />
      <trkpt lat="46.0568637" lon="11.4534053" />
      <trkpt lat="46.0566924" lon="11.4533286" />
      <trkpt lat="46.0564808" lon="11.4531828" />
      <trkpt lat="46.0562680" lon="11.4530362" />
      <trkpt lat="46.0561863" lon="11.4530147" />
      <trkpt lat="46.0561402" lon="11.4531744" />
      <trkpt lat="46.0561072" lon="11.4532565" />
      <trkpt lat="46.0560919" lon="11.4532963" />
      <trkpt lat="46.0561071" lon="11.4533091" />
      <trkpt lat="46.0567578" lon="11.4539358" />
      <trkpt lat="46.0567761" lon="11.4539511" />
      <trkpt lat="46.0571325" lon="11.4542491" />
      <trkpt lat="46.0574011" lon="11.4544342" />
      <trkpt lat="46.0574599" lon="11.4544747" />
      <trkpt lat="46.0577844" lon="11.4546678" />
      <trkpt lat="46.0578942" lon="11.4547332" />
      <trkpt lat="46.0579532" lon="11.4547584" />
      <trkpt lat="46.0582649" lon="11.4548917" />
      <trkpt lat="46.0583464" lon="11.4549265" />
      <trkpt lat="46.0587021" lon="11.4550767" />
      <trkpt lat="46.0588605" lon="11.4551435" />
      <trkpt lat="46.0594242" lon="11.4553568" />
      <trkpt lat="46.0597778" lon="11.4555045" />
      <trkpt lat="46.0598534" lon="11.4555488" />
      <trkpt lat="46.0599196" lon="11.4556038" />
      <trkpt lat="46.0599219" lon="11.4556055" />
      <trkpt lat="46.0599399" lon="11.4555300" />
      <trkpt lat="46.0599980" lon="11.4552859" />
      <trkpt lat="46.0600292" lon="11.4550098" />
      <trkpt lat="46.0600711" lon="11.4546983" />
      <trkpt lat="46.0601373" lon="11.4546547" />
      <trkpt lat="46.0600711" lon="11.4546983" />
      <trkpt lat="46.0600292" lon="11.4550098" />
      <trkpt lat="46.0599980" lon="11.4552859" />
      <trkpt lat="46.0599399" lon="11.4555300" />
      <trkpt lat="46.0599219" lon="11.4556055" />
      <trkpt lat="46.0600929" lon="11.4557356" />
      <trkpt lat="46.0601021" lon="11.4558167" />
      <trkpt lat="46.0601279" lon="11.4558913" />
      <trkpt lat="46.0602608" lon="11.4559749" />
      <trkpt lat="46.0603291" lon="11.4561073" />
      <trkpt lat="46.0603325" lon="11.4561679" />
      <trkpt lat="46.0602662" lon="11.4562570" />
      <trkpt lat="46.0602515" lon="11.4563176" />
      <trkpt lat="46.0602818" lon="11.4563751" />
      <trkpt lat="46.0603308" lon="11.4563801" />
      <trkpt lat="46.0604453" lon="11.4562574" />
      <trkpt lat="46.0605306" lon="11.4562685" />
      <trkpt lat="46.0605911" lon="11.4563214" />
      <trkpt lat="46.0606126" lon="11.4563752" />
      <trkpt lat="46.0606104" lon="11.4564380" />
      <trkpt lat="46.0604823" lon="11.4566928" />
      <trkpt lat="46.0604578" lon="11.4568019" />
      <trkpt lat="46.0604764" lon="11.4569026" />
      <trkpt lat="46.0605417" lon="11.4569895" />
      <trkpt lat="46.0606964" lon="11.4570650" />
      <trkpt lat="46.0607504" lon="11.4570400" />
      <trkpt lat="46.0606964" lon="11.4570650" />
      <trkpt lat="46.0605417" lon="11.4569895" />
      <trkpt lat="46.0604764" lon="11.4569026" />
      <trkpt lat="46.0604578" lon="11.4568019" />
      <trkpt lat="46.0604823" lon="11.4566928" />
      <trkpt lat="46.0606104" lon="11.4564380" />
      <trkpt lat="46.0606126" lon="11.4563752" />
      <trkpt lat="46.0605911" lon="11.4563214" />
      <trkpt lat="46.0605306" lon="11.4562685" />
      <trkpt lat="46.0604453" lon="11.4562574" />
      <trkpt lat="46.0603308" lon="11.4563801" />
      <trkpt lat="46.0602818" lon="11.4563751" />
      <trkpt lat="46.0602515" lon="11.4563176" />
      <trkpt lat="46.0602662" lon="11.4562570" />
      <trkpt lat="46.0603325" lon="11.4561679" />
      <trkpt lat="46.0603291" lon="11.4561073" />
      <trkpt lat="46.0602608" lon="11.4559749" />
      <trkpt lat="46.0601279" lon="11.4558913" />
      <trkpt lat="46.0601021" lon="11.4558167" />
      <trkpt lat="46.0600929" lon="11.4557356" />
      <trkpt lat="46.0599219" lon="11.4556055" />
      <trkpt lat="46.0599196" lon="11.4556038" />
      <trkpt lat="46.0598534" lon="11.4555488" />
      <trkpt lat="46.0597778" lon="11.4555045" />
      <trkpt lat="46.0594242" lon="11.4553568" />
      <trkpt lat="46.0588605" lon="11.4551435" />
      <trkpt lat="46.0587021" lon="11.4550767" />
      <trkpt lat="46.0583464" lon="11.4549265" />
      <trkpt lat="46.0582649" lon="11.4548917" />
      <trkpt lat="46.0579532" lon="11.4547584" />
      <trkpt lat="46.0578942" lon="11.4547332" />
      <trkpt lat="46.0577844" lon="11.4546678" />
      <trkpt lat="46.0574599" lon="11.4544747" />
      <trkpt lat="46.0574011" lon="11.4544342" />
      <trkpt lat="46.0571325" lon="11.4542491" />
      <trkpt lat="46.0567761" lon="11.4539511" />
      <trkpt lat="46.0567578" lon="11.4539358" />
      <trkpt lat="46.0561071" lon="11.4533091" />
      <trkpt lat="46.0560919" lon="11.4532963" />
      <trkpt lat="46.0560753" lon="11.4533347" />
      <trkpt lat="46.0560090" lon="11.4534714" />
      <trkpt lat="46.0559256" lon="11.4536450" />
      <trkpt lat="46.0558848" lon="11.4537044" />
      <trkpt lat="46.0558485" lon="11.4537528" />
      <trkpt lat="46.0557962" lon="11.4538107" />
      <trkpt lat="46.0555953" lon="11.4540522" />
      <trkpt lat="46.0555644" lon="11.4541115" />
      <trkpt lat="46.0555868" lon="11.4541388" />
      <trkpt lat="46.0557777" lon="11.4543037" />
      <trkpt lat="46.0558388" lon="11.4543531" />
      <trkpt lat="46.0558876" lon="11.4543917" />
      <trkpt lat="46.0559467" lon="11.4544302" />
      <trkpt lat="46.0559586" lon="11.4544386" />
      <trkpt lat="46.0559853" lon="11.4544608" />
      <trkpt lat="46.0559952" lon="11.4544769" />
      <trkpt lat="46.0560007" lon="11.4544970" />
      <trkpt lat="46.0560012" lon="11.4545159" />
      <trkpt lat="46.0559976" lon="11.4545342" />
      <trkpt lat="46.0559904" lon="11.4545553" />
      <trkpt lat="46.0559391" lon="11.4546998" />
      <trkpt lat="46.0559340" lon="11.4547267" />
      <trkpt lat="46.0560021" lon="11.4547802" />
      <trkpt lat="46.0564884" lon="11.4552077" />
      <trkpt lat="46.0566330" lon="11.4553265" />
      <trkpt lat="46.0567167" lon="11.4553953" />
      <trkpt lat="46.0569595" lon="11.4555767" />
      <trkpt lat="46.0569691" lon="11.4555898" />
      <trkpt lat="46.0569750" lon="11.4556068" />
      <trkpt lat="46.0569766" lon="11.4556257" />
      <trkpt lat="46.0569736" lon="11.4556443" />
      <trkpt lat="46.0569587" lon="11.4557052" />
      <trkpt lat="46.0569427" lon="11.4557480" />
      <trkpt lat="46.0569217" lon="11.4557859" />
      <trkpt lat="46.0568964" lon="11.4558180" />
      <trkpt lat="46.0568635" lon="11.4558458" />
      <trkpt lat="46.0568273" lon="11.4558636" />
      <trkpt lat="46.0567894" lon="11.4558706" />
      <trkpt lat="46.0567061" lon="11.4558754" />
      <trkpt lat="46.0566165" lon="11.4558727" />
      <trkpt lat="46.0565087" lon="11.4558447" />
      <trkpt lat="46.0564239" lon="11.4558189" />
      <trkpt lat="46.0561049" lon="11.4556677" />
      <trkpt lat="46.0560811" lon="11.4556638" />
      <trkpt lat="46.0560573" lon="11.4556683" />
      <trkpt lat="46.0560350" lon="11.4556808" />
      <trkpt lat="46.0560035" lon="11.4557111" />
      <trkpt lat="46.0558109" lon="11.4560362" />
      <trkpt lat="46.0558058" lon="11.4560454" />
      <trkpt lat="46.0558030" lon="11.4560565" />
      <trkpt lat="46.0558026" lon="11.4560723" />
      <trkpt lat="46.0558312" lon="11.4560749" />
      <trkpt lat="46.0559068" lon="11.4560913" />
      <trkpt lat="46.0559704" lon="11.4561098" />
      <trkpt lat="46.0560265" lon="11.4561282" />
      <trkpt lat="46.0560771" lon="11.4561537" />
      <trkpt lat="46.0561145" lon="11.4561869" />
      <trkpt lat="46.0561525" lon="11.4562278" />
      <trkpt lat="46.0562946" lon="11.4563737" />
      <trkpt lat="46.0565442" lon="11.4566839" />
      <trkpt lat="46.0567419" lon="11.4569061" />
      <trkpt lat="46.0568569" lon="11.4570193" />
      <trkpt lat="46.0569776" lon="11.4571192" />
      <trkpt lat="46.0570619" lon="11.4571978" />
      <trkpt lat="46.0572677" lon="11.4572845" />
      <trkpt lat="46.0574579" lon="11.4574172" />
      <trkpt lat="46.0576897" lon="11.4575763" />
      <trkpt lat="46.0577824" lon="11.4576715" />
      <trkpt lat="46.0578667" lon="11.4577762" />
      <trkpt lat="46.0579050" lon="11.4578368" />
      <trkpt lat="46.0579460" lon="11.4578749" />
      <trkpt lat="46.0580352" lon="11.4579194" />
      <trkpt lat="46.0581174" lon="11.4579541" />
      <trkpt lat="46.0582309" lon="11.4579557" />
      <trkpt lat="46.0583199" lon="11.4580015" />
      <trkpt lat="46.0584023" lon="11.4580111" />
      <trkpt lat="46.0584647" lon="11.4579978" />
      <trkpt lat="46.0584702" lon="11.4579954" />
      <trkpt lat="46.0585715" lon="11.4579502" />
      <trkpt lat="46.0587817" lon="11.4577602" />
      <trkpt lat="46.0589924" lon="11.4576401" />
      <trkpt lat="46.0594257" lon="11.4574720" />
      <trkpt lat="46.0595551" lon="11.4573886" />
      <trkpt lat="46.0596208" lon="11.4573675" />
      <trkpt lat="46.0597227" lon="11.4573759" />
      <trkpt lat="46.0598247" lon="11.4573915" />
      <trkpt lat="46.0599492" lon="11.4574254" />
      <trkpt lat="46.0601345" lon="11.4574960" />
      <trkpt lat="46.0601930" lon="11.4575389" />
      <trkpt lat="46.0602570" lon="11.4575601" />
      <trkpt lat="46.0603227" lon="11.4575582" />
      <trkpt lat="46.0604236" lon="11.4575440" />
      <trkpt lat="46.0606275" lon="11.4575567" />
      <trkpt lat="46.0607628" lon="11.4575370" />
      <trkpt lat="46.0607886" lon="11.4575268" />
      <trkpt lat="46.0608154" lon="11.4575268" />
      <trkpt lat="46.0608412" lon="11.4575370" />
      <trkpt lat="46.0608796" lon="11.4575592" />
      <trkpt lat="46.0609206" lon="11.4575666" />
      <trkpt lat="46.0611157" lon="11.4575539" />
      <trkpt lat="46.0612715" lon="11.4575921" />
      <trkpt lat="46.0613460" lon="11.4576217" />
      <trkpt lat="46.0615323" lon="11.4577432" />
      <trkpt lat="46.0616970" lon="11.4578605" />
      <trkpt lat="46.0619224" lon="11.4579481" />
      <trkpt lat="46.0620273" lon="11.4580258" />
      <trkpt lat="46.0623057" lon="11.4582066" />
      <trkpt lat="46.0624519" lon="11.4583080" />
      <trkpt lat="46.0626102" lon="11.4583599" />
      <trkpt lat="46.0627311" lon="11.4584524" />
      <trkpt lat="46.0627978" lon="11.4586021" />
      <trkpt lat="46.0629565" lon="11.4587575" />
      <trkpt lat="46.0631977" lon="11.4589016" />
      <trkpt lat="46.0634016" lon="11.4589638" />
      <trkpt lat="46.0637681" lon="11.4590542" />
      <trkpt lat="46.0640039" lon="11.4590796" />
      <trkpt lat="46.0639867" lon="11.4591086" />
      <trkpt lat="46.0639760" lon="11.4591382" />
      <trkpt lat="46.0639715" lon="11.4591566" />
      <trkpt lat="46.0639714" lon="11.4591612" />
      <trkpt lat="46.0639704" lon="11.4591656" />
      <trkpt lat="46.0639686" lon="11.4591693" />
      <trkpt lat="46.0639661" lon="11.4591722" />
      <trkpt lat="46.0639631" lon="11.4591738" />
      <trkpt lat="46.0639599" lon="11.4591742" />
      <trkpt lat="46.0639486" lon="11.4591770" />
      <trkpt lat="46.0639372" lon="11.4591746" />
      <trkpt lat="46.0639269" lon="11.4591672" />
      <trkpt lat="46.0639115" lon="11.4591679" />
      <trkpt lat="46.0638969" lon="11.4591747" />
      <trkpt lat="46.0638840" lon="11.4591870" />
      <trkpt lat="46.0638740" lon="11.4592039" />
      <trkpt lat="46.0638647" lon="11.4592093" />
      <trkpt lat="46.0638546" lon="11.4592099" />
      <trkpt lat="46.0638450" lon="11.4592057" />
      <trkpt lat="46.0638318" lon="11.4592064" />
      <trkpt lat="46.0638193" lon="11.4592123" />
      <trkpt lat="46.0638083" lon="11.4592230" />
      <trkpt lat="46.0637731" lon="11.4592604" />
      <trkpt lat="46.0637653" lon="11.4592619" />
      <trkpt lat="46.0637581" lon="11.4592664" />
      <trkpt lat="46.0637521" lon="11.4592736" />
      <trkpt lat="46.0637477" lon="11.4592829" />
      <trkpt lat="46.0637453" lon="11.4592936" />
      <trkpt lat="46.0637380" lon="11.4593129" />
      <trkpt lat="46.0637318" lon="11.4593214" />
      <trkpt lat="46.0637242" lon="11.4593269" />
      <trkpt lat="46.0637157" lon="11.4593289" />
      <trkpt lat="46.0636863" lon="11.4593289" />
      <trkpt lat="46.0636358" lon="11.4593134" />
      <trkpt lat="46.0635922" lon="11.4592908" />
      <trkpt lat="46.0635677" lon="11.4592838" />
      <trkpt lat="46.0635431" lon="11.4592892" />
      <trkpt lat="46.0635211" lon="11.4593063" />
      <trkpt lat="46.0634883" lon="11.4593402" />
      <trkpt lat="46.0634241" lon="11.4593819" />
      <trkpt lat="46.0633864" lon="11.4593855" />
      <trkpt lat="46.0633511" lon="11.4593720" />
      <trkpt lat="46.0632893" lon="11.4593692" />
      <trkpt lat="46.0632315" lon="11.4593600" />
      <trkpt lat="46.0631938" lon="11.4593720" />
      <trkpt lat="46.0631560" lon="11.4593989" />
      <trkpt lat="46.0631188" lon="11.4594179" />
      <trkpt lat="46.0630712" lon="11.4594250" />
      <trkpt lat="46.0630139" lon="11.4594151" />
      <trkpt lat="46.0630051" lon="11.4594114" />
      <trkpt lat="46.0629959" lon="11.4594120" />
      <trkpt lat="46.0629874" lon="11.4594170" />
      <trkpt lat="46.0629806" lon="11.4594257" />
      <trkpt lat="46.0629743" lon="11.4594498" />
      <trkpt lat="46.0629629" lon="11.4594696" />
      <trkpt lat="46.0629476" lon="11.4594828" />
      <trkpt lat="46.0629301" lon="11.4594879" />
      <trkpt lat="46.0629124" lon="11.4594843" />
      <trkpt lat="46.0629021" lon="11.4594875" />
      <trkpt lat="46.0628915" lon="11.4594865" />
      <trkpt lat="46.0628816" lon="11.4594815" />
      <trkpt lat="46.0628766" lon="11.4594811" />
      <trkpt lat="46.0628717" lon="11.4594828" />
      <trkpt lat="46.0628674" lon="11.4594865" />
      <trkpt lat="46.0628641" lon="11.4594919" />
      <trkpt lat="46.0628620" lon="11.4594985" />
      <trkpt lat="46.0628576" lon="11.4595058" />
      <trkpt lat="46.0628520" lon="11.4595110" />
      <trkpt lat="46.0628456" lon="11.4595136" />
      <trkpt lat="46.0628389" lon="11.4595133" />
      <trkpt lat="46.0628261" lon="11.4595107" />
      <trkpt lat="46.0628132" lon="11.4595131" />
      <trkpt lat="46.0628012" lon="11.4595204" />
      <trkpt lat="46.0627767" lon="11.4595458" />
      <trkpt lat="46.0627701" lon="11.4595505" />
      <trkpt lat="46.0627648" lon="11.4595580" />
      <trkpt lat="46.0627615" lon="11.4595675" />
      <trkpt lat="46.0627605" lon="11.4595780" />
      <trkpt lat="46.0627619" lon="11.4595884" />
      <trkpt lat="46.0627610" lon="11.4595987" />
      <trkpt lat="46.0627581" lon="11.4596082" />
      <trkpt lat="46.0627534" lon="11.4596159" />
      <trkpt lat="46.0627506" lon="11.4596178" />
      <trkpt lat="46.0627475" lon="11.4596182" />
      <trkpt lat="46.0627445" lon="11.4596172" />
      <trkpt lat="46.0627419" lon="11.4596149" />
      <trkpt lat="46.0627400" lon="11.4596114" />
      <trkpt lat="46.0627389" lon="11.4596072" />
      <trkpt lat="46.0627356" lon="11.4596056" />
      <trkpt lat="46.0627320" lon="11.4596055" />
      <trkpt lat="46.0627286" lon="11.4596071" />
      <trkpt lat="46.0627257" lon="11.4596101" />
      <trkpt lat="46.0627236" lon="11.4596142" />
      <trkpt lat="46.0627225" lon="11.4596191" />
      <trkpt lat="46.0627226" lon="11.4596243" />
      <trkpt lat="46.0627237" lon="11.4596291" />
      <trkpt lat="46.0627241" lon="11.4596322" />
      <trkpt lat="46.0627238" lon="11.4596352" />
      <trkpt lat="46.0627228" lon="11.4596379" />
      <trkpt lat="46.0627213" lon="11.4596401" />
      <trkpt lat="46.0627194" lon="11.4596414" />
      <trkpt lat="46.0627173" lon="11.4596418" />
      <trkpt lat="46.0627152" lon="11.4596413" />
      <trkpt lat="46.0627133" lon="11.4596398" />
      <trkpt lat="46.0627119" lon="11.4596376" />
      <trkpt lat="46.0627110" lon="11.4596348" />
      <trkpt lat="46.0626924" lon="11.4596291" />
      <trkpt lat="46.0626684" lon="11.4596468" />
      <trkpt lat="46.0626056" lon="11.4596630" />
      <trkpt lat="46.0625458" lon="11.4596581" />
      <trkpt lat="46.0624512" lon="11.4596510" />
      <trkpt lat="46.0624111" lon="11.4596616" />
      <trkpt lat="46.0623944" lon="11.4596687" />
      <trkpt lat="46.0623772" lon="11.4596560" />
      <trkpt lat="46.0623508" lon="11.4596447" />
      <trkpt lat="46.0622577" lon="11.4596383" />
      <trkpt lat="46.0622499" lon="11.4596359" />
      <trkpt lat="46.0622419" lon="11.4596373" />
      <trkpt lat="46.0622348" lon="11.4596425" />
      <trkpt lat="46.0622293" lon="11.4596508" />
      <trkpt lat="46.0622260" lon="11.4596613" />
      <trkpt lat="46.0622139" lon="11.4596805" />
      <trkpt lat="46.0622089" lon="11.4596845" />
      <trkpt lat="46.0622034" lon="11.4596860" />
      <trkpt lat="46.0621978" lon="11.4596850" />
      <trkpt lat="46.0621926" lon="11.4596816" />
      <trkpt lat="46.0621884" lon="11.4596761" />
      <trkpt lat="46.0621575" lon="11.4596542" />
      <trkpt lat="46.0621247" lon="11.4596260" />
      <trkpt lat="46.0621116" lon="11.4596154" />
      <trkpt lat="46.0621027" lon="11.4596086" />
      <trkpt lat="46.0620928" lon="11.4596065" />
      <trkpt lat="46.0620830" lon="11.4596093" />
      <trkpt lat="46.0620744" lon="11.4596167" />
      <trkpt lat="46.0620680" lon="11.4596277" />
      <trkpt lat="46.0620646" lon="11.4596412" />
      <trkpt lat="46.0620644" lon="11.4596556" />
      <trkpt lat="46.0620595" lon="11.4596712" />
      <trkpt lat="46.0620458" lon="11.4596888" />
      <trkpt lat="46.0620066" lon="11.4597037" />
      <trkpt lat="46.0618899" lon="11.4597545" />
      <trkpt lat="46.0618416" lon="11.4597672" />
      <trkpt lat="46.0617929" lon="11.4597588" />
      <trkpt lat="46.0617017" lon="11.4597121" />
      <trkpt lat="46.0616928" lon="11.4597059" />
      <trkpt lat="46.0616829" lon="11.4597041" />
      <trkpt lat="46.0616732" lon="11.4597071" />
      <trkpt lat="46.0616646" lon="11.4597145" />
      <trkpt lat="46.0616582" lon="11.4597256" />
      <trkpt lat="46.0616547" lon="11.4597390" />
      <trkpt lat="46.0616485" lon="11.4597522" />
      <trkpt lat="46.0616398" lon="11.4597619" />
      <trkpt lat="46.0616293" lon="11.4597670" />
      <trkpt lat="46.0616183" lon="11.4597672" />
      <trkpt lat="46.0616078" lon="11.4597622" />
      <trkpt lat="46.0615711" lon="11.4597366" />
      <trkpt lat="46.0615306" lon="11.4597306" />
      <trkpt lat="46.0614911" lon="11.4597449" />
      <trkpt lat="46.0614506" lon="11.4597699" />
      <trkpt lat="46.0614406" lon="11.4597763" />
      <trkpt lat="46.0614326" lon="11.4597871" />
      <trkpt lat="46.0614272" lon="11.4598010" />
      <trkpt lat="46.0614261" lon="11.4598116" />
      <trkpt lat="46.0614273" lon="11.4598223" />
      <trkpt lat="46.0614307" lon="11.4598320" />
      <trkpt lat="46.0614359" lon="11.4598398" />
      <trkpt lat="46.0614425" lon="11.4598450" />
      <trkpt lat="46.0615782" lon="11.4600498" />
      <trkpt lat="46.0616427" lon="11.4601561" />
      <trkpt lat="46.0616223" lon="11.4601830" />
      <trkpt lat="46.0615910" lon="11.4602062" />
      <trkpt lat="46.0615740" lon="11.4602252" />
      <trkpt lat="46.0615692" lon="11.4602068" />
      <trkpt lat="46.0615440" lon="11.4601301" />
      <trkpt lat="46.0614698" lon="11.4600140" />
      <trkpt lat="46.0613876" lon="11.4599316" />
      <trkpt lat="46.0613167" lon="11.4598989" />
      <trkpt lat="46.0612451" lon="11.4598899" />
      <trkpt lat="46.0610664" lon="11.4598984" />
      <trkpt lat="46.0609788" lon="11.4599084" />
      <trkpt lat="46.0608178" lon="11.4599312" />
      <trkpt lat="46.0606631" lon="11.4599617" />
      <trkpt lat="46.0605128" lon="11.4599787" />
      <trkpt lat="46.0604296" lon="11.4599708" />
      <trkpt lat="46.0603602" lon="11.4599536" />
      <trkpt lat="46.0602986" lon="11.4599309" />
      <trkpt lat="46.0602310" lon="11.4599101" />
      <trkpt lat="46.0601727" lon="11.4598973" />
      <trkpt lat="46.0601351" lon="11.4598897" />
      <trkpt lat="46.0600919" lon="11.4599071" />
      <trkpt lat="46.0600534" lon="11.4599541" />
      <trkpt lat="46.0600251" lon="11.4600621" />
      <trkpt lat="46.0599977" lon="11.4601665" />
      <trkpt lat="46.0599766" lon="11.4602997" />
      <trkpt lat="46.0599491" lon="11.4604896" />
      <trkpt lat="46.0599485" lon="11.4606206" />
      <trkpt lat="46.0599690" lon="11.4607743" />
      <trkpt lat="46.0599811" lon="11.4608464" />
      <trkpt lat="46.0599978" lon="11.4609362" />
      <trkpt lat="46.0600327" lon="11.4610723" />
      <trkpt lat="46.0600804" lon="11.4612398" />
      <trkpt lat="46.0601347" lon="11.4613806" />
      <trkpt lat="46.0601879" lon="11.4614720" />
      <trkpt lat="46.0604021" lon="11.4618048" />
      <trkpt lat="46.0605054" lon="11.4619680" />
      <trkpt lat="46.0607604" lon="11.4623300" />
      <trkpt lat="46.0608634" lon="11.4625450" />
      <trkpt lat="46.0609414" lon="11.4627949" />
      <trkpt lat="46.0610418" lon="11.4630174" />
      <trkpt lat="46.0610657" lon="11.4630744" />
      <trkpt lat="46.0610771" lon="11.4631361" />
      <trkpt lat="46.0611004" lon="11.4631817" />
      <trkpt lat="46.0611543" lon="11.4632725" />
      <trkpt lat="46.0612211" lon="11.4634191" />
      <trkpt lat="46.0612584" lon="11.4635150" />
      <trkpt lat="46.0612853" lon="11.4635909" />
      <trkpt lat="46.0613316" lon="11.4637464" />
      <trkpt lat="46.0613951" lon="11.4639124" />
      <trkpt lat="46.0614451" lon="11.4640059" />
      <trkpt lat="46.0615050" lon="11.4640981" />
      <trkpt lat="46.0615679" lon="11.4641759" />
      <trkpt lat="46.0616254" lon="11.4642391" />
      <trkpt lat="46.0616746" lon="11.4642795" />
      <trkpt lat="46.0617529" lon="11.4643425" />
      <trkpt lat="46.0618127" lon="11.4643831" />
      <trkpt lat="46.0618467" lon="11.4644184" />
      <trkpt lat="46.0618785" lon="11.4644627" />
      <trkpt lat="46.0619096" lon="11.4645183" />
      <trkpt lat="46.0619644" lon="11.4646230" />
      <trkpt lat="46.0621408" lon="11.4649793" />
      <trkpt lat="46.0623078" lon="11.4652940" />
      <trkpt lat="46.0623610" lon="11.4653789" />
      <trkpt lat="46.0624389" lon="11.4654828" />
      <trkpt lat="46.0625198" lon="11.4655717" />
      <trkpt lat="46.0625994" lon="11.4656698" />
      <trkpt lat="46.0626422" lon="11.4657422" />
      <trkpt lat="46.0627605" lon="11.4659577" />
      <trkpt lat="46.0629244" lon="11.4662011" />
      <trkpt lat="46.0630824" lon="11.4664880" />
      <trkpt lat="46.0631018" lon="11.4665229" />
      <trkpt lat="46.0631338" lon="11.4665806" />
      <trkpt lat="46.0631797" lon="11.4666609" />
      <trkpt lat="46.0632237" lon="11.4667120" />
      <trkpt lat="46.0632747" lon="11.4667523" />
      <trkpt lat="46.0633329" lon="11.4667787" />
      <trkpt lat="46.0634065" lon="11.4667924" />
      <trkpt lat="46.0636116" lon="11.4668009" />
      <trkpt lat="46.0636677" lon="11.4668056" />
      <trkpt lat="46.0637151" lon="11.4668183" />
      <trkpt lat="46.0637593" lon="11.4668509" />
      <trkpt lat="46.0638124" lon="11.4669250" />
      <trkpt lat="46.0641293" lon="11.4674581" />
      <trkpt lat="46.0643418" lon="11.4677858" />
      <trkpt lat="46.0644537" lon="11.4679467" />
      <trkpt lat="46.0643990" lon="11.4679190" />
      <trkpt lat="46.0642102" lon="11.4678450" />
      <trkpt lat="46.0638940" lon="11.4677417" />
      <trkpt lat="46.0638258" lon="11.4677216" />
      <trkpt lat="46.0637629" lon="11.4677107" />
      <trkpt lat="46.0637220" lon="11.4677107" />
      <trkpt lat="46.0636741" lon="11.4677428" />
      <trkpt lat="46.0636567" lon="11.4677643" />
      <trkpt lat="46.0636454" lon="11.4677930" />
      <trkpt lat="46.0636416" lon="11.4678255" />
      <trkpt lat="46.0636458" lon="11.4678580" />
      <trkpt lat="46.0636597" lon="11.4679252" />
      <trkpt lat="46.0636838" lon="11.4679961" />
      <trkpt lat="46.0637308" lon="11.4681394" />
      <trkpt lat="46.0637477" lon="11.4681967" />
      <trkpt lat="46.0637439" lon="11.4682542" />
      <trkpt lat="46.0636824" lon="11.4684395" />
      <trkpt lat="46.0636617" lon="11.4685225" />
      <trkpt lat="46.0636592" lon="11.4685980" />
      <trkpt lat="46.0635884" lon="11.4685786" />
      <trkpt lat="46.0634755" lon="11.4685102" />
      <trkpt lat="46.0632102" lon="11.4682918" />
      <trkpt lat="46.0631578" lon="11.4682389" />
      <trkpt lat="46.0630356" lon="11.4680802" />
      <trkpt lat="46.0629653" lon="11.4680517" />
      <trkpt lat="46.0627943" lon="11.4680162" />
      <trkpt lat="46.0627344" lon="11.4679873" />
      <trkpt lat="46.0622682" lon="11.4675877" />
      <trkpt lat="46.0620068" lon="11.4673733" />
      <trkpt lat="46.0620442" lon="11.4672127" />
      <trkpt lat="46.0620486" lon="11.4671137" />
      <trkpt lat="46.0620311" lon="11.4670000" />
      <trkpt lat="46.0619980" lon="11.4669030" />
      <trkpt lat="46.0619426" lon="11.4668093" />
      <trkpt lat="46.0618643" lon="11.4667248" />
      <trkpt lat="46.0613594" lon="11.4663963" />
      <trkpt lat="46.0612867" lon="11.4664789" />
      <trkpt lat="46.0612166" lon="11.4664967" />
      <trkpt lat="46.0611629" lon="11.4666156" />
      <trkpt lat="46.0612166" lon="11.4666870" />
      <trkpt lat="46.0612496" lon="11.4668000" />
      <trkpt lat="46.0613816" lon="11.4668654" />
      <trkpt lat="46.0614394" lon="11.4669665" />
      <trkpt lat="46.0614435" lon="11.4670735" />
      <trkpt lat="46.0614806" lon="11.4671746" />
      <trkpt lat="46.0614806" lon="11.4672697" />
      <trkpt lat="46.0615013" lon="11.4673589" />
      <trkpt lat="46.0614476" lon="11.4675016" />
      <trkpt lat="46.0614600" lon="11.4675908" />
      <trkpt lat="46.0614889" lon="11.4676741" />
      <trkpt lat="46.0614787" lon="11.4677338" />
      <trkpt lat="46.0615067" lon="11.4678043" />
      <trkpt lat="46.0615557" lon="11.4678245" />
      <trkpt lat="46.0615837" lon="11.4679052" />
      <trkpt lat="46.0614394" lon="11.4679238" />
      <trkpt lat="46.0614188" lon="11.4679773" />
      <trkpt lat="46.0614188" lon="11.4681557" />
      <trkpt lat="46.0614724" lon="11.4682449" />
      <trkpt lat="46.0614435" lon="11.4684709" />
      <trkpt lat="46.0613816" lon="11.4685065" />
      <trkpt lat="46.0613527" lon="11.4686136" />
      <trkpt lat="46.0612413" lon="11.4686374" />
      <trkpt lat="46.0611464" lon="11.4686849" />
      <trkpt lat="46.0611052" lon="11.4686730" />
      <trkpt lat="46.0610639" lon="11.4687087" />
      <trkpt lat="46.0610103" lon="11.4686909" />
      <trkpt lat="46.0609443" lon="11.4685898" />
      <trkpt lat="46.0609401" lon="11.4686552" />
      <trkpt lat="46.0609484" lon="11.4687147" />
      <trkpt lat="46.0609814" lon="11.4687979" />
      <trkpt lat="46.0610474" lon="11.4688514" />
      <trkpt lat="46.0611954" lon="11.4690595" />
      <trkpt lat="46.0612514" lon="11.4691100" />
      <trkpt lat="46.0613178" lon="11.4692007" />
      <trkpt lat="46.0613569" lon="11.4692736" />
      <trkpt lat="46.0614228" lon="11.4694427" />
      <trkpt lat="46.0615172" lon="11.4695384" />
      <trkpt lat="46.0615172" lon="11.4696897" />
      <trkpt lat="46.0614367" lon="11.4697502" />
      <trkpt lat="46.0614612" lon="11.4698359" />
      <trkpt lat="46.0613445" lon="11.4698742" />
      <trkpt lat="46.0613527" lon="11.4700764" />
      <trkpt lat="46.0613021" lon="11.4700885" />
      <trkpt lat="46.0612166" lon="11.4701834" />
      <trkpt lat="46.0611327" lon="11.4703344" />
      <trkpt lat="46.0610515" lon="11.4702785" />
      <trkpt lat="46.0609443" lon="11.4702429" />
      <trkpt lat="46.0608617" lon="11.4704510" />
      <trkpt lat="46.0607751" lon="11.4706115" />
      <trkpt lat="46.0606513" lon="11.4708375" />
      <trkpt lat="46.0606103" lon="11.4708577" />
      <trkpt lat="46.0606513" lon="11.4708375" />
      <trkpt lat="46.0607751" lon="11.4706115" />
      <trkpt lat="46.0608617" lon="11.4704510" />
      <trkpt lat="46.0609443" lon="11.4702429" />
      <trkpt lat="46.0610515" lon="11.4702785" />
      <trkpt lat="46.0611327" lon="11.4703344" />
      <trkpt lat="46.0612166" lon="11.4701834" />
      <trkpt lat="46.0613021" lon="11.4700885" />
      <trkpt lat="46.0613527" lon="11.4700764" />
      <trkpt lat="46.0613445" lon="11.4698742" />
      <trkpt lat="46.0614612" lon="11.4698359" />
      <trkpt lat="46.0614367" lon="11.4697502" />
      <trkpt lat="46.0615172" lon="11.4696897" />
      <trkpt lat="46.0615172" lon="11.4695384" />
      <trkpt lat="46.0614228" lon="11.4694427" />
      <trkpt lat="46.0613569" lon="11.4692736" />
      <trkpt lat="46.0613178" lon="11.4692007" />
      <trkpt lat="46.0612514" lon="11.4691100" />
      <trkpt lat="46.0611954" lon="11.4690595" />
      <trkpt lat="46.0610474" lon="11.4688514" />
      <trkpt lat="46.0609814" lon="11.4687979" />
      <trkpt lat="46.0609484" lon="11.4687147" />
      <trkpt lat="46.0609401" lon="11.4686552" />
      <trkpt lat="46.0609443" lon="11.4685898" />
      <trkpt lat="46.0610103" lon="11.4686909" />
      <trkpt lat="46.0610639" lon="11.4687087" />
      <trkpt lat="46.0611052" lon="11.4686730" />
      <trkpt lat="46.0611464" lon="11.4686849" />
      <trkpt lat="46.0612413" lon="11.4686374" />
      <trkpt lat="46.0613527" lon="11.4686136" />
      <trkpt lat="46.0613816" lon="11.4685065" />
      <trkpt lat="46.0614435" lon="11.4684709" />
      <trkpt lat="46.0614724" lon="11.4682449" />
      <trkpt lat="46.0614188" lon="11.4681557" />
      <trkpt lat="46.0614188" lon="11.4679773" />
      <trkpt lat="46.0614394" lon="11.4679238" />
      <trkpt lat="46.0615837" lon="11.4679052" />
      <trkpt lat="46.0615557" lon="11.4678245" />
      <trkpt lat="46.0615067" lon="11.4678043" />
      <trkpt lat="46.0614787" lon="11.4677338" />
      <trkpt lat="46.0614889" lon="11.4676741" />
      <trkpt lat="46.0614600" lon="11.4675908" />
      <trkpt lat="46.0614476" lon="11.4675016" />
      <trkpt lat="46.0615013" lon="11.4673589" />
      <trkpt lat="46.0614806" lon="11.4672697" />
      <trkpt lat="46.0614806" lon="11.4671746" />
      <trkpt lat="46.0614435" lon="11.4670735" />
      <trkpt lat="46.0614394" lon="11.4669665" />
      <trkpt lat="46.0613816" lon="11.4668654" />
      <trkpt lat="46.0612496" lon="11.4668000" />
      <trkpt lat="46.0612166" lon="11.4666870" />
      <trkpt lat="46.0611629" lon="11.4666156" />
      <trkpt lat="46.0612166" lon="11.4664967" />
      <trkpt lat="46.0612867" lon="11.4664789" />
      <trkpt lat="46.0613594" lon="11.4663963" />
      <trkpt lat="46.0611266" lon="11.4662161" />
      <trkpt lat="46.0606946" lon="11.4658058" />
      <trkpt lat="46.0606092" lon="11.4656683" />
      <trkpt lat="46.0604702" lon="11.4652894" />
      <trkpt lat="46.0602692" lon="11.4649033" />
      <trkpt lat="46.0601688" lon="11.4648937" />
      <trkpt lat="46.0600549" lon="11.4644496" />
      <trkpt lat="46.0600214" lon="11.4641697" />
      <trkpt lat="46.0598339" lon="11.4638222" />
      <trkpt lat="46.0598941" lon="11.4634940" />
      <trkpt lat="46.0598205" lon="11.4629728" />
      <trkpt lat="46.0597384" lon="11.4625794" />
      <trkpt lat="46.0596391" lon="11.4622473" />
      <trkpt lat="46.0594900" lon="11.4619543" />
      <trkpt lat="46.0594019" lon="11.4618029" />
      <trkpt lat="46.0593070" lon="11.4616516" />
      <trkpt lat="46.0592054" lon="11.4614562" />
      <trkpt lat="46.0591004" lon="11.4612365" />
      <trkpt lat="46.0590563" lon="11.4611340" />
      <trkpt lat="46.0589437" lon="11.4609165" />
      <trkpt lat="46.0588906" lon="11.4608333" />
      <trkpt lat="46.0588432" lon="11.4607783" />
      <trkpt lat="46.0587920" lon="11.4607757" />
      <trkpt lat="46.0586691" lon="11.4607287" />
      <trkpt lat="46.0586359" lon="11.4607238" />
      <trkpt lat="46.0586032" lon="11.4607334" />
      <trkpt lat="46.0585739" lon="11.4607568" />
      <trkpt lat="46.0585577" lon="11.4607966" />
      <trkpt lat="46.0585586" lon="11.4608061" />
      <trkpt lat="46.0585597" lon="11.4608218" />
      <trkpt lat="46.0585572" lon="11.4608297" />
      <trkpt lat="46.0585532" lon="11.4608361" />
      <trkpt lat="46.0585479" lon="11.4608403" />
      <trkpt lat="46.0585420" lon="11.4608419" />
      <trkpt lat="46.0585360" lon="11.4608406" />
      <trkpt lat="46.0585306" lon="11.4608367" />
      <trkpt lat="46.0585264" lon="11.4608305" />
      <trkpt lat="46.0585238" lon="11.4608227" />
      <trkpt lat="46.0585203" lon="11.4608174" />
      <trkpt lat="46.0585159" lon="11.4608139" />
      <trkpt lat="46.0585109" lon="11.4608126" />
      <trkpt lat="46.0585059" lon="11.4608137" />
      <trkpt lat="46.0585014" lon="11.4608171" />
      <trkpt lat="46.0584979" lon="11.4608223" />
      <trkpt lat="46.0584957" lon="11.4608288" />
      <trkpt lat="46.0584951" lon="11.4608360" />
      <trkpt lat="46.0584919" lon="11.4608431" />
      <trkpt lat="46.0584873" lon="11.4608485" />
      <trkpt lat="46.0584819" lon="11.4608515" />
      <trkpt lat="46.0584760" lon="11.4608520" />
      <trkpt lat="46.0584703" lon="11.4608498" />
      <trkpt lat="46.0584654" lon="11.4608452" />
      <trkpt lat="46.0584525" lon="11.4608407" />
      <trkpt lat="46.0584051" lon="11.4609094" />
      <trkpt lat="46.0583988" lon="11.4609256" />
      <trkpt lat="46.0584001" lon="11.4609374" />
      <trkpt lat="46.0584039" lon="11.4609480" />
      <trkpt lat="46.0584099" lon="11.4609563" />
      <trkpt lat="46.0584173" lon="11.4609615" />
      <trkpt lat="46.0584256" lon="11.4609630" />
      <trkpt lat="46.0584337" lon="11.4609607" />
      <trkpt lat="46.0584579" lon="11.4609618" />
      <trkpt lat="46.0584809" lon="11.4609729" />
      <trkpt lat="46.0585007" lon="11.4609929" />
      <trkpt lat="46.0585752" lon="11.4610805" />
      <trkpt lat="46.0585861" lon="11.4611057" />
      <trkpt lat="46.0585904" lon="11.4611287" />
      <trkpt lat="46.0585918" lon="11.4611425" />
      <trkpt lat="46.0585959" lon="11.4611551" />
      <trkpt lat="46.0586023" lon="11.4611654" />
      <trkpt lat="46.0586105" lon="11.4611726" />
      <trkpt lat="46.0586943" lon="11.4612397" />
      <trkpt lat="46.0587520" lon="11.4612920" />
      <trkpt lat="46.0587911" lon="11.4613376" />
      <trkpt lat="46.0588058" lon="11.4613630" />
      <trkpt lat="46.0588142" lon="11.4613938" />
      <trkpt lat="46.0588153" lon="11.4614269" />
      <trkpt lat="46.0588200" lon="11.4614495" />
      <trkpt lat="46.0588288" lon="11.4614694" />
      <trkpt lat="46.0588411" lon="11.4614849" />
      <trkpt lat="46.0588559" lon="11.4614949" />
      <trkpt lat="46.0588738" lon="11.4615256" />
      <trkpt lat="46.0588836" lon="11.4615631" />
      <trkpt lat="46.0588844" lon="11.4616032" />
      <trkpt lat="46.0588759" lon="11.4616414" />
      <trkpt lat="46.0588422" lon="11.4617800" />
      <trkpt lat="46.0588418" lon="11.4617824" />
      <trkpt lat="46.0588408" lon="11.4617845" />
      <trkpt lat="46.0588395" lon="11.4617861" />
      <trkpt lat="46.0588379" lon="11.4617870" />
      <trkpt lat="46.0588361" lon="11.4617872" />
      <trkpt lat="46.0588345" lon="11.4617866" />
      <trkpt lat="46.0588155" lon="11.4617769" />
      <trkpt lat="46.0588114" lon="11.4617740" />
      <trkpt lat="46.0588069" lon="11.4617731" />
      <trkpt lat="46.0588024" lon="11.4617743" />
      <trkpt lat="46.0587984" lon="11.4617774" />
      <trkpt lat="46.0587952" lon="11.4617821" />
      <trkpt lat="46.0587932" lon="11.4617879" />
      <trkpt lat="46.0587847" lon="11.4618000" />
      <trkpt lat="46.0587790" lon="11.4618150" />
      <trkpt lat="46.0587738" lon="11.4618214" />
      <trkpt lat="46.0587675" lon="11.4618251" />
      <trkpt lat="46.0587607" lon="11.4618257" />
      <trkpt lat="46.0587542" lon="11.4618230" />
      <trkpt lat="46.0587486" lon="11.4618175" />
      <trkpt lat="46.0587445" lon="11.4618097" />
      <trkpt lat="46.0587009" lon="11.4617319" />
      <trkpt lat="46.0586501" lon="11.4616561" />
      <trkpt lat="46.0585444" lon="11.4615669" />
      <trkpt lat="46.0584612" lon="11.4614606" />
      <trkpt lat="46.0583951" lon="11.4613476" />
      <trkpt lat="46.0583071" lon="11.4612263" />
      <trkpt lat="46.0582736" lon="11.4611669" />
      <trkpt lat="46.0582071" lon="11.4610915" />
      <trkpt lat="46.0581331" lon="11.4610057" />
      <trkpt lat="46.0580880" lon="11.4609782" />
      <trkpt lat="46.0580780" lon="11.4609780" />
      <trkpt lat="46.0580742" lon="11.4609706" />
      <trkpt lat="46.0580636" lon="11.4609826" />
      <trkpt lat="46.0580555" lon="11.4609983" />
      <trkpt lat="46.0580444" lon="11.4610096" />
      <trkpt lat="46.0580314" lon="11.4610153" />
      <trkpt lat="46.0580193" lon="11.4610172" />
      <trkpt lat="46.0580073" lon="11.4610144" />
      <trkpt lat="46.0579963" lon="11.4610070" />
      <trkpt lat="46.0579864" lon="11.4610019" />
      <trkpt lat="46.0579779" lon="11.4609930" />
      <trkpt lat="46.0579714" lon="11.4609810" />
      <trkpt lat="46.0579603" lon="11.4609707" />
      <trkpt lat="46.0579475" lon="11.4609654" />
      <trkpt lat="46.0579343" lon="11.4609658" />
      <trkpt lat="46.0579107" lon="11.4609527" />
      <trkpt lat="46.0578637" lon="11.4609366" />
      <trkpt lat="46.0578144" lon="11.4609339" />
      <trkpt lat="46.0577543" lon="11.4609346" />
      <trkpt lat="46.0577073" lon="11.4609500" />
      <trkpt lat="46.0576734" lon="11.4609661" />
      <trkpt lat="46.0576343" lon="11.4609654" />
      <trkpt lat="46.0576208" lon="11.4609708" />
      <trkpt lat="46.0576259" lon="11.4609949" />
      <trkpt lat="46.0575775" lon="11.4610379" />
      <trkpt lat="46.0575770" lon="11.4610542" />
      <trkpt lat="46.0575731" lon="11.4610695" />
      <trkpt lat="46.0575660" lon="11.4610823" />
      <trkpt lat="46.0575565" lon="11.4610913" />
      <trkpt lat="46.0575456" lon="11.4610956" />
      <trkpt lat="46.0575342" lon="11.4610948" />
      <trkpt lat="46.0574784" lon="11.4610855" />
      <trkpt lat="46.0574309" lon="11.4610794" />
      <trkpt lat="46.0573756" lon="11.4610835" />
      <trkpt lat="46.0572350" lon="11.4610258" />
      <trkpt lat="46.0571234" lon="11.4609668" />
      <trkpt lat="46.0571028" lon="11.4609682" />
      <trkpt lat="46.0570833" lon="11.4609777" />
      <trkpt lat="46.0570663" lon="11.4609944" />
      <trkpt lat="46.0570531" lon="11.4610171" />
      <trkpt lat="46.0570447" lon="11.4610496" />
      <trkpt lat="46.0570469" lon="11.4610756" />
      <trkpt lat="46.0570480" lon="11.4610835" />
      <trkpt lat="46.0570469" lon="11.4610878" />
      <trkpt lat="46.0570449" lon="11.4610914" />
      <trkpt lat="46.0570422" lon="11.4610938" />
      <trkpt lat="46.0570391" lon="11.4610948" />
      <trkpt lat="46.0570117" lon="11.4610861" />
      <trkpt lat="46.0569684" lon="11.4610652" />
      <trkpt lat="46.0569251" lon="11.4610439" />
      <trkpt lat="46.0568153" lon="11.4610285" />
      <trkpt lat="46.0567995" lon="11.4610259" />
      <trkpt lat="46.0567841" lon="11.4610310" />
      <trkpt lat="46.0567706" lon="11.4610432" />
      <trkpt lat="46.0567409" lon="11.4611062" />
      <trkpt lat="46.0567361" lon="11.4611118" />
      <trkpt lat="46.0567327" lon="11.4611191" />
      <trkpt lat="46.0567310" lon="11.4611276" />
      <trkpt lat="46.0567311" lon="11.4611364" />
      <trkpt lat="46.0567772" lon="11.4613021" />
      <trkpt lat="46.0568009" lon="11.4613376" />
      <trkpt lat="46.0568246" lon="11.4613919" />
      <trkpt lat="46.0568595" lon="11.4614610" />
      <trkpt lat="46.0568684" lon="11.4614804" />
      <trkpt lat="46.0568749" lon="11.4615019" />
      <trkpt lat="46.0568716" lon="11.4615488" />
      <trkpt lat="46.0568484" lon="11.4615971" />
      <trkpt lat="46.0568414" lon="11.4616112" />
      <trkpt lat="46.0568302" lon="11.4616226" />
      <trkpt lat="46.0568130" lon="11.4616206" />
      <trkpt lat="46.0567753" lon="11.4616246" />
      <trkpt lat="46.0566390" lon="11.4616702" />
      <trkpt lat="46.0566324" lon="11.4616829" />
      <trkpt lat="46.0566427" lon="11.4617279" />
      <trkpt lat="46.0566357" lon="11.4617527" />
      <trkpt lat="46.0566278" lon="11.4618653" />
      <trkpt lat="46.0566297" lon="11.4618814" />
      <trkpt lat="46.0566436" lon="11.4618908" />
      <trkpt lat="46.0566478" lon="11.4619029" />
      <trkpt lat="46.0566497" lon="11.4619672" />
      <trkpt lat="46.0566394" lon="11.4619692" />
      <trkpt lat="46.0566222" lon="11.4619632" />
      <trkpt lat="46.0565980" lon="11.4619418" />
      <trkpt lat="46.0565059" lon="11.4618599" />
      <trkpt lat="46.0564356" lon="11.4617822" />
      <trkpt lat="46.0563886" lon="11.4617426" />
      <trkpt lat="46.0563556" lon="11.4617084" />
      <trkpt lat="46.0562718" lon="11.4616232" />
      <trkpt lat="46.0561764" lon="11.4615383" />
      <trkpt lat="46.0561228" lon="11.4614918" />
      <trkpt lat="46.0560602" lon="11.4614279" />
      <trkpt lat="46.0560094" lon="11.4613731" />
      <trkpt lat="46.0560019" lon="11.4613651" />
      <trkpt lat="46.0559883" lon="11.4613791" />
      <trkpt lat="46.0559506" lon="11.4614124" />
      <trkpt lat="46.0559420" lon="11.4613947" />
      <trkpt lat="46.0558720" lon="11.4612370" />
      <trkpt lat="46.0557901" lon="11.4610767" />
      <trkpt lat="46.0557373" lon="11.4609869" />
      <trkpt lat="46.0556859" lon="11.4609198" />
      <trkpt lat="46.0556191" lon="11.4608382" />
      <trkpt lat="46.0555683" lon="11.4607833" />
      <trkpt lat="46.0553658" lon="11.4605931" />
      <trkpt lat="46.0550170" lon="11.4602440" />
      <trkpt lat="46.0549772" lon="11.4602061" />
      <trkpt lat="46.0549352" lon="11.4601543" />
      <trkpt lat="46.0548803" lon="11.4600745" />
      <trkpt lat="46.0548219" lon="11.4599763" />
      <trkpt lat="46.0548110" lon="11.4599913" />
      <trkpt lat="46.0546985" lon="11.4601513" />
      <trkpt lat="46.0546347" lon="11.4602486" />
      <trkpt lat="46.0545933" lon="11.4603094" />
      <trkpt lat="46.0545359" lon="11.4602327" />
      <trkpt lat="46.0544975" lon="11.4601814" />
      <trkpt lat="46.0544857" lon="11.4601764" />
      <trkpt lat="46.0544734" lon="11.4601755" />
      <trkpt lat="46.0544613" lon="11.4601787" />
      <trkpt lat="46.0543944" lon="11.4602187" />
      <trkpt lat="46.0544216" lon="11.4603151" />
      <trkpt lat="46.0544328" lon="11.4603863" />
      <trkpt lat="46.0544487" lon="11.4605044" />
      <trkpt lat="46.0544525" lon="11.4605249" />
      <trkpt lat="46.0544790" lon="11.4606676" />
      <trkpt lat="46.0544919" lon="11.4607491" />
      <trkpt lat="46.0545194" lon="11.4609365" />
      <trkpt lat="46.0545611" lon="11.4611581" />
      <trkpt lat="46.0545993" lon="11.4613777" />
      <trkpt lat="46.0546057" lon="11.4614087" />
      <trkpt lat="46.0546154" lon="11.4614304" />
      <trkpt lat="46.0546294" lon="11.4614466" />
      <trkpt lat="46.0546462" lon="11.4614556" />
      <trkpt lat="46.0546589" lon="11.4614589" />
      <trkpt lat="46.0546599" lon="11.4615033" />
      <trkpt lat="46.0546653" lon="11.4615771" />
      <trkpt lat="46.0546763" lon="11.4616680" />
      <trkpt lat="46.0546868" lon="11.4617571" />
      <trkpt lat="46.0547184" lon="11.4619522" />
      <trkpt lat="46.0547358" lon="11.4620914" />
      <trkpt lat="46.0547702" lon="11.4623035" />
      <trkpt lat="46.0547956" lon="11.4624695" />
      <trkpt lat="46.0548089" lon="11.4625146" />
      <trkpt lat="46.0548242" lon="11.4625486" />
      <trkpt lat="46.0548417" lon="11.4625659" />
      <trkpt lat="46.0548695" lon="11.4625779" />
      <trkpt lat="46.0549157" lon="11.4625843" />
      <trkpt lat="46.0549605" lon="11.4625865" />
      <trkpt lat="46.0550167" lon="11.4625774" />
      <trkpt lat="46.0550666" lon="11.4625618" />
      <trkpt lat="46.0551196" lon="11.4625312" />
      <trkpt lat="46.0551852" lon="11.4624835" />
      <trkpt lat="46.0552347" lon="11.4624456" />
      <trkpt lat="46.0552511" lon="11.4624354" />
      <trkpt lat="46.0552690" lon="11.4624336" />
      <trkpt lat="46.0552862" lon="11.4624404" />
      <trkpt lat="46.0553010" lon="11.4624549" />
      <trkpt lat="46.0553116" lon="11.4624757" />
      <trkpt lat="46.0553169" lon="11.4624947" />
      <trkpt lat="46.0553204" lon="11.4625273" />
      <trkpt lat="46.0553214" lon="11.4625607" />
      <trkpt lat="46.0553245" lon="11.4626765" />
      <trkpt lat="46.0553248" lon="11.4626859" />
      <trkpt lat="46.0553401" lon="11.4631127" />
      <trkpt lat="46.0553408" lon="11.4633229" />
      <trkpt lat="46.0553398" lon="11.4633988" />
      <trkpt lat="46.0553573" lon="11.4633994" />
      <trkpt lat="46.0553410" lon="11.4641438" />
      <trkpt lat="46.0553294" lon="11.4643851" />
      <trkpt lat="46.0553276" lon="11.4644073" />
      <trkpt lat="46.0552968" lon="11.4647982" />
      <trkpt lat="46.0556186" lon="11.4648318" />
      <trkpt lat="46.0555424" lon="11.4654919" />
      <trkpt lat="46.0554466" lon="11.4657167" />
      <trkpt lat="46.0554838" lon="11.4657680" />
      <trkpt lat="46.0555274" lon="11.4658315" />
      <trkpt lat="46.0555721" lon="11.4657875" />
      <trkpt lat="46.0556508" lon="11.4657717" />
      <trkpt lat="46.0558610" lon="11.4657712" />
      <trkpt lat="46.0560726" lon="11.4657852" />
      <trkpt lat="46.0561129" lon="11.4657969" />
      <trkpt lat="46.0561540" lon="11.4657918" />
      <trkpt lat="46.0563324" lon="11.4658092" />
      <trkpt lat="46.0565717" lon="11.4658017" />
      <trkpt lat="46.0565856" lon="11.4658013" />
      <trkpt lat="46.0566350" lon="11.4663885" />
      <trkpt lat="46.0566534" lon="11.4665249" />
      <trkpt lat="46.0566832" lon="11.4666276" />
      <trkpt lat="46.0567770" lon="11.4669237" />
      <trkpt lat="46.0568793" lon="11.4671161" />
      <trkpt lat="46.0569331" lon="11.4672098" />
      <trkpt lat="46.0570635" lon="11.4674257" />
      <trkpt lat="46.0571472" lon="11.4675643" />
      <trkpt lat="46.0573269" lon="11.4678578" />
      <trkpt lat="46.0574373" lon="11.4680381" />
      <trkpt lat="46.0574691" lon="11.4680907" />
      <trkpt lat="46.0574856" lon="11.4681427" />
      <trkpt lat="46.0574896" lon="11.4681840" />
      <trkpt lat="46.0574875" lon="11.4682232" />
      <trkpt lat="46.0574632" lon="11.4682090" />
      <trkpt lat="46.0574337" lon="11.4681916" />
      <trkpt lat="46.0573709" lon="11.4681693" />
      <trkpt lat="46.0568679" lon="11.4679999" />
      <trkpt lat="46.0568706" lon="11.4680380" />
      <trkpt lat="46.0568787" lon="11.4680837" />
      <trkpt lat="46.0568901" lon="11.4681413" />
      <trkpt lat="46.0569254" lon="11.4683117" />
      <trkpt lat="46.0569496" lon="11.4684753" />
      <trkpt lat="46.0569628" lon="11.4686411" />
      <trkpt lat="46.0570122" lon="11.4695514" />
      <trkpt lat="46.0570571" lon="11.4695884" />
      <trkpt lat="46.0571818" lon="11.4697225" />
      <trkpt lat="46.0572234" lon="11.4697653" />
      <trkpt lat="46.0573012" lon="11.4698454" />
      <trkpt lat="46.0573401" lon="11.4698941" />
      <trkpt lat="46.0573958" lon="11.4699639" />
      <trkpt lat="46.0574782" lon="11.4700769" />
      <trkpt lat="46.0575503" lon="11.4702107" />
      <trkpt lat="46.0575695" lon="11.4702589" />
      <trkpt lat="46.0576100" lon="11.4703605" />
      <trkpt lat="46.0577017" lon="11.4705630" />
      <trkpt lat="46.0577317" lon="11.4706293" />
      <trkpt lat="46.0578109" lon="11.4707686" />
      <trkpt lat="46.0578928" lon="11.4708759" />
      <trkpt lat="46.0579036" lon="11.4708876" />
      <trkpt lat="46.0580203" lon="11.4710141" />
      <trkpt lat="46.0580623" lon="11.4710472" />
      <trkpt lat="46.0582440" lon="11.4711904" />
      <trkpt lat="46.0583342" lon="11.4712912" />
      <trkpt lat="46.0583940" lon="11.4713654" />
      <trkpt lat="46.0584299" lon="11.4714449" />
      <trkpt lat="46.0584547" lon="11.4715377" />
      <trkpt lat="46.0584887" lon="11.4716942" />
      <trkpt lat="46.0584869" lon="11.4717538" />
      <trkpt lat="46.0584556" lon="11.4718028" />
      <trkpt lat="46.0584207" lon="11.4718638" />
      <trkpt lat="46.0584197" lon="11.4719115" />
      <trkpt lat="46.0584207" lon="11.4718638" />
      <trkpt lat="46.0584556" lon="11.4718028" />
      <trkpt lat="46.0584869" lon="11.4717538" />
      <trkpt lat="46.0584887" lon="11.4716942" />
      <trkpt lat="46.0584547" lon="11.4715377" />
      <trkpt lat="46.0584299" lon="11.4714449" />
      <trkpt lat="46.0583940" lon="11.4713654" />
      <trkpt lat="46.0583342" lon="11.4712912" />
      <trkpt lat="46.0582440" lon="11.4711904" />
      <trkpt lat="46.0580623" lon="11.4710472" />
      <trkpt lat="46.0580203" lon="11.4710141" />
      <trkpt lat="46.0579036" lon="11.4708876" />
      <trkpt lat="46.0578928" lon="11.4708759" />
      <trkpt lat="46.0578109" lon="11.4707686" />
      <trkpt lat="46.0577317" lon="11.4706293" />
      <trkpt lat="46.0577017" lon="11.4705630" />
      <trkpt lat="46.0576100" lon="11.4703605" />
      <trkpt lat="46.0575695" lon="11.4702589" />
      <trkpt lat="46.0575503" lon="11.4702107" />
      <trkpt lat="46.0574782" lon="11.4700769" />
      <trkpt lat="46.0573958" lon="11.4699639" />
      <trkpt lat="46.0573401" lon="11.4698941" />
      <trkpt lat="46.0573012" lon="11.4698454" />
      <trkpt lat="46.0572234" lon="11.4697653" />
      <trkpt lat="46.0571818" lon="11.4697225" />
      <trkpt lat="46.0570571" lon="11.4695884" />
      <trkpt lat="46.0570122" lon="11.4695514" />
      <trkpt lat="46.0568707" lon="11.4702164" />
      <trkpt lat="46.0568521" lon="11.4703049" />
      <trkpt lat="46.0568451" lon="11.4703535" />
      <trkpt lat="46.0568391" lon="11.4703948" />
      <trkpt lat="46.0568279" lon="11.4704699" />
      <trkpt lat="46.0568211" lon="11.4705439" />
      <trkpt lat="46.0568158" lon="11.4706254" />
      <trkpt lat="46.0568109" lon="11.4707673" />
      <trkpt lat="46.0568074" lon="11.4708856" />
      <trkpt lat="46.0568091" lon="11.4709724" />
      <trkpt lat="46.0568044" lon="11.4710436" />
      <trkpt lat="46.0567998" lon="11.4710871" />
      <trkpt lat="46.0567803" lon="11.4712036" />
      <trkpt lat="46.0566973" lon="11.4716298" />
      <trkpt lat="46.0566344" lon="11.4718863" />
      <trkpt lat="46.0566073" lon="11.4719967" />
      <trkpt lat="46.0565303" lon="11.4723350" />
      <trkpt lat="46.0564745" lon="11.4725490" />
      <trkpt lat="46.0564652" lon="11.4725844" />
      <trkpt lat="46.0564024" lon="11.4727915" />
      <trkpt lat="46.0563572" lon="11.4729331" />
      <trkpt lat="46.0562995" lon="11.4731531" />
      <trkpt lat="46.0562142" lon="11.4735100" />
      <trkpt lat="46.0561953" lon="11.4736225" />
      <trkpt lat="46.0561949" lon="11.4737667" />
      <trkpt lat="46.0561953" lon="11.4739551" />
      <trkpt lat="46.0561759" lon="11.4741133" />
      <trkpt lat="46.0560410" lon="11.4746767" />
      <trkpt lat="46.0560195" lon="11.4748036" />
      <trkpt lat="46.0560284" lon="11.4748743" />
      <trkpt lat="46.0561972" lon="11.4760110" />
      <trkpt lat="46.0562208" lon="11.4763129" />
      <trkpt lat="46.0562314" lon="11.4764053" />
      <trkpt lat="46.0562614" lon="11.4764515" />
      <trkpt lat="46.0562785" lon="11.4765593" />
      <trkpt lat="46.0562250" lon="11.4770091" />
      <trkpt lat="46.0562043" lon="11.4773019" />
      <trkpt lat="46.0563993" lon="11.4775430" />
      <trkpt lat="46.0564769" lon="11.4775655" />
      <trkpt lat="46.0570173" lon="11.4774531" />
      <trkpt lat="46.0570722" lon="11.4774608" />
      <trkpt lat="46.0569095" lon="11.4764027" />
      <trkpt lat="46.0569220" lon="11.4763522" />
      <trkpt lat="46.0570198" lon="11.4763233" />
      <trkpt lat="46.0572027" lon="11.4762655" />
      <trkpt lat="46.0573681" lon="11.4775374" />
      <trkpt lat="46.0572707" lon="11.4776038" />
      <trkpt lat="46.0572122" lon="11.4776216" />
      <trkpt lat="46.0571555" lon="11.4775808" />
      <trkpt lat="46.0571218" lon="11.4775067" />
      <trkpt lat="46.0570722" lon="11.4774608" />
      <trkpt lat="46.0570173" lon="11.4774531" />
      <trkpt lat="46.0564769" lon="11.4775655" />
      <trkpt lat="46.0563993" lon="11.4775430" />
      <trkpt lat="46.0562043" lon="11.4773019" />
      <trkpt lat="46.0561998" lon="11.4773657" />
      <trkpt lat="46.0561544" lon="11.4775108" />
      <trkpt lat="46.0560397" lon="11.4776984" />
      <trkpt lat="46.0558082" lon="11.4778778" />
      <trkpt lat="46.0557744" lon="11.4779136" />
      <trkpt lat="46.0556543" lon="11.4780410" />
      <trkpt lat="46.0555370" lon="11.4782346" />
      <trkpt lat="46.0555068" lon="11.4782844" />
      <trkpt lat="46.0554327" lon="11.4784855" />
      <trkpt lat="46.0553956" lon="11.4785863" />
      <trkpt lat="46.0553122" lon="11.4789713" />
      <trkpt lat="46.0551434" lon="11.4798154" />
      <trkpt lat="46.0550856" lon="11.4803637" />
      <trkpt lat="46.0549884" lon="11.4810186" />
      <trkpt lat="46.0546949" lon="11.4809401" />
      <trkpt lat="46.0545782" lon="11.4809089" />
      <trkpt lat="46.0541891" lon="11.4808073" />
      <trkpt lat="46.0541632" lon="11.4808032" />
      <trkpt lat="46.0541293" lon="11.4808057" />
      <trkpt lat="46.0540974" lon="11.4808229" />
      <trkpt lat="46.0540707" lon="11.4808531" />
      <trkpt lat="46.0540514" lon="11.4808935" />
      <trkpt lat="46.0540415" lon="11.4809403" />
      <trkpt lat="46.0539724" lon="11.4814431" />
      <trkpt lat="46.0539295" lon="11.4814303" />
      <trkpt lat="46.0538094" lon="11.4813941" />
      <trkpt lat="46.0537358" lon="11.4813719" />
      <trkpt lat="46.0536841" lon="11.4813563" />
      <trkpt lat="46.0538612" lon="11.4800904" />
      <trkpt lat="46.0539334" lon="11.4795796" />
      <trkpt lat="46.0539262" lon="11.4795321" />
      <trkpt lat="46.0539189" lon="11.4794686" />
      <trkpt lat="46.0539175" lon="11.4793708" />
      <trkpt lat="46.0539240" lon="11.4791927" />
      <trkpt lat="46.0539226" lon="11.4791728" />
      <trkpt lat="46.0539240" lon="11.4791927" />
      <trkpt lat="46.0539175" lon="11.4793708" />
      <trkpt lat="46.0539189" lon="11.4794686" />
      <trkpt lat="46.0539262" lon="11.4795321" />
      <trkpt lat="46.0539334" lon="11.4795796" />
      <trkpt lat="46.0539804" lon="11.4792050" />
      <trkpt lat="46.0541862" lon="11.4777577" />
      <trkpt lat="46.0544362" lon="11.4759913" />
      <trkpt lat="46.0545063" lon="11.4755612" />
      <trkpt lat="46.0546238" lon="11.4749004" />
      <trkpt lat="46.0546328" lon="11.4748069" />
      <trkpt lat="46.0546484" lon="11.4746070" />
      <trkpt lat="46.0546640" lon="11.4744770" />
      <trkpt lat="46.0546398" lon="11.4744142" />
      <trkpt lat="46.0546313" lon="11.4743434" />
      <trkpt lat="46.0546395" lon="11.4742725" />
      <trkpt lat="46.0546544" lon="11.4742283" />
      <trkpt lat="46.0546758" lon="11.4741900" />
      <trkpt lat="46.0547028" lon="11.4741599" />
      <trkpt lat="46.0547216" lon="11.4741415" />
      <trkpt lat="46.0547121" lon="11.4741026" />
      <trkpt lat="46.0547126" lon="11.4740644" />
      <trkpt lat="46.0547233" lon="11.4740268" />
      <trkpt lat="46.0547354" lon="11.4739926" />
      <trkpt lat="46.0547465" lon="11.4739323" />
      <trkpt lat="46.0547560" lon="11.4738741" />
      <trkpt lat="46.0547738" lon="11.4737490" />
      <trkpt lat="46.0547854" lon="11.4736752" />
      <trkpt lat="46.0548154" lon="11.4734851" />
      <trkpt lat="46.0548708" lon="11.4735026" />
      <trkpt lat="46.0550481" lon="11.4724218" />
      <trkpt lat="46.0552278" lon="11.4712470" />
      <trkpt lat="46.0552489" lon="11.4711102" />
      <trkpt lat="46.0552694" lon="11.4709874" />
      <trkpt lat="46.0552945" lon="11.4707700" />
      <trkpt lat="46.0553065" lon="11.4707443" />
      <trkpt lat="46.0553139" lon="11.4707151" />
      <trkpt lat="46.0553157" lon="11.4706706" />
      <trkpt lat="46.0553069" lon="11.4706278" />
      <trkpt lat="46.0553198" lon="11.4705940" />
      <trkpt lat="46.0553365" lon="11.4705262" />
      <trkpt lat="46.0553505" lon="11.4704504" />
      <trkpt lat="46.0553626" lon="11.4703310" />
      <trkpt lat="46.0553859" lon="11.4702262" />
      <trkpt lat="46.0554349" lon="11.4699287" />
      <trkpt lat="46.0554703" lon="11.4697135" />
      <trkpt lat="46.0555671" lon="11.4690860" />
      <trkpt lat="46.0558077" lon="11.4676420" />
      <trkpt lat="46.0558496" lon="11.4676572" />
      <trkpt lat="46.0559947" lon="11.4677141" />
      <trkpt lat="46.0565866" lon="11.4679047" />
      <trkpt lat="46.0567787" lon="11.4679666" />
      <trkpt lat="46.0568272" lon="11.4679836" />
      <trkpt lat="46.0568679" lon="11.4679999" />
      <trkpt lat="46.0573709" lon="11.4681693" />
      <trkpt lat="46.0574337" lon="11.4681916" />
      <trkpt lat="46.0574632" lon="11.4682090" />
      <trkpt lat="46.0574875" lon="11.4682232" />
      <trkpt lat="46.0574896" lon="11.4681840" />
      <trkpt lat="46.0574856" lon="11.4681427" />
      <trkpt lat="46.0574691" lon="11.4680907" />
      <trkpt lat="46.0574373" lon="11.4680381" />
      <trkpt lat="46.0573269" lon="11.4678578" />
      <trkpt lat="46.0571472" lon="11.4675643" />
      <trkpt lat="46.0570635" lon="11.4674257" />
      <trkpt lat="46.0569331" lon="11.4672098" />
      <trkpt lat="46.0568793" lon="11.4671161" />
      <trkpt lat="46.0567770" lon="11.4669237" />
      <trkpt lat="46.0566832" lon="11.4666276" />
      <trkpt lat="46.0566534" lon="11.4665249" />
      <trkpt lat="46.0566350" lon="11.4663885" />
      <trkpt lat="46.0565856" lon="11.4658013" />
      <trkpt lat="46.0565717" lon="11.4658017" />
      <trkpt lat="46.0563324" lon="11.4658092" />
      <trkpt lat="46.0561540" lon="11.4657918" />
      <trkpt lat="46.0561129" lon="11.4657969" />
      <trkpt lat="46.0560726" lon="11.4657852" />
      <trkpt lat="46.0558610" lon="11.4657712" />
      <trkpt lat="46.0556508" lon="11.4657717" />
      <trkpt lat="46.0555721" lon="11.4657875" />
      <trkpt lat="46.0555274" lon="11.4658315" />
      <trkpt lat="46.0554497" lon="11.4658946" />
      <trkpt lat="46.0553120" lon="11.4660206" />
      <trkpt lat="46.0551270" lon="11.4662402" />
      <trkpt lat="46.0551130" lon="11.4662568" />
      <trkpt lat="46.0550685" lon="11.4663160" />
      <trkpt lat="46.0550278" lon="11.4663702" />
      <trkpt lat="46.0548923" lon="11.4665371" />
      <trkpt lat="46.0547530" lon="11.4666019" />
      <trkpt lat="46.0546170" lon="11.4666665" />
      <trkpt lat="46.0544964" lon="11.4667556" />
      <trkpt lat="46.0544624" lon="11.4668157" />
      <trkpt lat="46.0544495" lon="11.4668670" />
      <trkpt lat="46.0544076" lon="11.4670485" />
      <trkpt lat="46.0543743" lon="11.4672846" />
      <trkpt lat="46.0543605" lon="11.4673871" />
      <trkpt lat="46.0543156" lon="11.4674460" />
      <trkpt lat="46.0542460" lon="11.4674616" />
      <trkpt lat="46.0540915" lon="11.4674460" />
      <trkpt lat="46.0539786" lon="11.4674327" />
      <trkpt lat="46.0539338" lon="11.4673903" />
      <trkpt lat="46.0539910" lon="11.4672456" />
      <trkpt lat="46.0540745" lon="11.4671075" />
      <trkpt lat="46.0541919" lon="11.4669516" />
      <trkpt lat="46.0542632" lon="11.4668624" />
      <trkpt lat="46.0541663" lon="11.4665995" />
      <trkpt lat="46.0539880" lon="11.4659903" />
      <trkpt lat="46.0539336" lon="11.4658192" />
      <trkpt lat="46.0539197" lon="11.4658114" />
      <trkpt lat="46.0538930" lon="11.4657932" />
      <trkpt lat="46.0538715" lon="11.4657642" />
      <trkpt lat="46.0538572" lon="11.4657271" />
      <trkpt lat="46.0538515" lon="11.4656854" />
      <trkpt lat="46.0538549" lon="11.4656432" />
      <trkpt lat="46.0538671" lon="11.4656046" />
      <trkpt lat="46.0537985" lon="11.4654410" />
      <trkpt lat="46.0535377" lon="11.4647260" />
      <trkpt lat="46.0535675" lon="11.4646990" />
      <trkpt lat="46.0536081" lon="11.4646674" />
      <trkpt lat="46.0536468" lon="11.4646587" />
      <trkpt lat="46.0536889" lon="11.4646565" />
      <trkpt lat="46.0537515" lon="11.4646577" />
      <trkpt lat="46.0538196" lon="11.4646649" />
      <trkpt lat="46.0538199" lon="11.4646106" />
      <trkpt lat="46.0538209" lon="11.4645987" />
      <trkpt lat="46.0538195" lon="11.4645869" />
      <trkpt lat="46.0538157" lon="11.4645763" />
      <trkpt lat="46.0538100" lon="11.4645677" />
      <trkpt lat="46.0538027" lon="11.4645619" />
      <trkpt lat="46.0537443" lon="11.4645158" />
      <trkpt lat="46.0537038" lon="11.4644896" />
      <trkpt lat="46.0536576" lon="11.4644657" />
      <trkpt lat="46.0535843" lon="11.4644198" />
      <trkpt lat="46.0535162" lon="11.4643554" />
      <trkpt lat="46.0534595" lon="11.4642870" />
      <trkpt lat="46.0534244" lon="11.4642346" />
      <trkpt lat="46.0534025" lon="11.4641978" />
      <trkpt lat="46.0533940" lon="11.4641777" />
      <trkpt lat="46.0533905" lon="11.4641606" />
      <trkpt lat="46.0533895" lon="11.4641414" />
      <trkpt lat="46.0533946" lon="11.4640669" />
      <trkpt lat="46.0533873" lon="11.4639683" />
      <trkpt lat="46.0533847" lon="11.4639147" />
      <trkpt lat="46.0533840" lon="11.4639007" />
      <trkpt lat="46.0533759" lon="11.4638501" />
      <trkpt lat="46.0532669" lon="11.4634178" />
      <trkpt lat="46.0532630" lon="11.4633706" />
      <trkpt lat="46.0532181" lon="11.4633923" />
      <trkpt lat="46.0530020" lon="11.4635276" />
      <trkpt lat="46.0529832" lon="11.4635393" />
      <trkpt lat="46.0529229" lon="11.4635883" />
      <trkpt lat="46.0528842" lon="11.4636090" />
      <trkpt lat="46.0528467" lon="11.4636115" />
      <trkpt lat="46.0528162" lon="11.4635949" />
      <trkpt lat="46.0527961" lon="11.4635520" />
      <trkpt lat="46.0528396" lon="11.4634878" />
      <trkpt lat="46.0527933" lon="11.4634026" />
      <trkpt lat="46.0527840" lon="11.4634182" />
      <trkpt lat="46.0527609" lon="11.4634503" />
      <trkpt lat="46.0527277" lon="11.4634870" />
      <trkpt lat="46.0526910" lon="11.4635156" />
      <trkpt lat="46.0526678" lon="11.4635270" />
      <trkpt lat="46.0526352" lon="11.4635397" />
      <trkpt lat="46.0525442" lon="11.4635552" />
      <trkpt lat="46.0525110" lon="11.4635627" />
      <trkpt lat="46.0525053" lon="11.4636018" />
      <trkpt lat="46.0525035" lon="11.4636145" />
      <trkpt lat="46.0524692" lon="11.4638312" />
      <trkpt lat="46.0524383" lon="11.4638541" />
      <trkpt lat="46.0524419" lon="11.4638646" />
      <trkpt lat="46.0524384" lon="11.4638540" />
      <trkpt lat="46.0524020" lon="11.4638803" />
      <trkpt lat="46.0522757" lon="11.4639670" />
      <trkpt lat="46.0521669" lon="11.4640360" />
      <trkpt lat="46.0522402" lon="11.4642236" />
      <trkpt lat="46.0522780" lon="11.4642876" />
      <trkpt lat="46.0524741" lon="11.4649904" />
      <trkpt lat="46.0525167" lon="11.4651856" />
      <trkpt lat="46.0525380" lon="11.4653093" />
      <trkpt lat="46.0525553" lon="11.4653697" />
      <trkpt lat="46.0526440" lon="11.4659522" />
      <trkpt lat="46.0526440" lon="11.4660019" />
      <trkpt lat="46.0526218" lon="11.4660516" />
      <trkpt lat="46.0525917" lon="11.4661052" />
      <trkpt lat="46.0526041" lon="11.4661590" />
      <trkpt lat="46.0526220" lon="11.4663165" />
      <trkpt lat="46.0526141" lon="11.4664945" />
      <trkpt lat="46.0525889" lon="11.4666386" />
      <trkpt lat="46.0525407" lon="11.4667652" />
      <trkpt lat="46.0524669" lon="11.4669407" />
      <trkpt lat="46.0521460" lon="11.4676824" />
      <trkpt lat="46.0521358" lon="11.4677031" />
      <trkpt lat="46.0520107" lon="11.4679569" />
      <trkpt lat="46.0517769" lon="11.4684312" />
      <trkpt lat="46.0515830" lon="11.4688246" />
      <trkpt lat="46.0515216" lon="11.4689631" />
      <trkpt lat="46.0513854" lon="11.4692734" />
      <trkpt lat="46.0513654" lon="11.4693177" />
      <trkpt lat="46.0512981" lon="11.4694929" />
      <trkpt lat="46.0512655" lon="11.4695778" />
      <trkpt lat="46.0512493" lon="11.4696199" />
      <trkpt lat="46.0508958" lon="11.4704923" />
      <trkpt lat="46.0508851" lon="11.4705186" />
      <trkpt lat="46.0508649" lon="11.4705632" />
      <trkpt lat="46.0507901" lon="11.4707471" />
      <trkpt lat="46.0507261" lon="11.4708870" />
      <trkpt lat="46.0507143" lon="11.4709103" />
      <trkpt lat="46.0506934" lon="11.4709441" />
      <trkpt lat="46.0505105" lon="11.4713240" />
      <trkpt lat="46.0504813" lon="11.4713790" />
      <trkpt lat="46.0504687" lon="11.4714841" />
      <trkpt lat="46.0504793" lon="11.4715897" />
      <trkpt lat="46.0505035" lon="11.4719156" />
      <trkpt lat="46.0505132" lon="11.4720528" />
      <trkpt lat="46.0505138" lon="11.4721473" />
      <trkpt lat="46.0504958" lon="11.4722376" />
      <trkpt lat="46.0504648" lon="11.4723322" />
      <trkpt lat="46.0503947" lon="11.4724773" />
      <trkpt lat="46.0503314" lon="11.4725948" />
      <trkpt lat="46.0502945" lon="11.4727149" />
      <trkpt lat="46.0502581" lon="11.4728508" />
      <trkpt lat="46.0502485" lon="11.4729405" />
      <trkpt lat="46.0502210" lon="11.4730436" />
      <trkpt lat="46.0501853" lon="11.4731384" />
      <trkpt lat="46.0501053" lon="11.4733732" />
      <trkpt lat="46.0500015" lon="11.4736385" />
      <trkpt lat="46.0499113" lon="11.4739366" />
      <trkpt lat="46.0498317" lon="11.4743965" />
      <trkpt lat="46.0497610" lon="11.4748838" />
      <trkpt lat="46.0496796" lon="11.4752269" />
      <trkpt lat="46.0495765" lon="11.4755084" />
      <trkpt lat="46.0495027" lon="11.4757964" />
      <trkpt lat="46.0494895" lon="11.4758368" />
      <trkpt lat="46.0494681" lon="11.4758692" />
      <trkpt lat="46.0494407" lon="11.4758902" />
      <trkpt lat="46.0492704" lon="11.4760067" />
      <trkpt lat="46.0490176" lon="11.4762144" />
      <trkpt lat="46.0489741" lon="11.4762468" />
      <trkpt lat="46.0487215" lon="11.4764349" />
      <trkpt lat="46.0487102" lon="11.4764475" />
      <trkpt lat="46.0487026" lon="11.4764647" />
      <trkpt lat="46.0486994" lon="11.4764847" />
      <trkpt lat="46.0487072" lon="11.4765235" />
      <trkpt lat="46.0488114" lon="11.4769147" />
      <trkpt lat="46.0489607" lon="11.4773563" />
      <trkpt lat="46.0489739" lon="11.4774114" />
      <trkpt lat="46.0489738" lon="11.4774697" />
      <trkpt lat="46.0489603" lon="11.4775247" />
      <trkpt lat="46.0489351" lon="11.4775703" />
      <trkpt lat="46.0489008" lon="11.4776013" />
      <trkpt lat="46.0486886" lon="11.4776857" />
      <trkpt lat="46.0485405" lon="11.4776935" />
      <trkpt lat="46.0483689" lon="11.4776911" />
      <trkpt lat="46.0482071" lon="11.4776663" />
      <trkpt lat="46.0480315" lon="11.4776121" />
      <trkpt lat="46.0477862" lon="11.4775152" />
      <trkpt lat="46.0475024" lon="11.4773950" />
      <trkpt lat="46.0475400" lon="11.4776838" />
      <trkpt lat="46.0476036" lon="11.4779987" />
      <trkpt lat="46.0476352" lon="11.4781751" />
      <trkpt lat="46.0476387" lon="11.4783178" />
      <trkpt lat="46.0476398" lon="11.4783630" />
      <trkpt lat="46.0476051" lon="11.4787600" />
      <trkpt lat="46.0475202" lon="11.4791265" />
      <trkpt lat="46.0474674" lon="11.4792056" />
      <trkpt lat="46.0473259" lon="11.4794175" />
      <trkpt lat="46.0470969" lon="11.4798432" />
      <trkpt lat="46.0469477" lon="11.4799910" />
      <trkpt lat="46.0472171" lon="11.4802082" />
      <trkpt lat="46.0473103" lon="11.4802921" />
      <trkpt lat="46.0473749" lon="11.4803813" />
      <trkpt lat="46.0474217" lon="11.4804913" />
      <trkpt lat="46.0474755" lon="11.4807290" />
      <trkpt lat="46.0474927" lon="11.4809224" />
      <trkpt lat="46.0475277" lon="11.4811957" />
      <trkpt lat="46.0475339" lon="11.4815164" />
      <trkpt lat="46.0475322" lon="11.4819387" />
      <trkpt lat="46.0475314" lon="11.4821505" />
      <trkpt lat="46.0475078" lon="11.4823465" />
      <trkpt lat="46.0474607" lon="11.4825475" />
      <trkpt lat="46.0473766" lon="11.4829237" />
      <trkpt lat="46.0473456" lon="11.4830858" />
      <trkpt lat="46.0473451" lon="11.4832539" />
      <trkpt lat="46.0473752" lon="11.4834164" />
      <trkpt lat="46.0474192" lon="11.4835286" />
      <trkpt lat="46.0474703" lon="11.4836335" />
      <trkpt lat="46.0476761" lon="11.4838070" />
      <trkpt lat="46.0479597" lon="11.4840552" />
      <trkpt lat="46.0481830" lon="11.4842228" />
      <trkpt lat="46.0482254" lon="11.4842578" />
      <trkpt lat="46.0484951" lon="11.4844810" />
      <trkpt lat="46.0485477" lon="11.4845245" />
      <trkpt lat="46.0485490" lon="11.4843799" />
      <trkpt lat="46.0485647" lon="11.4841784" />
      <trkpt lat="46.0485986" lon="11.4839403" />
      <trkpt lat="46.0486506" lon="11.4836560" />
      <trkpt lat="46.0487335" lon="11.4833920" />
      <trkpt lat="46.0491183" lon="11.4822227" />
      <trkpt lat="46.0497316" lon="11.4803585" />
      <trkpt lat="46.0499500" lon="11.4796854" />
      <trkpt lat="46.0499681" lon="11.4796332" />
      <trkpt lat="46.0499928" lon="11.4795899" />
      <trkpt lat="46.0500247" lon="11.4795578" />
      <trkpt lat="46.0500615" lon="11.4795392" />
      <trkpt lat="46.0500918" lon="11.4795375" />
      <trkpt lat="46.0501168" lon="11.4795424" />
      <trkpt lat="46.0501483" lon="11.4795558" />
      <trkpt lat="46.0501690" lon="11.4795690" />
      <trkpt lat="46.0501858" lon="11.4795873" />
      <trkpt lat="46.0501904" lon="11.4795714" />
      <trkpt lat="46.0501981" lon="11.4795583" />
      <trkpt lat="46.0502083" lon="11.4795493" />
      <trkpt lat="46.0502666" lon="11.4795110" />
      <trkpt lat="46.0504407" lon="11.4794089" />
      <trkpt lat="46.0505546" lon="11.4793665" />
      <trkpt lat="46.0505213" lon="11.4792687" />
      <trkpt lat="46.0504337" lon="11.4790397" />
      <trkpt lat="46.0503498" lon="11.4788115" />
      <trkpt lat="46.0503445" lon="11.4787919" />
      <trkpt lat="46.0503430" lon="11.4787710" />
      <trkpt lat="46.0503454" lon="11.4787502" />
      <trkpt lat="46.0503515" lon="11.4787311" />
      <trkpt lat="46.0503697" lon="11.4787032" />
      <trkpt lat="46.0503924" lon="11.4786833" />
      <trkpt lat="46.0504180" lon="11.4786729" />
      <trkpt lat="46.0504446" lon="11.4786729" />
      <trkpt lat="46.0505481" lon="11.4786750" />
      <trkpt lat="46.0507297" lon="11.4786600" />
      <trkpt lat="46.0507924" lon="11.4786468" />
      <trkpt lat="46.0508505" lon="11.4786105" />
      <trkpt lat="46.0509001" lon="11.4785536" />
      <trkpt lat="46.0509685" lon="11.4784366" />
      <trkpt lat="46.0510292" lon="11.4783882" />
      <trkpt lat="46.0510964" lon="11.4783630" />
      <trkpt lat="46.0511659" lon="11.4783626" />
      <trkpt lat="46.0512989" lon="11.4783491" />
      <trkpt lat="46.0515834" lon="11.4783576" />
      <trkpt lat="46.0517260" lon="11.4783824" />
      <trkpt lat="46.0518561" lon="11.4783922" />
      <trkpt lat="46.0522449" lon="11.4783923" />
      <trkpt lat="46.0524442" lon="11.4784121" />
      <trkpt lat="46.0526737" lon="11.4784081" />
      <trkpt lat="46.0530011" lon="11.4783934" />
      <trkpt lat="46.0531968" lon="11.4783997" />
      <trkpt lat="46.0533102" lon="11.4783948" />
      <trkpt lat="46.0534006" lon="11.4783958" />
      <trkpt lat="46.0535525" lon="11.4783923" />
      <trkpt lat="46.0536836" lon="11.4784057" />
      <trkpt lat="46.0537107" lon="11.4784204" />
      <trkpt lat="46.0537333" lon="11.4784466" />
      <trkpt lat="46.0537492" lon="11.4784817" />
      <trkpt lat="46.0537566" lon="11.4785221" />
      <trkpt lat="46.0537653" lon="11.4785960" />
      <trkpt lat="46.0537925" lon="11.4789287" />
      <trkpt lat="46.0538020" lon="11.4791282" />
      <trkpt lat="46.0538033" lon="11.4793727" />
      <trkpt lat="46.0538009" lon="11.4796295" />
      <trkpt lat="46.0537832" lon="11.4797538" />
      <trkpt lat="46.0537625" lon="11.4798606" />
      <trkpt lat="46.0537478" lon="11.4799053" />
      <trkpt lat="46.0537335" lon="11.4799270" />
      <trkpt lat="46.0537150" lon="11.4799406" />
      <trkpt lat="46.0536945" lon="11.4799447" />
      <trkpt lat="46.0536706" lon="11.4799427" />
      <trkpt lat="46.0536441" lon="11.4799319" />
      <trkpt lat="46.0536143" lon="11.4799081" />
      <trkpt lat="46.0535938" lon="11.4798849" />
      <trkpt lat="46.0535640" lon="11.4798664" />
      <trkpt lat="46.0535244" lon="11.4798536" />
      <trkpt lat="46.0534698" lon="11.4798571" />
      <trkpt lat="46.0533434" lon="11.4798536" />
      <trkpt lat="46.0530896" lon="11.4798269" />
      <trkpt lat="46.0529983" lon="11.4798189" />
      <trkpt lat="46.0526009" lon="11.4798393" />
      <trkpt lat="46.0522420" lon="11.4798539" />
      <trkpt lat="46.0521449" lon="11.4798783" />
      <trkpt lat="46.0520591" lon="11.4799478" />
      <trkpt lat="46.0517067" lon="11.4804100" />
      <trkpt lat="46.0516314" lon="11.4805361" />
      <trkpt lat="46.0517067" lon="11.4804100" />
      <trkpt lat="46.0520591" lon="11.4799478" />
      <trkpt lat="46.0521449" lon="11.4798783" />
      <trkpt lat="46.0522420" lon="11.4798539" />
      <trkpt lat="46.0526009" lon="11.4798393" />
      <trkpt lat="46.0529983" lon="11.4798189" />
      <trkpt lat="46.0530896" lon="11.4798269" />
      <trkpt lat="46.0533434" lon="11.4798536" />
      <trkpt lat="46.0534698" lon="11.4798571" />
      <trkpt lat="46.0535244" lon="11.4798536" />
      <trkpt lat="46.0535640" lon="11.4798664" />
      <trkpt lat="46.0535938" lon="11.4798849" />
      <trkpt lat="46.0536143" lon="11.4799081" />
      <trkpt lat="46.0536441" lon="11.4799319" />
      <trkpt lat="46.0536706" lon="11.4799427" />
      <trkpt lat="46.0536945" lon="11.4799447" />
      <trkpt lat="46.0537150" lon="11.4799406" />
      <trkpt lat="46.0537335" lon="11.4799270" />
      <trkpt lat="46.0537478" lon="11.4799053" />
      <trkpt lat="46.0537625" lon="11.4798606" />
      <trkpt lat="46.0537832" lon="11.4797538" />
      <trkpt lat="46.0538009" lon="11.4796295" />
      <trkpt lat="46.0538033" lon="11.4793727" />
      <trkpt lat="46.0538020" lon="11.4791282" />
      <trkpt lat="46.0537925" lon="11.4789287" />
      <trkpt lat="46.0537653" lon="11.4785960" />
      <trkpt lat="46.0537566" lon="11.4785221" />
      <trkpt lat="46.0537492" lon="11.4784817" />
      <trkpt lat="46.0537333" lon="11.4784466" />
      <trkpt lat="46.0537107" lon="11.4784204" />
      <trkpt lat="46.0536836" lon="11.4784057" />
      <trkpt lat="46.0535525" lon="11.4783923" />
      <trkpt lat="46.0534006" lon="11.4783958" />
      <trkpt lat="46.0533102" lon="11.4783948" />
      <trkpt lat="46.0531968" lon="11.4783997" />
      <trkpt lat="46.0530011" lon="11.4783934" />
      <trkpt lat="46.0526737" lon="11.4784081" />
      <trkpt lat="46.0524442" lon="11.4784121" />
      <trkpt lat="46.0522449" lon="11.4783923" />
      <trkpt lat="46.0518561" lon="11.4783922" />
      <trkpt lat="46.0517260" lon="11.4783824" />
      <trkpt lat="46.0515834" lon="11.4783576" />
      <trkpt lat="46.0512989" lon="11.4783491" />
      <trkpt lat="46.0511659" lon="11.4783626" />
      <trkpt lat="46.0510964" lon="11.4783630" />
      <trkpt lat="46.0510292" lon="11.4783882" />
      <trkpt lat="46.0509685" lon="11.4784366" />
      <trkpt lat="46.0509001" lon="11.4785536" />
      <trkpt lat="46.0508505" lon="11.4786105" />
      <trkpt lat="46.0507924" lon="11.4786468" />
      <trkpt lat="46.0507297" lon="11.4786600" />
      <trkpt lat="46.0505481" lon="11.4786750" />
      <trkpt lat="46.0504446" lon="11.4786729" />
      <trkpt lat="46.0504180" lon="11.4786729" />
      <trkpt lat="46.0503924" lon="11.4786833" />
      <trkpt lat="46.0503697" lon="11.4787032" />
      <trkpt lat="46.0503515" lon="11.4787311" />
      <trkpt lat="46.0503454" lon="11.4787502" />
      <trkpt lat="46.0503430" lon="11.4787710" />
      <trkpt lat="46.0503445" lon="11.4787919" />
      <trkpt lat="46.0503498" lon="11.4788115" />
      <trkpt lat="46.0504337" lon="11.4790397" />
      <trkpt lat="46.0505213" lon="11.4792687" />
      <trkpt lat="46.0505546" lon="11.4793665" />
      <trkpt lat="46.0504407" lon="11.4794089" />
      <trkpt lat="46.0502666" lon="11.4795110" />
      <trkpt lat="46.0502083" lon="11.4795493" />
      <trkpt lat="46.0501981" lon="11.4795583" />
      <trkpt lat="46.0501904" lon="11.4795714" />
      <trkpt lat="46.0501858" lon="11.4795873" />
      <trkpt lat="46.0501690" lon="11.4795690" />
      <trkpt lat="46.0501483" lon="11.4795558" />
      <trkpt lat="46.0501168" lon="11.4795424" />
      <trkpt lat="46.0500918" lon="11.4795375" />
      <trkpt lat="46.0500615" lon="11.4795392" />
      <trkpt lat="46.0500247" lon="11.4795578" />
      <trkpt lat="46.0499928" lon="11.4795899" />
      <trkpt lat="46.0499681" lon="11.4796332" />
      <trkpt lat="46.0499500" lon="11.4796854" />
      <trkpt lat="46.0497316" lon="11.4803585" />
      <trkpt lat="46.0491183" lon="11.4822227" />
      <trkpt lat="46.0487335" lon="11.4833920" />
      <trkpt lat="46.0486506" lon="11.4836560" />
      <trkpt lat="46.0485986" lon="11.4839403" />
      <trkpt lat="46.0485647" lon="11.4841784" />
      <trkpt lat="46.0485490" lon="11.4843799" />
      <trkpt lat="46.0485477" lon="11.4845245" />
      <trkpt lat="46.0484951" lon="11.4844810" />
      <trkpt lat="46.0482254" lon="11.4842578" />
      <trkpt lat="46.0481830" lon="11.4842228" />
      <trkpt lat="46.0479597" lon="11.4840552" />
      <trkpt lat="46.0476761" lon="11.4838070" />
      <trkpt lat="46.0474703" lon="11.4836335" />
      <trkpt lat="46.0474192" lon="11.4835286" />
      <trkpt lat="46.0473752" lon="11.4834164" />
      <trkpt lat="46.0473451" lon="11.4832539" />
      <trkpt lat="46.0473456" lon="11.4830858" />
      <trkpt lat="46.0473766" lon="11.4829237" />
      <trkpt lat="46.0474607" lon="11.4825475" />
      <trkpt lat="46.0475078" lon="11.4823465" />
      <trkpt lat="46.0475314" lon="11.4821505" />
      <trkpt lat="46.0475322" lon="11.4819387" />
      <trkpt lat="46.0475339" lon="11.4815164" />
      <trkpt lat="46.0475277" lon="11.4811957" />
      <trkpt lat="46.0474927" lon="11.4809224" />
      <trkpt lat="46.0474755" lon="11.4807290" />
      <trkpt lat="46.0474217" lon="11.4804913" />
      <trkpt lat="46.0473749" lon="11.4803813" />
      <trkpt lat="46.0473103" lon="11.4802921" />
      <trkpt lat="46.0472171" lon="11.4802082" />
      <trkpt lat="46.0469477" lon="11.4799910" />
      <trkpt lat="46.0470969" lon="11.4798432" />
      <trkpt lat="46.0473259" lon="11.4794175" />
      <trkpt lat="46.0474674" lon="11.4792056" />
      <trkpt lat="46.0475202" lon="11.4791265" />
      <trkpt lat="46.0476051" lon="11.4787600" />
      <trkpt lat="46.0476398" lon="11.4783630" />
      <trkpt lat="46.0476387" lon="11.4783178" />
      <trkpt lat="46.0476352" lon="11.4781751" />
      <trkpt lat="46.0476036" lon="11.4779987" />
      <trkpt lat="46.0475400" lon="11.4776838" />
      <trkpt lat="46.0475024" lon="11.4773950" />
      <trkpt lat="46.0474429" lon="11.4773742" />
      <trkpt lat="46.0472420" lon="11.4773040" />
      <trkpt lat="46.0471338" lon="11.4772584" />
      <trkpt lat="46.0470627" lon="11.4771301" />
      <trkpt lat="46.0471338" lon="11.4772584" />
      <trkpt lat="46.0472420" lon="11.4773040" />
      <trkpt lat="46.0474429" lon="11.4773742" />
      <trkpt lat="46.0475024" lon="11.4773950" />
      <trkpt lat="46.0475400" lon="11.4776838" />
      <trkpt lat="46.0476036" lon="11.4779987" />
      <trkpt lat="46.0476352" lon="11.4781751" />
      <trkpt lat="46.0476387" lon="11.4783178" />
      <trkpt lat="46.0476398" lon="11.4783630" />
      <trkpt lat="46.0476051" lon="11.4787600" />
      <trkpt lat="46.0475202" lon="11.4791265" />
      <trkpt lat="46.0474674" lon="11.4792056" />
      <trkpt lat="46.0473259" lon="11.4794175" />
      <trkpt lat="46.0470969" lon="11.4798432" />
      <trkpt lat="46.0469477" lon="11.4799910" />
      <trkpt lat="46.0469184" lon="11.4799483" />
      <trkpt lat="46.0468465" lon="11.4798437" />
      <trkpt lat="46.0467835" lon="11.4794803" />
      <trkpt lat="46.0467795" lon="11.4794574" />
      <trkpt lat="46.0466822" lon="11.4792889" />
      <trkpt lat="46.0466493" lon="11.4792320" />
      <trkpt lat="46.0465064" lon="11.4789823" />
      <trkpt lat="46.0464221" lon="11.4788352" />
      <trkpt lat="46.0462776" lon="11.4786201" />
      <trkpt lat="46.0461987" lon="11.4785026" />
      <trkpt lat="46.0459381" lon="11.4781700" />
      <trkpt lat="46.0454950" lon="11.4777783" />
      <trkpt lat="46.0451611" lon="11.4773838" />
      <trkpt lat="46.0449906" lon="11.4771991" />
      <trkpt lat="46.0449823" lon="11.4771472" />
      <trkpt lat="46.0449493" lon="11.4769408" />
      <trkpt lat="46.0449142" lon="11.4767214" />
      <trkpt lat="46.0448117" lon="11.4764211" />
      <trkpt lat="46.0447707" lon="11.4762992" />
      <trkpt lat="46.0446520" lon="11.4759191" />
      <trkpt lat="46.0445425" lon="11.4756352" />
      <trkpt lat="46.0444248" lon="11.4754214" />
      <trkpt lat="46.0443989" lon="11.4753758" />
      <trkpt lat="46.0441529" lon="11.4749420" />
      <trkpt lat="46.0438529" lon="11.4745176" />
      <trkpt lat="46.0436536" lon="11.4743859" />
      <trkpt lat="46.0435328" lon="11.4743292" />
      <trkpt lat="46.0433943" lon="11.4742448" />
      <trkpt lat="46.0432849" lon="11.4740984" />
      <trkpt lat="46.0431678" lon="11.4738999" />
      <trkpt lat="46.0429519" lon="11.4734922" />
      <trkpt lat="46.0427717" lon="11.4730136" />
      <trkpt lat="46.0426527" lon="11.4726880" />
      <trkpt lat="46.0424138" lon="11.4721446" />
      <trkpt lat="46.0421261" lon="11.4715783" />
      <trkpt lat="46.0419685" lon="11.4712593" />
      <trkpt lat="46.0418369" lon="11.4710567" />
      <trkpt lat="46.0417360" lon="11.4709369" />
      <trkpt lat="46.0416077" lon="11.4708285" />
      <trkpt lat="46.0415282" lon="11.4707445" />
      <trkpt lat="46.0414836" lon="11.4706655" />
      <trkpt lat="46.0414601" lon="11.4706274" />
      <trkpt lat="46.0413597" lon="11.4704386" />
      <trkpt lat="46.0413168" lon="11.4703583" />
      <trkpt lat="46.0412239" lon="11.4702317" />
      <trkpt lat="46.0410610" lon="11.4700003" />
      <trkpt lat="46.0408892" lon="11.4697563" />
      <trkpt lat="46.0407371" lon="11.4695704" />
      <trkpt lat="46.0406325" lon="11.4693954" />
      <trkpt lat="46.0405807" lon="11.4693011" />
      <trkpt lat="46.0405774" lon="11.4692282" />
      <trkpt lat="46.0405985" lon="11.4689051" />
      <trkpt lat="46.0405932" lon="11.4687892" />
      <trkpt lat="46.0405746" lon="11.4687031" />
      <trkpt lat="46.0405051" lon="11.4685270" />
      <trkpt lat="46.0404330" lon="11.4682787" />
      <trkpt lat="46.0404151" lon="11.4681802" />
      <trkpt lat="46.0404080" lon="11.4681409" />
      <trkpt lat="46.0404032" lon="11.4680866" />
      <trkpt lat="46.0404034" lon="11.4680312" />
      <trkpt lat="46.0404233" lon="11.4675935" />
      <trkpt lat="46.0404210" lon="11.4675679" />
      <trkpt lat="46.0404104" lon="11.4674474" />
      <trkpt lat="46.0402991" lon="11.4676148" />
      <trkpt lat="46.0402748" lon="11.4676514" />
      <trkpt lat="46.0400899" lon="11.4678995" />
      <trkpt lat="46.0399601" lon="11.4679886" />
      <trkpt lat="46.0398752" lon="11.4680177" />
      <trkpt lat="46.0398442" lon="11.4680115" />
      <trkpt lat="46.0397871" lon="11.4683710" />
      <trkpt lat="46.0396713" lon="11.4686841" />
      <trkpt lat="46.0397871" lon="11.4683710" />
      <trkpt lat="46.0398442" lon="11.4680115" />
      <trkpt lat="46.0398752" lon="11.4680177" />
      <trkpt lat="46.0399601" lon="11.4679886" />
      <trkpt lat="46.0400899" lon="11.4678995" />
      <trkpt lat="46.0402748" lon="11.4676514" />
      <trkpt lat="46.0402991" lon="11.4676148" />
      <trkpt lat="46.0404104" lon="11.4674474" />
      <trkpt lat="46.0404132" lon="11.4672454" />
      <trkpt lat="46.0404145" lon="11.4671561" />
      <trkpt lat="46.0404169" lon="11.4669799" />
      <trkpt lat="46.0404218" lon="11.4668336" />
      <trkpt lat="46.0404345" lon="11.4667270" />
      <trkpt lat="46.0404573" lon="11.4666153" />
      <trkpt lat="46.0404883" lon="11.4665067" />
      <trkpt lat="46.0405411" lon="11.4663064" />
      <trkpt lat="46.0405973" lon="11.4660933" />
      <trkpt lat="46.0406251" lon="11.4659880" />
      <trkpt lat="46.0406767" lon="11.4658164" />
      <trkpt lat="46.0407016" lon="11.4657305" />
      <trkpt lat="46.0407047" lon="11.4657117" />
      <trkpt lat="46.0407044" lon="11.4656923" />
      <trkpt lat="46.0406930" lon="11.4654223" />
      <trkpt lat="46.0406907" lon="11.4653672" />
      <trkpt lat="46.0406835" lon="11.4652791" />
      <trkpt lat="46.0406629" lon="11.4651464" />
      <trkpt lat="46.0406507" lon="11.4650883" />
      <trkpt lat="46.0406363" lon="11.4650228" />
      <trkpt lat="46.0405831" lon="11.4647811" />
      <trkpt lat="46.0405643" lon="11.4647099" />
      <trkpt lat="46.0405578" lon="11.4646708" />
      <trkpt lat="46.0405387" lon="11.4645633" />
      <trkpt lat="46.0404713" lon="11.4645830" />
      <trkpt lat="46.0404040" lon="11.4645934" />
      <trkpt lat="46.0403662" lon="11.4646098" />
      <trkpt lat="46.0400636" lon="11.4646837" />
      <trkpt lat="46.0399519" lon="11.4647191" />
      <trkpt lat="46.0398416" lon="11.4647690" />
      <trkpt lat="46.0398117" lon="11.4647825" />
      <trkpt lat="46.0397252" lon="11.4648288" />
      <trkpt lat="46.0396584" lon="11.4648662" />
      <trkpt lat="46.0395328" lon="11.4649427" />
      <trkpt lat="46.0394565" lon="11.4649615" />
      <trkpt lat="46.0393741" lon="11.4649628" />
      <trkpt lat="46.0393428" lon="11.4649633" />
      <trkpt lat="46.0391913" lon="11.4649510" />
      <trkpt lat="46.0389979" lon="11.4649457" />
      <trkpt lat="46.0389233" lon="11.4649429" />
      <trkpt lat="46.0387093" lon="11.4649347" />
      <trkpt lat="46.0387530" lon="11.4646406" />
      <trkpt lat="46.0388213" lon="11.4642962" />
      <trkpt lat="46.0388128" lon="11.4641485" />
      <trkpt lat="46.0387718" lon="11.4640674" />
      <trkpt lat="46.0387086" lon="11.4640085" />
      <trkpt lat="46.0385045" lon="11.4638889" />
      <trkpt lat="46.0383657" lon="11.4637229" />
      <trkpt lat="46.0382248" lon="11.4635937" />
      <trkpt lat="46.0380604" lon="11.4635691" />
      <trkpt lat="46.0379451" lon="11.4635844" />
      <trkpt lat="46.0380604" lon="11.4635691" />
      <trkpt lat="46.0382248" lon="11.4635937" />
      <trkpt lat="46.0383657" lon="11.4637229" />
      <trkpt lat="46.0385045" lon="11.4638889" />
      <trkpt lat="46.0387086" lon="11.4640085" />
      <trkpt lat="46.0387718" lon="11.4640674" />
      <trkpt lat="46.0388128" lon="11.4641485" />
      <trkpt lat="46.0388213" lon="11.4642962" />
      <trkpt lat="46.0387530" lon="11.4646406" />
      <trkpt lat="46.0387093" lon="11.4649347" />
      <trkpt lat="46.0383461" lon="11.4649471" />
      <trkpt lat="46.0381522" lon="11.4649737" />
      <trkpt lat="46.0380070" lon="11.4649470" />
      <trkpt lat="46.0378913" lon="11.4648978" />
      <trkpt lat="46.0375254" lon="11.4648442" />
      <trkpt lat="46.0372165" lon="11.4648149" />
      <trkpt lat="46.0370703" lon="11.4647796" />
      <trkpt lat="46.0369027" lon="11.4646367" />
      <trkpt lat="46.0367624" lon="11.4645677" />
      <trkpt lat="46.0365418" lon="11.4644702" />
      <trkpt lat="46.0361843" lon="11.4644380" />
      <trkpt lat="46.0358152" lon="11.4644065" />
      <trkpt lat="46.0356349" lon="11.4643676" />
      <trkpt lat="46.0355341" lon="11.4643275" />
      <trkpt lat="46.0354380" lon="11.4642300" />
      <trkpt lat="46.0353467" lon="11.4640552" />
      <trkpt lat="46.0352832" lon="11.4639809" />
      <trkpt lat="46.0352493" lon="11.4638170" />
      <trkpt lat="46.0352285" lon="11.4636862" />
      <trkpt lat="46.0352077" lon="11.4633982" />
      <trkpt lat="46.0351953" lon="11.4632587" />
      <trkpt lat="46.0351371" lon="11.4630862" />
      <trkpt lat="46.0350696" lon="11.4629560" />
      <trkpt lat="46.0350601" lon="11.4628354" />
      <trkpt lat="46.0350620" lon="11.4628220" />
      <trkpt lat="46.0352446" lon="11.4627079" />
      <trkpt lat="46.0356757" lon="11.4624040" />
      <trkpt lat="46.0361269" lon="11.4620846" />
      <trkpt lat="46.0362110" lon="11.4620398" />
      <trkpt lat="46.0362854" lon="11.4620221" />
      <trkpt lat="46.0364238" lon="11.4620155" />
      <trkpt lat="46.0367086" lon="11.4620405" />
      <trkpt lat="46.0369437" lon="11.4619958" />
      <trkpt lat="46.0372002" lon="11.4618903" />
      <trkpt lat="46.0375888" lon="11.4616954" />
      <trkpt lat="46.0376888" lon="11.4616608" />
      <trkpt lat="46.0375066" lon="11.4616073" />
      <trkpt lat="46.0373896" lon="11.4615490" />
      <trkpt lat="46.0372621" lon="11.4614906" />
      <trkpt lat="46.0371781" lon="11.4614669" />
      <trkpt lat="46.0370566" lon="11.4614582" />
      <trkpt lat="46.0369576" lon="11.4614474" />
      <trkpt lat="46.0368976" lon="11.4614128" />
      <trkpt lat="46.0368557" lon="11.4613480" />
      <trkpt lat="46.0368362" lon="11.4612530" />
      <trkpt lat="46.0368047" lon="11.4611341" />
      <trkpt lat="46.0367612" lon="11.4610628" />
      <trkpt lat="46.0367222" lon="11.4609850" />
      <trkpt lat="46.0366727" lon="11.4608640" />
      <trkpt lat="46.0366322" lon="11.4608208" />
      <trkpt lat="46.0365437" lon="11.4608467" />
      <trkpt lat="46.0363637" lon="11.4609505" />
      <trkpt lat="46.0362317" lon="11.4610477" />
      <trkpt lat="46.0363637" lon="11.4609505" />
      <trkpt lat="46.0365437" lon="11.4608467" />
      <trkpt lat="46.0366322" lon="11.4608208" />
      <trkpt lat="46.0366727" lon="11.4608640" />
      <trkpt lat="46.0367222" lon="11.4609850" />
      <trkpt lat="46.0367612" lon="11.4610628" />
      <trkpt lat="46.0368047" lon="11.4611341" />
      <trkpt lat="46.0368362" lon="11.4612530" />
      <trkpt lat="46.0368557" lon="11.4613480" />
      <trkpt lat="46.0368976" lon="11.4614128" />
      <trkpt lat="46.0369576" lon="11.4614474" />
      <trkpt lat="46.0370566" lon="11.4614582" />
      <trkpt lat="46.0371781" lon="11.4614669" />
      <trkpt lat="46.0372621" lon="11.4614906" />
      <trkpt lat="46.0373896" lon="11.4615490" />
      <trkpt lat="46.0375066" lon="11.4616073" />
      <trkpt lat="46.0376888" lon="11.4616608" />
      <trkpt lat="46.0379019" lon="11.4616444" />
      <trkpt lat="46.0386418" lon="11.4615535" />
      <trkpt lat="46.0388412" lon="11.4615290" />
      <trkpt lat="46.0393201" lon="11.4615389" />
      <trkpt lat="46.0397136" lon="11.4615470" />
      <trkpt lat="46.0398511" lon="11.4615302" />
      <trkpt lat="46.0399458" lon="11.4615187" />
      <trkpt lat="46.0400767" lon="11.4614806" />
      <trkpt lat="46.0401856" lon="11.4614489" />
      <trkpt lat="46.0404903" lon="11.4613274" />
      <trkpt lat="46.0405912" lon="11.4613045" />
      <trkpt lat="46.0406719" lon="11.4613095" />
      <trkpt lat="46.0407727" lon="11.4613322" />
      <trkpt lat="46.0408696" lon="11.4613799" />
      <trkpt lat="46.0408955" lon="11.4613961" />
      <trkpt lat="46.0409757" lon="11.4614464" />
      <trkpt lat="46.0411479" lon="11.4615714" />
      <trkpt lat="46.0411466" lon="11.4615089" />
      <trkpt lat="46.0411605" lon="11.4612645" />
      <trkpt lat="46.0411730" lon="11.4611428" />
      <trkpt lat="46.0411881" lon="11.4610391" />
      <trkpt lat="46.0411995" lon="11.4609825" />
      <trkpt lat="46.0412058" lon="11.4609518" />
      <trkpt lat="46.0412103" lon="11.4609302" />
      <trkpt lat="46.0413132" lon="11.4605597" />
      <trkpt lat="46.0413175" lon="11.4605436" />
      <trkpt lat="46.0412870" lon="11.4605259" />
      <trkpt lat="46.0407630" lon="11.4600780" />
      <trkpt lat="46.0406547" lon="11.4599994" />
      <trkpt lat="46.0405025" lon="11.4599205" />
      <trkpt lat="46.0404945" lon="11.4599484" />
      <trkpt lat="46.0395902" lon="11.4593544" />
      <trkpt lat="46.0394345" lon="11.4592394" />
      <trkpt lat="46.0392750" lon="11.4591482" />
      <trkpt lat="46.0391063" lon="11.4590854" />
      <trkpt lat="46.0381963" lon="11.4588351" />
      <trkpt lat="46.0372470" lon="11.4585731" />
      <trkpt lat="46.0365472" lon="11.4583149" />
      <trkpt lat="46.0361911" lon="11.4581032" />
      <trkpt lat="46.0358216" lon="11.4578675" />
      <trkpt lat="46.0354851" lon="11.4576296" />
      <trkpt lat="46.0354237" lon="11.4575802" />
      <trkpt lat="46.0353072" lon="11.4574872" />
      <trkpt lat="46.0352586" lon="11.4574575" />
      <trkpt lat="46.0351501" lon="11.4573921" />
      <trkpt lat="46.0350106" lon="11.4573282" />
      <trkpt lat="46.0348332" lon="11.4572574" />
      <trkpt lat="46.0347672" lon="11.4572300" />
      <trkpt lat="46.0346429" lon="11.4572235" />
      <trkpt lat="46.0345253" lon="11.4572389" />
      <trkpt lat="46.0344635" lon="11.4572981" />
      <trkpt lat="46.0344291" lon="11.4573528" />
      <trkpt lat="46.0344077" lon="11.4574391" />
      <trkpt lat="46.0343495" lon="11.4575838" />
      <trkpt lat="46.0342285" lon="11.4575031" />
      <trkpt lat="46.0340493" lon="11.4572805" />
      <trkpt lat="46.0337737" lon="11.4570772" />
      <trkpt lat="46.0334982" lon="11.4568287" />
      <trkpt lat="46.0333167" lon="11.4566964" />
      <trkpt lat="46.0331554" lon="11.4565996" />
      <trkpt lat="46.0330434" lon="11.4565447" />
      <trkpt lat="46.0328395" lon="11.4564802" />
      <trkpt lat="46.0327835" lon="11.4565415" />
      <trkpt lat="46.0328395" lon="11.4564802" />
      <trkpt lat="46.0330434" lon="11.4565447" />
      <trkpt lat="46.0331554" lon="11.4565996" />
      <trkpt lat="46.0333167" lon="11.4566964" />
      <trkpt lat="46.0334982" lon="11.4568287" />
      <trkpt lat="46.0337737" lon="11.4570772" />
      <trkpt lat="46.0340493" lon="11.4572805" />
      <trkpt lat="46.0342285" lon="11.4575031" />
      <trkpt lat="46.0343495" lon="11.4575838" />
      <trkpt lat="46.0344077" lon="11.4574391" />
      <trkpt lat="46.0344291" lon="11.4573528" />
      <trkpt lat="46.0344635" lon="11.4572981" />
      <trkpt lat="46.0345253" lon="11.4572389" />
      <trkpt lat="46.0346429" lon="11.4572235" />
      <trkpt lat="46.0347672" lon="11.4572300" />
      <trkpt lat="46.0343651" lon="11.4568990" />
      <trkpt lat="46.0339176" lon="11.4565484" />
      <trkpt lat="46.0335790" lon="11.4563002" />
      <trkpt lat="46.0332585" lon="11.4560999" />
      <trkpt lat="46.0330272" lon="11.4559844" />
      <trkpt lat="46.0325949" lon="11.4558059" />
      <trkpt lat="46.0323839" lon="11.4557224" />
      <trkpt lat="46.0322952" lon="11.4556939" />
      <trkpt lat="46.0322068" lon="11.4556772" />
      <trkpt lat="46.0320639" lon="11.4556085" />
      <trkpt lat="46.0323566" lon="11.4554775" />
      <trkpt lat="46.0323513" lon="11.4554407" />
      <trkpt lat="46.0323522" lon="11.4554020" />
      <trkpt lat="46.0323574" lon="11.4553735" />
      <trkpt lat="46.0323681" lon="11.4553420" />
      <trkpt lat="46.0323827" lon="11.4553158" />
      <trkpt lat="46.0323999" lon="11.4552956" />
      <trkpt lat="46.0324182" lon="11.4552816" />
      <trkpt lat="46.0324405" lon="11.4552721" />
      <trkpt lat="46.0324581" lon="11.4552695" />
      <trkpt lat="46.0324769" lon="11.4552714" />
      <trkpt lat="46.0333055" lon="11.4553864" />
      <trkpt lat="46.0338500" lon="11.4554491" />
      <trkpt lat="46.0341930" lon="11.4554843" />
      <trkpt lat="46.0343664" lon="11.4554789" />
      <trkpt lat="46.0345512" lon="11.4554665" />
      <trkpt lat="46.0346801" lon="11.4554623" />
      <trkpt lat="46.0347954" lon="11.4554909" />
      <trkpt lat="46.0349356" lon="11.4555501" />
      <trkpt lat="46.0350662" lon="11.4556093" />
      <trkpt lat="46.0351582" lon="11.4556174" />
      <trkpt lat="46.0353201" lon="11.4556163" />
      <trkpt lat="46.0355255" lon="11.4556157" />
      <trkpt lat="46.0356417" lon="11.4556337" />
      <trkpt lat="46.0357771" lon="11.4556894" />
      <trkpt lat="46.0358907" lon="11.4557277" />
      <trkpt lat="46.0359953" lon="11.4557367" />
      <trkpt lat="46.0361204" lon="11.4557591" />
      <trkpt lat="46.0361949" lon="11.4557973" />
      <trkpt lat="46.0362607" lon="11.4558740" />
      <trkpt lat="46.0363235" lon="11.4559820" />
      <trkpt lat="46.0363855" lon="11.4561186" />
      <trkpt lat="46.0365290" lon="11.4562258" />
      <trkpt lat="46.0367287" lon="11.4563131" />
      <trkpt lat="46.0369473" lon="11.4563791" />
      <trkpt lat="46.0370827" lon="11.4565079" />
      <trkpt lat="46.0372394" lon="11.4565736" />
      <trkpt lat="46.0374599" lon="11.4565950" />
      <trkpt lat="46.0376577" lon="11.4565741" />
      <trkpt lat="46.0380356" lon="11.4565156" />
      <trkpt lat="46.0385659" lon="11.4564216" />
      <trkpt lat="46.0387320" lon="11.4564274" />
      <trkpt lat="46.0388477" lon="11.4564592" />
      <trkpt lat="46.0389130" lon="11.4564940" />
      <trkpt lat="46.0389589" lon="11.4564661" />
      <trkpt lat="46.0389821" lon="11.4563963" />
      <trkpt lat="46.0389555" lon="11.4563247" />
      <trkpt lat="46.0388939" lon="11.4562926" />
      <trkpt lat="46.0386674" lon="11.4562673" />
      <trkpt lat="46.0385963" lon="11.4562363" />
      <trkpt lat="46.0385009" lon="11.4561534" />
      <trkpt lat="46.0383756" lon="11.4560302" />
      <trkpt lat="46.0383086" lon="11.4559611" />
      <trkpt lat="46.0382240" lon="11.4558914" />
      <trkpt lat="46.0381269" lon="11.4558669" />
      <trkpt lat="46.0379217" lon="11.4558357" />
      <trkpt lat="46.0378562" lon="11.4558034" />
      <trkpt lat="46.0369132" lon="11.4553311" />
      <trkpt lat="46.0368107" lon="11.4552456" />
      <trkpt lat="46.0367128" lon="11.4551252" />
      <trkpt lat="46.0364883" lon="11.4547391" />
      <trkpt lat="46.0363211" lon="11.4545226" />
      <trkpt lat="46.0361172" lon="11.4543635" />
      <trkpt lat="46.0360382" lon="11.4543380" />
      <trkpt lat="46.0356470" lon="11.4542670" />
      <trkpt lat="46.0353346" lon="11.4542370" />
      <trkpt lat="46.0351709" lon="11.4541872" />
      <trkpt lat="46.0350517" lon="11.4540942" />
      <trkpt lat="46.0348766" lon="11.4539215" />
      <trkpt lat="46.0344473" lon="11.4536062" />
      <trkpt lat="46.0343481" lon="11.4535509" />
      <trkpt lat="46.0342489" lon="11.4535126" />
      <trkpt lat="46.0340632" lon="11.4534751" />
      <trkpt lat="46.0338755" lon="11.4534070" />
      <trkpt lat="46.0337337" lon="11.4533535" />
      <trkpt lat="46.0335592" lon="11.4533395" />
      <trkpt lat="46.0334522" lon="11.4533045" />
      <trkpt lat="46.0332907" lon="11.4531926" />
      <trkpt lat="46.0332325" lon="11.4530981" />
      <trkpt lat="46.0331574" lon="11.4529381" />
      <trkpt lat="46.0331343" lon="11.4528649" />
      <trkpt lat="46.0331221" lon="11.4528318" />
      <trkpt lat="46.0331172" lon="11.4527949" />
      <trkpt lat="46.0331202" lon="11.4527577" />
      <trkpt lat="46.0331307" lon="11.4527234" />
      <trkpt lat="46.0331472" lon="11.4527020" />
      <trkpt lat="46.0331676" lon="11.4526895" />
      <trkpt lat="46.0331898" lon="11.4526874" />
      <trkpt lat="46.0332112" lon="11.4526958" />
      <trkpt lat="46.0332296" lon="11.4527138" />
      <trkpt lat="46.0332598" lon="11.4527576" />
      <trkpt lat="46.0332936" lon="11.4528715" />
      <trkpt lat="46.0333252" lon="11.4529815" />
      <trkpt lat="46.0333838" lon="11.4530583" />
      <trkpt lat="46.0334941" lon="11.4530981" />
      <trkpt lat="46.0337358" lon="11.4530636" />
      <trkpt lat="46.0338386" lon="11.4530583" />
      <trkpt lat="46.0339369" lon="11.4530700" />
      <trkpt lat="46.0340202" lon="11.4530533" />
      <trkpt lat="46.0341498" lon="11.4529844" />
      <trkpt lat="46.0342421" lon="11.4529203" />
      <trkpt lat="46.0343994" lon="11.4526650" />
      <trkpt lat="46.0344220" lon="11.4526196" />
      <trkpt lat="46.0345688" lon="11.4523137" />
      <trkpt lat="46.0348486" lon="11.4518233" />
      <trkpt lat="46.0349402" lon="11.4516996" />
      <trkpt lat="46.0350895" lon="11.4515367" />
      <trkpt lat="46.0351975" lon="11.4514248" />
      <trkpt lat="46.0352312" lon="11.4513486" />
      <trkpt lat="46.0352393" lon="11.4512717" />
      <trkpt lat="46.0351929" lon="11.4511683" />
      <trkpt lat="46.0351375" lon="11.4511333" />
      <trkpt lat="46.0350807" lon="11.4511441" />
      <trkpt lat="46.0350247" lon="11.4512137" />
      <trkpt lat="46.0347441" lon="11.4514245" />
      <trkpt lat="46.0344281" lon="11.4516070" />
      <trkpt lat="46.0340324" lon="11.4518122" />
      <trkpt lat="46.0339099" lon="11.4518621" />
      <trkpt lat="46.0337881" lon="11.4518843" />
      <trkpt lat="46.0336363" lon="11.4518710" />
      <trkpt lat="46.0334777" lon="11.4518353" />
      <trkpt lat="46.0333385" lon="11.4517702" />
      <trkpt lat="46.0332175" lon="11.4516836" />
      <trkpt lat="46.0331384" lon="11.4516519" />
      <trkpt lat="46.0330537" lon="11.4516522" />
      <trkpt lat="46.0329559" lon="11.4517005" />
      <trkpt lat="46.0327499" lon="11.4518363" />
      <trkpt lat="46.0326580" lon="11.4518889" />
      <trkpt lat="46.0325493" lon="11.4519264" />
      <trkpt lat="46.0324646" lon="11.4519208" />
      <trkpt lat="46.0323643" lon="11.4519208" />
      <trkpt lat="46.0323106" lon="11.4519233" />
      <trkpt lat="46.0322498" lon="11.4519490" />
      <trkpt lat="46.0321911" lon="11.4519852" />
      <trkpt lat="46.0321121" lon="11.4520643" />
      <trkpt lat="46.0320402" lon="11.4521422" />
      <trkpt lat="46.0319392" lon="11.4521996" />
      <trkpt lat="46.0318368" lon="11.4522144" />
      <trkpt lat="46.0315680" lon="11.4522025" />
      <trkpt lat="46.0314399" lon="11.4521784" />
      <trkpt lat="46.0313650" lon="11.4521343" />
      <trkpt lat="46.0312473" lon="11.4520840" />
      <trkpt lat="46.0311814" lon="11.4520615" />
      <trkpt lat="46.0311083" lon="11.4520789" />
      <trkpt lat="46.0310539" lon="11.4521220" />
      <trkpt lat="46.0309924" lon="11.4521703" />
      <trkpt lat="46.0309254" lon="11.4522366" />
      <trkpt lat="46.0308428" lon="11.4522923" />
      <trkpt lat="46.0306826" lon="11.4523255" />
      <trkpt lat="46.0305172" lon="11.4523045" />
      <trkpt lat="46.0302911" lon="11.4522267" />
      <trkpt lat="46.0300620" lon="11.4521100" />
      <trkpt lat="46.0297812" lon="11.4520053" />
      <trkpt lat="46.0295398" lon="11.4519304" />
      <trkpt lat="46.0290155" lon="11.4516928" />
      <trkpt lat="46.0283603" lon="11.4513855" />
      <trkpt lat="46.0281870" lon="11.4513131" />
      <trkpt lat="46.0279551" lon="11.4512688" />
      <trkpt lat="46.0276271" lon="11.4512378" />
      <trkpt lat="46.0274800" lon="11.4512085" />
      <trkpt lat="46.0273264" lon="11.4511602" />
      <trkpt lat="46.0270497" lon="11.4510636" />
      <trkpt lat="46.0258291" lon="11.4504952" />
      <trkpt lat="46.0248486" lon="11.4500272" />
      <trkpt lat="46.0241266" lon="11.4492990" />
      <trkpt lat="46.0236661" lon="11.4488181" />
      <trkpt lat="46.0241266" lon="11.4492990" />
      <trkpt lat="46.0248486" lon="11.4500272" />
      <trkpt lat="46.0258291" lon="11.4504952" />
      <trkpt lat="46.0270497" lon="11.4510636" />
      <trkpt lat="46.0273264" lon="11.4511602" />
      <trkpt lat="46.0274800" lon="11.4512085" />
      <trkpt lat="46.0276271" lon="11.4512378" />
      <trkpt lat="46.0279551" lon="11.4512688" />
      <trkpt lat="46.0281870" lon="11.4513131" />
      <trkpt lat="46.0283603" lon="11.4513855" />
      <trkpt lat="46.0290155" lon="11.4516928" />
      <trkpt lat="46.0295398" lon="11.4519304" />
      <trkpt lat="46.0297812" lon="11.4520053" />
      <trkpt lat="46.0299746" lon="11.4519830" />
      <trkpt lat="46.0300994" lon="11.4519681" />
      <trkpt lat="46.0302230" lon="11.4519100" />
      <trkpt lat="46.0303953" lon="11.4518321" />
      <trkpt lat="46.0304872" lon="11.4517354" />
      <trkpt lat="46.0305187" lon="11.4516481" />
      <trkpt lat="46.0305220" lon="11.4515848" />
      <trkpt lat="46.0304646" lon="11.4515021" />
      <trkpt lat="46.0302486" lon="11.4514059" />
      <trkpt lat="46.0298876" lon="11.4512155" />
      <trkpt lat="46.0298094" lon="11.4511517" />
      <trkpt lat="46.0296986" lon="11.4511283" />
      <trkpt lat="46.0296306" lon="11.4511390" />
      <trkpt lat="46.0295612" lon="11.4511411" />
      <trkpt lat="46.0294637" lon="11.4510623" />
      <trkpt lat="46.0294149" lon="11.4509985" />
      <trkpt lat="46.0293617" lon="11.4509793" />
      <trkpt lat="46.0293322" lon="11.4509623" />
      <trkpt lat="46.0293195" lon="11.4509055" />
      <trkpt lat="46.0292657" lon="11.4507410" />
      <trkpt lat="46.0291995" lon="11.4506979" />
      <trkpt lat="46.0291460" lon="11.4506686" />
      <trkpt lat="46.0291377" lon="11.4505796" />
      <trkpt lat="46.0291724" lon="11.4505185" />
      <trkpt lat="46.0292759" lon="11.4505072" />
      <trkpt lat="46.0293978" lon="11.4505593" />
      <trkpt lat="46.0295569" lon="11.4505573" />
      <trkpt lat="46.0296870" lon="11.4504891" />
      <trkpt lat="46.0297595" lon="11.4504635" />
      <trkpt lat="46.0298446" lon="11.4503899" />
      <trkpt lat="46.0298692" lon="11.4503488" />
      <trkpt lat="46.0298632" lon="11.4502926" />
      <trkpt lat="46.0297751" lon="11.4502511" />
      <trkpt lat="46.0295917" lon="11.4500931" />
      <trkpt lat="46.0293506" lon="11.4497672" />
      <trkpt lat="46.0292982" lon="11.4496152" />
      <trkpt lat="46.0291569" lon="11.4494788" />
      <trkpt lat="46.0290200" lon="11.4494052" />
      <trkpt lat="46.0289249" lon="11.4492735" />
      <trkpt lat="46.0287796" lon="11.4490662" />
      <trkpt lat="46.0286732" lon="11.4489385" />
      <trkpt lat="46.0284557" lon="11.4487987" />
      <trkpt lat="46.0282654" lon="11.4486704" />
      <trkpt lat="46.0281428" lon="11.4486214" />
      <trkpt lat="46.0280438" lon="11.4485528" />
      <trkpt lat="46.0279699" lon="11.4484916" />
      <trkpt lat="46.0279123" lon="11.4483895" />
      <trkpt lat="46.0278078" lon="11.4482119" />
      <trkpt lat="46.0277017" lon="11.4480283" />
      <trkpt lat="46.0275916" lon="11.4479107" />
      <trkpt lat="46.0274616" lon="11.4478255" />
      <trkpt lat="46.0273597" lon="11.4478042" />
      <trkpt lat="46.0272119" lon="11.4478064" />
      <trkpt lat="46.0271085" lon="11.4477319" />
      <trkpt lat="46.0269909" lon="11.4475099" />
      <trkpt lat="46.0269814" lon="11.4473680" />
      <trkpt lat="46.0269400" lon="11.4472339" />
      <trkpt lat="46.0268248" lon="11.4470807" />
      <trkpt lat="46.0267273" lon="11.4469700" />
      <trkpt lat="46.0266725" lon="11.4468294" />
      <trkpt lat="46.0266185" lon="11.4466347" />
      <trkpt lat="46.0266110" lon="11.4466170" />
      <trkpt lat="46.0265544" lon="11.4464827" />
      <trkpt lat="46.0264729" lon="11.4463265" />
      <trkpt lat="46.0263460" lon="11.4462380" />
      <trkpt lat="46.0262382" lon="11.4461103" />
      <trkpt lat="46.0261297" lon="11.4459593" />
      <trkpt lat="46.0260330" lon="11.4457531" />
      <trkpt lat="46.0259496" lon="11.4453828" />
      <trkpt lat="46.0258444" lon="11.4451988" />
      <trkpt lat="46.0257852" lon="11.4450033" />
      <trkpt lat="46.0257075" lon="11.4448228" />
      <trkpt lat="46.0255872" lon="11.4445783" />
      <trkpt lat="46.0254432" lon="11.4444206" />
      <trkpt lat="46.0253236" lon="11.4440861" />
      <trkpt lat="46.0252378" lon="11.4438120" />
      <trkpt lat="46.0251422" lon="11.4435390" />
      <trkpt lat="46.0249993" lon="11.4431330" />
      <trkpt lat="46.0249290" lon="11.4428671" />
      <trkpt lat="46.0248478" lon="11.4426628" />
      <trkpt lat="46.0247848" lon="11.4424872" />
      <trkpt lat="46.0246571" lon="11.4422797" />
      <trkpt lat="46.0245780" lon="11.4421598" />
      <trkpt lat="46.0245250" lon="11.4421040" />
      <trkpt lat="46.0244626" lon="11.4420745" />
      <trkpt lat="46.0243969" lon="11.4420741" />
      <trkpt lat="46.0243159" lon="11.4420955" />
      <trkpt lat="46.0242701" lon="11.4420995" />
      <trkpt lat="46.0242257" lon="11.4420830" />
      <trkpt lat="46.0241869" lon="11.4420476" />
      <trkpt lat="46.0241503" lon="11.4419752" />
      <trkpt lat="46.0240915" lon="11.4419016" />
      <trkpt lat="46.0240330" lon="11.4418686" />
      <trkpt lat="46.0239657" lon="11.4418568" />
      <trkpt lat="46.0238832" lon="11.4418889" />
      <trkpt lat="46.0237388" lon="11.4419798" />
      <trkpt lat="46.0236473" lon="11.4419909" />
      <trkpt lat="46.0235458" lon="11.4419734" />
      <trkpt lat="46.0234852" lon="11.4419265" />
      <trkpt lat="46.0233971" lon="11.4418072" />
      <trkpt lat="46.0233580" lon="11.4417596" />
      <trkpt lat="46.0233453" lon="11.4416945" />
      <trkpt lat="46.0233465" lon="11.4416745" />
      <trkpt lat="46.0233520" lon="11.4416561" />
      <trkpt lat="46.0233612" lon="11.4416411" />
      <trkpt lat="46.0233732" lon="11.4416310" />
      <trkpt lat="46.0233868" lon="11.4416267" />
      <trkpt lat="46.0234006" lon="11.4416288" />
      <trkpt lat="46.0234543" lon="11.4416370" />
      <trkpt lat="46.0235204" lon="11.4416510" />
      <trkpt lat="46.0235799" lon="11.4416477" />
      <trkpt lat="46.0236257" lon="11.4415881" />
      <trkpt lat="46.0236405" lon="11.4414817" />
      <trkpt lat="46.0236051" lon="11.4414221" />
      <trkpt lat="46.0235641" lon="11.4413931" />
      <trkpt lat="46.0234469" lon="11.4413689" />
      <trkpt lat="46.0233302" lon="11.4413966" />
      <trkpt lat="46.0232282" lon="11.4414169" />
      <trkpt lat="46.0231939" lon="11.4414267" />
      <trkpt lat="46.0231590" lon="11.4414227" />
      <trkpt lat="46.0231262" lon="11.4414052" />
      <trkpt lat="46.0230980" lon="11.4413754" />
      <trkpt lat="46.0230197" lon="11.4412418" />
      <trkpt lat="46.0229799" lon="11.4411895" />
      <trkpt lat="46.0229635" lon="11.4411674" />
      <trkpt lat="46.0229526" lon="11.4411390" />
      <trkpt lat="46.0229485" lon="11.4411071" />
      <trkpt lat="46.0229516" lon="11.4410751" />
      <trkpt lat="46.0229614" lon="11.4410459" />
      <trkpt lat="46.0229771" lon="11.4410228" />
      <trkpt lat="46.0229971" lon="11.4410078" />
      <trkpt lat="46.0230513" lon="11.4409529" />
      <trkpt lat="46.0231255" lon="11.4408690" />
      <trkpt lat="46.0231798" lon="11.4408241" />
      <trkpt lat="46.0232604" lon="11.4407502" />
      <trkpt lat="46.0233350" lon="11.4405839" />
      <trkpt lat="46.0234436" lon="11.4403756" />
      <trkpt lat="46.0234754" lon="11.4402564" />
      <trkpt lat="46.0234942" lon="11.4401878" />
      <trkpt lat="46.0235179" lon="11.4401431" />
      <trkpt lat="46.0235637" lon="11.4400921" />
      <trkpt lat="46.0235873" lon="11.4400431" />
      <trkpt lat="46.0236086" lon="11.4399743" />
      <trkpt lat="46.0236366" lon="11.4398019" />
      <trkpt lat="46.0236733" lon="11.4397137" />
      <trkpt lat="46.0237286" lon="11.4396284" />
      <trkpt lat="46.0237627" lon="11.4395179" />
      <trkpt lat="46.0238145" lon="11.4393556" />
      <trkpt lat="46.0238484" lon="11.4392041" />
      <trkpt lat="46.0239058" lon="11.4390698" />
      <trkpt lat="46.0239450" lon="11.4390181" />
      <trkpt lat="46.0239982" lon="11.4389480" />
      <trkpt lat="46.0240549" lon="11.4388843" />
      <trkpt lat="46.0241116" lon="11.4387815" />
      <trkpt lat="46.0241462" lon="11.4386276" />
      <trkpt lat="46.0241460" lon="11.4385199" />
      <trkpt lat="46.0241376" lon="11.4383777" />
      <trkpt lat="46.0241248" lon="11.4382723" />
      <trkpt lat="46.0241134" lon="11.4382176" />
      <trkpt lat="46.0241151" lon="11.4381605" />
      <trkpt lat="46.0241299" lon="11.4381075" />
      <trkpt lat="46.0241561" lon="11.4380645" />
      <trkpt lat="46.0242213" lon="11.4379287" />
      <trkpt lat="46.0243005" lon="11.4377972" />
      <trkpt lat="46.0243486" lon="11.4377469" />
      <trkpt lat="46.0244242" lon="11.4376895" />
      <trkpt lat="46.0244632" lon="11.4376618" />
      <trkpt lat="46.0245115" lon="11.4376415" />
      <trkpt lat="46.0245044" lon="11.4376682" />
      <trkpt lat="46.0246163" lon="11.4375763" />
      <trkpt lat="46.0247230" lon="11.4374406" />
      <trkpt lat="46.0247302" lon="11.4375105" />
      <trkpt lat="46.0247277" lon="11.4376587" />
      <trkpt lat="46.0247179" lon="11.4378722" />
      <trkpt lat="46.0247086" lon="11.4380552" />
      <trkpt lat="46.0247065" lon="11.4381821" />
      <trkpt lat="46.0247420" lon="11.4382678" />
      <trkpt lat="46.0248074" lon="11.4381942" />
      <trkpt lat="46.0248458" lon="11.4381424" />
      <trkpt lat="46.0249006" lon="11.4380684" />
      <trkpt lat="46.0249193" lon="11.4380581" />
      <trkpt lat="46.0249393" lon="11.4380573" />
      <trkpt lat="46.0249584" lon="11.4380661" />
      <trkpt lat="46.0249745" lon="11.4380834" />
      <trkpt lat="46.0249856" lon="11.4381073" />
      <trkpt lat="46.0249907" lon="11.4381352" />
      <trkpt lat="46.0249891" lon="11.4381640" />
      <trkpt lat="46.0249894" lon="11.4383124" />
      <trkpt lat="46.0249726" lon="11.4386069" />
      <trkpt lat="46.0249687" lon="11.4387081" />
      <trkpt lat="46.0249332" lon="11.4388724" />
      <trkpt lat="46.0249170" lon="11.4389732" />
      <trkpt lat="46.0249696" lon="11.4390609" />
      <trkpt lat="46.0250342" lon="11.4391610" />
      <trkpt lat="46.0250344" lon="11.4392892" />
      <trkpt lat="46.0251553" lon="11.4394618" />
      <trkpt lat="46.0252451" lon="11.4395977" />
      <trkpt lat="46.0253275" lon="11.4397586" />
      <trkpt lat="46.0254136" lon="11.4399405" />
      <trkpt lat="46.0255948" lon="11.4401751" />
      <trkpt lat="46.0256307" lon="11.4402172" />
      <trkpt lat="46.0256738" lon="11.4402413" />
      <trkpt lat="46.0257201" lon="11.4402448" />
      <trkpt lat="46.0257648" lon="11.4402275" />
      <trkpt lat="46.0258035" lon="11.4401910" />
      <trkpt lat="46.0257648" lon="11.4402275" />
      <trkpt lat="46.0257201" lon="11.4402448" />
      <trkpt lat="46.0256738" lon="11.4402413" />
      <trkpt lat="46.0256307" lon="11.4402172" />
      <trkpt lat="46.0255948" lon="11.4401751" />
      <trkpt lat="46.0254136" lon="11.4399405" />
      <trkpt lat="46.0253275" lon="11.4397586" />
      <trkpt lat="46.0252451" lon="11.4395977" />
      <trkpt lat="46.0251553" lon="11.4394618" />
      <trkpt lat="46.0250344" lon="11.4392892" />
      <trkpt lat="46.0250342" lon="11.4391610" />
      <trkpt lat="46.0249696" lon="11.4390609" />
      <trkpt lat="46.0249170" lon="11.4389732" />
      <trkpt lat="46.0249332" lon="11.4388724" />
      <trkpt lat="46.0249687" lon="11.4387081" />
      <trkpt lat="46.0249726" lon="11.4386069" />
      <trkpt lat="46.0249894" lon="11.4383124" />
      <trkpt lat="46.0249891" lon="11.4381640" />
      <trkpt lat="46.0249907" lon="11.4381352" />
      <trkpt lat="46.0249856" lon="11.4381073" />
      <trkpt lat="46.0249745" lon="11.4380834" />
      <trkpt lat="46.0249584" lon="11.4380661" />
      <trkpt lat="46.0249393" lon="11.4380573" />
      <trkpt lat="46.0249193" lon="11.4380581" />
      <trkpt lat="46.0249006" lon="11.4380684" />
      <trkpt lat="46.0248458" lon="11.4381424" />
      <trkpt lat="46.0248074" lon="11.4381942" />
      <trkpt lat="46.0247420" lon="11.4382678" />
      <trkpt lat="46.0247065" lon="11.4381821" />
      <trkpt lat="46.0247086" lon="11.4380552" />
      <trkpt lat="46.0247179" lon="11.4378722" />
      <trkpt lat="46.0247277" lon="11.4376587" />
      <trkpt lat="46.0247302" lon="11.4375105" />
      <trkpt lat="46.0247230" lon="11.4374406" />
      <trkpt lat="46.0246163" lon="11.4375763" />
      <trkpt lat="46.0245044" lon="11.4376682" />
      <trkpt lat="46.0245115" lon="11.4376415" />
      <trkpt lat="46.0244632" lon="11.4376618" />
      <trkpt lat="46.0244242" lon="11.4376895" />
      <trkpt lat="46.0243486" lon="11.4377469" />
      <trkpt lat="46.0243005" lon="11.4377972" />
      <trkpt lat="46.0242213" lon="11.4379287" />
      <trkpt lat="46.0241561" lon="11.4380645" />
      <trkpt lat="46.0241299" lon="11.4381075" />
      <trkpt lat="46.0241151" lon="11.4381605" />
      <trkpt lat="46.0241134" lon="11.4382176" />
      <trkpt lat="46.0241248" lon="11.4382723" />
      <trkpt lat="46.0241376" lon="11.4383777" />
      <trkpt lat="46.0241460" lon="11.4385199" />
      <trkpt lat="46.0241462" lon="11.4386276" />
      <trkpt lat="46.0241116" lon="11.4387815" />
      <trkpt lat="46.0240549" lon="11.4388843" />
      <trkpt lat="46.0239982" lon="11.4389480" />
      <trkpt lat="46.0239450" lon="11.4390181" />
      <trkpt lat="46.0239058" lon="11.4390698" />
      <trkpt lat="46.0238484" lon="11.4392041" />
      <trkpt lat="46.0238145" lon="11.4393556" />
      <trkpt lat="46.0237627" lon="11.4395179" />
      <trkpt lat="46.0237286" lon="11.4396284" />
      <trkpt lat="46.0236733" lon="11.4397137" />
      <trkpt lat="46.0236366" lon="11.4398019" />
      <trkpt lat="46.0236086" lon="11.4399743" />
      <trkpt lat="46.0235873" lon="11.4400431" />
      <trkpt lat="46.0235637" lon="11.4400921" />
      <trkpt lat="46.0235179" lon="11.4401431" />
      <trkpt lat="46.0234942" lon="11.4401878" />
      <trkpt lat="46.0234754" lon="11.4402564" />
      <trkpt lat="46.0234436" lon="11.4403756" />
      <trkpt lat="46.0233350" lon="11.4405839" />
      <trkpt lat="46.0232604" lon="11.4407502" />
      <trkpt lat="46.0231798" lon="11.4408241" />
      <trkpt lat="46.0231255" lon="11.4408690" />
      <trkpt lat="46.0230513" lon="11.4409529" />
      <trkpt lat="46.0229971" lon="11.4410078" />
      <trkpt lat="46.0229771" lon="11.4410228" />
      <trkpt lat="46.0229614" lon="11.4410459" />
      <trkpt lat="46.0229516" lon="11.4410751" />
      <trkpt lat="46.0229485" lon="11.4411071" />
      <trkpt lat="46.0229526" lon="11.4411390" />
      <trkpt lat="46.0229635" lon="11.4411674" />
      <trkpt lat="46.0229799" lon="11.4411895" />
      <trkpt lat="46.0230197" lon="11.4412418" />
      <trkpt lat="46.0230980" lon="11.4413754" />
      <trkpt lat="46.0231262" lon="11.4414052" />
      <trkpt lat="46.0231590" lon="11.4414227" />
      <trkpt lat="46.0231939" lon="11.4414267" />
      <trkpt lat="46.0232282" lon="11.4414169" />
      <trkpt lat="46.0233302" lon="11.4413966" />
      <trkpt lat="46.0234469" lon="11.4413689" />
      <trkpt lat="46.0235641" lon="11.4413931" />
      <trkpt lat="46.0236051" lon="11.4414221" />
      <trkpt lat="46.0236405" lon="11.4414817" />
      <trkpt lat="46.0236257" lon="11.4415881" />
      <trkpt lat="46.0235799" lon="11.4416477" />
      <trkpt lat="46.0235204" lon="11.4416510" />
      <trkpt lat="46.0234543" lon="11.4416370" />
      <trkpt lat="46.0234006" lon="11.4416288" />
      <trkpt lat="46.0233868" lon="11.4416267" />
      <trkpt lat="46.0233732" lon="11.4416310" />
      <trkpt lat="46.0233612" lon="11.4416411" />
      <trkpt lat="46.0233520" lon="11.4416561" />
      <trkpt lat="46.0233465" lon="11.4416745" />
      <trkpt lat="46.0233453" lon="11.4416945" />
      <trkpt lat="46.0233580" lon="11.4417596" />
      <trkpt lat="46.0233971" lon="11.4418072" />
      <trkpt lat="46.0234852" lon="11.4419265" />
      <trkpt lat="46.0235458" lon="11.4419734" />
      <trkpt lat="46.0236473" lon="11.4419909" />
      <trkpt lat="46.0237388" lon="11.4419798" />
      <trkpt lat="46.0238832" lon="11.4418889" />
      <trkpt lat="46.0239657" lon="11.4418568" />
      <trkpt lat="46.0240330" lon="11.4418686" />
      <trkpt lat="46.0240915" lon="11.4419016" />
      <trkpt lat="46.0241503" lon="11.4419752" />
      <trkpt lat="46.0241869" lon="11.4420476" />
      <trkpt lat="46.0242257" lon="11.4420830" />
      <trkpt lat="46.0242701" lon="11.4420995" />
      <trkpt lat="46.0243159" lon="11.4420955" />
      <trkpt lat="46.0243969" lon="11.4420741" />
      <trkpt lat="46.0244626" lon="11.4420745" />
      <trkpt lat="46.0245250" lon="11.4421040" />
      <trkpt lat="46.0245780" lon="11.4421598" />
      <trkpt lat="46.0246571" lon="11.4422797" />
      <trkpt lat="46.0247848" lon="11.4424872" />
      <trkpt lat="46.0248478" lon="11.4426628" />
      <trkpt lat="46.0249290" lon="11.4428671" />
      <trkpt lat="46.0249993" lon="11.4431330" />
      <trkpt lat="46.0251422" lon="11.4435390" />
      <trkpt lat="46.0252378" lon="11.4438120" />
      <trkpt lat="46.0253236" lon="11.4440861" />
      <trkpt lat="46.0254432" lon="11.4444206" />
      <trkpt lat="46.0255872" lon="11.4445783" />
      <trkpt lat="46.0257075" lon="11.4448228" />
      <trkpt lat="46.0257852" lon="11.4450033" />
      <trkpt lat="46.0258444" lon="11.4451988" />
      <trkpt lat="46.0259496" lon="11.4453828" />
      <trkpt lat="46.0260330" lon="11.4457531" />
      <trkpt lat="46.0261297" lon="11.4459593" />
      <trkpt lat="46.0262382" lon="11.4461103" />
      <trkpt lat="46.0263460" lon="11.4462380" />
      <trkpt lat="46.0264729" lon="11.4463265" />
      <trkpt lat="46.0265544" lon="11.4464827" />
      <trkpt lat="46.0266110" lon="11.4466170" />
      <trkpt lat="46.0266185" lon="11.4466347" />
      <trkpt lat="46.0266725" lon="11.4468294" />
      <trkpt lat="46.0267273" lon="11.4469700" />
      <trkpt lat="46.0268248" lon="11.4470807" />
      <trkpt lat="46.0269400" lon="11.4472339" />
      <trkpt lat="46.0269814" lon="11.4473680" />
      <trkpt lat="46.0269909" lon="11.4475099" />
      <trkpt lat="46.0271085" lon="11.4477319" />
      <trkpt lat="46.0272119" lon="11.4478064" />
      <trkpt lat="46.0273597" lon="11.4478042" />
      <trkpt lat="46.0274616" lon="11.4478255" />
      <trkpt lat="46.0275916" lon="11.4479107" />
      <trkpt lat="46.0277017" lon="11.4480283" />
      <trkpt lat="46.0278078" lon="11.4482119" />
      <trkpt lat="46.0279123" lon="11.4483895" />
      <trkpt lat="46.0279699" lon="11.4484916" />
      <trkpt lat="46.0280438" lon="11.4485528" />
      <trkpt lat="46.0281428" lon="11.4486214" />
      <trkpt lat="46.0282654" lon="11.4486704" />
      <trkpt lat="46.0284557" lon="11.4487987" />
      <trkpt lat="46.0286732" lon="11.4489385" />
      <trkpt lat="46.0287796" lon="11.4490662" />
      <trkpt lat="46.0289249" lon="11.4492735" />
      <trkpt lat="46.0290200" lon="11.4494052" />
      <trkpt lat="46.0291569" lon="11.4494788" />
      <trkpt lat="46.0292982" lon="11.4496152" />
      <trkpt lat="46.0293506" lon="11.4497672" />
      <trkpt lat="46.0295917" lon="11.4500931" />
      <trkpt lat="46.0297751" lon="11.4502511" />
      <trkpt lat="46.0298632" lon="11.4502926" />
      <trkpt lat="46.0298692" lon="11.4503488" />
      <trkpt lat="46.0298446" lon="11.4503899" />
      <trkpt lat="46.0297595" lon="11.4504635" />
      <trkpt lat="46.0296870" lon="11.4504891" />
      <trkpt lat="46.0295569" lon="11.4505573" />
      <trkpt lat="46.0293978" lon="11.4505593" />
      <trkpt lat="46.0292759" lon="11.4505072" />
      <trkpt lat="46.0291724" lon="11.4505185" />
      <trkpt lat="46.0291377" lon="11.4505796" />
      <trkpt lat="46.0291460" lon="11.4506686" />
      <trkpt lat="46.0291995" lon="11.4506979" />
      <trkpt lat="46.0292657" lon="11.4507410" />
      <trkpt lat="46.0293195" lon="11.4509055" />
      <trkpt lat="46.0293322" lon="11.4509623" />
      <trkpt lat="46.0293617" lon="11.4509793" />
      <trkpt lat="46.0294149" lon="11.4509985" />
      <trkpt lat="46.0294637" lon="11.4510623" />
      <trkpt lat="46.0295612" lon="11.4511411" />
      <trkpt lat="46.0296306" lon="11.4511390" />
      <trkpt lat="46.0296986" lon="11.4511283" />
      <trkpt lat="46.0298094" lon="11.4511517" />
      <trkpt lat="46.0298876" lon="11.4512155" />
      <trkpt lat="46.0302486" lon="11.4514059" />
      <trkpt lat="46.0304646" lon="11.4515021" />
      <trkpt lat="46.0305220" lon="11.4515848" />
      <trkpt lat="46.0305187" lon="11.4516481" />
      <trkpt lat="46.0304872" lon="11.4517354" />
      <trkpt lat="46.0303953" lon="11.4518321" />
      <trkpt lat="46.0302230" lon="11.4519100" />
      <trkpt lat="46.0300994" lon="11.4519681" />
      <trkpt lat="46.0299746" lon="11.4519830" />
      <trkpt lat="46.0297812" lon="11.4520053" />
      <trkpt lat="46.0300620" lon="11.4521100" />
      <trkpt lat="46.0302911" lon="11.4522267" />
      <trkpt lat="46.0305172" lon="11.4523045" />
      <trkpt lat="46.0306826" lon="11.4523255" />
      <trkpt lat="46.0308428" lon="11.4522923" />
      <trkpt lat="46.0309254" lon="11.4522366" />
      <trkpt lat="46.0309924" lon="11.4521703" />
      <trkpt lat="46.0310539" lon="11.4521220" />
      <trkpt lat="46.0311083" lon="11.4520789" />
      <trkpt lat="46.0311814" lon="11.4520615" />
      <trkpt lat="46.0312473" lon="11.4520840" />
      <trkpt lat="46.0313650" lon="11.4521343" />
      <trkpt lat="46.0314399" lon="11.4521784" />
      <trkpt lat="46.0315680" lon="11.4522025" />
      <trkpt lat="46.0318368" lon="11.4522144" />
      <trkpt lat="46.0319392" lon="11.4521996" />
      <trkpt lat="46.0320402" lon="11.4521422" />
      <trkpt lat="46.0321121" lon="11.4520643" />
      <trkpt lat="46.0321911" lon="11.4519852" />
      <trkpt lat="46.0322498" lon="11.4519490" />
      <trkpt lat="46.0323106" lon="11.4519233" />
      <trkpt lat="46.0323643" lon="11.4519208" />
      <trkpt lat="46.0324646" lon="11.4519208" />
      <trkpt lat="46.0325493" lon="11.4519264" />
      <trkpt lat="46.0326580" lon="11.4518889" />
      <trkpt lat="46.0327499" lon="11.4518363" />
      <trkpt lat="46.0329559" lon="11.4517005" />
      <trkpt lat="46.0330537" lon="11.4516522" />
      <trkpt lat="46.0331384" lon="11.4516519" />
      <trkpt lat="46.0332175" lon="11.4516836" />
      <trkpt lat="46.0333385" lon="11.4517702" />
      <trkpt lat="46.0334777" lon="11.4518353" />
      <trkpt lat="46.0336363" lon="11.4518710" />
      <trkpt lat="46.0337881" lon="11.4518843" />
      <trkpt lat="46.0339099" lon="11.4518621" />
      <trkpt lat="46.0340324" lon="11.4518122" />
      <trkpt lat="46.0344281" lon="11.4516070" />
      <trkpt lat="46.0347441" lon="11.4514245" />
      <trkpt lat="46.0350247" lon="11.4512137" />
      <trkpt lat="46.0350807" lon="11.4511441" />
      <trkpt lat="46.0351375" lon="11.4511333" />
      <trkpt lat="46.0351929" lon="11.4511683" />
      <trkpt lat="46.0352393" lon="11.4512717" />
      <trkpt lat="46.0352312" lon="11.4513486" />
      <trkpt lat="46.0351975" lon="11.4514248" />
      <trkpt lat="46.0350895" lon="11.4515367" />
      <trkpt lat="46.0349402" lon="11.4516996" />
      <trkpt lat="46.0348486" lon="11.4518233" />
      <trkpt lat="46.0345688" lon="11.4523137" />
      <trkpt lat="46.0344220" lon="11.4526196" />
      <trkpt lat="46.0343994" lon="11.4526650" />
      <trkpt lat="46.0344930" lon="11.4525912" />
      <trkpt lat="46.0346141" lon="11.4524294" />
      <trkpt lat="46.0348002" lon="11.4521261" />
      <trkpt lat="46.0348413" lon="11.4520602" />
      <trkpt lat="46.0349155" lon="11.4520027" />
      <trkpt lat="46.0350761" lon="11.4519413" />
      <trkpt lat="46.0354093" lon="11.4518115" />
      <trkpt lat="46.0357135" lon="11.4516750" />
      <trkpt lat="46.0360010" lon="11.4515608" />
      <trkpt lat="46.0360406" lon="11.4515547" />
      <trkpt lat="46.0360635" lon="11.4515511" />
      <trkpt lat="46.0360959" lon="11.4515496" />
      <trkpt lat="46.0362764" lon="11.4515628" />
      <trkpt lat="46.0364900" lon="11.4515687" />
      <trkpt lat="46.0367421" lon="11.4515256" />
      <trkpt lat="46.0369183" lon="11.4515064" />
      <trkpt lat="46.0371264" lon="11.4514822" />
      <trkpt lat="46.0373029" lon="11.4514910" />
      <trkpt lat="46.0375461" lon="11.4515129" />
      <trkpt lat="46.0376991" lon="11.4515414" />
      <trkpt lat="46.0380220" lon="11.4515694" />
      <trkpt lat="46.0381759" lon="11.4515518" />
      <trkpt lat="46.0382398" lon="11.4515424" />
      <trkpt lat="46.0383723" lon="11.4515038" />
      <trkpt lat="46.0384918" lon="11.4513695" />
      <trkpt lat="46.0386613" lon="11.4512616" />
      <trkpt lat="46.0387516" lon="11.4512203" />
      <trkpt lat="46.0387927" lon="11.4512111" />
      <trkpt lat="46.0388336" lon="11.4512222" />
      <trkpt lat="46.0388695" lon="11.4512523" />
      <trkpt lat="46.0388965" lon="11.4512980" />
      <trkpt lat="46.0389303" lon="11.4513585" />
      <trkpt lat="46.0390076" lon="11.4514434" />
      <trkpt lat="46.0391329" lon="11.4515500" />
      <trkpt lat="46.0391872" lon="11.4516591" />
      <trkpt lat="46.0392072" lon="11.4517059" />
      <trkpt lat="46.0392359" lon="11.4517422" />
      <trkpt lat="46.0392708" lon="11.4517647" />
      <trkpt lat="46.0393087" lon="11.4517715" />
      <trkpt lat="46.0393400" lon="11.4517622" />
      <trkpt lat="46.0393718" lon="11.4517660" />
      <trkpt lat="46.0394017" lon="11.4517826" />
      <trkpt lat="46.0394270" lon="11.4518106" />
      <trkpt lat="46.0394459" lon="11.4518478" />
      <trkpt lat="46.0395095" lon="11.4519010" />
      <trkpt lat="46.0395815" lon="11.4519230" />
      <trkpt lat="46.0396546" lon="11.4519118" />
      <trkpt lat="46.0396723" lon="11.4518983" />
      <trkpt lat="46.0396859" lon="11.4518771" />
      <trkpt lat="46.0396939" lon="11.4518505" />
      <trkpt lat="46.0396861" lon="11.4518217" />
      <trkpt lat="46.0396899" lon="11.4517938" />
      <trkpt lat="46.0396784" lon="11.4517701" />
      <trkpt lat="46.0396622" lon="11.4517532" />
      <trkpt lat="46.0396429" lon="11.4517450" />
      <trkpt lat="46.0395177" lon="11.4516833" />
      <trkpt lat="46.0393169" lon="11.4514805" />
      <trkpt lat="46.0391141" lon="11.4511143" />
      <trkpt lat="46.0389936" lon="11.4507794" />
      <trkpt lat="46.0389444" lon="11.4506911" />
      <trkpt lat="46.0389155" lon="11.4505859" />
      <trkpt lat="46.0389093" lon="11.4504730" />
      <trkpt lat="46.0389264" lon="11.4503626" />
      <trkpt lat="46.0389653" lon="11.4502643" />
      <trkpt lat="46.0391112" lon="11.4500468" />
      <trkpt lat="46.0394191" lon="11.4496607" />
      <trkpt lat="46.0395598" lon="11.4495455" />
      <trkpt lat="46.0397134" lon="11.4493858" />
      <trkpt lat="46.0398313" lon="11.4491721" />
      <trkpt lat="46.0399418" lon="11.4489419" />
      <trkpt lat="46.0399936" lon="11.4488377" />
      <trkpt lat="46.0400594" lon="11.4487590" />
      <trkpt lat="46.0401263" lon="11.4486933" />
      <trkpt lat="46.0402276" lon="11.4486280" />
      <trkpt lat="46.0402999" lon="11.4485916" />
      <trkpt lat="46.0403952" lon="11.4485339" />
      <trkpt lat="46.0404770" lon="11.4484337" />
      <trkpt lat="46.0405319" lon="11.4483008" />
      <trkpt lat="46.0405540" lon="11.4481495" />
      <trkpt lat="46.0405411" lon="11.4479960" />
      <trkpt lat="46.0405167" lon="11.4478031" />
      <trkpt lat="46.0404590" lon="11.4476553" />
      <trkpt lat="46.0403746" lon="11.4475371" />
      <trkpt lat="46.0402703" lon="11.4474584" />
      <trkpt lat="46.0401548" lon="11.4474256" />
      <trkpt lat="46.0400194" lon="11.4474491" />
      <trkpt lat="46.0397493" lon="11.4472496" />
      <trkpt lat="46.0394308" lon="11.4469715" />
      <trkpt lat="46.0391338" lon="11.4467759" />
      <trkpt lat="46.0388940" lon="11.4464000" />
      <trkpt lat="46.0387776" lon="11.4461665" />
      <trkpt lat="46.0386725" lon="11.4460012" />
      <trkpt lat="46.0386229" lon="11.4458125" />
      <trkpt lat="46.0386150" lon="11.4456200" />
      <trkpt lat="46.0386463" lon="11.4454940" />
      <trkpt lat="46.0386812" lon="11.4454116" />
      <trkpt lat="46.0387246" lon="11.4453380" />
      <trkpt lat="46.0385943" lon="11.4452032" />
      <trkpt lat="46.0384796" lon="11.4451259" />
      <trkpt lat="46.0383990" lon="11.4450312" />
      <trkpt lat="46.0382921" lon="11.4448808" />
      <trkpt lat="46.0381583" lon="11.4446826" />
      <trkpt lat="46.0380005" lon="11.4443294" />
      <trkpt lat="46.0378947" lon="11.4439768" />
      <trkpt lat="46.0377988" lon="11.4436981" />
      <trkpt lat="46.0377822" lon="11.4433916" />
      <trkpt lat="46.0377326" lon="11.4430876" />
      <trkpt lat="46.0376033" lon="11.4427389" />
      <trkpt lat="46.0375359" lon="11.4426475" />
      <trkpt lat="46.0373613" lon="11.4424081" />
      <trkpt lat="46.0372265" lon="11.4422428" />
      <trkpt lat="46.0370158" lon="11.4420482" />
      <trkpt lat="46.0369135" lon="11.4419463" />
      <trkpt lat="46.0368368" lon="11.4418498" />
      <trkpt lat="46.0367984" lon="11.4417278" />
      <trkpt lat="46.0367704" lon="11.4416771" />
      <trkpt lat="46.0367326" lon="11.4416421" />
      <trkpt lat="46.0366889" lon="11.4416265" />
      <trkpt lat="46.0366441" lon="11.4416321" />
      <trkpt lat="46.0366029" lon="11.4416581" />
      <trkpt lat="46.0364872" lon="11.4417350" />
      <trkpt lat="46.0363924" lon="11.4417641" />
      <trkpt lat="46.0363188" lon="11.4417630" />
      <trkpt lat="46.0362136" lon="11.4417137" />
      <trkpt lat="46.0360844" lon="11.4417220" />
      <trkpt lat="46.0359982" lon="11.4417489" />
      <trkpt lat="46.0358588" lon="11.4417139" />
      <trkpt lat="46.0356652" lon="11.4416265" />
      <trkpt lat="46.0355199" lon="11.4415813" />
      <trkpt lat="46.0353938" lon="11.4415938" />
      <trkpt lat="46.0353443" lon="11.4416251" />
      <trkpt lat="46.0353124" lon="11.4416396" />
      <trkpt lat="46.0352789" lon="11.4416395" />
      <trkpt lat="46.0352469" lon="11.4416249" />
      <trkpt lat="46.0352195" lon="11.4415971" />
      <trkpt lat="46.0351871" lon="11.4415448" />
      <trkpt lat="46.0351667" lon="11.4414811" />
      <trkpt lat="46.0351602" lon="11.4414115" />
      <trkpt lat="46.0351564" lon="11.4413013" />
      <trkpt lat="46.0351638" lon="11.4410968" />
      <trkpt lat="46.0351794" lon="11.4408712" />
      <trkpt lat="46.0351568" lon="11.4406923" />
      <trkpt lat="46.0351246" lon="11.4404940" />
      <trkpt lat="46.0350867" lon="11.4402975" />
      <trkpt lat="46.0350628" lon="11.4400604" />
      <trkpt lat="46.0350256" lon="11.4398578" />
      <trkpt lat="46.0349883" lon="11.4396258" />
      <trkpt lat="46.0349825" lon="11.4396036" />
      <trkpt lat="46.0349721" lon="11.4395852" />
      <trkpt lat="46.0349582" lon="11.4395724" />
      <trkpt lat="46.0349422" lon="11.4395667" />
      <trkpt lat="46.0349258" lon="11.4395685" />
      <trkpt lat="46.0349106" lon="11.4395777" />
      <trkpt lat="46.0348982" lon="11.4395933" />
      <trkpt lat="46.0348752" lon="11.4396314" />
      <trkpt lat="46.0348458" lon="11.4397023" />
      <trkpt lat="46.0348095" lon="11.4397425" />
      <trkpt lat="46.0347669" lon="11.4397664" />
      <trkpt lat="46.0347213" lon="11.4397720" />
      <trkpt lat="46.0346765" lon="11.4397590" />
      <trkpt lat="46.0345874" lon="11.4397492" />
      <trkpt lat="46.0345409" lon="11.4397438" />
      <trkpt lat="46.0344959" lon="11.4397610" />
      <trkpt lat="46.0344574" lon="11.4397990" />
      <trkpt lat="46.0344006" lon="11.4398815" />
      <trkpt lat="46.0343074" lon="11.4399414" />
      <trkpt lat="46.0341653" lon="11.4399794" />
      <trkpt lat="46.0340670" lon="11.4400371" />
      <trkpt lat="46.0338739" lon="11.4402227" />
      <trkpt lat="46.0337640" lon="11.4403883" />
      <trkpt lat="46.0336547" lon="11.4406016" />
      <trkpt lat="46.0336234" lon="11.4407086" />
      <trkpt lat="46.0336086" lon="11.4407235" />
      <trkpt lat="46.0335912" lon="11.4407307" />
      <trkpt lat="46.0335732" lon="11.4407293" />
      <trkpt lat="46.0335565" lon="11.4407196" />
      <trkpt lat="46.0335429" lon="11.4407024" />
      <trkpt lat="46.0335339" lon="11.4406799" />
      <trkpt lat="46.0335305" lon="11.4406543" />
      <trkpt lat="46.0335331" lon="11.4406286" />
      <trkpt lat="46.0335414" lon="11.4405702" />
      <trkpt lat="46.0335423" lon="11.4404699" />
      <trkpt lat="46.0335226" lon="11.4403489" />
      <trkpt lat="46.0334821" lon="11.4402392" />
      <trkpt lat="46.0334605" lon="11.4400499" />
      <trkpt lat="46.0334643" lon="11.4399095" />
      <trkpt lat="46.0334391" lon="11.4397738" />
      <trkpt lat="46.0333871" lon="11.4396550" />
      <trkpt lat="46.0333651" lon="11.4395704" />
      <trkpt lat="46.0333434" lon="11.4394555" />
      <trkpt lat="46.0333235" lon="11.4392673" />
      <trkpt lat="46.0333016" lon="11.4390884" />
      <trkpt lat="46.0332745" lon="11.4389818" />
      <trkpt lat="46.0332142" lon="11.4388638" />
      <trkpt lat="46.0332202" lon="11.4387730" />
      <trkpt lat="46.0332381" lon="11.4387156" />
      <trkpt lat="46.0332758" lon="11.4385866" />
      <trkpt lat="46.0332935" lon="11.4384351" />
      <trkpt lat="46.0332868" lon="11.4383120" />
      <trkpt lat="46.0332765" lon="11.4382651" />
      <trkpt lat="46.0332743" lon="11.4382465" />
      <trkpt lat="46.0332681" lon="11.4382299" />
      <trkpt lat="46.0332586" lon="11.4382169" />
      <trkpt lat="46.0332467" lon="11.4382090" />
      <trkpt lat="46.0332337" lon="11.4382069" />
      <trkpt lat="46.0332209" lon="11.4382109" />
      <trkpt lat="46.0332096" lon="11.4382205" />
      <trkpt lat="46.0332010" lon="11.4382347" />
      <trkpt lat="46.0331960" lon="11.4382522" />
      <trkpt lat="46.0331829" lon="11.4382922" />
      <trkpt lat="46.0331683" lon="11.4383817" />
      <trkpt lat="46.0331113" lon="11.4384743" />
      <trkpt lat="46.0330626" lon="11.4385322" />
      <trkpt lat="46.0330312" lon="11.4385530" />
      <trkpt lat="46.0329981" lon="11.4385909" />
      <trkpt lat="46.0329858" lon="11.4386680" />
      <trkpt lat="46.0329515" lon="11.4387632" />
      <trkpt lat="46.0328753" lon="11.4389570" />
      <trkpt lat="46.0327715" lon="11.4391851" />
      <trkpt lat="46.0326994" lon="11.4393660" />
      <trkpt lat="46.0326603" lon="11.4395211" />
      <trkpt lat="46.0326036" lon="11.4397968" />
      <trkpt lat="46.0325746" lon="11.4400005" />
      <trkpt lat="46.0325590" lon="11.4401577" />
      <trkpt lat="46.0325560" lon="11.4401784" />
      <trkpt lat="46.0325484" lon="11.4401964" />
      <trkpt lat="46.0325369" lon="11.4402096" />
      <trkpt lat="46.0325231" lon="11.4402165" />
      <trkpt lat="46.0325084" lon="11.4402161" />
      <trkpt lat="46.0324946" lon="11.4402086" />
      <trkpt lat="46.0324835" lon="11.4401949" />
      <trkpt lat="46.0324763" lon="11.4401765" />
      <trkpt lat="46.0324738" lon="11.4401556" />
      <trkpt lat="46.0324671" lon="11.4400525" />
      <trkpt lat="46.0324522" lon="11.4399512" />
      <trkpt lat="46.0323581" lon="11.4397363" />
      <trkpt lat="46.0322467" lon="11.4395387" />
      <trkpt lat="46.0321416" lon="11.4393083" />
      <trkpt lat="46.0320215" lon="11.4391051" />
      <trkpt lat="46.0319600" lon="11.4390190" />
      <trkpt lat="46.0319260" lon="11.4389448" />
      <trkpt lat="46.0319074" lon="11.4388600" />
      <trkpt lat="46.0319057" lon="11.4387711" />
      <trkpt lat="46.0318815" lon="11.4386696" />
      <trkpt lat="46.0318391" lon="11.4385813" />
      <trkpt lat="46.0317817" lon="11.4385129" />
      <trkpt lat="46.0316993" lon="11.4383457" />
      <trkpt lat="46.0316638" lon="11.4382283" />
      <trkpt lat="46.0316421" lon="11.4381030" />
      <trkpt lat="46.0316401" lon="11.4380267" />
      <trkpt lat="46.0316300" lon="11.4378925" />
      <trkpt lat="46.0316025" lon="11.4378058" />
      <trkpt lat="46.0315467" lon="11.4377233" />
      <trkpt lat="46.0314546" lon="11.4375199" />
      <trkpt lat="46.0314333" lon="11.4374216" />
      <trkpt lat="46.0313739" lon="11.4371671" />
      <trkpt lat="46.0312237" lon="11.4368103" />
      <trkpt lat="46.0310795" lon="11.4364238" />
      <trkpt lat="46.0310479" lon="11.4362584" />
      <trkpt lat="46.0310459" lon="11.4362354" />
      <trkpt lat="46.0310388" lon="11.4362147" />
      <trkpt lat="46.0310274" lon="11.4361984" />
      <trkpt lat="46.0310129" lon="11.4361885" />
      <trkpt lat="46.0309970" lon="11.4361859" />
      <trkpt lat="46.0309813" lon="11.4361909" />
      <trkpt lat="46.0309677" lon="11.4362031" />
      <trkpt lat="46.0309575" lon="11.4362210" />
      <trkpt lat="46.0309520" lon="11.4362428" />
      <trkpt lat="46.0309144" lon="11.4364098" />
      <trkpt lat="46.0308493" lon="11.4365741" />
      <trkpt lat="46.0308120" lon="11.4367357" />
      <trkpt lat="46.0307843" lon="11.4368549" />
      <trkpt lat="46.0307741" lon="11.4368790" />
      <trkpt lat="46.0307590" lon="11.4368970" />
      <trkpt lat="46.0307405" lon="11.4369066" />
      <trkpt lat="46.0307209" lon="11.4369069" />
      <trkpt lat="46.0307023" lon="11.4368979" />
      <trkpt lat="46.0306869" lon="11.4368804" />
      <trkpt lat="46.0306763" lon="11.4368565" />
      <trkpt lat="46.0306347" lon="11.4366594" />
      <trkpt lat="46.0306097" lon="11.4364249" />
      <trkpt lat="46.0305443" lon="11.4361539" />
      <trkpt lat="46.0304114" lon="11.4356618" />
      <trkpt lat="46.0302839" lon="11.4352945" />
      <trkpt lat="46.0302208" lon="11.4350916" />
      <trkpt lat="46.0301738" lon="11.4349879" />
      <trkpt lat="46.0301394" lon="11.4349514" />
      <trkpt lat="46.0301140" lon="11.4349019" />
      <trkpt lat="46.0301000" lon="11.4348437" />
      <trkpt lat="46.0300986" lon="11.4347822" />
      <trkpt lat="46.0301211" lon="11.4346692" />
      <trkpt lat="46.0301497" lon="11.4345464" />
      <trkpt lat="46.0301787" lon="11.4343181" />
      <trkpt lat="46.0301743" lon="11.4342993" />
      <trkpt lat="46.0301661" lon="11.4342834" />
      <trkpt lat="46.0301548" lon="11.4342720" />
      <trkpt lat="46.0301417" lon="11.4342664" />
      <trkpt lat="46.0301279" lon="11.4342669" />
      <trkpt lat="46.0301150" lon="11.4342737" />
      <trkpt lat="46.0301042" lon="11.4342860" />
      <trkpt lat="46.0300966" lon="11.4343025" />
      <trkpt lat="46.0300930" lon="11.4343216" />
      <trkpt lat="46.0300671" lon="11.4344135" />
      <trkpt lat="46.0300070" lon="11.4344836" />
      <trkpt lat="46.0299214" lon="11.4345721" />
      <trkpt lat="46.0298883" lon="11.4346199" />
      <trkpt lat="46.0298434" lon="11.4347129" />
      <trkpt lat="46.0298238" lon="11.4347940" />
      <trkpt lat="46.0297770" lon="11.4350019" />
      <trkpt lat="46.0297115" lon="11.4351718" />
      <trkpt lat="46.0296819" lon="11.4355096" />
      <trkpt lat="46.0296567" lon="11.4358207" />
      <trkpt lat="46.0295607" lon="11.4362498" />
      <trkpt lat="46.0294849" lon="11.4365381" />
      <trkpt lat="46.0294604" lon="11.4366270" />
      <trkpt lat="46.0294459" lon="11.4367172" />
      <trkpt lat="46.0294262" lon="11.4368271" />
      <trkpt lat="46.0293823" lon="11.4369224" />
      <trkpt lat="46.0293233" lon="11.4369989" />
      <trkpt lat="46.0292954" lon="11.4370400" />
      <trkpt lat="46.0292767" lon="11.4370909" />
      <trkpt lat="46.0292690" lon="11.4371474" />
      <trkpt lat="46.0292728" lon="11.4372047" />
      <trkpt lat="46.0292878" lon="11.4372580" />
      <trkpt lat="46.0292919" lon="11.4374076" />
      <trkpt lat="46.0292768" lon="11.4376035" />
      <trkpt lat="46.0292789" lon="11.4377288" />
      <trkpt lat="46.0292769" lon="11.4377463" />
      <trkpt lat="46.0292712" lon="11.4377620" />
      <trkpt lat="46.0292624" lon="11.4377743" />
      <trkpt lat="46.0292514" lon="11.4377821" />
      <trkpt lat="46.0292392" lon="11.4377846" />
      <trkpt lat="46.0292271" lon="11.4377814" />
      <trkpt lat="46.0292163" lon="11.4377730" />
      <trkpt lat="46.0292079" lon="11.4377601" />
      <trkpt lat="46.0292027" lon="11.4377441" />
      <trkpt lat="46.0292012" lon="11.4377265" />
      <trkpt lat="46.0292065" lon="11.4375659" />
      <trkpt lat="46.0291992" lon="11.4374806" />
      <trkpt lat="46.0291783" lon="11.4374001" />
      <trkpt lat="46.0291450" lon="11.4373288" />
      <trkpt lat="46.0290357" lon="11.4371981" />
      <trkpt lat="46.0290105" lon="11.4371726" />
      <trkpt lat="46.0289924" lon="11.4371367" />
      <trkpt lat="46.0289834" lon="11.4370943" />
      <trkpt lat="46.0289843" lon="11.4370500" />
      <trkpt lat="46.0289455" lon="11.4368306" />
      <trkpt lat="46.0289082" lon="11.4367181" />
      <trkpt lat="46.0288970" lon="11.4365761" />
      <trkpt lat="46.0288718" lon="11.4363626" />
      <trkpt lat="46.0288013" lon="11.4361524" />
      <trkpt lat="46.0286786" lon="11.4358818" />
      <trkpt lat="46.0286396" lon="11.4357978" />
      <trkpt lat="46.0286175" lon="11.4357019" />
      <trkpt lat="46.0286141" lon="11.4356011" />
      <trkpt lat="46.0286295" lon="11.4355025" />
      <trkpt lat="46.0286763" lon="11.4353114" />
      <trkpt lat="46.0287560" lon="11.4350363" />
      <trkpt lat="46.0287994" lon="11.4348016" />
      <trkpt lat="46.0288050" lon="11.4346908" />
      <trkpt lat="46.0287934" lon="11.4344943" />
      <trkpt lat="46.0287809" lon="11.4342468" />
      <trkpt lat="46.0287959" lon="11.4340044" />
      <trkpt lat="46.0287556" lon="11.4337356" />
      <trkpt lat="46.0287444" lon="11.4336848" />
      <trkpt lat="46.0287449" lon="11.4336315" />
      <trkpt lat="46.0287573" lon="11.4335812" />
      <trkpt lat="46.0287801" lon="11.4335393" />
      <trkpt lat="46.0287952" lon="11.4334673" />
      <trkpt lat="46.0287947" lon="11.4333921" />
      <trkpt lat="46.0287788" lon="11.4333205" />
      <trkpt lat="46.0287690" lon="11.4331901" />
      <trkpt lat="46.0287256" lon="11.4329467" />
      <trkpt lat="46.0286814" lon="11.4327605" />
      <trkpt lat="46.0286368" lon="11.4325520" />
      <trkpt lat="46.0285463" lon="11.4323687" />
      <trkpt lat="46.0285145" lon="11.4322085" />
      <trkpt lat="46.0284211" lon="11.4319566" />
      <trkpt lat="46.0284072" lon="11.4316995" />
      <trkpt lat="46.0284287" lon="11.4314322" />
      <trkpt lat="46.0283989" lon="11.4310923" />
      <trkpt lat="46.0283798" lon="11.4309058" />
      <trkpt lat="46.0283529" lon="11.4307402" />
      <trkpt lat="46.0283436" lon="11.4305654" />
      <trkpt lat="46.0283391" lon="11.4305458" />
      <trkpt lat="46.0283302" lon="11.4305295" />
      <trkpt lat="46.0283180" lon="11.4305185" />
      <trkpt lat="46.0283040" lon="11.4305140" />
      <trkpt lat="46.0282897" lon="11.4305164" />
      <trkpt lat="46.0282769" lon="11.4305256" />
      <trkpt lat="46.0282669" lon="11.4305405" />
      <trkpt lat="46.0282609" lon="11.4305594" />
      <trkpt lat="46.0282597" lon="11.4305800" />
      <trkpt lat="46.0282634" lon="11.4306000" />
      <trkpt lat="46.0282843" lon="11.4307759" />
      <trkpt lat="46.0282720" lon="11.4309007" />
      <trkpt lat="46.0282514" lon="11.4310319" />
      <trkpt lat="46.0281253" lon="11.4312951" />
      <trkpt lat="46.0280784" lon="11.4314668" />
      <trkpt lat="46.0279980" lon="11.4316461" />
      <trkpt lat="46.0279388" lon="11.4318692" />
      <trkpt lat="46.0279123" lon="11.4321244" />
      <trkpt lat="46.0279103" lon="11.4324157" />
      <trkpt lat="46.0279301" lon="11.4327214" />
      <trkpt lat="46.0279480" lon="11.4329670" />
      <trkpt lat="46.0279538" lon="11.4330977" />
      <trkpt lat="46.0279483" lon="11.4331149" />
      <trkpt lat="46.0279393" lon="11.4331287" />
      <trkpt lat="46.0279278" lon="11.4331378" />
      <trkpt lat="46.0279149" lon="11.4331411" />
      <trkpt lat="46.0279019" lon="11.4331383" />
      <trkpt lat="46.0278901" lon="11.4331298" />
      <trkpt lat="46.0278809" lon="11.4331164" />
      <trkpt lat="46.0278750" lon="11.4330995" />
      <trkpt lat="46.0278732" lon="11.4330808" />
      <trkpt lat="46.0278838" lon="11.4329758" />
      <trkpt lat="46.0278659" lon="11.4329010" />
      <trkpt lat="46.0277729" lon="11.4326312" />
      <trkpt lat="46.0276750" lon="11.4322454" />
      <trkpt lat="46.0276652" lon="11.4320973" />
      <trkpt lat="46.0276069" lon="11.4318997" />
      <trkpt lat="46.0276138" lon="11.4314910" />
      <trkpt lat="46.0275771" lon="11.4313465" />
      <trkpt lat="46.0275800" lon="11.4311543" />
      <trkpt lat="46.0275652" lon="11.4309589" />
      <trkpt lat="46.0274963" lon="11.4305392" />
      <trkpt lat="46.0274253" lon="11.4304264" />
      <trkpt lat="46.0274037" lon="11.4302654" />
      <trkpt lat="46.0273861" lon="11.4301268" />
      <trkpt lat="46.0273257" lon="11.4300001" />
      <trkpt lat="46.0273106" lon="11.4299340" />
      <trkpt lat="46.0273118" lon="11.4298645" />
      <trkpt lat="46.0273290" lon="11.4297996" />
      <trkpt lat="46.0273603" lon="11.4297467" />
      <trkpt lat="46.0274702" lon="11.4295430" />
      <trkpt lat="46.0274903" lon="11.4293681" />
      <trkpt lat="46.0275257" lon="11.4291997" />
      <trkpt lat="46.0275795" lon="11.4290340" />
      <trkpt lat="46.0275833" lon="11.4288367" />
      <trkpt lat="46.0275872" lon="11.4286149" />
      <trkpt lat="46.0275798" lon="11.4285135" />
      <trkpt lat="46.0275757" lon="11.4284576" />
      <trkpt lat="46.0275825" lon="11.4284022" />
      <trkpt lat="46.0275997" lon="11.4283517" />
      <trkpt lat="46.0276259" lon="11.4283100" />
      <trkpt lat="46.0276872" lon="11.4282374" />
      <trkpt lat="46.0277269" lon="11.4281786" />
      <trkpt lat="46.0277506" lon="11.4281040" />
      <trkpt lat="46.0277557" lon="11.4280223" />
      <trkpt lat="46.0277509" lon="11.4279171" />
      <trkpt lat="46.0277705" lon="11.4278156" />
      <trkpt lat="46.0278123" lon="11.4277290" />
      <trkpt lat="46.0278716" lon="11.4276672" />
      <trkpt lat="46.0279832" lon="11.4275712" />
      <trkpt lat="46.0281087" lon="11.4275224" />
      <trkpt lat="46.0282388" lon="11.4275247" />
      <trkpt lat="46.0283635" lon="11.4275777" />
      <trkpt lat="46.0284214" lon="11.4276076" />
      <trkpt lat="46.0284626" lon="11.4276236" />
      <trkpt lat="46.0285053" lon="11.4276208" />
      <trkpt lat="46.0285453" lon="11.4275993" />
      <trkpt lat="46.0285789" lon="11.4275613" />
      <trkpt lat="46.0286028" lon="11.4275103" />
      <trkpt lat="46.0286148" lon="11.4274513" />
      <trkpt lat="46.0285857" lon="11.4273821" />
      <trkpt lat="46.0285724" lon="11.4273035" />
      <trkpt lat="46.0285762" lon="11.4272229" />
      <trkpt lat="46.0285893" lon="11.4271652" />
      <trkpt lat="46.0286042" lon="11.4271351" />
      <trkpt lat="46.0286205" lon="11.4270894" />
      <trkpt lat="46.0286271" lon="11.4270388" />
      <trkpt lat="46.0286270" lon="11.4268873" />
      <trkpt lat="46.0286235" lon="11.4266944" />
      <trkpt lat="46.0286221" lon="11.4264008" />
      <trkpt lat="46.0286344" lon="11.4261928" />
      <trkpt lat="46.0285997" lon="11.4260163" />
      <trkpt lat="46.0285657" lon="11.4256869" />
      <trkpt lat="46.0285194" lon="11.4252336" />
      <trkpt lat="46.0284410" lon="11.4248780" />
      <trkpt lat="46.0283506" lon="11.4246730" />
      <trkpt lat="46.0284361" lon="11.4245431" />
      <trkpt lat="46.0284519" lon="11.4243036" />
      <trkpt lat="46.0284508" lon="11.4239791" />
      <trkpt lat="46.0285378" lon="11.4237568" />
      <trkpt lat="46.0286026" lon="11.4234710" />
      <trkpt lat="46.0286653" lon="11.4231511" />
      <trkpt lat="46.0287592" lon="11.4230344" />
      <trkpt lat="46.0288343" lon="11.4228027" />
      <trkpt lat="46.0290284" lon="11.4227312" />
      <trkpt lat="46.0292054" lon="11.4225742" />
      <trkpt lat="46.0294754" lon="11.4225981" />
      <trkpt lat="46.0296023" lon="11.4225708" />
      <trkpt lat="46.0297058" lon="11.4224838" />
      <trkpt lat="46.0297798" lon="11.4224157" />
      <trkpt lat="46.0298676" lon="11.4223662" />
      <trkpt lat="46.0300318" lon="11.4224439" />
      <trkpt lat="46.0300978" lon="11.4224731" />
      <trkpt lat="46.0301549" lon="11.4225288" />
      <trkpt lat="46.0301983" lon="11.4226061" />
      <trkpt lat="46.0302266" lon="11.4226871" />
      <trkpt lat="46.0302716" lon="11.4227508" />
      <trkpt lat="46.0303283" lon="11.4227904" />
      <trkpt lat="46.0303908" lon="11.4228016" />
      <trkpt lat="46.0305152" lon="11.4227841" />
      <trkpt lat="46.0306211" lon="11.4227477" />
      <trkpt lat="46.0307036" lon="11.4226660" />
      <trkpt lat="46.0307508" lon="11.4225487" />
      <trkpt lat="46.0308052" lon="11.4224897" />
      <trkpt lat="46.0308378" lon="11.4224725" />
      <trkpt lat="46.0308650" lon="11.4224588" />
      <trkpt lat="46.0308875" lon="11.4224327" />
      <trkpt lat="46.0309025" lon="11.4223971" />
      <trkpt lat="46.0309084" lon="11.4223564" />
      <trkpt lat="46.0309263" lon="11.4219010" />
      <trkpt lat="46.0309312" lon="11.4217794" />
      <trkpt lat="46.0309199" lon="11.4216731" />
      <trkpt lat="46.0309209" lon="11.4216528" />
      <trkpt lat="46.0309267" lon="11.4216342" />
      <trkpt lat="46.0309366" lon="11.4216196" />
      <trkpt lat="46.0309493" lon="11.4216108" />
      <trkpt lat="46.0309633" lon="11.4216087" />
      <trkpt lat="46.0309770" lon="11.4216137" />
      <trkpt lat="46.0309887" lon="11.4216251" />
      <trkpt lat="46.0309970" lon="11.4216416" />
      <trkpt lat="46.0310149" lon="11.4217580" />
      <trkpt lat="46.0310328" lon="11.4218623" />
      <trkpt lat="46.0310683" lon="11.4219592" />
      <trkpt lat="46.0311417" lon="11.4220949" />
      <trkpt lat="46.0312833" lon="11.4223497" />
      <trkpt lat="46.0313877" lon="11.4224985" />
      <trkpt lat="46.0314684" lon="11.4226493" />
      <trkpt lat="46.0315284" lon="11.4227629" />
      <trkpt lat="46.0315695" lon="11.4229433" />
      <trkpt lat="46.0316593" lon="11.4230943" />
      <trkpt lat="46.0317242" lon="11.4232866" />
      <trkpt lat="46.0318273" lon="11.4234604" />
      <trkpt lat="46.0318930" lon="11.4235578" />
      <trkpt lat="46.0319310" lon="11.4236847" />
      <trkpt lat="46.0319518" lon="11.4238063" />
      <trkpt lat="46.0319885" lon="11.4239262" />
      <trkpt lat="46.0320253" lon="11.4241949" />
      <trkpt lat="46.0321362" lon="11.4244130" />
      <trkpt lat="46.0321676" lon="11.4245300" />
      <trkpt lat="46.0322224" lon="11.4246276" />
      <trkpt lat="46.0322953" lon="11.4246963" />
      <trkpt lat="46.0325732" lon="11.4247728" />
      <trkpt lat="46.0326517" lon="11.4247793" />
      <trkpt lat="46.0326945" lon="11.4248110" />
      <trkpt lat="46.0327545" lon="11.4249026" />
      <trkpt lat="46.0327994" lon="11.4250166" />
      <trkpt lat="46.0329001" lon="11.4252199" />
      <trkpt lat="46.0330354" lon="11.4254282" />
      <trkpt lat="46.0330816" lon="11.4254898" />
      <trkpt lat="46.0331168" lon="11.4255571" />
      <trkpt lat="46.0331365" lon="11.4256365" />
      <trkpt lat="46.0331390" lon="11.4257207" />
      <trkpt lat="46.0331437" lon="11.4258234" />
      <trkpt lat="46.0331417" lon="11.4258478" />
      <trkpt lat="46.0331344" lon="11.4258700" />
      <trkpt lat="46.0331226" lon="11.4258876" />
      <trkpt lat="46.0331074" lon="11.4258989" />
      <trkpt lat="46.0330906" lon="11.4259026" />
      <trkpt lat="46.0330738" lon="11.4258983" />
      <trkpt lat="46.0330588" lon="11.4258866" />
      <trkpt lat="46.0330472" lon="11.4258685" />
      <trkpt lat="46.0329978" lon="11.4257881" />
      <trkpt lat="46.0328928" lon="11.4256464" />
      <trkpt lat="46.0328348" lon="11.4255734" />
      <trkpt lat="46.0327652" lon="11.4255259" />
      <trkpt lat="46.0326893" lon="11.4255077" />
      <trkpt lat="46.0326127" lon="11.4255201" />
      <trkpt lat="46.0325703" lon="11.4255397" />
      <trkpt lat="46.0325346" lon="11.4255784" />
      <trkpt lat="46.0325099" lon="11.4256318" />
      <trkpt lat="46.0324987" lon="11.4256940" />
      <trkpt lat="46.0325023" lon="11.4257580" />
      <trkpt lat="46.0325195" lon="11.4258177" />
      <trkpt lat="46.0325494" lon="11.4258660" />
      <trkpt lat="46.0325886" lon="11.4258974" />
      <trkpt lat="46.0326329" lon="11.4259084" />
      <trkpt lat="46.0326772" lon="11.4258978" />
      <trkpt lat="46.0327012" lon="11.4258890" />
      <trkpt lat="46.0327260" lon="11.4258925" />
      <trkpt lat="46.0327484" lon="11.4259077" />
      <trkpt lat="46.0327660" lon="11.4259331" />
      <trkpt lat="46.0327765" lon="11.4259655" />
      <trkpt lat="46.0328295" lon="11.4260979" />
      <trkpt lat="46.0331101" lon="11.4266845" />
      <trkpt lat="46.0331188" lon="11.4267054" />
      <trkpt lat="46.0331222" lon="11.4267294" />
      <trkpt lat="46.0331201" lon="11.4267536" />
      <trkpt lat="46.0331126" lon="11.4267755" />
      <trkpt lat="46.0331005" lon="11.4267927" />
      <trkpt lat="46.0330852" lon="11.4268033" />
      <trkpt lat="46.0330684" lon="11.4268061" />
      <trkpt lat="46.0330518" lon="11.4268009" />
      <trkpt lat="46.0330163" lon="11.4267568" />
      <trkpt lat="46.0329613" lon="11.4267198" />
      <trkpt lat="46.0328450" lon="11.4265118" />
      <trkpt lat="46.0327508" lon="11.4263215" />
      <trkpt lat="46.0327384" lon="11.4263029" />
      <trkpt lat="46.0327224" lon="11.4262914" />
      <trkpt lat="46.0327046" lon="11.4262883" />
      <trkpt lat="46.0326871" lon="11.4262939" />
      <trkpt lat="46.0326719" lon="11.4263075" />
      <trkpt lat="46.0326608" lon="11.4263276" />
      <trkpt lat="46.0326549" lon="11.4263520" />
      <trkpt lat="46.0326551" lon="11.4263778" />
      <trkpt lat="46.0326612" lon="11.4264020" />
      <trkpt lat="46.0327214" lon="11.4265947" />
      <trkpt lat="46.0328316" lon="11.4267163" />
      <trkpt lat="46.0329123" lon="11.4268379" />
      <trkpt lat="46.0330004" lon="11.4270494" />
      <trkpt lat="46.0331846" lon="11.4273513" />
      <trkpt lat="46.0334336" lon="11.4278848" />
      <trkpt lat="46.0334930" lon="11.4283190" />
      <trkpt lat="46.0336049" lon="11.4286251" />
      <trkpt lat="46.0337330" lon="11.4288600" />
      <trkpt lat="46.0338154" lon="11.4291997" />
      <trkpt lat="46.0339326" lon="11.4294897" />
      <trkpt lat="46.0339953" lon="11.4295714" />
      <trkpt lat="46.0340759" lon="11.4296689" />
      <trkpt lat="46.0341843" lon="11.4297111" />
      <trkpt lat="46.0342797" lon="11.4297233" />
      <trkpt lat="46.0343281" lon="11.4297278" />
      <trkpt lat="46.0343753" lon="11.4297123" />
      <trkpt lat="46.0344176" lon="11.4296781" />
      <trkpt lat="46.0344513" lon="11.4296281" />
      <trkpt lat="46.0345062" lon="11.4294988" />
      <trkpt lat="46.0346401" lon="11.4291997" />
      <trkpt lat="46.0347117" lon="11.4290160" />
      <trkpt lat="46.0347249" lon="11.4289997" />
      <trkpt lat="46.0347410" lon="11.4289907" />
      <trkpt lat="46.0347583" lon="11.4289898" />
      <trkpt lat="46.0347748" lon="11.4289972" />
      <trkpt lat="46.0347887" lon="11.4290121" />
      <trkpt lat="46.0347983" lon="11.4290328" />
      <trkpt lat="46.0348027" lon="11.4290569" />
      <trkpt lat="46.0348013" lon="11.4290818" />
      <trkpt lat="46.0347942" lon="11.4291045" />
      <trkpt lat="46.0347380" lon="11.4291962" />
      <trkpt lat="46.0346743" lon="11.4294218" />
      <trkpt lat="46.0346499" lon="11.4295557" />
      <trkpt lat="46.0346483" lon="11.4296462" />
      <trkpt lat="46.0346587" lon="11.4296922" />
      <trkpt lat="46.0346662" lon="11.4297223" />
      <trkpt lat="46.0346800" lon="11.4297473" />
      <trkpt lat="46.0346985" lon="11.4297649" />
      <trkpt lat="46.0347199" lon="11.4297732" />
      <trkpt lat="46.0347420" lon="11.4297714" />
      <trkpt lat="46.0347626" lon="11.4297596" />
      <trkpt lat="46.0347796" lon="11.4297390" />
      <trkpt lat="46.0347894" lon="11.4296580" />
      <trkpt lat="46.0348187" lon="11.4293971" />
      <trkpt lat="46.0348252" lon="11.4293776" />
      <trkpt lat="46.0348357" lon="11.4293621" />
      <trkpt lat="46.0348491" lon="11.4293524" />
      <trkpt lat="46.0348640" lon="11.4293494" />
      <trkpt lat="46.0348787" lon="11.4293535" />
      <trkpt lat="46.0348917" lon="11.4293642" />
      <trkpt lat="46.0349016" lon="11.4293805" />
      <trkpt lat="46.0349074" lon="11.4294005" />
      <trkpt lat="46.0349083" lon="11.4294221" />
      <trkpt lat="46.0349093" lon="11.4294747" />
      <trkpt lat="46.0349136" lon="11.4295403" />
      <trkpt lat="46.0349303" lon="11.4296016" />
      <trkpt lat="46.0349581" lon="11.4296540" />
      <trkpt lat="46.0349949" lon="11.4296932" />
      <trkpt lat="46.0350830" lon="11.4297637" />
      <trkpt lat="46.0351862" lon="11.4299848" />
      <trkpt lat="46.0353713" lon="11.4302382" />
      <trkpt lat="46.0354550" lon="11.4303700" />
      <trkpt lat="46.0355035" lon="11.4305006" />
      <trkpt lat="46.0355724" lon="11.4307225" />
      <trkpt lat="46.0355935" lon="11.4310293" />
      <trkpt lat="46.0357971" lon="11.4312263" />
      <trkpt lat="46.0358857" lon="11.4314346" />
      <trkpt lat="46.0359689" lon="11.4316249" />
      <trkpt lat="46.0360224" lon="11.4318032" />
      <trkpt lat="46.0360692" lon="11.4319246" />
      <trkpt lat="46.0360845" lon="11.4321146" />
      <trkpt lat="46.0361230" lon="11.4322806" />
      <trkpt lat="46.0361795" lon="11.4324796" />
      <trkpt lat="46.0362406" lon="11.4326411" />
      <trkpt lat="46.0363090" lon="11.4327494" />
      <trkpt lat="46.0362406" lon="11.4326411" />
      <trkpt lat="46.0361795" lon="11.4324796" />
      <trkpt lat="46.0361230" lon="11.4322806" />
      <trkpt lat="46.0360845" lon="11.4321146" />
      <trkpt lat="46.0360692" lon="11.4319246" />
      <trkpt lat="46.0360224" lon="11.4318032" />
      <trkpt lat="46.0359689" lon="11.4316249" />
      <trkpt lat="46.0358857" lon="11.4314346" />
      <trkpt lat="46.0357971" lon="11.4312263" />
      <trkpt lat="46.0355935" lon="11.4310293" />
      <trkpt lat="46.0355724" lon="11.4307225" />
      <trkpt lat="46.0355035" lon="11.4305006" />
      <trkpt lat="46.0354550" lon="11.4303700" />
      <trkpt lat="46.0353713" lon="11.4302382" />
      <trkpt lat="46.0351862" lon="11.4299848" />
      <trkpt lat="46.0350830" lon="11.4297637" />
      <trkpt lat="46.0349949" lon="11.4296932" />
      <trkpt lat="46.0349581" lon="11.4296540" />
      <trkpt lat="46.0349303" lon="11.4296016" />
      <trkpt lat="46.0349136" lon="11.4295403" />
      <trkpt lat="46.0349093" lon="11.4294747" />
      <trkpt lat="46.0349083" lon="11.4294221" />
      <trkpt lat="46.0349074" lon="11.4294005" />
      <trkpt lat="46.0349016" lon="11.4293805" />
      <trkpt lat="46.0348917" lon="11.4293642" />
      <trkpt lat="46.0348787" lon="11.4293535" />
      <trkpt lat="46.0348640" lon="11.4293494" />
      <trkpt lat="46.0348491" lon="11.4293524" />
      <trkpt lat="46.0348357" lon="11.4293621" />
      <trkpt lat="46.0348252" lon="11.4293776" />
      <trkpt lat="46.0348187" lon="11.4293971" />
      <trkpt lat="46.0347894" lon="11.4296580" />
      <trkpt lat="46.0347796" lon="11.4297390" />
      <trkpt lat="46.0347626" lon="11.4297596" />
      <trkpt lat="46.0347420" lon="11.4297714" />
      <trkpt lat="46.0347199" lon="11.4297732" />
      <trkpt lat="46.0346985" lon="11.4297649" />
      <trkpt lat="46.0346800" lon="11.4297473" />
      <trkpt lat="46.0346662" lon="11.4297223" />
      <trkpt lat="46.0346587" lon="11.4296922" />
      <trkpt lat="46.0346483" lon="11.4296462" />
      <trkpt lat="46.0346499" lon="11.4295557" />
      <trkpt lat="46.0346743" lon="11.4294218" />
      <trkpt lat="46.0347380" lon="11.4291962" />
      <trkpt lat="46.0347942" lon="11.4291045" />
      <trkpt lat="46.0348013" lon="11.4290818" />
      <trkpt lat="46.0348027" lon="11.4290569" />
      <trkpt lat="46.0347983" lon="11.4290328" />
      <trkpt lat="46.0347887" lon="11.4290121" />
      <trkpt lat="46.0347748" lon="11.4289972" />
      <trkpt lat="46.0347583" lon="11.4289898" />
      <trkpt lat="46.0347410" lon="11.4289907" />
      <trkpt lat="46.0347249" lon="11.4289997" />
      <trkpt lat="46.0347117" lon="11.4290160" />
      <trkpt lat="46.0346401" lon="11.4291997" />
      <trkpt lat="46.0345062" lon="11.4294988" />
      <trkpt lat="46.0344513" lon="11.4296281" />
      <trkpt lat="46.0344176" lon="11.4296781" />
      <trkpt lat="46.0343753" lon="11.4297123" />
      <trkpt lat="46.0343281" lon="11.4297278" />
      <trkpt lat="46.0342797" lon="11.4297233" />
      <trkpt lat="46.0341843" lon="11.4297111" />
      <trkpt lat="46.0340759" lon="11.4296689" />
      <trkpt lat="46.0339953" lon="11.4295714" />
      <trkpt lat="46.0339326" lon="11.4294897" />
      <trkpt lat="46.0338154" lon="11.4291997" />
      <trkpt lat="46.0337330" lon="11.4288600" />
      <trkpt lat="46.0336049" lon="11.4286251" />
      <trkpt lat="46.0334930" lon="11.4283190" />
      <trkpt lat="46.0334336" lon="11.4278848" />
      <trkpt lat="46.0331846" lon="11.4273513" />
      <trkpt lat="46.0330004" lon="11.4270494" />
      <trkpt lat="46.0329123" lon="11.4268379" />
      <trkpt lat="46.0328316" lon="11.4267163" />
      <trkpt lat="46.0327214" lon="11.4265947" />
      <trkpt lat="46.0326612" lon="11.4264020" />
      <trkpt lat="46.0326551" lon="11.4263778" />
      <trkpt lat="46.0326549" lon="11.4263520" />
      <trkpt lat="46.0326608" lon="11.4263276" />
      <trkpt lat="46.0326719" lon="11.4263075" />
      <trkpt lat="46.0326871" lon="11.4262939" />
      <trkpt lat="46.0327046" lon="11.4262883" />
      <trkpt lat="46.0327224" lon="11.4262914" />
      <trkpt lat="46.0327384" lon="11.4263029" />
      <trkpt lat="46.0327508" lon="11.4263215" />
      <trkpt lat="46.0328450" lon="11.4265118" />
      <trkpt lat="46.0329613" lon="11.4267198" />
      <trkpt lat="46.0330163" lon="11.4267568" />
      <trkpt lat="46.0330518" lon="11.4268009" />
      <trkpt lat="46.0330684" lon="11.4268061" />
      <trkpt lat="46.0330852" lon="11.4268033" />
      <trkpt lat="46.0331005" lon="11.4267927" />
      <trkpt lat="46.0331126" lon="11.4267755" />
      <trkpt lat="46.0331201" lon="11.4267536" />
      <trkpt lat="46.0331222" lon="11.4267294" />
      <trkpt lat="46.0331188" lon="11.4267054" />
      <trkpt lat="46.0331101" lon="11.4266845" />
      <trkpt lat="46.0328295" lon="11.4260979" />
      <trkpt lat="46.0327765" lon="11.4259655" />
      <trkpt lat="46.0327660" lon="11.4259331" />
      <trkpt lat="46.0327484" lon="11.4259077" />
      <trkpt lat="46.0327260" lon="11.4258925" />
      <trkpt lat="46.0327012" lon="11.4258890" />
      <trkpt lat="46.0326772" lon="11.4258978" />
      <trkpt lat="46.0326329" lon="11.4259084" />
      <trkpt lat="46.0325886" lon="11.4258974" />
      <trkpt lat="46.0325494" lon="11.4258660" />
      <trkpt lat="46.0325195" lon="11.4258177" />
      <trkpt lat="46.0325023" lon="11.4257580" />
      <trkpt lat="46.0324987" lon="11.4256940" />
      <trkpt lat="46.0325099" lon="11.4256318" />
      <trkpt lat="46.0325346" lon="11.4255784" />
      <trkpt lat="46.0325703" lon="11.4255397" />
      <trkpt lat="46.0326127" lon="11.4255201" />
      <trkpt lat="46.0326893" lon="11.4255077" />
      <trkpt lat="46.0327652" lon="11.4255259" />
      <trkpt lat="46.0328348" lon="11.4255734" />
      <trkpt lat="46.0328928" lon="11.4256464" />
      <trkpt lat="46.0329978" lon="11.4257881" />
      <trkpt lat="46.0330472" lon="11.4258685" />
      <trkpt lat="46.0330588" lon="11.4258866" />
      <trkpt lat="46.0330738" lon="11.4258983" />
      <trkpt lat="46.0330906" lon="11.4259026" />
      <trkpt lat="46.0331074" lon="11.4258989" />
      <trkpt lat="46.0331226" lon="11.4258876" />
      <trkpt lat="46.0331344" lon="11.4258700" />
      <trkpt lat="46.0331417" lon="11.4258478" />
      <trkpt lat="46.0331437" lon="11.4258234" />
      <trkpt lat="46.0331390" lon="11.4257207" />
      <trkpt lat="46.0331365" lon="11.4256365" />
      <trkpt lat="46.0331168" lon="11.4255571" />
      <trkpt lat="46.0330816" lon="11.4254898" />
      <trkpt lat="46.0330354" lon="11.4254282" />
      <trkpt lat="46.0329001" lon="11.4252199" />
      <trkpt lat="46.0327994" lon="11.4250166" />
      <trkpt lat="46.0327545" lon="11.4249026" />
      <trkpt lat="46.0326945" lon="11.4248110" />
      <trkpt lat="46.0326517" lon="11.4247793" />
      <trkpt lat="46.0325732" lon="11.4247728" />
      <trkpt lat="46.0322953" lon="11.4246963" />
      <trkpt lat="46.0322224" lon="11.4246276" />
      <trkpt lat="46.0321676" lon="11.4245300" />
      <trkpt lat="46.0321362" lon="11.4244130" />
      <trkpt lat="46.0320253" lon="11.4241949" />
      <trkpt lat="46.0319885" lon="11.4239262" />
      <trkpt lat="46.0319518" lon="11.4238063" />
      <trkpt lat="46.0319310" lon="11.4236847" />
      <trkpt lat="46.0318930" lon="11.4235578" />
      <trkpt lat="46.0318273" lon="11.4234604" />
      <trkpt lat="46.0317242" lon="11.4232866" />
      <trkpt lat="46.0316593" lon="11.4230943" />
      <trkpt lat="46.0315695" lon="11.4229433" />
      <trkpt lat="46.0315284" lon="11.4227629" />
      <trkpt lat="46.0314684" lon="11.4226493" />
      <trkpt lat="46.0313877" lon="11.4224985" />
      <trkpt lat="46.0312833" lon="11.4223497" />
      <trkpt lat="46.0311417" lon="11.4220949" />
      <trkpt lat="46.0310683" lon="11.4219592" />
      <trkpt lat="46.0310328" lon="11.4218623" />
      <trkpt lat="46.0310149" lon="11.4217580" />
      <trkpt lat="46.0309970" lon="11.4216416" />
      <trkpt lat="46.0309887" lon="11.4216251" />
      <trkpt lat="46.0309770" lon="11.4216137" />
      <trkpt lat="46.0309633" lon="11.4216087" />
      <trkpt lat="46.0309493" lon="11.4216108" />
      <trkpt lat="46.0309366" lon="11.4216196" />
      <trkpt lat="46.0309267" lon="11.4216342" />
      <trkpt lat="46.0309209" lon="11.4216528" />
      <trkpt lat="46.0309199" lon="11.4216731" />
      <trkpt lat="46.0309312" lon="11.4217794" />
      <trkpt lat="46.0309263" lon="11.4219010" />
      <trkpt lat="46.0309084" lon="11.4223564" />
      <trkpt lat="46.0309025" lon="11.4223971" />
      <trkpt lat="46.0308875" lon="11.4224327" />
      <trkpt lat="46.0308650" lon="11.4224588" />
      <trkpt lat="46.0308378" lon="11.4224725" />
      <trkpt lat="46.0308052" lon="11.4224897" />
      <trkpt lat="46.0307508" lon="11.4225487" />
      <trkpt lat="46.0307036" lon="11.4226660" />
      <trkpt lat="46.0306211" lon="11.4227477" />
      <trkpt lat="46.0305152" lon="11.4227841" />
      <trkpt lat="46.0303908" lon="11.4228016" />
      <trkpt lat="46.0303283" lon="11.4227904" />
      <trkpt lat="46.0302716" lon="11.4227508" />
      <trkpt lat="46.0302266" lon="11.4226871" />
      <trkpt lat="46.0301983" lon="11.4226061" />
      <trkpt lat="46.0301549" lon="11.4225288" />
      <trkpt lat="46.0300978" lon="11.4224731" />
      <trkpt lat="46.0300318" lon="11.4224439" />
      <trkpt lat="46.0298676" lon="11.4223662" />
      <trkpt lat="46.0297798" lon="11.4224157" />
      <trkpt lat="46.0297058" lon="11.4224838" />
      <trkpt lat="46.0296023" lon="11.4225708" />
      <trkpt lat="46.0294754" lon="11.4225981" />
      <trkpt lat="46.0292054" lon="11.4225742" />
      <trkpt lat="46.0290284" lon="11.4227312" />
      <trkpt lat="46.0288343" lon="11.4228027" />
      <trkpt lat="46.0287592" lon="11.4230344" />
      <trkpt lat="46.0286653" lon="11.4231511" />
      <trkpt lat="46.0286026" lon="11.4234710" />
      <trkpt lat="46.0285378" lon="11.4237568" />
      <trkpt lat="46.0284508" lon="11.4239791" />
      <trkpt lat="46.0284519" lon="11.4243036" />
      <trkpt lat="46.0284361" lon="11.4245431" />
      <trkpt lat="46.0283506" lon="11.4246730" />
      <trkpt lat="46.0284410" lon="11.4248780" />
      <trkpt lat="46.0285194" lon="11.4252336" />
      <trkpt lat="46.0285657" lon="11.4256869" />
      <trkpt lat="46.0285997" lon="11.4260163" />
      <trkpt lat="46.0286344" lon="11.4261928" />
      <trkpt lat="46.0286221" lon="11.4264008" />
      <trkpt lat="46.0286235" lon="11.4266944" />
      <trkpt lat="46.0286270" lon="11.4268873" />
      <trkpt lat="46.0286271" lon="11.4270388" />
      <trkpt lat="46.0286205" lon="11.4270894" />
      <trkpt lat="46.0286042" lon="11.4271351" />
      <trkpt lat="46.0285893" lon="11.4271652" />
      <trkpt lat="46.0285762" lon="11.4272229" />
      <trkpt lat="46.0285724" lon="11.4273035" />
      <trkpt lat="46.0285857" lon="11.4273821" />
      <trkpt lat="46.0286148" lon="11.4274513" />
      <trkpt lat="46.0286028" lon="11.4275103" />
      <trkpt lat="46.0285789" lon="11.4275613" />
      <trkpt lat="46.0285453" lon="11.4275993" />
      <trkpt lat="46.0285053" lon="11.4276208" />
      <trkpt lat="46.0284626" lon="11.4276236" />
      <trkpt lat="46.0284214" lon="11.4276076" />
      <trkpt lat="46.0283635" lon="11.4275777" />
      <trkpt lat="46.0282388" lon="11.4275247" />
      <trkpt lat="46.0281087" lon="11.4275224" />
      <trkpt lat="46.0279832" lon="11.4275712" />
      <trkpt lat="46.0278716" lon="11.4276672" />
      <trkpt lat="46.0278123" lon="11.4277290" />
      <trkpt lat="46.0277705" lon="11.4278156" />
      <trkpt lat="46.0277509" lon="11.4279171" />
      <trkpt lat="46.0277557" lon="11.4280223" />
      <trkpt lat="46.0277506" lon="11.4281040" />
      <trkpt lat="46.0277269" lon="11.4281786" />
      <trkpt lat="46.0276872" lon="11.4282374" />
      <trkpt lat="46.0276259" lon="11.4283100" />
      <trkpt lat="46.0275997" lon="11.4283517" />
      <trkpt lat="46.0275825" lon="11.4284022" />
      <trkpt lat="46.0275757" lon="11.4284576" />
      <trkpt lat="46.0275798" lon="11.4285135" />
      <trkpt lat="46.0275872" lon="11.4286149" />
      <trkpt lat="46.0275833" lon="11.4288367" />
      <trkpt lat="46.0275795" lon="11.4290340" />
      <trkpt lat="46.0275257" lon="11.4291997" />
      <trkpt lat="46.0274903" lon="11.4293681" />
      <trkpt lat="46.0274702" lon="11.4295430" />
      <trkpt lat="46.0273603" lon="11.4297467" />
      <trkpt lat="46.0273290" lon="11.4297996" />
      <trkpt lat="46.0273118" lon="11.4298645" />
      <trkpt lat="46.0273106" lon="11.4299340" />
      <trkpt lat="46.0273257" lon="11.4300001" />
      <trkpt lat="46.0273861" lon="11.4301268" />
      <trkpt lat="46.0274037" lon="11.4302654" />
      <trkpt lat="46.0274253" lon="11.4304264" />
      <trkpt lat="46.0274963" lon="11.4305392" />
      <trkpt lat="46.0275652" lon="11.4309589" />
      <trkpt lat="46.0275800" lon="11.4311543" />
      <trkpt lat="46.0275771" lon="11.4313465" />
      <trkpt lat="46.0276138" lon="11.4314910" />
      <trkpt lat="46.0276069" lon="11.4318997" />
      <trkpt lat="46.0276652" lon="11.4320973" />
      <trkpt lat="46.0276750" lon="11.4322454" />
      <trkpt lat="46.0277729" lon="11.4326312" />
      <trkpt lat="46.0278659" lon="11.4329010" />
      <trkpt lat="46.0278838" lon="11.4329758" />
      <trkpt lat="46.0278732" lon="11.4330808" />
      <trkpt lat="46.0278750" lon="11.4330995" />
      <trkpt lat="46.0278809" lon="11.4331164" />
      <trkpt lat="46.0278901" lon="11.4331298" />
      <trkpt lat="46.0279019" lon="11.4331383" />
      <trkpt lat="46.0279149" lon="11.4331411" />
      <trkpt lat="46.0279278" lon="11.4331378" />
      <trkpt lat="46.0279393" lon="11.4331287" />
      <trkpt lat="46.0279483" lon="11.4331149" />
      <trkpt lat="46.0279538" lon="11.4330977" />
      <trkpt lat="46.0279480" lon="11.4329670" />
      <trkpt lat="46.0279301" lon="11.4327214" />
      <trkpt lat="46.0279103" lon="11.4324157" />
      <trkpt lat="46.0279123" lon="11.4321244" />
      <trkpt lat="46.0279388" lon="11.4318692" />
      <trkpt lat="46.0279980" lon="11.4316461" />
      <trkpt lat="46.0280784" lon="11.4314668" />
      <trkpt lat="46.0281253" lon="11.4312951" />
      <trkpt lat="46.0282514" lon="11.4310319" />
      <trkpt lat="46.0282720" lon="11.4309007" />
      <trkpt lat="46.0282843" lon="11.4307759" />
      <trkpt lat="46.0282634" lon="11.4306000" />
      <trkpt lat="46.0282597" lon="11.4305800" />
      <trkpt lat="46.0282609" lon="11.4305594" />
      <trkpt lat="46.0282669" lon="11.4305405" />
      <trkpt lat="46.0282769" lon="11.4305256" />
      <trkpt lat="46.0282897" lon="11.4305164" />
      <trkpt lat="46.0283040" lon="11.4305140" />
      <trkpt lat="46.0283180" lon="11.4305185" />
      <trkpt lat="46.0283302" lon="11.4305295" />
      <trkpt lat="46.0283391" lon="11.4305458" />
      <trkpt lat="46.0283436" lon="11.4305654" />
      <trkpt lat="46.0283529" lon="11.4307402" />
      <trkpt lat="46.0283798" lon="11.4309058" />
      <trkpt lat="46.0283989" lon="11.4310923" />
      <trkpt lat="46.0284287" lon="11.4314322" />
      <trkpt lat="46.0284072" lon="11.4316995" />
      <trkpt lat="46.0284211" lon="11.4319566" />
      <trkpt lat="46.0285145" lon="11.4322085" />
      <trkpt lat="46.0285463" lon="11.4323687" />
      <trkpt lat="46.0286368" lon="11.4325520" />
      <trkpt lat="46.0286814" lon="11.4327605" />
      <trkpt lat="46.0287256" lon="11.4329467" />
      <trkpt lat="46.0287690" lon="11.4331901" />
      <trkpt lat="46.0287788" lon="11.4333205" />
      <trkpt lat="46.0287947" lon="11.4333921" />
      <trkpt lat="46.0287952" lon="11.4334673" />
      <trkpt lat="46.0287801" lon="11.4335393" />
      <trkpt lat="46.0287573" lon="11.4335812" />
      <trkpt lat="46.0287449" lon="11.4336315" />
      <trkpt lat="46.0287444" lon="11.4336848" />
      <trkpt lat="46.0287556" lon="11.4337356" />
      <trkpt lat="46.0287959" lon="11.4340044" />
      <trkpt lat="46.0287809" lon="11.4342468" />
      <trkpt lat="46.0287934" lon="11.4344943" />
      <trkpt lat="46.0288050" lon="11.4346908" />
      <trkpt lat="46.0287994" lon="11.4348016" />
      <trkpt lat="46.0287560" lon="11.4350363" />
      <trkpt lat="46.0286763" lon="11.4353114" />
      <trkpt lat="46.0286295" lon="11.4355025" />
      <trkpt lat="46.0286141" lon="11.4356011" />
      <trkpt lat="46.0286175" lon="11.4357019" />
      <trkpt lat="46.0286396" lon="11.4357978" />
      <trkpt lat="46.0286786" lon="11.4358818" />
      <trkpt lat="46.0288013" lon="11.4361524" />
      <trkpt lat="46.0288718" lon="11.4363626" />
      <trkpt lat="46.0288970" lon="11.4365761" />
      <trkpt lat="46.0289082" lon="11.4367181" />
      <trkpt lat="46.0289455" lon="11.4368306" />
      <trkpt lat="46.0289843" lon="11.4370500" />
      <trkpt lat="46.0289834" lon="11.4370943" />
      <trkpt lat="46.0289924" lon="11.4371367" />
      <trkpt lat="46.0290105" lon="11.4371726" />
      <trkpt lat="46.0290357" lon="11.4371981" />
      <trkpt lat="46.0291450" lon="11.4373288" />
      <trkpt lat="46.0291783" lon="11.4374001" />
      <trkpt lat="46.0291992" lon="11.4374806" />
      <trkpt lat="46.0292065" lon="11.4375659" />
      <trkpt lat="46.0292012" lon="11.4377265" />
      <trkpt lat="46.0292027" lon="11.4377441" />
      <trkpt lat="46.0292079" lon="11.4377601" />
      <trkpt lat="46.0292163" lon="11.4377730" />
      <trkpt lat="46.0292271" lon="11.4377814" />
      <trkpt lat="46.0292392" lon="11.4377846" />
      <trkpt lat="46.0292514" lon="11.4377821" />
      <trkpt lat="46.0292624" lon="11.4377743" />
      <trkpt lat="46.0292712" lon="11.4377620" />
      <trkpt lat="46.0292769" lon="11.4377463" />
      <trkpt lat="46.0292789" lon="11.4377288" />
      <trkpt lat="46.0292768" lon="11.4376035" />
      <trkpt lat="46.0292919" lon="11.4374076" />
      <trkpt lat="46.0292878" lon="11.4372580" />
      <trkpt lat="46.0292728" lon="11.4372047" />
      <trkpt lat="46.0292690" lon="11.4371474" />
      <trkpt lat="46.0292767" lon="11.4370909" />
      <trkpt lat="46.0292954" lon="11.4370400" />
      <trkpt lat="46.0293233" lon="11.4369989" />
      <trkpt lat="46.0293823" lon="11.4369224" />
      <trkpt lat="46.0294262" lon="11.4368271" />
      <trkpt lat="46.0294459" lon="11.4367172" />
      <trkpt lat="46.0294604" lon="11.4366270" />
      <trkpt lat="46.0294849" lon="11.4365381" />
      <trkpt lat="46.0295607" lon="11.4362498" />
      <trkpt lat="46.0296567" lon="11.4358207" />
      <trkpt lat="46.0296819" lon="11.4355096" />
      <trkpt lat="46.0297115" lon="11.4351718" />
      <trkpt lat="46.0297770" lon="11.4350019" />
      <trkpt lat="46.0298238" lon="11.4347940" />
      <trkpt lat="46.0298434" lon="11.4347129" />
      <trkpt lat="46.0298883" lon="11.4346199" />
      <trkpt lat="46.0299214" lon="11.4345721" />
      <trkpt lat="46.0300070" lon="11.4344836" />
      <trkpt lat="46.0300671" lon="11.4344135" />
      <trkpt lat="46.0300930" lon="11.4343216" />
      <trkpt lat="46.0300966" lon="11.4343025" />
      <trkpt lat="46.0301042" lon="11.4342860" />
      <trkpt lat="46.0301150" lon="11.4342737" />
      <trkpt lat="46.0301279" lon="11.4342669" />
      <trkpt lat="46.0301417" lon="11.4342664" />
      <trkpt lat="46.0301548" lon="11.4342720" />
      <trkpt lat="46.0301661" lon="11.4342834" />
      <trkpt lat="46.0301743" lon="11.4342993" />
      <trkpt lat="46.0301787" lon="11.4343181" />
      <trkpt lat="46.0301497" lon="11.4345464" />
      <trkpt lat="46.0301211" lon="11.4346692" />
      <trkpt lat="46.0300986" lon="11.4347822" />
      <trkpt lat="46.0301000" lon="11.4348437" />
      <trkpt lat="46.0301140" lon="11.4349019" />
      <trkpt lat="46.0301394" lon="11.4349514" />
      <trkpt lat="46.0301738" lon="11.4349879" />
      <trkpt lat="46.0302208" lon="11.4350916" />
      <trkpt lat="46.0302839" lon="11.4352945" />
      <trkpt lat="46.0304114" lon="11.4356618" />
      <trkpt lat="46.0305443" lon="11.4361539" />
      <trkpt lat="46.0306097" lon="11.4364249" />
      <trkpt lat="46.0306347" lon="11.4366594" />
      <trkpt lat="46.0306763" lon="11.4368565" />
      <trkpt lat="46.0306869" lon="11.4368804" />
      <trkpt lat="46.0307023" lon="11.4368979" />
      <trkpt lat="46.0307209" lon="11.4369069" />
      <trkpt lat="46.0307405" lon="11.4369066" />
      <trkpt lat="46.0307590" lon="11.4368970" />
      <trkpt lat="46.0307741" lon="11.4368790" />
      <trkpt lat="46.0307843" lon="11.4368549" />
      <trkpt lat="46.0308120" lon="11.4367357" />
      <trkpt lat="46.0308493" lon="11.4365741" />
      <trkpt lat="46.0309144" lon="11.4364098" />
      <trkpt lat="46.0309520" lon="11.4362428" />
      <trkpt lat="46.0309575" lon="11.4362210" />
      <trkpt lat="46.0309677" lon="11.4362031" />
      <trkpt lat="46.0309813" lon="11.4361909" />
      <trkpt lat="46.0309970" lon="11.4361859" />
      <trkpt lat="46.0310129" lon="11.4361885" />
      <trkpt lat="46.0310274" lon="11.4361984" />
      <trkpt lat="46.0310388" lon="11.4362147" />
      <trkpt lat="46.0310459" lon="11.4362354" />
      <trkpt lat="46.0310479" lon="11.4362584" />
      <trkpt lat="46.0310795" lon="11.4364238" />
      <trkpt lat="46.0312237" lon="11.4368103" />
      <trkpt lat="46.0313739" lon="11.4371671" />
      <trkpt lat="46.0314333" lon="11.4374216" />
      <trkpt lat="46.0314546" lon="11.4375199" />
      <trkpt lat="46.0315467" lon="11.4377233" />
      <trkpt lat="46.0316025" lon="11.4378058" />
      <trkpt lat="46.0316300" lon="11.4378925" />
      <trkpt lat="46.0316401" lon="11.4380267" />
      <trkpt lat="46.0316421" lon="11.4381030" />
      <trkpt lat="46.0316638" lon="11.4382283" />
      <trkpt lat="46.0316993" lon="11.4383457" />
      <trkpt lat="46.0317817" lon="11.4385129" />
      <trkpt lat="46.0318391" lon="11.4385813" />
      <trkpt lat="46.0318815" lon="11.4386696" />
      <trkpt lat="46.0319057" lon="11.4387711" />
      <trkpt lat="46.0319074" lon="11.4388600" />
      <trkpt lat="46.0319260" lon="11.4389448" />
      <trkpt lat="46.0319600" lon="11.4390190" />
      <trkpt lat="46.0320215" lon="11.4391051" />
      <trkpt lat="46.0321416" lon="11.4393083" />
      <trkpt lat="46.0322467" lon="11.4395387" />
      <trkpt lat="46.0323581" lon="11.4397363" />
      <trkpt lat="46.0324522" lon="11.4399512" />
      <trkpt lat="46.0324671" lon="11.4400525" />
      <trkpt lat="46.0324738" lon="11.4401556" />
      <trkpt lat="46.0324763" lon="11.4401765" />
      <trkpt lat="46.0324835" lon="11.4401949" />
      <trkpt lat="46.0324946" lon="11.4402086" />
      <trkpt lat="46.0325084" lon="11.4402161" />
      <trkpt lat="46.0325231" lon="11.4402165" />
      <trkpt lat="46.0325369" lon="11.4402096" />
      <trkpt lat="46.0325484" lon="11.4401964" />
      <trkpt lat="46.0325560" lon="11.4401784" />
      <trkpt lat="46.0325590" lon="11.4401577" />
      <trkpt lat="46.0325746" lon="11.4400005" />
      <trkpt lat="46.0326036" lon="11.4397968" />
      <trkpt lat="46.0326603" lon="11.4395211" />
      <trkpt lat="46.0326994" lon="11.4393660" />
      <trkpt lat="46.0327715" lon="11.4391851" />
      <trkpt lat="46.0328753" lon="11.4389570" />
      <trkpt lat="46.0329515" lon="11.4387632" />
      <trkpt lat="46.0329858" lon="11.4386680" />
      <trkpt lat="46.0329981" lon="11.4385909" />
      <trkpt lat="46.0330312" lon="11.4385530" />
      <trkpt lat="46.0330626" lon="11.4385322" />
      <trkpt lat="46.0331113" lon="11.4384743" />
      <trkpt lat="46.0331683" lon="11.4383817" />
      <trkpt lat="46.0331829" lon="11.4382922" />
      <trkpt lat="46.0331960" lon="11.4382522" />
      <trkpt lat="46.0332010" lon="11.4382347" />
      <trkpt lat="46.0332096" lon="11.4382205" />
      <trkpt lat="46.0332209" lon="11.4382109" />
      <trkpt lat="46.0332337" lon="11.4382069" />
      <trkpt lat="46.0332467" lon="11.4382090" />
      <trkpt lat="46.0332586" lon="11.4382169" />
      <trkpt lat="46.0332681" lon="11.4382299" />
      <trkpt lat="46.0332743" lon="11.4382465" />
      <trkpt lat="46.0332765" lon="11.4382651" />
      <trkpt lat="46.0332868" lon="11.4383120" />
      <trkpt lat="46.0332935" lon="11.4384351" />
      <trkpt lat="46.0332758" lon="11.4385866" />
      <trkpt lat="46.0332381" lon="11.4387156" />
      <trkpt lat="46.0332202" lon="11.4387730" />
      <trkpt lat="46.0332142" lon="11.4388638" />
      <trkpt lat="46.0332745" lon="11.4389818" />
      <trkpt lat="46.0333016" lon="11.4390884" />
      <trkpt lat="46.0333235" lon="11.4392673" />
      <trkpt lat="46.0333434" lon="11.4394555" />
      <trkpt lat="46.0333651" lon="11.4395704" />
      <trkpt lat="46.0333871" lon="11.4396550" />
      <trkpt lat="46.0334391" lon="11.4397738" />
      <trkpt lat="46.0334643" lon="11.4399095" />
      <trkpt lat="46.0334605" lon="11.4400499" />
      <trkpt lat="46.0334821" lon="11.4402392" />
      <trkpt lat="46.0335226" lon="11.4403489" />
      <trkpt lat="46.0335423" lon="11.4404699" />
      <trkpt lat="46.0335414" lon="11.4405702" />
      <trkpt lat="46.0335331" lon="11.4406286" />
      <trkpt lat="46.0335305" lon="11.4406543" />
      <trkpt lat="46.0335339" lon="11.4406799" />
      <trkpt lat="46.0335429" lon="11.4407024" />
      <trkpt lat="46.0335565" lon="11.4407196" />
      <trkpt lat="46.0335732" lon="11.4407293" />
      <trkpt lat="46.0335912" lon="11.4407307" />
      <trkpt lat="46.0336086" lon="11.4407235" />
      <trkpt lat="46.0336234" lon="11.4407086" />
      <trkpt lat="46.0336547" lon="11.4406016" />
      <trkpt lat="46.0337640" lon="11.4403883" />
      <trkpt lat="46.0338739" lon="11.4402227" />
      <trkpt lat="46.0340670" lon="11.4400371" />
      <trkpt lat="46.0341653" lon="11.4399794" />
      <trkpt lat="46.0343074" lon="11.4399414" />
      <trkpt lat="46.0344006" lon="11.4398815" />
      <trkpt lat="46.0344574" lon="11.4397990" />
      <trkpt lat="46.0344959" lon="11.4397610" />
      <trkpt lat="46.0345409" lon="11.4397438" />
      <trkpt lat="46.0345874" lon="11.4397492" />
      <trkpt lat="46.0346765" lon="11.4397590" />
      <trkpt lat="46.0347213" lon="11.4397720" />
      <trkpt lat="46.0347669" lon="11.4397664" />
      <trkpt lat="46.0348095" lon="11.4397425" />
      <trkpt lat="46.0348458" lon="11.4397023" />
      <trkpt lat="46.0348752" lon="11.4396314" />
      <trkpt lat="46.0348982" lon="11.4395933" />
      <trkpt lat="46.0349106" lon="11.4395777" />
      <trkpt lat="46.0349258" lon="11.4395685" />
      <trkpt lat="46.0349422" lon="11.4395667" />
      <trkpt lat="46.0349582" lon="11.4395724" />
      <trkpt lat="46.0349721" lon="11.4395852" />
      <trkpt lat="46.0349825" lon="11.4396036" />
      <trkpt lat="46.0349883" lon="11.4396258" />
      <trkpt lat="46.0350256" lon="11.4398578" />
      <trkpt lat="46.0350628" lon="11.4400604" />
      <trkpt lat="46.0350867" lon="11.4402975" />
      <trkpt lat="46.0351246" lon="11.4404940" />
      <trkpt lat="46.0351568" lon="11.4406923" />
      <trkpt lat="46.0351794" lon="11.4408712" />
      <trkpt lat="46.0351638" lon="11.4410968" />
      <trkpt lat="46.0351564" lon="11.4413013" />
      <trkpt lat="46.0351602" lon="11.4414115" />
      <trkpt lat="46.0351667" lon="11.4414811" />
      <trkpt lat="46.0351871" lon="11.4415448" />
      <trkpt lat="46.0352195" lon="11.4415971" />
      <trkpt lat="46.0352469" lon="11.4416249" />
      <trkpt lat="46.0352789" lon="11.4416395" />
      <trkpt lat="46.0353124" lon="11.4416396" />
      <trkpt lat="46.0353443" lon="11.4416251" />
      <trkpt lat="46.0353938" lon="11.4415938" />
      <trkpt lat="46.0355199" lon="11.4415813" />
      <trkpt lat="46.0356652" lon="11.4416265" />
      <trkpt lat="46.0358588" lon="11.4417139" />
      <trkpt lat="46.0359982" lon="11.4417489" />
      <trkpt lat="46.0360844" lon="11.4417220" />
      <trkpt lat="46.0362136" lon="11.4417137" />
      <trkpt lat="46.0363188" lon="11.4417630" />
      <trkpt lat="46.0363924" lon="11.4417641" />
      <trkpt lat="46.0364872" lon="11.4417350" />
      <trkpt lat="46.0366029" lon="11.4416581" />
      <trkpt lat="46.0366441" lon="11.4416321" />
      <trkpt lat="46.0366889" lon="11.4416265" />
      <trkpt lat="46.0367326" lon="11.4416421" />
      <trkpt lat="46.0367704" lon="11.4416771" />
      <trkpt lat="46.0367984" lon="11.4417278" />
      <trkpt lat="46.0368368" lon="11.4418498" />
      <trkpt lat="46.0369135" lon="11.4419463" />
      <trkpt lat="46.0370158" lon="11.4420482" />
      <trkpt lat="46.0372265" lon="11.4422428" />
      <trkpt lat="46.0373613" lon="11.4424081" />
      <trkpt lat="46.0375359" lon="11.4426475" />
      <trkpt lat="46.0376033" lon="11.4427389" />
      <trkpt lat="46.0377326" lon="11.4430876" />
      <trkpt lat="46.0377822" lon="11.4433916" />
      <trkpt lat="46.0377988" lon="11.4436981" />
      <trkpt lat="46.0378947" lon="11.4439768" />
      <trkpt lat="46.0380005" lon="11.4443294" />
      <trkpt lat="46.0381583" lon="11.4446826" />
      <trkpt lat="46.0382921" lon="11.4448808" />
      <trkpt lat="46.0383990" lon="11.4450312" />
      <trkpt lat="46.0384796" lon="11.4451259" />
      <trkpt lat="46.0385943" lon="11.4452032" />
      <trkpt lat="46.0387246" lon="11.4453380" />
      <trkpt lat="46.0388014" lon="11.4453523" />
      <trkpt lat="46.0388621" lon="11.4453686" />
      <trkpt lat="46.0391115" lon="11.4454273" />
      <trkpt lat="46.0393021" lon="11.4455011" />
      <trkpt lat="46.0395424" lon="11.4455854" />
      <trkpt lat="46.0398237" lon="11.4457103" />
      <trkpt lat="46.0402206" lon="11.4458766" />
      <trkpt lat="46.0405316" lon="11.4460100" />
      <trkpt lat="46.0407755" lon="11.4460867" />
      <trkpt lat="46.0409827" lon="11.4462114" />
      <trkpt lat="46.0411698" lon="11.4463321" />
      <trkpt lat="46.0412189" lon="11.4463638" />
      <trkpt lat="46.0413920" lon="11.4464580" />
      <trkpt lat="46.0415425" lon="11.4466132" />
      <trkpt lat="46.0416602" lon="11.4468189" />
      <trkpt lat="46.0417798" lon="11.4470044" />
      <trkpt lat="46.0418723" lon="11.4471010" />
      <trkpt lat="46.0419536" lon="11.4471701" />
      <trkpt lat="46.0420449" lon="11.4472043" />
      <trkpt lat="46.0421800" lon="11.4472039" />
      <trkpt lat="46.0423136" lon="11.4472330" />
      <trkpt lat="46.0426561" lon="11.4473507" />
      <trkpt lat="46.0428829" lon="11.4474561" />
      <trkpt lat="46.0433729" lon="11.4476915" />
      <trkpt lat="46.0437411" lon="11.4477899" />
      <trkpt lat="46.0439370" lon="11.4477789" />
      <trkpt lat="46.0441285" lon="11.4477275" />
      <trkpt lat="46.0442900" lon="11.4476649" />
      <trkpt lat="46.0444569" lon="11.4475460" />
      <trkpt lat="46.0446155" lon="11.4474688" />
      <trkpt lat="46.0447063" lon="11.4474305" />
      <trkpt lat="46.0448023" lon="11.4474400" />
      <trkpt lat="46.0449181" lon="11.4474762" />
      <trkpt lat="46.0450444" lon="11.4475780" />
      <trkpt lat="46.0451345" lon="11.4477194" />
      <trkpt lat="46.0452496" lon="11.4479403" />
      <trkpt lat="46.0454043" lon="11.4481669" />
      <trkpt lat="46.0458810" lon="11.4487608" />
      <trkpt lat="46.0459265" lon="11.4488115" />
      <trkpt lat="46.0459862" lon="11.4488585" />
      <trkpt lat="46.0460192" lon="11.4488799" />
      <trkpt lat="46.0460551" lon="11.4488868" />
      <trkpt lat="46.0460909" lon="11.4488786" />
      <trkpt lat="46.0461236" lon="11.4488560" />
      <trkpt lat="46.0461505" lon="11.4488209" />
      <trkpt lat="46.0461742" lon="11.4487775" />
      <trkpt lat="46.0462624" lon="11.4485005" />
      <trkpt lat="46.0463514" lon="11.4481773" />
      <trkpt lat="46.0464331" lon="11.4478442" />
      <trkpt lat="46.0464615" lon="11.4475822" />
      <trkpt lat="46.0464657" lon="11.4474414" />
      <trkpt lat="46.0464761" lon="11.4470972" />
      <trkpt lat="46.0464787" lon="11.4467271" />
      <trkpt lat="46.0464722" lon="11.4464611" />
      <trkpt lat="46.0464409" lon="11.4462832" />
      <trkpt lat="46.0463686" lon="11.4460603" />
      <trkpt lat="46.0462634" lon="11.4458409" />
      <trkpt lat="46.0460642" lon="11.4456065" />
      <trkpt lat="46.0460058" lon="11.4454958" />
      <trkpt lat="46.0459547" lon="11.4453246" />
      <trkpt lat="46.0459263" lon="11.4451942" />
      <trkpt lat="46.0458937" lon="11.4449854" />
      <trkpt lat="46.0458725" lon="11.4440716" />
      <trkpt lat="46.0458594" lon="11.4439532" />
      <trkpt lat="46.0458435" lon="11.4438811" />
      <trkpt lat="46.0458229" lon="11.4438351" />
      <trkpt lat="46.0458030" lon="11.4438056" />
      <trkpt lat="46.0457728" lon="11.4437899" />
      <trkpt lat="46.0457006" lon="11.4437892" />
      <trkpt lat="46.0455776" lon="11.4437990" />
      <trkpt lat="46.0454380" lon="11.4438204" />
      <trkpt lat="46.0453232" lon="11.4438276" />
      <trkpt lat="46.0452164" lon="11.4438272" />
      <trkpt lat="46.0451202" lon="11.4438199" />
      <trkpt lat="46.0449021" lon="11.4437781" />
      <trkpt lat="46.0447825" lon="11.4437397" />
      <trkpt lat="46.0447584" lon="11.4437302" />
      <trkpt lat="46.0447374" lon="11.4437106" />
      <trkpt lat="46.0447215" lon="11.4436828" />
      <trkpt lat="46.0447085" lon="11.4436400" />
      <trkpt lat="46.0445151" lon="11.4430442" />
      <trkpt lat="46.0443594" lon="11.4426923" />
      <trkpt lat="46.0442056" lon="11.4423825" />
      <trkpt lat="46.0441505" lon="11.4422790" />
      <trkpt lat="46.0440721" lon="11.4421800" />
      <trkpt lat="46.0439801" lon="11.4421095" />
      <trkpt lat="46.0439204" lon="11.4420814" />
      <trkpt lat="46.0438385" lon="11.4420541" />
      <trkpt lat="46.0435016" lon="11.4419728" />
      <trkpt lat="46.0434720" lon="11.4419649" />
      <trkpt lat="46.0434458" lon="11.4419438" />
      <trkpt lat="46.0434191" lon="11.4419104" />
      <trkpt lat="46.0433733" lon="11.4418276" />
      <trkpt lat="46.0433245" lon="11.4417264" />
      <trkpt lat="46.0432936" lon="11.4416661" />
      <trkpt lat="46.0432656" lon="11.4416377" />
      <trkpt lat="46.0432326" lon="11.4416245" />
      <trkpt lat="46.0430341" lon="11.4416112" />
      <trkpt lat="46.0429975" lon="11.4416044" />
      <trkpt lat="46.0429642" lon="11.4415811" />
      <trkpt lat="46.0429379" lon="11.4415436" />
      <trkpt lat="46.0429023" lon="11.4414963" />
      <trkpt lat="46.0428432" lon="11.4414302" />
      <trkpt lat="46.0427924" lon="11.4413877" />
      <trkpt lat="46.0427002" lon="11.4413157" />
      <trkpt lat="46.0426549" lon="11.4412581" />
      <trkpt lat="46.0426218" lon="11.4411854" />
      <trkpt lat="46.0425430" lon="11.4408268" />
      <trkpt lat="46.0424881" lon="11.4405491" />
      <trkpt lat="46.0424748" lon="11.4403904" />
      <trkpt lat="46.0424827" lon="11.4402269" />
      <trkpt lat="46.0425488" lon="11.4399127" />
      <trkpt lat="46.0427118" lon="11.4394723" />
      <trkpt lat="46.0428776" lon="11.4388288" />
      <trkpt lat="46.0429988" lon="11.4385040" />
      <trkpt lat="46.0430665" lon="11.4383844" />
      <trkpt lat="46.0431609" lon="11.4382697" />
      <trkpt lat="46.0432133" lon="11.4382319" />
      <trkpt lat="46.0432451" lon="11.4382099" />
      <trkpt lat="46.0432707" lon="11.4381748" />
      <trkpt lat="46.0432875" lon="11.4381449" />
      <trkpt lat="46.0432939" lon="11.4380928" />
      <trkpt lat="46.0432936" lon="11.4380147" />
      <trkpt lat="46.0432789" lon="11.4378936" />
      <trkpt lat="46.0432450" lon="11.4377576" />
      <trkpt lat="46.0432159" lon="11.4376003" />
      <trkpt lat="46.0432184" lon="11.4373752" />
      <trkpt lat="46.0432649" lon="11.4371367" />
      <trkpt lat="46.0433143" lon="11.4369509" />
      <trkpt lat="46.0434592" lon="11.4364057" />
      <trkpt lat="46.0435740" lon="11.4359436" />
      <trkpt lat="46.0438742" lon="11.4344734" />
      <trkpt lat="46.0439268" lon="11.4340253" />
      <trkpt lat="46.0439228" lon="11.4338634" />
      <trkpt lat="46.0439148" lon="11.4336508" />
      <trkpt lat="46.0438760" lon="11.4333999" />
      <trkpt lat="46.0437994" lon="11.4330761" />
      <trkpt lat="46.0438131" lon="11.4328113" />
      <trkpt lat="46.0438665" lon="11.4324532" />
      <trkpt lat="46.0438913" lon="11.4320592" />
      <trkpt lat="46.0438445" lon="11.4316352" />
      <trkpt lat="46.0438338" lon="11.4311928" />
      <trkpt lat="46.0438468" lon="11.4311270" />
      <trkpt lat="46.0440425" lon="11.4304548" />
      <trkpt lat="46.0441152" lon="11.4302532" />
      <trkpt lat="46.0441635" lon="11.4301708" />
      <trkpt lat="46.0442318" lon="11.4301149" />
      <trkpt lat="46.0446851" lon="11.4299303" />
      <trkpt lat="46.0447574" lon="11.4299033" />
      <trkpt lat="46.0449907" lon="11.4298052" />
      <trkpt lat="46.0458591" lon="11.4294402" />
      <trkpt lat="46.0460300" lon="11.4293260" />
      <trkpt lat="46.0448247" lon="11.4264046" />
      <trkpt lat="46.0444904" lon="11.4256042" />
      <trkpt lat="46.0442603" lon="11.4250934" />
      <trkpt lat="46.0437109" lon="11.4238972" />
      <trkpt lat="46.0442603" lon="11.4250934" />
      <trkpt lat="46.0444904" lon="11.4256042" />
      <trkpt lat="46.0448247" lon="11.4264046" />
      <trkpt lat="46.0460300" lon="11.4293260" />
      <trkpt lat="46.0458591" lon="11.4294402" />
      <trkpt lat="46.0449907" lon="11.4298052" />
      <trkpt lat="46.0447574" lon="11.4299033" />
      <trkpt lat="46.0446851" lon="11.4299303" />
      <trkpt lat="46.0442318" lon="11.4301149" />
      <trkpt lat="46.0441635" lon="11.4301708" />
      <trkpt lat="46.0441152" lon="11.4302532" />
      <trkpt lat="46.0440425" lon="11.4304548" />
      <trkpt lat="46.0438468" lon="11.4311270" />
      <trkpt lat="46.0438338" lon="11.4311928" />
      <trkpt lat="46.0438445" lon="11.4316352" />
      <trkpt lat="46.0438913" lon="11.4320592" />
      <trkpt lat="46.0438665" lon="11.4324532" />
      <trkpt lat="46.0438131" lon="11.4328113" />
      <trkpt lat="46.0437994" lon="11.4330761" />
      <trkpt lat="46.0438760" lon="11.4333999" />
      <trkpt lat="46.0439148" lon="11.4336508" />
      <trkpt lat="46.0439228" lon="11.4338634" />
      <trkpt lat="46.0439268" lon="11.4340253" />
      <trkpt lat="46.0438742" lon="11.4344734" />
      <trkpt lat="46.0435740" lon="11.4359436" />
      <trkpt lat="46.0437684" lon="11.4359360" />
      <trkpt lat="46.0439756" lon="11.4359885" />
      <trkpt lat="46.0445296" lon="11.4362104" />
      <trkpt lat="46.0445625" lon="11.4362003" />
      <trkpt lat="46.0446527" lon="11.4359539" />
      <trkpt lat="46.0447516" lon="11.4359286" />
      <trkpt lat="46.0449073" lon="11.4360259" />
      <trkpt lat="46.0451812" lon="11.4362230" />
      <trkpt lat="46.0454382" lon="11.4364813" />
      <trkpt lat="46.0454936" lon="11.4365724" />
      <trkpt lat="46.0455186" lon="11.4366731" />
      <trkpt lat="46.0454896" lon="11.4367794" />
      <trkpt lat="46.0454411" lon="11.4369339" />
      <trkpt lat="46.0453798" lon="11.4370424" />
      <trkpt lat="46.0453535" lon="11.4371583" />
      <trkpt lat="46.0453528" lon="11.4373015" />
      <trkpt lat="46.0453874" lon="11.4374203" />
      <trkpt lat="46.0454441" lon="11.4375137" />
      <trkpt lat="46.0455115" lon="11.4375739" />
      <trkpt lat="46.0456175" lon="11.4376117" />
      <trkpt lat="46.0458622" lon="11.4375936" />
      <trkpt lat="46.0461103" lon="11.4375920" />
      <trkpt lat="46.0464471" lon="11.4376080" />
      <trkpt lat="46.0467419" lon="11.4377378" />
      <trkpt lat="46.0466224" lon="11.4375890" />
      <trkpt lat="46.0465019" lon="11.4374743" />
      <trkpt lat="46.0462923" lon="11.4372830" />
      <trkpt lat="46.0461981" lon="11.4371601" />
      <trkpt lat="46.0461242" lon="11.4370165" />
      <trkpt lat="46.0460580" lon="11.4367516" />
      <trkpt lat="46.0460411" lon="11.4365575" />
      <trkpt lat="46.0460362" lon="11.4360928" />
      <trkpt lat="46.0460293" lon="11.4357574" />
      <trkpt lat="46.0460058" lon="11.4354970" />
      <trkpt lat="46.0460211" lon="11.4353793" />
      <trkpt lat="46.0461368" lon="11.4341764" />
      <trkpt lat="46.0464281" lon="11.4318587" />
      <trkpt lat="46.0465729" lon="11.4307197" />
      <trkpt lat="46.0466352" lon="11.4298475" />
      <trkpt lat="46.0466426" lon="11.4294605" />
      <trkpt lat="46.0466438" lon="11.4290715" />
      <trkpt lat="46.0466316" lon="11.4287170" />
      <trkpt lat="46.0466071" lon="11.4283287" />
      <trkpt lat="46.0464658" lon="11.4274336" />
      <trkpt lat="46.0463497" lon="11.4269295" />
      <trkpt lat="46.0462531" lon="11.4265301" />
      <trkpt lat="46.0460244" lon="11.4257540" />
      <trkpt lat="46.0458503" lon="11.4253024" />
      <trkpt lat="46.0456362" lon="11.4248807" />
      <trkpt lat="46.0454786" lon="11.4245573" />
      <trkpt lat="46.0453622" lon="11.4243183" />
      <trkpt lat="46.0450860" lon="11.4238001" />
      <trkpt lat="46.0450488" lon="11.4237278" />
      <trkpt lat="46.0440569" lon="11.4218028" />
      <trkpt lat="46.0433011" lon="11.4203729" />
      <trkpt lat="46.0425221" lon="11.4189303" />
      <trkpt lat="46.0424634" lon="11.4186712" />
      <trkpt lat="46.0421673" lon="11.4180932" />
      <trkpt lat="46.0420729" lon="11.4178686" />
      <trkpt lat="46.0420625" lon="11.4177526" />
      <trkpt lat="46.0420822" lon="11.4176353" />
      <trkpt lat="46.0421232" lon="11.4175360" />
      <trkpt lat="46.0422795" lon="11.4173536" />
      <trkpt lat="46.0423950" lon="11.4172195" />
      <trkpt lat="46.0429379" lon="11.4166535" />
      <trkpt lat="46.0430135" lon="11.4165880" />
      <trkpt lat="46.0431089" lon="11.4167698" />
      <trkpt lat="46.0431527" lon="11.4169031" />
      <trkpt lat="46.0431978" lon="11.4170286" />
      <trkpt lat="46.0433264" lon="11.4172342" />
      <trkpt lat="46.0434040" lon="11.4173564" />
      <trkpt lat="46.0435007" lon="11.4174418" />
      <trkpt lat="46.0435828" lon="11.4174852" />
      <trkpt lat="46.0436939" lon="11.4175912" />
      <trkpt lat="46.0439661" lon="11.4179456" />
      <trkpt lat="46.0440178" lon="11.4180826" />
      <trkpt lat="46.0439383" lon="11.4185140" />
      <trkpt lat="46.0439001" lon="11.4187217" />
      <trkpt lat="46.0438974" lon="11.4188504" />
      <trkpt lat="46.0439249" lon="11.4189581" />
      <trkpt lat="46.0439691" lon="11.4190319" />
      <trkpt lat="46.0440432" lon="11.4190907" />
      <trkpt lat="46.0441575" lon="11.4191143" />
      <trkpt lat="46.0442569" lon="11.4190733" />
      <trkpt lat="46.0443439" lon="11.4190224" />
      <trkpt lat="46.0444906" lon="11.4188540" />
      <trkpt lat="46.0445185" lon="11.4187999" />
      <trkpt lat="46.0445587" lon="11.4187221" />
      <trkpt lat="46.0446152" lon="11.4185963" />
      <trkpt lat="46.0446825" lon="11.4185458" />
      <trkpt lat="46.0447752" lon="11.4185593" />
      <trkpt lat="46.0450073" lon="11.4186966" />
      <trkpt lat="46.0451988" lon="11.4188343" />
      <trkpt lat="46.0453795" lon="11.4189416" />
      <trkpt lat="46.0454645" lon="11.4189847" />
      <trkpt lat="46.0455442" lon="11.4190111" />
      <trkpt lat="46.0456646" lon="11.4190571" />
      <trkpt lat="46.0457296" lon="11.4191135" />
      <trkpt lat="46.0459390" lon="11.4192934" />
      <trkpt lat="46.0461373" lon="11.4195168" />
      <trkpt lat="46.0463367" lon="11.4196906" />
      <trkpt lat="46.0466584" lon="11.4198922" />
      <trkpt lat="46.0468679" lon="11.4200779" />
      <trkpt lat="46.0469495" lon="11.4200839" />
      <trkpt lat="46.0469771" lon="11.4201637" />
      <trkpt lat="46.0470194" lon="11.4202445" />
      <trkpt lat="46.0471074" lon="11.4203579" />
      <trkpt lat="46.0472408" lon="11.4204751" />
      <trkpt lat="46.0474861" lon="11.4206325" />
      <trkpt lat="46.0477292" lon="11.4207669" />
      <trkpt lat="46.0489231" lon="11.4216041" />
      <trkpt lat="46.0486106" lon="11.4228703" />
      <trkpt lat="46.0485001" lon="11.4232164" />
      <trkpt lat="46.0478793" lon="11.4250351" />
      <trkpt lat="46.0477600" lon="11.4253764" />
      <trkpt lat="46.0469480" lon="11.4244468" />
      <trkpt lat="46.0463715" lon="11.4238522" />
      <trkpt lat="46.0460427" lon="11.4234576" />
      <trkpt lat="46.0455860" lon="11.4229140" />
      <trkpt lat="46.0448909" lon="11.4221130" />
      <trkpt lat="46.0444193" lon="11.4216266" />
      <trkpt lat="46.0441115" lon="11.4213262" />
      <trkpt lat="46.0444193" lon="11.4216266" />
      <trkpt lat="46.0448909" lon="11.4221130" />
      <trkpt lat="46.0455860" lon="11.4229140" />
      <trkpt lat="46.0460427" lon="11.4234576" />
      <trkpt lat="46.0463715" lon="11.4238522" />
      <trkpt lat="46.0469480" lon="11.4244468" />
      <trkpt lat="46.0477600" lon="11.4253764" />
      <trkpt lat="46.0478793" lon="11.4250351" />
      <trkpt lat="46.0485001" lon="11.4232164" />
      <trkpt lat="46.0486106" lon="11.4228703" />
      <trkpt lat="46.0489231" lon="11.4216041" />
      <trkpt lat="46.0477292" lon="11.4207669" />
      <trkpt lat="46.0474861" lon="11.4206325" />
      <trkpt lat="46.0472408" lon="11.4204751" />
      <trkpt lat="46.0471074" lon="11.4203579" />
      <trkpt lat="46.0470194" lon="11.4202445" />
      <trkpt lat="46.0469771" lon="11.4201637" />
      <trkpt lat="46.0469495" lon="11.4200839" />
      <trkpt lat="46.0468272" lon="11.4201876" />
      <trkpt lat="46.0467098" lon="11.4203516" />
      <trkpt lat="46.0468272" lon="11.4201876" />
      <trkpt lat="46.0469495" lon="11.4200839" />
      <trkpt lat="46.0469771" lon="11.4201637" />
      <trkpt lat="46.0470194" lon="11.4202445" />
      <trkpt lat="46.0471074" lon="11.4203579" />
      <trkpt lat="46.0472408" lon="11.4204751" />
      <trkpt lat="46.0474861" lon="11.4206325" />
      <trkpt lat="46.0477292" lon="11.4207669" />
      <trkpt lat="46.0489231" lon="11.4216041" />
      <trkpt lat="46.0489679" lon="11.4216436" />
      <trkpt lat="46.0491702" lon="11.4217365" />
      <trkpt lat="46.0496200" lon="11.4219428" />
      <trkpt lat="46.0500031" lon="11.4220643" />
      <trkpt lat="46.0502715" lon="11.4221060" />
      <trkpt lat="46.0504673" lon="11.4221039" />
      <trkpt lat="46.0505523" lon="11.4221063" />
      <trkpt lat="46.0506013" lon="11.4221077" />
      <trkpt lat="46.0509823" lon="11.4220796" />
      <trkpt lat="46.0514388" lon="11.4220389" />
      <trkpt lat="46.0516470" lon="11.4220641" />
      <trkpt lat="46.0521032" lon="11.4222020" />
      <trkpt lat="46.0520982" lon="11.4221516" />
      <trkpt lat="46.0520029" lon="11.4211877" />
      <trkpt lat="46.0519648" lon="11.4204031" />
      <trkpt lat="46.0519259" lon="11.4198398" />
      <trkpt lat="46.0519357" lon="11.4194763" />
      <trkpt lat="46.0521221" lon="11.4186138" />
      <trkpt lat="46.0523785" lon="11.4175426" />
      <trkpt lat="46.0523914" lon="11.4174858" />
      <trkpt lat="46.0524757" lon="11.4170799" />
      <trkpt lat="46.0525143" lon="11.4164767" />
      <trkpt lat="46.0525111" lon="11.4163869" />
      <trkpt lat="46.0524748" lon="11.4159888" />
      <trkpt lat="46.0524150" lon="11.4152981" />
      <trkpt lat="46.0523763" lon="11.4148287" />
      <trkpt lat="46.0523643" lon="11.4145978" />
      <trkpt lat="46.0523680" lon="11.4144359" />
      <trkpt lat="46.0523581" lon="11.4143591" />
      <trkpt lat="46.0523461" lon="11.4143017" />
      <trkpt lat="46.0523405" lon="11.4142384" />
      <trkpt lat="46.0523370" lon="11.4141780" />
      <trkpt lat="46.0524301" lon="11.4140511" />
      <trkpt lat="46.0525295" lon="11.4139235" />
      <trkpt lat="46.0525551" lon="11.4138685" />
      <trkpt lat="46.0526566" lon="11.4136868" />
      <trkpt lat="46.0527254" lon="11.4135570" />
      <trkpt lat="46.0527581" lon="11.4134839" />
      <trkpt lat="46.0528171" lon="11.4133966" />
      <trkpt lat="46.0529382" lon="11.4131984" />
      <trkpt lat="46.0529988" lon="11.4131064" />
      <trkpt lat="46.0530627" lon="11.4130167" />
      <trkpt lat="46.0530889" lon="11.4129766" />
      <trkpt lat="46.0531505" lon="11.4129114" />
      <trkpt lat="46.0531763" lon="11.4129508" />
      <trkpt lat="46.0533136" lon="11.4131076" />
      <trkpt lat="46.0533939" lon="11.4131971" />
      <trkpt lat="46.0534187" lon="11.4132207" />
      <trkpt lat="46.0534475" lon="11.4132310" />
      <trkpt lat="46.0534770" lon="11.4132270" />
      <trkpt lat="46.0535040" lon="11.4132091" />
      <trkpt lat="46.0535409" lon="11.4131711" />
      <trkpt lat="46.0535842" lon="11.4131519" />
      <trkpt lat="46.0536047" lon="11.4131427" />
      <trkpt lat="46.0536261" lon="11.4131438" />
      <trkpt lat="46.0536460" lon="11.4131551" />
      <trkpt lat="46.0536554" lon="11.4131605" />
      <trkpt lat="46.0536654" lon="11.4131617" />
      <trkpt lat="46.0536753" lon="11.4131585" />
      <trkpt lat="46.0536840" lon="11.4131511" />
      <trkpt lat="46.0536908" lon="11.4131404" />
      <trkpt lat="46.0537228" lon="11.4130345" />
      <trkpt lat="46.0538023" lon="11.4127356" />
      <trkpt lat="46.0538409" lon="11.4128475" />
      <trkpt lat="46.0538464" lon="11.4128599" />
      <trkpt lat="46.0538511" lon="11.4128753" />
      <trkpt lat="46.0538677" lon="11.4130399" />
      <trkpt lat="46.0538703" lon="11.4131719" />
      <trkpt lat="46.0538735" lon="11.4133622" />
      <trkpt lat="46.0538671" lon="11.4138044" />
      <trkpt lat="46.0538740" lon="11.4140041" />
      <trkpt lat="46.0539145" lon="11.4141578" />
      <trkpt lat="46.0539814" lon="11.4143308" />
      <trkpt lat="46.0540643" lon="11.4144425" />
      <trkpt lat="46.0541050" lon="11.4144853" />
      <trkpt lat="46.0541523" lon="11.4145104" />
      <trkpt lat="46.0542025" lon="11.4145160" />
      <trkpt lat="46.0543147" lon="11.4146313" />
      <trkpt lat="46.0544050" lon="11.4147909" />
      <trkpt lat="46.0544599" lon="11.4149062" />
      <trkpt lat="46.0545353" lon="11.4150846" />
      <trkpt lat="46.0546041" lon="11.4152103" />
      <trkpt lat="46.0546851" lon="11.4153099" />
      <trkpt lat="46.0547503" lon="11.4154628" />
      <trkpt lat="46.0547968" lon="11.4156398" />
      <trkpt lat="46.0548694" lon="11.4157927" />
      <trkpt lat="46.0549420" lon="11.4160180" />
      <trkpt lat="46.0549736" lon="11.4161950" />
      <trkpt lat="46.0550016" lon="11.4163238" />
      <trkpt lat="46.0550574" lon="11.4164928" />
      <trkpt lat="46.0550909" lon="11.4165705" />
      <trkpt lat="46.0551337" lon="11.4166296" />
      <trkpt lat="46.0551505" lon="11.4167154" />
      <trkpt lat="46.0551672" lon="11.4168361" />
      <trkpt lat="46.0551821" lon="11.4169192" />
      <trkpt lat="46.0552026" lon="11.4169782" />
      <trkpt lat="46.0552324" lon="11.4169809" />
      <trkpt lat="46.0552677" lon="11.4169568" />
      <trkpt lat="46.0552808" lon="11.4169729" />
      <trkpt lat="46.0552849" lon="11.4169956" />
      <trkpt lat="46.0552836" lon="11.4170466" />
      <trkpt lat="46.0552742" lon="11.4171258" />
      <trkpt lat="46.0552538" lon="11.4171928" />
      <trkpt lat="46.0552379" lon="11.4172250" />
      <trkpt lat="46.0552379" lon="11.4172746" />
      <trkpt lat="46.0552547" lon="11.4173055" />
      <trkpt lat="46.0552621" lon="11.4173900" />
      <trkpt lat="46.0552836" lon="11.4175455" />
      <trkpt lat="46.0552621" lon="11.4173900" />
      <trkpt lat="46.0552547" lon="11.4173055" />
      <trkpt lat="46.0552379" lon="11.4172746" />
      <trkpt lat="46.0552379" lon="11.4172250" />
      <trkpt lat="46.0552538" lon="11.4171928" />
      <trkpt lat="46.0552742" lon="11.4171258" />
      <trkpt lat="46.0552836" lon="11.4170466" />
      <trkpt lat="46.0552849" lon="11.4169956" />
      <trkpt lat="46.0552808" lon="11.4169729" />
      <trkpt lat="46.0552677" lon="11.4169568" />
      <trkpt lat="46.0552324" lon="11.4169809" />
      <trkpt lat="46.0552026" lon="11.4169782" />
      <trkpt lat="46.0551821" lon="11.4169192" />
      <trkpt lat="46.0551672" lon="11.4168361" />
      <trkpt lat="46.0551505" lon="11.4167154" />
      <trkpt lat="46.0551337" lon="11.4166296" />
      <trkpt lat="46.0550909" lon="11.4165705" />
      <trkpt lat="46.0550574" lon="11.4164928" />
      <trkpt lat="46.0550016" lon="11.4163238" />
      <trkpt lat="46.0549736" lon="11.4161950" />
      <trkpt lat="46.0549420" lon="11.4160180" />
      <trkpt lat="46.0548694" lon="11.4157927" />
      <trkpt lat="46.0547968" lon="11.4156398" />
      <trkpt lat="46.0547503" lon="11.4154628" />
      <trkpt lat="46.0546851" lon="11.4153099" />
      <trkpt lat="46.0546041" lon="11.4152103" />
      <trkpt lat="46.0545353" lon="11.4150846" />
      <trkpt lat="46.0544599" lon="11.4149062" />
      <trkpt lat="46.0544050" lon="11.4147909" />
      <trkpt lat="46.0543147" lon="11.4146313" />
      <trkpt lat="46.0542025" lon="11.4145160" />
      <trkpt lat="46.0542702" lon="11.4144894" />
      <trkpt lat="46.0542876" lon="11.4144788" />
      <trkpt lat="46.0543023" lon="11.4144616" />
      <trkpt lat="46.0543129" lon="11.4144391" />
      <trkpt lat="46.0543186" lon="11.4144131" />
      <trkpt lat="46.0543553" lon="11.4142175" />
      <trkpt lat="46.0544407" lon="11.4138709" />
      <trkpt lat="46.0544554" lon="11.4137645" />
      <trkpt lat="46.0544660" lon="11.4135627" />
      <trkpt lat="46.0545005" lon="11.4133248" />
      <trkpt lat="46.0546034" lon="11.4130362" />
      <trkpt lat="46.0547334" lon="11.4127658" />
      <trkpt lat="46.0549448" lon="11.4123941" />
      <trkpt lat="46.0550767" lon="11.4122339" />
      <trkpt lat="46.0551896" lon="11.4121556" />
      <trkpt lat="46.0552761" lon="11.4121006" />
      <trkpt lat="46.0554325" lon="11.4119960" />
      <trkpt lat="46.0555106" lon="11.4119464" />
      <trkpt lat="46.0556540" lon="11.4118901" />
      <trkpt lat="46.0557321" lon="11.4118673" />
      <trkpt lat="46.0558047" lon="11.4118471" />
      <trkpt lat="46.0559406" lon="11.4118083" />
      <trkpt lat="46.0560830" lon="11.4118311" />
      <trkpt lat="46.0561602" lon="11.4119035" />
      <trkpt lat="46.0562095" lon="11.4119504" />
      <trkpt lat="46.0562310" lon="11.4120215" />
      <trkpt lat="46.0562449" lon="11.4121047" />
      <trkpt lat="46.0562580" lon="11.4122213" />
      <trkpt lat="46.0562505" lon="11.4124024" />
      <trkpt lat="46.0562403" lon="11.4125673" />
      <trkpt lat="46.0562663" lon="11.4127041" />
      <trkpt lat="46.0562868" lon="11.4127980" />
      <trkpt lat="46.0563064" lon="11.4128503" />
      <trkpt lat="46.0563194" lon="11.4128543" />
      <trkpt lat="46.0563343" lon="11.4128275" />
      <trkpt lat="46.0563626" lon="11.4127634" />
      <trkpt lat="46.0563588" lon="11.4127996" />
      <trkpt lat="46.0563463" lon="11.4129169" />
      <trkpt lat="46.0563136" lon="11.4132554" />
      <trkpt lat="46.0562450" lon="11.4138353" />
      <trkpt lat="46.0562321" lon="11.4140928" />
      <trkpt lat="46.0562432" lon="11.4142455" />
      <trkpt lat="46.0563022" lon="11.4145875" />
      <trkpt lat="46.0563198" lon="11.4147627" />
      <trkpt lat="46.0563166" lon="11.4148781" />
      <trkpt lat="46.0563149" lon="11.4149409" />
      <trkpt lat="46.0562899" lon="11.4154792" />
      <trkpt lat="46.0562873" lon="11.4155652" />
      <trkpt lat="46.0562788" lon="11.4158397" />
      <trkpt lat="46.0563174" lon="11.4160106" />
      <trkpt lat="46.0564279" lon="11.4162873" />
      <trkpt lat="46.0565009" lon="11.4164646" />
      <trkpt lat="46.0565484" lon="11.4165802" />
      <trkpt lat="46.0566786" lon="11.4168545" />
      <trkpt lat="46.0568389" lon="11.4171634" />
      <trkpt lat="46.0569090" lon="11.4172616" />
      <trkpt lat="46.0569531" lon="11.4173972" />
      <trkpt lat="46.0570132" lon="11.4174925" />
      <trkpt lat="46.0571093" lon="11.4176224" />
      <trkpt lat="46.0574719" lon="11.4179168" />
      <trkpt lat="46.0574882" lon="11.4179306" />
      <trkpt lat="46.0575233" lon="11.4179865" />
      <trkpt lat="46.0575432" lon="11.4180176" />
      <trkpt lat="46.0575553" lon="11.4180471" />
      <trkpt lat="46.0575516" lon="11.4180565" />
      <trkpt lat="46.0575260" lon="11.4180585" />
      <trkpt lat="46.0574971" lon="11.4180625" />
      <trkpt lat="46.0574646" lon="11.4180692" />
      <trkpt lat="46.0574245" lon="11.4180773" />
      <trkpt lat="46.0573780" lon="11.4180880" />
      <trkpt lat="46.0573254" lon="11.4180994" />
      <trkpt lat="46.0572845" lon="11.4181168" />
      <trkpt lat="46.0572407" lon="11.4181329" />
      <trkpt lat="46.0571775" lon="11.4181517" />
      <trkpt lat="46.0571300" lon="11.4181691" />
      <trkpt lat="46.0571095" lon="11.4181986" />
      <trkpt lat="46.0570844" lon="11.4182308" />
      <trkpt lat="46.0570397" lon="11.4182617" />
      <trkpt lat="46.0569950" lon="11.4182939" />
      <trkpt lat="46.0569401" lon="11.4183328" />
      <trkpt lat="46.0569076" lon="11.4183515" />
      <trkpt lat="46.0568564" lon="11.4183784" />
      <trkpt lat="46.0568164" lon="11.4184012" />
      <trkpt lat="46.0567847" lon="11.4184307" />
      <trkpt lat="46.0567698" lon="11.4184722" />
      <trkpt lat="46.0567689" lon="11.4185084" />
      <trkpt lat="46.0567531" lon="11.4185499" />
      <trkpt lat="46.0568237" lon="11.4185497" />
      <trkpt lat="46.0570586" lon="11.4185478" />
      <trkpt lat="46.0572401" lon="11.4185951" />
      <trkpt lat="46.0573754" lon="11.4186583" />
      <trkpt lat="46.0575091" lon="11.4188735" />
      <trkpt lat="46.0575693" lon="11.4190644" />
      <trkpt lat="46.0575821" lon="11.4192563" />
      <trkpt lat="46.0575768" lon="11.4195398" />
      <trkpt lat="46.0575320" lon="11.4197614" />
      <trkpt lat="46.0575416" lon="11.4197902" />
      <trkpt lat="46.0576045" lon="11.4198228" />
      <trkpt lat="46.0576751" lon="11.4198446" />
      <trkpt lat="46.0577204" lon="11.4198228" />
      <trkpt lat="46.0577581" lon="11.4197430" />
      <trkpt lat="46.0578010" lon="11.4197357" />
      <trkpt lat="46.0578966" lon="11.4198264" />
      <trkpt lat="46.0579747" lon="11.4198518" />
      <trkpt lat="46.0581269" lon="11.4197932" />
      <trkpt lat="46.0581530" lon="11.4198683" />
      <trkpt lat="46.0581714" lon="11.4199394" />
      <trkpt lat="46.0581714" lon="11.4200896" />
      <trkpt lat="46.0581100" lon="11.4202452" />
      <trkpt lat="46.0580764" lon="11.4205134" />
      <trkpt lat="46.0580727" lon="11.4207065" />
      <trkpt lat="46.0581137" lon="11.4208379" />
      <trkpt lat="46.0582477" lon="11.4210176" />
      <trkpt lat="46.0583463" lon="11.4211383" />
      <trkpt lat="46.0585585" lon="11.4213771" />
      <trkpt lat="46.0587158" lon="11.4215581" />
      <trkpt lat="46.0587912" lon="11.4216627" />
      <trkpt lat="46.0588982" lon="11.4217351" />
      <trkpt lat="46.0590825" lon="11.4217633" />
      <trkpt lat="46.0591513" lon="11.4217553" />
      <trkpt lat="46.0592900" lon="11.4217499" />
      <trkpt lat="46.0593644" lon="11.4218545" />
      <trkpt lat="46.0595268" lon="11.4220979" />
      <trkpt lat="46.0595868" lon="11.4221837" />
      <trkpt lat="46.0596115" lon="11.4222287" />
      <trkpt lat="46.0596548" lon="11.4223587" />
      <trkpt lat="46.0596827" lon="11.4224687" />
      <trkpt lat="46.0597367" lon="11.4224929" />
      <trkpt lat="46.0598037" lon="11.4225009" />
      <trkpt lat="46.0598580" lon="11.4224573" />
      <trkpt lat="46.0598856" lon="11.4224776" />
      <trkpt lat="46.0600503" lon="11.4225481" />
      <trkpt lat="46.0601657" lon="11.4226100" />
      <trkpt lat="46.0602250" lon="11.4226866" />
      <trkpt lat="46.0602707" lon="11.4227898" />
      <trkpt lat="46.0602799" lon="11.4229402" />
      <trkpt lat="46.0602668" lon="11.4231972" />
      <trkpt lat="46.0602234" lon="11.4237223" />
      <trkpt lat="46.0602147" lon="11.4239614" />
      <trkpt lat="46.0602191" lon="11.4241702" />
      <trkpt lat="46.0602387" lon="11.4245074" />
      <trkpt lat="46.0602392" lon="11.4247194" />
      <trkpt lat="46.0602487" lon="11.4249498" />
      <trkpt lat="46.0602478" lon="11.4250662" />
      <trkpt lat="46.0602147" lon="11.4252041" />
      <trkpt lat="46.0601841" lon="11.4253683" />
      <trkpt lat="46.0601456" lon="11.4255219" />
      <trkpt lat="46.0601124" lon="11.4256780" />
      <trkpt lat="46.0600798" lon="11.4258403" />
      <trkpt lat="46.0600920" lon="11.4259703" />
      <trkpt lat="46.0601206" lon="11.4260589" />
      <trkpt lat="46.0601557" lon="11.4261161" />
      <trkpt lat="46.0602062" lon="11.4261565" />
      <trkpt lat="46.0602682" lon="11.4261850" />
      <trkpt lat="46.0603264" lon="11.4261893" />
      <trkpt lat="46.0604228" lon="11.4261571" />
      <trkpt lat="46.0605528" lon="11.4261186" />
      <trkpt lat="46.0608278" lon="11.4260404" />
      <trkpt lat="46.0610362" lon="11.4259807" />
      <trkpt lat="46.0611444" lon="11.4259814" />
      <trkpt lat="46.0612526" lon="11.4259918" />
      <trkpt lat="46.0613623" lon="11.4260398" />
      <trkpt lat="46.0614206" lon="11.4260193" />
      <trkpt lat="46.0615497" lon="11.4260824" />
      <trkpt lat="46.0617316" lon="11.4262823" />
      <trkpt lat="46.0618444" lon="11.4264307" />
      <trkpt lat="46.0619251" lon="11.4265229" />
      <trkpt lat="46.0620068" lon="11.4265395" />
      <trkpt lat="46.0620721" lon="11.4265083" />
      <trkpt lat="46.0621138" lon="11.4264379" />
      <trkpt lat="46.0621230" lon="11.4262999" />
      <trkpt lat="46.0621107" lon="11.4261434" />
      <trkpt lat="46.0620813" lon="11.4260363" />
      <trkpt lat="46.0620320" lon="11.4259066" />
      <trkpt lat="46.0619593" lon="11.4257472" />
      <trkpt lat="46.0619147" lon="11.4256518" />
      <trkpt lat="46.0618267" lon="11.4255454" />
      <trkpt lat="46.0617006" lon="11.4254886" />
      <trkpt lat="46.0615449" lon="11.4254824" />
      <trkpt lat="46.0613842" lon="11.4254923" />
      <trkpt lat="46.0612448" lon="11.4254621" />
      <trkpt lat="46.0611020" lon="11.4253533" />
      <trkpt lat="46.0610531" lon="11.4252494" />
      <trkpt lat="46.0610057" lon="11.4251310" />
      <trkpt lat="46.0609860" lon="11.4249750" />
      <trkpt lat="46.0610096" lon="11.4248111" />
      <trkpt lat="46.0610669" lon="11.4246709" />
      <trkpt lat="46.0611696" lon="11.4244734" />
      <trkpt lat="46.0612934" lon="11.4241938" />
      <trkpt lat="46.0611696" lon="11.4244734" />
      <trkpt lat="46.0610669" lon="11.4246709" />
      <trkpt lat="46.0610096" lon="11.4248111" />
      <trkpt lat="46.0609860" lon="11.4249750" />
      <trkpt lat="46.0610057" lon="11.4251310" />
      <trkpt lat="46.0610531" lon="11.4252494" />
      <trkpt lat="46.0611020" lon="11.4253533" />
      <trkpt lat="46.0612448" lon="11.4254621" />
      <trkpt lat="46.0613842" lon="11.4254923" />
      <trkpt lat="46.0615449" lon="11.4254824" />
      <trkpt lat="46.0617006" lon="11.4254886" />
      <trkpt lat="46.0618267" lon="11.4255454" />
      <trkpt lat="46.0619147" lon="11.4256518" />
      <trkpt lat="46.0619593" lon="11.4257472" />
      <trkpt lat="46.0620320" lon="11.4259066" />
      <trkpt lat="46.0620813" lon="11.4260363" />
      <trkpt lat="46.0621107" lon="11.4261434" />
      <trkpt lat="46.0621230" lon="11.4262999" />
      <trkpt lat="46.0621138" lon="11.4264379" />
      <trkpt lat="46.0620721" lon="11.4265083" />
      <trkpt lat="46.0620068" lon="11.4265395" />
      <trkpt lat="46.0619251" lon="11.4265229" />
      <trkpt lat="46.0618444" lon="11.4264307" />
      <trkpt lat="46.0617316" lon="11.4262823" />
      <trkpt lat="46.0615497" lon="11.4260824" />
      <trkpt lat="46.0614206" lon="11.4260193" />
      <trkpt lat="46.0613623" lon="11.4260398" />
      <trkpt lat="46.0614963" lon="11.4261364" />
      <trkpt lat="46.0615845" lon="11.4262350" />
      <trkpt lat="46.0616618" lon="11.4263551" />
      <trkpt lat="46.0617473" lon="11.4265469" />
      <trkpt lat="46.0618933" lon="11.4269498" />
      <trkpt lat="46.0620375" lon="11.4272346" />
      <trkpt lat="46.0622054" lon="11.4274640" />
      <trkpt lat="46.0624229" lon="11.4277464" />
      <trkpt lat="46.0631768" lon="11.4286543" />
      <trkpt lat="46.0633723" lon="11.4290143" />
      <trkpt lat="46.0635525" lon="11.4293375" />
      <trkpt lat="46.0636962" lon="11.4296206" />
      <trkpt lat="46.0636207" lon="11.4297071" />
      <trkpt lat="46.0635343" lon="11.4296941" />
      <trkpt lat="46.0634299" lon="11.4296112" />
      <trkpt lat="46.0633597" lon="11.4294919" />
      <trkpt lat="46.0632698" lon="11.4291988" />
      <trkpt lat="46.0631474" lon="11.4289057" />
      <trkpt lat="46.0630340" lon="11.4287475" />
      <trkpt lat="46.0628919" lon="11.4286619" />
      <trkpt lat="46.0626615" lon="11.4284207" />
      <trkpt lat="46.0625139" lon="11.4282651" />
      <trkpt lat="46.0624204" lon="11.4282159" />
      <trkpt lat="46.0623880" lon="11.4282366" />
      <trkpt lat="46.0623934" lon="11.4283481" />
      <trkpt lat="46.0624618" lon="11.4284752" />
      <trkpt lat="46.0625229" lon="11.4285764" />
      <trkpt lat="46.0625463" lon="11.4286982" />
      <trkpt lat="46.0624996" lon="11.4288279" />
      <trkpt lat="46.0625463" lon="11.4286982" />
      <trkpt lat="46.0625229" lon="11.4285764" />
      <trkpt lat="46.0624618" lon="11.4284752" />
      <trkpt lat="46.0623934" lon="11.4283481" />
      <trkpt lat="46.0623880" lon="11.4282366" />
      <trkpt lat="46.0624204" lon="11.4282159" />
      <trkpt lat="46.0622107" lon="11.4281356" />
      <trkpt lat="46.0619346" lon="11.4279690" />
      <trkpt lat="46.0617031" lon="11.4277573" />
      <trkpt lat="46.0616116" lon="11.4276555" />
      <trkpt lat="46.0614885" lon="11.4275192" />
      <trkpt lat="46.0613644" lon="11.4273953" />
      <trkpt lat="46.0611496" lon="11.4272285" />
      <trkpt lat="46.0609647" lon="11.4271199" />
      <trkpt lat="46.0608423" lon="11.4270826" />
      <trkpt lat="46.0605337" lon="11.4270232" />
      <trkpt lat="46.0602959" lon="11.4269791" />
      <trkpt lat="46.0601652" lon="11.4269825" />
      <trkpt lat="46.0600521" lon="11.4270079" />
      <trkpt lat="46.0599626" lon="11.4270470" />
      <trkpt lat="46.0598990" lon="11.4270860" />
      <trkpt lat="46.0598613" lon="11.4271471" />
      <trkpt lat="46.0598625" lon="11.4272302" />
      <trkpt lat="46.0599014" lon="11.4272947" />
      <trkpt lat="46.0600003" lon="11.4273660" />
      <trkpt lat="46.0601098" lon="11.4274067" />
      <trkpt lat="46.0607280" lon="11.4276562" />
      <trkpt lat="46.0609414" lon="11.4278051" />
      <trkpt lat="46.0611415" lon="11.4281038" />
      <trkpt lat="46.0612791" lon="11.4283528" />
      <trkpt lat="46.0614167" lon="11.4285247" />
      <trkpt lat="46.0614792" lon="11.4286838" />
      <trkpt lat="46.0615396" lon="11.4288645" />
      <trkpt lat="46.0615458" lon="11.4289815" />
      <trkpt lat="46.0615660" lon="11.4291158" />
      <trkpt lat="46.0616038" lon="11.4293398" />
      <trkpt lat="46.0616504" lon="11.4294921" />
      <trkpt lat="46.0616604" lon="11.4295784" />
      <trkpt lat="46.0616616" lon="11.4296456" />
      <trkpt lat="46.0616541" lon="11.4297326" />
      <trkpt lat="46.0616602" lon="11.4298351" />
      <trkpt lat="46.0616634" lon="11.4299059" />
      <trkpt lat="46.0616969" lon="11.4299667" />
      <trkpt lat="46.0617351" lon="11.4300253" />
      <trkpt lat="46.0618117" lon="11.4300941" />
      <trkpt lat="46.0619993" lon="11.4303407" />
      <trkpt lat="46.0621211" lon="11.4305509" />
      <trkpt lat="46.0622566" lon="11.4308073" />
      <trkpt lat="46.0623494" lon="11.4310891" />
      <trkpt lat="46.0623996" lon="11.4313324" />
      <trkpt lat="46.0624262" lon="11.4314619" />
      <trkpt lat="46.0624745" lon="11.4316634" />
      <trkpt lat="46.0625086" lon="11.4318583" />
      <trkpt lat="46.0625458" lon="11.4320364" />
      <trkpt lat="46.0625810" lon="11.4321845" />
      <trkpt lat="46.0626258" lon="11.4324073" />
      <trkpt lat="46.0626394" lon="11.4325377" />
      <trkpt lat="46.0626493" lon="11.4327282" />
      <trkpt lat="46.0626627" lon="11.4328668" />
      <trkpt lat="46.0627020" lon="11.4330238" />
      <trkpt lat="46.0627237" lon="11.4331965" />
      <trkpt lat="46.0627395" lon="11.4334445" />
      <trkpt lat="46.0627170" lon="11.4334901" />
      <trkpt lat="46.0626668" lon="11.4340766" />
      <trkpt lat="46.0626526" lon="11.4342579" />
      <trkpt lat="46.0626512" lon="11.4346424" />
      <trkpt lat="46.0626555" lon="11.4348481" />
      <trkpt lat="46.0626395" lon="11.4349267" />
      <trkpt lat="46.0625973" lon="11.4350008" />
      <trkpt lat="46.0625501" lon="11.4350528" />
      <trkpt lat="46.0624820" lon="11.4350658" />
      <trkpt lat="46.0621168" lon="11.4350293" />
      <trkpt lat="46.0620237" lon="11.4350335" />
      <trkpt lat="46.0619356" lon="11.4351164" />
      <trkpt lat="46.0618882" lon="11.4351861" />
      <trkpt lat="46.0618310" lon="11.4352981" />
      <trkpt lat="46.0617881" lon="11.4353807" />
      <trkpt lat="46.0617765" lon="11.4355804" />
      <trkpt lat="46.0618015" lon="11.4358544" />
      <trkpt lat="46.0617912" lon="11.4360243" />
      <trkpt lat="46.0617590" lon="11.4361861" />
      <trkpt lat="46.0616965" lon="11.4362997" />
      <trkpt lat="46.0616521" lon="11.4363400" />
      <trkpt lat="46.0615960" lon="11.4363376" />
      <trkpt lat="46.0612929" lon="11.4362373" />
      <trkpt lat="46.0610655" lon="11.4361688" />
      <trkpt lat="46.0609866" lon="11.4361450" />
      <trkpt lat="46.0607796" lon="11.4361045" />
      <trkpt lat="46.0606676" lon="11.4361275" />
      <trkpt lat="46.0606239" lon="11.4361498" />
      <trkpt lat="46.0605597" lon="11.4362006" />
      <trkpt lat="46.0605233" lon="11.4362337" />
      <trkpt lat="46.0604928" lon="11.4362727" />
      <trkpt lat="46.0604763" lon="11.4363555" />
      <trkpt lat="46.0604789" lon="11.4365409" />
      <trkpt lat="46.0605196" lon="11.4367110" />
      <trkpt lat="46.0605996" lon="11.4368890" />
      <trkpt lat="46.0607015" lon="11.4370690" />
      <trkpt lat="46.0608584" lon="11.4372272" />
      <trkpt lat="46.0610354" lon="11.4373710" />
      <trkpt lat="46.0612074" lon="11.4375100" />
      <trkpt lat="46.0613793" lon="11.4376254" />
      <trkpt lat="46.0614174" lon="11.4376900" />
      <trkpt lat="46.0614133" lon="11.4377731" />
      <trkpt lat="46.0613982" lon="11.4378386" />
      <trkpt lat="46.0612754" lon="11.4380350" />
      <trkpt lat="46.0610544" lon="11.4383320" />
      <trkpt lat="46.0608182" lon="11.4388140" />
      <trkpt lat="46.0609075" lon="11.4384171" />
      <trkpt lat="46.0609974" lon="11.4381735" />
      <trkpt lat="46.0610563" lon="11.4379186" />
      <trkpt lat="46.0610334" lon="11.4378029" />
      <trkpt lat="46.0609286" lon="11.4377346" />
      <trkpt lat="46.0605651" lon="11.4377275" />
      <trkpt lat="46.0603932" lon="11.4376921" />
      <trkpt lat="46.0602213" lon="11.4375152" />
      <trkpt lat="46.0600641" lon="11.4372179" />
      <trkpt lat="46.0598333" lon="11.4365313" />
      <trkpt lat="46.0596024" lon="11.4358942" />
      <trkpt lat="46.0595091" lon="11.4357527" />
      <trkpt lat="46.0595435" lon="11.4356536" />
      <trkpt lat="46.0595735" lon="11.4356024" />
      <trkpt lat="46.0595913" lon="11.4355721" />
      <trkpt lat="46.0597307" lon="11.4355371" />
      <trkpt lat="46.0599127" lon="11.4355200" />
      <trkpt lat="46.0599084" lon="11.4354935" />
      <trkpt lat="46.0598454" lon="11.4354055" />
      <trkpt lat="46.0597004" lon="11.4352893" />
      <trkpt lat="46.0595438" lon="11.4351311" />
      <trkpt lat="46.0593839" lon="11.4350262" />
      <trkpt lat="46.0593456" lon="11.4349990" />
      <trkpt lat="46.0593060" lon="11.4350065" />
      <trkpt lat="46.0592754" lon="11.4349934" />
      <trkpt lat="46.0591363" lon="11.4350224" />
      <trkpt lat="46.0590324" lon="11.4349484" />
      <trkpt lat="46.0589836" lon="11.4349484" />
      <trkpt lat="46.0589713" lon="11.4349606" />
      <trkpt lat="46.0588250" lon="11.4348651" />
      <trkpt lat="46.0587750" lon="11.4348651" />
      <trkpt lat="46.0587185" lon="11.4348080" />
      <trkpt lat="46.0586749" lon="11.4347284" />
      <trkpt lat="46.0586983" lon="11.4346984" />
      <trkpt lat="46.0586528" lon="11.4345944" />
      <trkpt lat="46.0585943" lon="11.4345457" />
      <trkpt lat="46.0583864" lon="11.4343875" />
      <trkpt lat="46.0583246" lon="11.4343781" />
      <trkpt lat="46.0583233" lon="11.4344015" />
      <trkpt lat="46.0583376" lon="11.4344605" />
      <trkpt lat="46.0583136" lon="11.4344830" />
      <trkpt lat="46.0582486" lon="11.4344296" />
      <trkpt lat="46.0582187" lon="11.4344212" />
      <trkpt lat="46.0582252" lon="11.4344530" />
      <trkpt lat="46.0581830" lon="11.4344783" />
      <trkpt lat="46.0581830" lon="11.4345429" />
      <trkpt lat="46.0581654" lon="11.4346019" />
      <trkpt lat="46.0581518" lon="11.4346937" />
      <trkpt lat="46.0581641" lon="11.4347452" />
      <trkpt lat="46.0581505" lon="11.4348220" />
      <trkpt lat="46.0581687" lon="11.4349447" />
      <trkpt lat="46.0581966" lon="11.4350103" />
      <trkpt lat="46.0582128" lon="11.4350768" />
      <trkpt lat="46.0581960" lon="11.4351610" />
      <trkpt lat="46.0582141" lon="11.4352566" />
      <trkpt lat="46.0581960" lon="11.4353530" />
      <trkpt lat="46.0582083" lon="11.4353942" />
      <trkpt lat="46.0581973" lon="11.4355834" />
      <trkpt lat="46.0582076" lon="11.4356349" />
      <trkpt lat="46.0581869" lon="11.4357070" />
      <trkpt lat="46.0582063" lon="11.4357417" />
      <trkpt lat="46.0582102" lon="11.4357801" />
      <trkpt lat="46.0581583" lon="11.4358841" />
      <trkpt lat="46.0581609" lon="11.4359187" />
      <trkpt lat="46.0581277" lon="11.4359655" />
      <trkpt lat="46.0581082" lon="11.4360358" />
      <trkpt lat="46.0581089" lon="11.4361163" />
      <trkpt lat="46.0580991" lon="11.4361566" />
      <trkpt lat="46.0580972" lon="11.4362559" />
      <trkpt lat="46.0580268" lon="11.4362179" />
      <trkpt lat="46.0582008" lon="11.4365096" />
      <trkpt lat="46.0587437" lon="11.4379575" />
      <trkpt lat="46.0587936" lon="11.4380046" />
      <trkpt lat="46.0588621" lon="11.4380061" />
      <trkpt lat="46.0589172" lon="11.4380099" />
      <trkpt lat="46.0589488" lon="11.4381413" />
      <trkpt lat="46.0589916" lon="11.4384770" />
      <trkpt lat="46.0590288" lon="11.4385934" />
      <trkpt lat="46.0591172" lon="11.4387338" />
      <trkpt lat="46.0592147" lon="11.4388853" />
      <trkpt lat="46.0592557" lon="11.4389305" />
      <trkpt lat="46.0592697" lon="11.4389405" />
      <trkpt lat="46.0593269" lon="11.4390583" />
      <trkpt lat="46.0594112" lon="11.4390809" />
      <trkpt lat="46.0595309" lon="11.4391148" />
      <trkpt lat="46.0596642" lon="11.4391968" />
      <trkpt lat="46.0597505" lon="11.4392632" />
      <trkpt lat="46.0598055" lon="11.4393000" />
      <trkpt lat="46.0598594" lon="11.4392802" />
      <trkpt lat="46.0599330" lon="11.4392321" />
      <trkpt lat="46.0598594" lon="11.4392802" />
      <trkpt lat="46.0598055" lon="11.4393000" />
      <trkpt lat="46.0597505" lon="11.4392632" />
      <trkpt lat="46.0596642" lon="11.4391968" />
      <trkpt lat="46.0595309" lon="11.4391148" />
      <trkpt lat="46.0594112" lon="11.4390809" />
      <trkpt lat="46.0593269" lon="11.4390583" />
      <trkpt lat="46.0592697" lon="11.4389405" />
      <trkpt lat="46.0592557" lon="11.4389305" />
      <trkpt lat="46.0592147" lon="11.4388853" />
      <trkpt lat="46.0591172" lon="11.4387338" />
      <trkpt lat="46.0590288" lon="11.4385934" />
      <trkpt lat="46.0589916" lon="11.4384770" />
      <trkpt lat="46.0589488" lon="11.4381413" />
      <trkpt lat="46.0589172" lon="11.4380099" />
      <trkpt lat="46.0588621" lon="11.4380061" />
      <trkpt lat="46.0587936" lon="11.4380046" />
      <trkpt lat="46.0587437" lon="11.4379575" />
      <trkpt lat="46.0582008" lon="11.4365096" />
      <trkpt lat="46.0580268" lon="11.4362179" />
      <trkpt lat="46.0579095" lon="11.4361445" />
      <trkpt lat="46.0578633" lon="11.4362654" />
      <trkpt lat="46.0578958" lon="11.4364232" />
      <trkpt lat="46.0579777" lon="11.4367586" />
      <trkpt lat="46.0580149" lon="11.4371506" />
      <trkpt lat="46.0579957" lon="11.4376180" />
      <trkpt lat="46.0579468" lon="11.4376793" />
      <trkpt lat="46.0578570" lon="11.4376753" />
      <trkpt lat="46.0577645" lon="11.4375783" />
      <trkpt lat="46.0576259" lon="11.4373378" />
      <trkpt lat="46.0574621" lon="11.4370261" />
      <trkpt lat="46.0572594" lon="11.4366235" />
      <trkpt lat="46.0571693" lon="11.4363501" />
      <trkpt lat="46.0571290" lon="11.4362731" />
      <trkpt lat="46.0570889" lon="11.4362788" />
      <trkpt lat="46.0570715" lon="11.4363645" />
      <trkpt lat="46.0570880" lon="11.4364825" />
      <trkpt lat="46.0570832" lon="11.4368702" />
      <trkpt lat="46.0571747" lon="11.4374702" />
      <trkpt lat="46.0572107" lon="11.4378310" />
      <trkpt lat="46.0571572" lon="11.4381356" />
      <trkpt lat="46.0571271" lon="11.4383100" />
      <trkpt lat="46.0571635" lon="11.4387444" />
      <trkpt lat="46.0572626" lon="11.4390636" />
      <trkpt lat="46.0574767" lon="11.4393618" />
      <trkpt lat="46.0576487" lon="11.4395372" />
      <trkpt lat="46.0577617" lon="11.4396928" />
      <trkpt lat="46.0578143" lon="11.4398347" />
      <trkpt lat="46.0578122" lon="11.4399412" />
      <trkpt lat="46.0576649" lon="11.4403402" />
      <trkpt lat="46.0575628" lon="11.4405946" />
      <trkpt lat="46.0574959" lon="11.4406460" />
      <trkpt lat="46.0573917" lon="11.4406521" />
      <trkpt lat="46.0571109" lon="11.4405234" />
      <trkpt lat="46.0569429" lon="11.4404743" />
      <trkpt lat="46.0565893" lon="11.4403899" />
      <trkpt lat="46.0563357" lon="11.4403962" />
      <trkpt lat="46.0562640" lon="11.4404150" />
      <trkpt lat="46.0562173" lon="11.4413151" />
      <trkpt lat="46.0562165" lon="11.4424916" />
      <trkpt lat="46.0561773" lon="11.4429611" />
      <trkpt lat="46.0561764" lon="11.4430576" />
      <trkpt lat="46.0561779" lon="11.4433956" />
      <trkpt lat="46.0562042" lon="11.4437922" />
      <trkpt lat="46.0562221" lon="11.4438915" />
      <trkpt lat="46.0562686" lon="11.4441487" />
      <trkpt lat="46.0563589" lon="11.4444374" />
      <trkpt lat="46.0563955" lon="11.4445773" />
      <trkpt lat="46.0564587" lon="11.4448183" />
      <trkpt lat="46.0565009" lon="11.4450730" />
      <trkpt lat="46.0565523" lon="11.4453833" />
      <trkpt lat="46.0565608" lon="11.4455125" />
      <trkpt lat="46.0566046" lon="11.4461767" />
      <trkpt lat="46.0566636" lon="11.4470710" />
      <trkpt lat="46.0566612" lon="11.4472610" />
      <trkpt lat="46.0567384" lon="11.4472682" />
      <trkpt lat="46.0570439" lon="11.4472318" />
      <trkpt lat="46.0577736" lon="11.4471736" />
      <trkpt lat="46.0579478" lon="11.4471627" />
      <trkpt lat="46.0580058" lon="11.4471445" />
      <trkpt lat="46.0580662" lon="11.4471180" />
      <trkpt lat="46.0581028" lon="11.4468264" />
      <trkpt lat="46.0581499" lon="11.4465801" />
      <trkpt lat="46.0582019" lon="11.4464293" />
      <trkpt lat="46.0582743" lon="11.4463122" />
      <trkpt lat="46.0583867" lon="11.4461860" />
      <trkpt lat="46.0586891" lon="11.4460397" />
      <trkpt lat="46.0590622" lon="11.4458792" />
      <trkpt lat="46.0592702" lon="11.4457245" />
      <trkpt lat="46.0595095" lon="11.4456085" />
      <trkpt lat="46.0596879" lon="11.4456100" />
      <trkpt lat="46.0598692" lon="11.4456404" />
      <trkpt lat="46.0600028" lon="11.4456409" />
      <trkpt lat="46.0601011" lon="11.4455964" />
      <trkpt lat="46.0601600" lon="11.4455316" />
      <trkpt lat="46.0602551" lon="11.4454728" />
      <trkpt lat="46.0603281" lon="11.4454828" />
      <trkpt lat="46.0602551" lon="11.4454728" />
      <trkpt lat="46.0601600" lon="11.4455316" />
      <trkpt lat="46.0601011" lon="11.4455964" />
      <trkpt lat="46.0600028" lon="11.4456409" />
      <trkpt lat="46.0598692" lon="11.4456404" />
      <trkpt lat="46.0596879" lon="11.4456100" />
      <trkpt lat="46.0595095" lon="11.4456085" />
      <trkpt lat="46.0592702" lon="11.4457245" />
      <trkpt lat="46.0590622" lon="11.4458792" />
      <trkpt lat="46.0586891" lon="11.4460397" />
      <trkpt lat="46.0583867" lon="11.4461860" />
      <trkpt lat="46.0582743" lon="11.4463122" />
      <trkpt lat="46.0582019" lon="11.4464293" />
      <trkpt lat="46.0581499" lon="11.4465801" />
      <trkpt lat="46.0581028" lon="11.4468264" />
      <trkpt lat="46.0580662" lon="11.4471180" />
      <trkpt lat="46.0580058" lon="11.4471445" />
      <trkpt lat="46.0579478" lon="11.4471627" />
      <trkpt lat="46.0577736" lon="11.4471736" />
      <trkpt lat="46.0570439" lon="11.4472318" />
      <trkpt lat="46.0567384" lon="11.4472682" />
      <trkpt lat="46.0566612" lon="11.4472610" />
      <trkpt lat="46.0566636" lon="11.4470710" />
      <trkpt lat="46.0566046" lon="11.4461767" />
      <trkpt lat="46.0565608" lon="11.4455125" />
      <trkpt lat="46.0567839" lon="11.4454982" />
      <trkpt lat="46.0565608" lon="11.4455125" />
      <trkpt lat="46.0565523" lon="11.4453833" />
      <trkpt lat="46.0565009" lon="11.4450730" />
      <trkpt lat="46.0564587" lon="11.4448183" />
      <trkpt lat="46.0563955" lon="11.4445773" />
      <trkpt lat="46.0564254" lon="11.4445159" />
      <trkpt lat="46.0564506" lon="11.4444358" />
      <trkpt lat="46.0564620" lon="11.4443303" />
      <trkpt lat="46.0564405" lon="11.4442394" />
      <trkpt lat="46.0563824" lon="11.4440520" />
      <trkpt lat="46.0562953" lon="11.4438519" />
      <trkpt lat="46.0562802" lon="11.4438701" />
      <trkpt lat="46.0562587" lon="11.4438792" />
      <trkpt lat="46.0562221" lon="11.4438915" />
      <trkpt lat="46.0562042" lon="11.4437922" />
      <trkpt lat="46.0561779" lon="11.4433956" />
      <trkpt lat="46.0561764" lon="11.4430576" />
      <trkpt lat="46.0561773" lon="11.4429611" />
      <trkpt lat="46.0562165" lon="11.4424916" />
      <trkpt lat="46.0562173" lon="11.4413151" />
      <trkpt lat="46.0562640" lon="11.4404150" />
      <trkpt lat="46.0562761" lon="11.4402746" />
      <trkpt lat="46.0562503" lon="11.4402904" />
      <trkpt lat="46.0561233" lon="11.4402952" />
      <trkpt lat="46.0557573" lon="11.4403601" />
      <trkpt lat="46.0538437" lon="11.4408986" />
      <trkpt lat="46.0534757" lon="11.4410022" />
      <trkpt lat="46.0533481" lon="11.4413401" />
      <trkpt lat="46.0532147" lon="11.4416933" />
      <trkpt lat="46.0531536" lon="11.4418551" />
      <trkpt lat="46.0531041" lon="11.4419862" />
      <trkpt lat="46.0530967" lon="11.4420557" />
      <trkpt lat="46.0531196" lon="11.4421994" />
      <trkpt lat="46.0533154" lon="11.4429724" />
      <trkpt lat="46.0534486" lon="11.4434202" />
      <trkpt lat="46.0536225" lon="11.4440047" />
      <trkpt lat="46.0536982" lon="11.4442591" />
      <trkpt lat="46.0538064" lon="11.4446615" />
      <trkpt lat="46.0538405" lon="11.4449307" />
      <trkpt lat="46.0538382" lon="11.4449855" />
      <trkpt lat="46.0538086" lon="11.4457036" />
      <trkpt lat="46.0538222" lon="11.4459727" />
      <trkpt lat="46.0538435" lon="11.4460863" />
      <trkpt lat="46.0538612" lon="11.4461805" />
      <trkpt lat="46.0539501" lon="11.4466534" />
      <trkpt lat="46.0539771" lon="11.4468137" />
      <trkpt lat="46.0540594" lon="11.4473024" />
      <trkpt lat="46.0541263" lon="11.4477248" />
      <trkpt lat="46.0541711" lon="11.4480081" />
      <trkpt lat="46.0542330" lon="11.4483994" />
      <trkpt lat="46.0542768" lon="11.4486759" />
      <trkpt lat="46.0542825" lon="11.4487092" />
      <trkpt lat="46.0543700" lon="11.4492227" />
      <trkpt lat="46.0545369" lon="11.4491881" />
      <trkpt lat="46.0547136" lon="11.4491286" />
      <trkpt lat="46.0551391" lon="11.4489852" />
      <trkpt lat="46.0547136" lon="11.4491286" />
      <trkpt lat="46.0545369" lon="11.4491881" />
      <trkpt lat="46.0543700" lon="11.4492227" />
    </trkseg>
  </trk>
</gpx>
