<?xml version="1.0" encoding="UTF-8"?>
<gpx xmlns="http://www.topografix.com/GPX/1/1" version="1.1" creator="ShapeRoute route-engine">
  <metadata>
    <name>heart 15 km · 2026-09-22</name>
    <author>
      <name>ShapeRoute route-engine</name>
    </author>
    <time>2026-09-22T21:32:34Z</time>
  </metadata>
  <trk>
    <name>heart 15 km · 2026-09-22</name>
    <trkseg>
      <trkpt lat="46.0543700" lon="11.4492227" />
      <trkpt lat="46.0544091" lon="11.4494516" />
      <trkpt lat="46.0544525" lon="11.4497065" />
      <trkpt lat="46.0544650" lon="11.4497801" />
      <trkpt lat="46.0545043" lon="11.4500072" />
      <trkpt lat="46.0545135" lon="11.4500603" />
      <trkpt lat="46.0545778" lon="11.4504325" />
      <trkpt lat="46.0546686" lon="11.4509574" />
      <trkpt lat="46.0546770" lon="11.4510062" />
      <trkpt lat="46.0547228" lon="11.4512834" />
      <trkpt lat="46.0547289" lon="11.4513206" />
      <trkpt lat="46.0548383" lon="11.4519824" />
      <trkpt lat="46.0548724" lon="11.4522392" />
      <trkpt lat="46.0548718" lon="11.4523434" />
      <trkpt lat="46.0549004" lon="11.4523506" />
      <trkpt lat="46.0549084" lon="11.4523526" />
      <trkpt lat="46.0550524" lon="11.4524383" />
      <trkpt lat="46.0551662" lon="11.4525253" />
      <trkpt lat="46.0552531" lon="11.4525923" />
      <trkpt lat="46.0552940" lon="11.4526254" />
      <trkpt lat="46.0554180" lon="11.4527256" />
      <trkpt lat="46.0556818" lon="11.4529551" />
      <trkpt lat="46.0558953" lon="11.4531331" />
      <trkpt lat="46.0559154" lon="11.4531498" />
      <trkpt lat="46.0560705" lon="11.4532782" />
      <trkpt lat="46.0560919" lon="11.4532963" />
      <trkpt lat="46.0560753" lon="11.4533347" />
      <trkpt lat="46.0560090" lon="11.4534714" />
      <trkpt lat="46.0559256" lon="11.4536450" />
      <trkpt lat="46.0558848" lon="11.4537044" />
      <trkpt lat="46.0558485" lon="11.4537528" />
      <trkpt lat="46.0557962" lon="11.4538107" />
      <trkpt lat="46.0555953" lon="11.4540522" />
      <trkpt lat="46.0555644" lon="11.4541115" />
      <trkpt lat="46.0555868" lon="11.4541388" />
      <trkpt lat="46.0557777" lon="11.4543037" />
      <trkpt lat="46.0558388" lon="11.4543531" />
      <trkpt lat="46.0558876" lon="11.4543917" />
      <trkpt lat="46.0559467" lon="11.4544302" />
      <trkpt lat="46.0559586" lon="11.4544386" />
      <trkpt lat="46.0559853" lon="11.4544608" />
      <trkpt lat="46.0559952" lon="11.4544769" />
      <trkpt lat="46.0560007" lon="11.4544970" />
      <trkpt lat="46.0560012" lon="11.4545159" />
      <trkpt lat="46.0559976" lon="11.4545342" />
      <trkpt lat="46.0559904" lon="11.4545553" />
      <trkpt lat="46.0559391" lon="11.4546998" />
      <trkpt lat="46.0559340" lon="11.4547267" />
      <trkpt lat="46.0560021" lon="11.4547802" />
      <trkpt lat="46.0564884" lon="11.4552077" />
      <trkpt lat="46.0566330" lon="11.4553265" />
      <trkpt lat="46.0567167" lon="11.4553953" />
      <trkpt lat="46.0569595" lon="11.4555767" />
      <trkpt lat="46.0569691" lon="11.4555898" />
      <trkpt lat="46.0569750" lon="11.4556068" />
      <trkpt lat="46.0569766" lon="11.4556257" />
      <trkpt lat="46.0569736" lon="11.4556443" />
      <trkpt lat="46.0569587" lon="11.4557052" />
      <trkpt lat="46.0569427" lon="11.4557480" />
      <trkpt lat="46.0569217" lon="11.4557859" />
      <trkpt lat="46.0568964" lon="11.4558180" />
      <trkpt lat="46.0568635" lon="11.4558458" />
      <trkpt lat="46.0568273" lon="11.4558636" />
      <trkpt lat="46.0567894" lon="11.4558706" />
      <trkpt lat="46.0567061" lon="11.4558754" />
      <trkpt lat="46.0566165" lon="11.4558727" />
      <trkpt lat="46.0565087" lon="11.4558447" />
      <trkpt lat="46.0564239" lon="11.4558189" />
      <trkpt lat="46.0561049" lon="11.4556677" />
      <trkpt lat="46.0560811" lon="11.4556638" />
      <trkpt lat="46.0560573" lon="11.4556683" />
      <trkpt lat="46.0560350" lon="11.4556808" />
      <trkpt lat="46.0560035" lon="11.4557111" />
      <trkpt lat="46.0558109" lon="11.4560362" />
      <trkpt lat="46.0558058" lon="11.4560454" />
      <trkpt lat="46.0558030" lon="11.4560565" />
      <trkpt lat="46.0558026" lon="11.4560723" />
      <trkpt lat="46.0558312" lon="11.4560749" />
      <trkpt lat="46.0559068" lon="11.4560913" />
      <trkpt lat="46.0559704" lon="11.4561098" />
      <trkpt lat="46.0560265" lon="11.4561282" />
      <trkpt lat="46.0560771" lon="11.4561537" />
      <trkpt lat="46.0561145" lon="11.4561869" />
      <trkpt lat="46.0561525" lon="11.4562278" />
      <trkpt lat="46.0562946" lon="11.4563737" />
      <trkpt lat="46.0565442" lon="11.4566839" />
      <trkpt lat="46.0567419" lon="11.4569061" />
      <trkpt lat="46.0568569" lon="11.4570193" />
      <trkpt lat="46.0569776" lon="11.4571192" />
      <trkpt lat="46.0570619" lon="11.4571978" />
      <trkpt lat="46.0572677" lon="11.4572845" />
      <trkpt lat="46.0574579" lon="11.4574172" />
      <trkpt lat="46.0576897" lon="11.4575763" />
      <trkpt lat="46.0577824" lon="11.4576715" />
      <trkpt lat="46.0578667" lon="11.4577762" />
      <trkpt lat="46.0579050" lon="11.4578368" />
      <trkpt lat="46.0579460" lon="11.4578749" />
      <trkpt lat="46.0580352" lon="11.4579194" />
      <trkpt lat="46.0581174" lon="11.4579541" />
      <trkpt lat="46.0582309" lon="11.4579557" />
      <trkpt lat="46.0583199" lon="11.4580015" />
      <trkpt lat="46.0584023" lon="11.4580111" />
      <trkpt lat="46.0584647" lon="11.4579978" />
      <trkpt lat="46.0584702" lon="11.4579954" />
      <trkpt lat="46.0585715" lon="11.4579502" />
      <trkpt lat="46.0587608" lon="11.4578748" />
      <trkpt lat="46.0589437" lon="11.4578656" />
      <trkpt lat="46.0590631" lon="11.4578471" />
      <trkpt lat="46.0592499" lon="11.4578409" />
      <trkpt lat="46.0593272" lon="11.4578286" />
      <trkpt lat="46.0594361" lon="11.4578066" />
      <trkpt lat="46.0595686" lon="11.4577801" />
      <trkpt lat="46.0595780" lon="11.4577796" />
      <trkpt lat="46.0595870" lon="11.4577833" />
      <trkpt lat="46.0595948" lon="11.4577909" />
      <trkpt lat="46.0596004" lon="11.4578017" />
      <trkpt lat="46.0596035" lon="11.4578145" />
      <trkpt lat="46.0596037" lon="11.4578279" />
      <trkpt lat="46.0596009" lon="11.4578409" />
      <trkpt lat="46.0595959" lon="11.4578547" />
      <trkpt lat="46.0595898" lon="11.4578687" />
      <trkpt lat="46.0595752" lon="11.4578991" />
      <trkpt lat="46.0595546" lon="11.4579356" />
      <trkpt lat="46.0595182" lon="11.4579897" />
      <trkpt lat="46.0594800" lon="11.4580421" />
      <trkpt lat="46.0594449" lon="11.4580761" />
      <trkpt lat="46.0594107" lon="11.4581107" />
      <trkpt lat="46.0593803" lon="11.4581504" />
      <trkpt lat="46.0593453" lon="11.4581940" />
      <trkpt lat="46.0593060" lon="11.4582309" />
      <trkpt lat="46.0592772" lon="11.4582671" />
      <trkpt lat="46.0592449" lon="11.4583075" />
      <trkpt lat="46.0592190" lon="11.4583427" />
      <trkpt lat="46.0591847" lon="11.4583943" />
      <trkpt lat="46.0591497" lon="11.4584363" />
      <trkpt lat="46.0591117" lon="11.4584749" />
      <trkpt lat="46.0590773" lon="11.4585060" />
      <trkpt lat="46.0590396" lon="11.4585429" />
      <trkpt lat="46.0590056" lon="11.4585701" />
      <trkpt lat="46.0589604" lon="11.4586098" />
      <trkpt lat="46.0589218" lon="11.4586405" />
      <trkpt lat="46.0588810" lon="11.4586758" />
      <trkpt lat="46.0588438" lon="11.4587091" />
      <trkpt lat="46.0588265" lon="11.4587307" />
      <trkpt lat="46.0588090" lon="11.4587539" />
      <trkpt lat="46.0587958" lon="11.4587783" />
      <trkpt lat="46.0587878" lon="11.4588032" />
      <trkpt lat="46.0587716" lon="11.4588490" />
      <trkpt lat="46.0587555" lon="11.4588834" />
      <trkpt lat="46.0587427" lon="11.4589031" />
      <trkpt lat="46.0587223" lon="11.4589183" />
      <trkpt lat="46.0586990" lon="11.4589332" />
      <trkpt lat="46.0586675" lon="11.4589422" />
      <trkpt lat="46.0586316" lon="11.4589445" />
      <trkpt lat="46.0585821" lon="11.4589354" />
      <trkpt lat="46.0585211" lon="11.4589150" />
      <trkpt lat="46.0584683" lon="11.4588961" />
      <trkpt lat="46.0584270" lon="11.4588855" />
      <trkpt lat="46.0584034" lon="11.4588850" />
      <trkpt lat="46.0583760" lon="11.4588900" />
      <trkpt lat="46.0583135" lon="11.4589097" />
      <trkpt lat="46.0582318" lon="11.4589406" />
      <trkpt lat="46.0581557" lon="11.4589712" />
      <trkpt lat="46.0581056" lon="11.4589889" />
      <trkpt lat="46.0580966" lon="11.4589982" />
      <trkpt lat="46.0580902" lon="11.4590113" />
      <trkpt lat="46.0580872" lon="11.4590267" />
      <trkpt lat="46.0580879" lon="11.4590427" />
      <trkpt lat="46.0580922" lon="11.4590574" />
      <trkpt lat="46.0580998" lon="11.4590692" />
      <trkpt lat="46.0581438" lon="11.4591131" />
      <trkpt lat="46.0581692" lon="11.4591309" />
      <trkpt lat="46.0581920" lon="11.4591506" />
      <trkpt lat="46.0582058" lon="11.4591629" />
      <trkpt lat="46.0582164" lon="11.4591806" />
      <trkpt lat="46.0582229" lon="11.4592021" />
      <trkpt lat="46.0582637" lon="11.4593625" />
      <trkpt lat="46.0582756" lon="11.4594034" />
      <trkpt lat="46.0582906" lon="11.4594358" />
      <trkpt lat="46.0583075" lon="11.4594692" />
      <trkpt lat="46.0583374" lon="11.4595225" />
      <trkpt lat="46.0583740" lon="11.4595914" />
      <trkpt lat="46.0584449" lon="11.4596836" />
      <trkpt lat="46.0585113" lon="11.4597574" />
      <trkpt lat="46.0585739" lon="11.4598074" />
      <trkpt lat="46.0586424" lon="11.4598684" />
      <trkpt lat="46.0587167" lon="11.4599347" />
      <trkpt lat="46.0587977" lon="11.4600094" />
      <trkpt lat="46.0589180" lon="11.4601307" />
      <trkpt lat="46.0590076" lon="11.4602340" />
      <trkpt lat="46.0591033" lon="11.4603583" />
      <trkpt lat="46.0592299" lon="11.4605089" />
      <trkpt lat="46.0593913" lon="11.4607086" />
      <trkpt lat="46.0594676" lon="11.4607911" />
      <trkpt lat="46.0595025" lon="11.4608392" />
      <trkpt lat="46.0595365" lon="11.4609372" />
      <trkpt lat="46.0595718" lon="11.4610612" />
      <trkpt lat="46.0596031" lon="11.4611272" />
      <trkpt lat="46.0596568" lon="11.4612137" />
      <trkpt lat="46.0597451" lon="11.4613068" />
      <trkpt lat="46.0598594" lon="11.4613959" />
      <trkpt lat="46.0599817" lon="11.4614928" />
      <trkpt lat="46.0601320" lon="11.4616119" />
      <trkpt lat="46.0602483" lon="11.4616839" />
      <trkpt lat="46.0603327" lon="11.4617601" />
      <trkpt lat="46.0603733" lon="11.4617925" />
      <trkpt lat="46.0604021" lon="11.4618048" />
      <trkpt lat="46.0605054" lon="11.4619680" />
      <trkpt lat="46.0607604" lon="11.4623300" />
      <trkpt lat="46.0608634" lon="11.4625450" />
      <trkpt lat="46.0609414" lon="11.4627949" />
      <trkpt lat="46.0610418" lon="11.4630174" />
      <trkpt lat="46.0610657" lon="11.4630744" />
      <trkpt lat="46.0610771" lon="11.4631361" />
      <trkpt lat="46.0611004" lon="11.4631817" />
      <trkpt lat="46.0611543" lon="11.4632725" />
      <trkpt lat="46.0612211" lon="11.4634191" />
      <trkpt lat="46.0612584" lon="11.4635150" />
      <trkpt lat="46.0612853" lon="11.4635909" />
      <trkpt lat="46.0613316" lon="11.4637464" />
      <trkpt lat="46.0613951" lon="11.4639124" />
      <trkpt lat="46.0614451" lon="11.4640059" />
      <trkpt lat="46.0615050" lon="11.4640981" />
      <trkpt lat="46.0615679" lon="11.4641759" />
      <trkpt lat="46.0616254" lon="11.4642391" />
      <trkpt lat="46.0616746" lon="11.4642795" />
      <trkpt lat="46.0617529" lon="11.4643425" />
      <trkpt lat="46.0618127" lon="11.4643831" />
      <trkpt lat="46.0618467" lon="11.4644184" />
      <trkpt lat="46.0618785" lon="11.4644627" />
      <trkpt lat="46.0619096" lon="11.4645183" />
      <trkpt lat="46.0619644" lon="11.4646230" />
      <trkpt lat="46.0621408" lon="11.4649793" />
      <trkpt lat="46.0623078" lon="11.4652940" />
      <trkpt lat="46.0623610" lon="11.4653789" />
      <trkpt lat="46.0624389" lon="11.4654828" />
      <trkpt lat="46.0625198" lon="11.4655717" />
      <trkpt lat="46.0625994" lon="11.4656698" />
      <trkpt lat="46.0626422" lon="11.4657422" />
      <trkpt lat="46.0627605" lon="11.4659577" />
      <trkpt lat="46.0629244" lon="11.4662011" />
      <trkpt lat="46.0630824" lon="11.4664880" />
      <trkpt lat="46.0631018" lon="11.4665229" />
      <trkpt lat="46.0631338" lon="11.4665806" />
      <trkpt lat="46.0631797" lon="11.4666609" />
      <trkpt lat="46.0632237" lon="11.4667120" />
      <trkpt lat="46.0632747" lon="11.4667523" />
      <trkpt lat="46.0633329" lon="11.4667787" />
      <trkpt lat="46.0634065" lon="11.4667924" />
      <trkpt lat="46.0636116" lon="11.4668009" />
      <trkpt lat="46.0636677" lon="11.4668056" />
      <trkpt lat="46.0637151" lon="11.4668183" />
      <trkpt lat="46.0637593" lon="11.4668509" />
      <trkpt lat="46.0638124" lon="11.4669250" />
      <trkpt lat="46.0641293" lon="11.4674581" />
      <trkpt lat="46.0643418" lon="11.4677858" />
      <trkpt lat="46.0644537" lon="11.4679467" />
      <trkpt lat="46.0643990" lon="11.4679190" />
      <trkpt lat="46.0642102" lon="11.4678450" />
      <trkpt lat="46.0638940" lon="11.4677417" />
      <trkpt lat="46.0638258" lon="11.4677216" />
      <trkpt lat="46.0637629" lon="11.4677107" />
      <trkpt lat="46.0637220" lon="11.4677107" />
      <trkpt lat="46.0636741" lon="11.4677428" />
      <trkpt lat="46.0636567" lon="11.4677643" />
      <trkpt lat="46.0636454" lon="11.4677930" />
      <trkpt lat="46.0636416" lon="11.4678255" />
      <trkpt lat="46.0636458" lon="11.4678580" />
      <trkpt lat="46.0636597" lon="11.4679252" />
      <trkpt lat="46.0636838" lon="11.4679961" />
      <trkpt lat="46.0637308" lon="11.4681394" />
      <trkpt lat="46.0637477" lon="11.4681967" />
      <trkpt lat="46.0637439" lon="11.4682542" />
      <trkpt lat="46.0636824" lon="11.4684395" />
      <trkpt lat="46.0636617" lon="11.4685225" />
      <trkpt lat="46.0636592" lon="11.4685980" />
      <trkpt lat="46.0636861" lon="11.4687169" />
      <trkpt lat="46.0637440" lon="11.4689357" />
      <trkpt lat="46.0638226" lon="11.4691432" />
      <trkpt lat="46.0638538" lon="11.4692778" />
      <trkpt lat="46.0638519" lon="11.4693969" />
      <trkpt lat="46.0638711" lon="11.4694944" />
      <trkpt lat="46.0638839" lon="11.4695766" />
      <trkpt lat="46.0639041" lon="11.4696994" />
      <trkpt lat="46.0639276" lon="11.4697795" />
      <trkpt lat="46.0639544" lon="11.4698322" />
      <trkpt lat="46.0640239" lon="11.4699517" />
      <trkpt lat="46.0641781" lon="11.4701979" />
      <trkpt lat="46.0642229" lon="11.4702635" />
      <trkpt lat="46.0642718" lon="11.4703219" />
      <trkpt lat="46.0644118" lon="11.4704460" />
      <trkpt lat="46.0646286" lon="11.4706311" />
      <trkpt lat="46.0646398" lon="11.4707823" />
      <trkpt lat="46.0646715" lon="11.4709190" />
      <trkpt lat="46.0647050" lon="11.4709700" />
      <trkpt lat="46.0647373" lon="11.4709866" />
      <trkpt lat="46.0647212" lon="11.4710115" />
      <trkpt lat="46.0647147" lon="11.4710541" />
      <trkpt lat="46.0647176" lon="11.4710976" />
      <trkpt lat="46.0647311" lon="11.4711464" />
      <trkpt lat="46.0646052" lon="11.4711976" />
      <trkpt lat="46.0645498" lon="11.4712061" />
      <trkpt lat="46.0644325" lon="11.4711718" />
      <trkpt lat="46.0643490" lon="11.4711521" />
      <trkpt lat="46.0642860" lon="11.4711412" />
      <trkpt lat="46.0642349" lon="11.4711255" />
      <trkpt lat="46.0641795" lon="11.4711151" />
      <trkpt lat="46.0640782" lon="11.4710954" />
      <trkpt lat="46.0639400" lon="11.4710479" />
      <trkpt lat="46.0639200" lon="11.4710438" />
      <trkpt lat="46.0638897" lon="11.4710421" />
      <trkpt lat="46.0638635" lon="11.4710276" />
      <trkpt lat="46.0638388" lon="11.4710294" />
      <trkpt lat="46.0637355" lon="11.4710087" />
      <trkpt lat="46.0636573" lon="11.4710062" />
      <trkpt lat="46.0635979" lon="11.4709948" />
      <trkpt lat="46.0634010" lon="11.4708916" />
      <trkpt lat="46.0633616" lon="11.4708731" />
      <trkpt lat="46.0633198" lon="11.4708499" />
      <trkpt lat="46.0632837" lon="11.4708187" />
      <trkpt lat="46.0632612" lon="11.4707770" />
      <trkpt lat="46.0632274" lon="11.4707121" />
      <trkpt lat="46.0631953" lon="11.4706473" />
      <trkpt lat="46.0631648" lon="11.4705547" />
      <trkpt lat="46.0631391" lon="11.4704945" />
      <trkpt lat="46.0631150" lon="11.4704180" />
      <trkpt lat="46.0630877" lon="11.4703347" />
      <trkpt lat="46.0630780" lon="11.4702536" />
      <trkpt lat="46.0630668" lon="11.4702930" />
      <trkpt lat="46.0630507" lon="11.4703439" />
      <trkpt lat="46.0630073" lon="11.4704458" />
      <trkpt lat="46.0629768" lon="11.4705431" />
      <trkpt lat="46.0629414" lon="11.4705292" />
      <trkpt lat="46.0629077" lon="11.4702698" />
      <trkpt lat="46.0629125" lon="11.4702212" />
      <trkpt lat="46.0629045" lon="11.4701286" />
      <trkpt lat="46.0628820" lon="11.4701101" />
      <trkpt lat="46.0628531" lon="11.4701309" />
      <trkpt lat="46.0627775" lon="11.4703069" />
      <trkpt lat="46.0627647" lon="11.4703277" />
      <trkpt lat="46.0626378" lon="11.4707052" />
      <trkpt lat="46.0626442" lon="11.4707492" />
      <trkpt lat="46.0626345" lon="11.4708349" />
      <trkpt lat="46.0625654" lon="11.4708928" />
      <trkpt lat="46.0625301" lon="11.4708951" />
      <trkpt lat="46.0624867" lon="11.4708719" />
      <trkpt lat="46.0624562" lon="11.4708765" />
      <trkpt lat="46.0623646" lon="11.4709159" />
      <trkpt lat="46.0623196" lon="11.4709599" />
      <trkpt lat="46.0622794" lon="11.4709669" />
      <trkpt lat="46.0621959" lon="11.4709530" />
      <trkpt lat="46.0621429" lon="11.4709483" />
      <trkpt lat="46.0620754" lon="11.4709437" />
      <trkpt lat="46.0620465" lon="11.4709298" />
      <trkpt lat="46.0619709" lon="11.4709808" />
      <trkpt lat="46.0618729" lon="11.4709900" />
      <trkpt lat="46.0618504" lon="11.4709692" />
      <trkpt lat="46.0618167" lon="11.4709715" />
      <trkpt lat="46.0617701" lon="11.4709993" />
      <trkpt lat="46.0617235" lon="11.4709784" />
      <trkpt lat="46.0616512" lon="11.4710201" />
      <trkpt lat="46.0615757" lon="11.4710062" />
      <trkpt lat="46.0614246" lon="11.4709831" />
      <trkpt lat="46.0613860" lon="11.4710062" />
      <trkpt lat="46.0613443" lon="11.4710201" />
      <trkpt lat="46.0612575" lon="11.4709900" />
      <trkpt lat="46.0612061" lon="11.4709946" />
      <trkpt lat="46.0611097" lon="11.4710664" />
      <trkpt lat="46.0607995" lon="11.4710097" />
      <trkpt lat="46.0607184" lon="11.4709946" />
      <trkpt lat="46.0606839" lon="11.4709506" />
      <trkpt lat="46.0606103" lon="11.4708577" />
      <trkpt lat="46.0606513" lon="11.4708375" />
      <trkpt lat="46.0607751" lon="11.4706115" />
      <trkpt lat="46.0608617" lon="11.4704510" />
      <trkpt lat="46.0609443" lon="11.4702429" />
      <trkpt lat="46.0610515" lon="11.4702785" />
      <trkpt lat="46.0611327" lon="11.4703344" />
      <trkpt lat="46.0612166" lon="11.4701834" />
      <trkpt lat="46.0613021" lon="11.4700885" />
      <trkpt lat="46.0613527" lon="11.4700764" />
      <trkpt lat="46.0613445" lon="11.4698742" />
      <trkpt lat="46.0614612" lon="11.4698359" />
      <trkpt lat="46.0614367" lon="11.4697502" />
      <trkpt lat="46.0615172" lon="11.4696897" />
      <trkpt lat="46.0615172" lon="11.4695384" />
      <trkpt lat="46.0614228" lon="11.4694427" />
      <trkpt lat="46.0613569" lon="11.4692736" />
      <trkpt lat="46.0613178" lon="11.4692007" />
      <trkpt lat="46.0612514" lon="11.4691100" />
      <trkpt lat="46.0611954" lon="11.4690595" />
      <trkpt lat="46.0610474" lon="11.4688514" />
      <trkpt lat="46.0609814" lon="11.4687979" />
      <trkpt lat="46.0609484" lon="11.4687147" />
      <trkpt lat="46.0609401" lon="11.4686552" />
      <trkpt lat="46.0609443" lon="11.4685898" />
      <trkpt lat="46.0610103" lon="11.4686909" />
      <trkpt lat="46.0610639" lon="11.4687087" />
      <trkpt lat="46.0611052" lon="11.4686730" />
      <trkpt lat="46.0611464" lon="11.4686849" />
      <trkpt lat="46.0612413" lon="11.4686374" />
      <trkpt lat="46.0613527" lon="11.4686136" />
      <trkpt lat="46.0613816" lon="11.4685065" />
      <trkpt lat="46.0614435" lon="11.4684709" />
      <trkpt lat="46.0614724" lon="11.4682449" />
      <trkpt lat="46.0614188" lon="11.4681557" />
      <trkpt lat="46.0614188" lon="11.4679773" />
      <trkpt lat="46.0614394" lon="11.4679238" />
      <trkpt lat="46.0615837" lon="11.4679052" />
      <trkpt lat="46.0615557" lon="11.4678245" />
      <trkpt lat="46.0615067" lon="11.4678043" />
      <trkpt lat="46.0614787" lon="11.4677338" />
      <trkpt lat="46.0614889" lon="11.4676741" />
      <trkpt lat="46.0614600" lon="11.4675908" />
      <trkpt lat="46.0614476" lon="11.4675016" />
      <trkpt lat="46.0615013" lon="11.4673589" />
      <trkpt lat="46.0614806" lon="11.4672697" />
      <trkpt lat="46.0614806" lon="11.4671746" />
      <trkpt lat="46.0614435" lon="11.4670735" />
      <trkpt lat="46.0614394" lon="11.4669665" />
      <trkpt lat="46.0613816" lon="11.4668654" />
      <trkpt lat="46.0612496" lon="11.4668000" />
      <trkpt lat="46.0612166" lon="11.4666870" />
      <trkpt lat="46.0611629" lon="11.4666156" />
      <trkpt lat="46.0612166" lon="11.4664967" />
      <trkpt lat="46.0612867" lon="11.4664789" />
      <trkpt lat="46.0613594" lon="11.4663963" />
      <trkpt lat="46.0611266" lon="11.4662161" />
      <trkpt lat="46.0606946" lon="11.4658058" />
      <trkpt lat="46.0606092" lon="11.4656683" />
      <trkpt lat="46.0604702" lon="11.4652894" />
      <trkpt lat="46.0602692" lon="11.4649033" />
      <trkpt lat="46.0601688" lon="11.4648937" />
      <trkpt lat="46.0600549" lon="11.4644496" />
      <trkpt lat="46.0600214" lon="11.4641697" />
      <trkpt lat="46.0598339" lon="11.4638222" />
      <trkpt lat="46.0598941" lon="11.4634940" />
      <trkpt lat="46.0598205" lon="11.4629728" />
      <trkpt lat="46.0597384" lon="11.4625794" />
      <trkpt lat="46.0596391" lon="11.4622473" />
      <trkpt lat="46.0594900" lon="11.4619543" />
      <trkpt lat="46.0594019" lon="11.4618029" />
      <trkpt lat="46.0593070" lon="11.4616516" />
      <trkpt lat="46.0592054" lon="11.4614562" />
      <trkpt lat="46.0591004" lon="11.4612365" />
      <trkpt lat="46.0590563" lon="11.4611340" />
      <trkpt lat="46.0589437" lon="11.4609165" />
      <trkpt lat="46.0588906" lon="11.4608333" />
      <trkpt lat="46.0588432" lon="11.4607783" />
      <trkpt lat="46.0587920" lon="11.4607757" />
      <trkpt lat="46.0586691" lon="11.4607287" />
      <trkpt lat="46.0586359" lon="11.4607238" />
      <trkpt lat="46.0586032" lon="11.4607334" />
      <trkpt lat="46.0585739" lon="11.4607568" />
      <trkpt lat="46.0585577" lon="11.4607966" />
      <trkpt lat="46.0585586" lon="11.4608061" />
      <trkpt lat="46.0585597" lon="11.4608218" />
      <trkpt lat="46.0585572" lon="11.4608297" />
      <trkpt lat="46.0585532" lon="11.4608361" />
      <trkpt lat="46.0585479" lon="11.4608403" />
      <trkpt lat="46.0585420" lon="11.4608419" />
      <trkpt lat="46.0585360" lon="11.4608406" />
      <trkpt lat="46.0585306" lon="11.4608367" />
      <trkpt lat="46.0585264" lon="11.4608305" />
      <trkpt lat="46.0585238" lon="11.4608227" />
      <trkpt lat="46.0585203" lon="11.4608174" />
      <trkpt lat="46.0585159" lon="11.4608139" />
      <trkpt lat="46.0585109" lon="11.4608126" />
      <trkpt lat="46.0585059" lon="11.4608137" />
      <trkpt lat="46.0585014" lon="11.4608171" />
      <trkpt lat="46.0584979" lon="11.4608223" />
      <trkpt lat="46.0584957" lon="11.4608288" />
      <trkpt lat="46.0584951" lon="11.4608360" />
      <trkpt lat="46.0584919" lon="11.4608431" />
      <trkpt lat="46.0584873" lon="11.4608485" />
      <trkpt lat="46.0584819" lon="11.4608515" />
      <trkpt lat="46.0584760" lon="11.4608520" />
      <trkpt lat="46.0584703" lon="11.4608498" />
      <trkpt lat="46.0584654" lon="11.4608452" />
      <trkpt lat="46.0584525" lon="11.4608407" />
      <trkpt lat="46.0584051" lon="11.4609094" />
      <trkpt lat="46.0583988" lon="11.4609256" />
      <trkpt lat="46.0584001" lon="11.4609374" />
      <trkpt lat="46.0584039" lon="11.4609480" />
      <trkpt lat="46.0584099" lon="11.4609563" />
      <trkpt lat="46.0584173" lon="11.4609615" />
      <trkpt lat="46.0584256" lon="11.4609630" />
      <trkpt lat="46.0584337" lon="11.4609607" />
      <trkpt lat="46.0584579" lon="11.4609618" />
      <trkpt lat="46.0584809" lon="11.4609729" />
      <trkpt lat="46.0585007" lon="11.4609929" />
      <trkpt lat="46.0585752" lon="11.4610805" />
      <trkpt lat="46.0585861" lon="11.4611057" />
      <trkpt lat="46.0585904" lon="11.4611287" />
      <trkpt lat="46.0585918" lon="11.4611425" />
      <trkpt lat="46.0585959" lon="11.4611551" />
      <trkpt lat="46.0586023" lon="11.4611654" />
      <trkpt lat="46.0586105" lon="11.4611726" />
      <trkpt lat="46.0586943" lon="11.4612397" />
      <trkpt lat="46.0587520" lon="11.4612920" />
      <trkpt lat="46.0587911" lon="11.4613376" />
      <trkpt lat="46.0588058" lon="11.4613630" />
      <trkpt lat="46.0588142" lon="11.4613938" />
      <trkpt lat="46.0588153" lon="11.4614269" />
      <trkpt lat="46.0588200" lon="11.4614495" />
      <trkpt lat="46.0588288" lon="11.4614694" />
      <trkpt lat="46.0588411" lon="11.4614849" />
      <trkpt lat="46.0588559" lon="11.4614949" />
      <trkpt lat="46.0588738" lon="11.4615256" />
      <trkpt lat="46.0588836" lon="11.4615631" />
      <trkpt lat="46.0588844" lon="11.4616032" />
      <trkpt lat="46.0588759" lon="11.4616414" />
      <trkpt lat="46.0588422" lon="11.4617800" />
      <trkpt lat="46.0588418" lon="11.4617824" />
      <trkpt lat="46.0588408" lon="11.4617845" />
      <trkpt lat="46.0588395" lon="11.4617861" />
      <trkpt lat="46.0588379" lon="11.4617870" />
      <trkpt lat="46.0588361" lon="11.4617872" />
      <trkpt lat="46.0588345" lon="11.4617866" />
      <trkpt lat="46.0588155" lon="11.4617769" />
      <trkpt lat="46.0588114" lon="11.4617740" />
      <trkpt lat="46.0588069" lon="11.4617731" />
      <trkpt lat="46.0588024" lon="11.4617743" />
      <trkpt lat="46.0587984" lon="11.4617774" />
      <trkpt lat="46.0587952" lon="11.4617821" />
      <trkpt lat="46.0587932" lon="11.4617879" />
      <trkpt lat="46.0587847" lon="11.4618000" />
      <trkpt lat="46.0587790" lon="11.4618150" />
      <trkpt lat="46.0587738" lon="11.4618214" />
      <trkpt lat="46.0587675" lon="11.4618251" />
      <trkpt lat="46.0587607" lon="11.4618257" />
      <trkpt lat="46.0587542" lon="11.4618230" />
      <trkpt lat="46.0587486" lon="11.4618175" />
      <trkpt lat="46.0587445" lon="11.4618097" />
      <trkpt lat="46.0587009" lon="11.4617319" />
      <trkpt lat="46.0586501" lon="11.4616561" />
      <trkpt lat="46.0585444" lon="11.4615669" />
      <trkpt lat="46.0584612" lon="11.4614606" />
      <trkpt lat="46.0583951" lon="11.4613476" />
      <trkpt lat="46.0583071" lon="11.4612263" />
      <trkpt lat="46.0582736" lon="11.4611669" />
      <trkpt lat="46.0582071" lon="11.4610915" />
      <trkpt lat="46.0581331" lon="11.4610057" />
      <trkpt lat="46.0580880" lon="11.4609782" />
      <trkpt lat="46.0580780" lon="11.4609780" />
      <trkpt lat="46.0580742" lon="11.4609706" />
      <trkpt lat="46.0580636" lon="11.4609826" />
      <trkpt lat="46.0580555" lon="11.4609983" />
      <trkpt lat="46.0580444" lon="11.4610096" />
      <trkpt lat="46.0580314" lon="11.4610153" />
      <trkpt lat="46.0580193" lon="11.4610172" />
      <trkpt lat="46.0580073" lon="11.4610144" />
      <trkpt lat="46.0579963" lon="11.4610070" />
      <trkpt lat="46.0579864" lon="11.4610019" />
      <trkpt lat="46.0579779" lon="11.4609930" />
      <trkpt lat="46.0579714" lon="11.4609810" />
      <trkpt lat="46.0579603" lon="11.4609707" />
      <trkpt lat="46.0579475" lon="11.4609654" />
      <trkpt lat="46.0579343" lon="11.4609658" />
      <trkpt lat="46.0579107" lon="11.4609527" />
      <trkpt lat="46.0578637" lon="11.4609366" />
      <trkpt lat="46.0578144" lon="11.4609339" />
      <trkpt lat="46.0577543" lon="11.4609346" />
      <trkpt lat="46.0577073" lon="11.4609500" />
      <trkpt lat="46.0576734" lon="11.4609661" />
      <trkpt lat="46.0576343" lon="11.4609654" />
      <trkpt lat="46.0576208" lon="11.4609708" />
      <trkpt lat="46.0576259" lon="11.4609949" />
      <trkpt lat="46.0575775" lon="11.4610379" />
      <trkpt lat="46.0575770" lon="11.4610542" />
      <trkpt lat="46.0575731" lon="11.4610695" />
      <trkpt lat="46.0575660" lon="11.4610823" />
      <trkpt lat="46.0575565" lon="11.4610913" />
      <trkpt lat="46.0575456" lon="11.4610956" />
      <trkpt lat="46.0575342" lon="11.4610948" />
      <trkpt lat="46.0574784" lon="11.4610855" />
      <trkpt lat="46.0574309" lon="11.4610794" />
      <trkpt lat="46.0573756" lon="11.4610835" />
      <trkpt lat="46.0572350" lon="11.4610258" />
      <trkpt lat="46.0571234" lon="11.4609668" />
      <trkpt lat="46.0571028" lon="11.4609682" />
      <trkpt lat="46.0570833" lon="11.4609777" />
      <trkpt lat="46.0570663" lon="11.4609944" />
      <trkpt lat="46.0570531" lon="11.4610171" />
      <trkpt lat="46.0570447" lon="11.4610496" />
      <trkpt lat="46.0570469" lon="11.4610756" />
      <trkpt lat="46.0570480" lon="11.4610835" />
      <trkpt lat="46.0570469" lon="11.4610878" />
      <trkpt lat="46.0570449" lon="11.4610914" />
      <trkpt lat="46.0570422" lon="11.4610938" />
      <trkpt lat="46.0570391" lon="11.4610948" />
      <trkpt lat="46.0570117" lon="11.4610861" />
      <trkpt lat="46.0569684" lon="11.4610652" />
      <trkpt lat="46.0569251" lon="11.4610439" />
      <trkpt lat="46.0568153" lon="11.4610285" />
      <trkpt lat="46.0567995" lon="11.4610259" />
      <trkpt lat="46.0567841" lon="11.4610310" />
      <trkpt lat="46.0567706" lon="11.4610432" />
      <trkpt lat="46.0567409" lon="11.4611062" />
      <trkpt lat="46.0567361" lon="11.4611118" />
      <trkpt lat="46.0567327" lon="11.4611191" />
      <trkpt lat="46.0567310" lon="11.4611276" />
      <trkpt lat="46.0567311" lon="11.4611364" />
      <trkpt lat="46.0567772" lon="11.4613021" />
      <trkpt lat="46.0568009" lon="11.4613376" />
      <trkpt lat="46.0568246" lon="11.4613919" />
      <trkpt lat="46.0568595" lon="11.4614610" />
      <trkpt lat="46.0568684" lon="11.4614804" />
      <trkpt lat="46.0568749" lon="11.4615019" />
      <trkpt lat="46.0568716" lon="11.4615488" />
      <trkpt lat="46.0568484" lon="11.4615971" />
      <trkpt lat="46.0568414" lon="11.4616112" />
      <trkpt lat="46.0568302" lon="11.4616226" />
      <trkpt lat="46.0568130" lon="11.4616206" />
      <trkpt lat="46.0567753" lon="11.4616246" />
      <trkpt lat="46.0566390" lon="11.4616702" />
      <trkpt lat="46.0566324" lon="11.4616829" />
      <trkpt lat="46.0566427" lon="11.4617279" />
      <trkpt lat="46.0566357" lon="11.4617527" />
      <trkpt lat="46.0566278" lon="11.4618653" />
      <trkpt lat="46.0566297" lon="11.4618814" />
      <trkpt lat="46.0566436" lon="11.4618908" />
      <trkpt lat="46.0566478" lon="11.4619029" />
      <trkpt lat="46.0566497" lon="11.4619672" />
      <trkpt lat="46.0566394" lon="11.4619692" />
      <trkpt lat="46.0566222" lon="11.4619632" />
      <trkpt lat="46.0565980" lon="11.4619418" />
      <trkpt lat="46.0565059" lon="11.4618599" />
      <trkpt lat="46.0564356" lon="11.4617822" />
      <trkpt lat="46.0563886" lon="11.4617426" />
      <trkpt lat="46.0563556" lon="11.4617084" />
      <trkpt lat="46.0562718" lon="11.4616232" />
      <trkpt lat="46.0561764" lon="11.4615383" />
      <trkpt lat="46.0561228" lon="11.4614918" />
      <trkpt lat="46.0560602" lon="11.4614279" />
      <trkpt lat="46.0560094" lon="11.4613731" />
      <trkpt lat="46.0560019" lon="11.4613651" />
      <trkpt lat="46.0559883" lon="11.4613791" />
      <trkpt lat="46.0559506" lon="11.4614124" />
      <trkpt lat="46.0559420" lon="11.4613947" />
      <trkpt lat="46.0558720" lon="11.4612370" />
      <trkpt lat="46.0557901" lon="11.4610767" />
      <trkpt lat="46.0557373" lon="11.4609869" />
      <trkpt lat="46.0556859" lon="11.4609198" />
      <trkpt lat="46.0556191" lon="11.4608382" />
      <trkpt lat="46.0555683" lon="11.4607833" />
      <trkpt lat="46.0553658" lon="11.4605931" />
      <trkpt lat="46.0550170" lon="11.4602440" />
      <trkpt lat="46.0549772" lon="11.4602061" />
      <trkpt lat="46.0549352" lon="11.4601543" />
      <trkpt lat="46.0548803" lon="11.4600745" />
      <trkpt lat="46.0548219" lon="11.4599763" />
      <trkpt lat="46.0548110" lon="11.4599913" />
      <trkpt lat="46.0546985" lon="11.4601513" />
      <trkpt lat="46.0546347" lon="11.4602486" />
      <trkpt lat="46.0545933" lon="11.4603094" />
      <trkpt lat="46.0545359" lon="11.4602327" />
      <trkpt lat="46.0544975" lon="11.4601814" />
      <trkpt lat="46.0544857" lon="11.4601764" />
      <trkpt lat="46.0544734" lon="11.4601755" />
      <trkpt lat="46.0544613" lon="11.4601787" />
      <trkpt lat="46.0543944" lon="11.4602187" />
      <trkpt lat="46.0544216" lon="11.4603151" />
      <trkpt lat="46.0544328" lon="11.4603863" />
      <trkpt lat="46.0544487" lon="11.4605044" />
      <trkpt lat="46.0544525" lon="11.4605249" />
      <trkpt lat="46.0544790" lon="11.4606676" />
      <trkpt lat="46.0544919" lon="11.4607491" />
      <trkpt lat="46.0545194" lon="11.4609365" />
      <trkpt lat="46.0545611" lon="11.4611581" />
      <trkpt lat="46.0545993" lon="11.4613777" />
      <trkpt lat="46.0546057" lon="11.4614087" />
      <trkpt lat="46.0546154" lon="11.4614304" />
      <trkpt lat="46.0546294" lon="11.4614466" />
      <trkpt lat="46.0546462" lon="11.4614556" />
      <trkpt lat="46.0546589" lon="11.4614589" />
      <trkpt lat="46.0546599" lon="11.4615033" />
      <trkpt lat="46.0546653" lon="11.4615771" />
      <trkpt lat="46.0546763" lon="11.4616680" />
      <trkpt lat="46.0546868" lon="11.4617571" />
      <trkpt lat="46.0547184" lon="11.4619522" />
      <trkpt lat="46.0547358" lon="11.4620914" />
      <trkpt lat="46.0547702" lon="11.4623035" />
      <trkpt lat="46.0547956" lon="11.4624695" />
      <trkpt lat="46.0548089" lon="11.4625146" />
      <trkpt lat="46.0548242" lon="11.4625486" />
      <trkpt lat="46.0548417" lon="11.4625659" />
      <trkpt lat="46.0548695" lon="11.4625779" />
      <trkpt lat="46.0549157" lon="11.4625843" />
      <trkpt lat="46.0549605" lon="11.4625865" />
      <trkpt lat="46.0550167" lon="11.4625774" />
      <trkpt lat="46.0550666" lon="11.4625618" />
      <trkpt lat="46.0551196" lon="11.4625312" />
      <trkpt lat="46.0551852" lon="11.4624835" />
      <trkpt lat="46.0552347" lon="11.4624456" />
      <trkpt lat="46.0552511" lon="11.4624354" />
      <trkpt lat="46.0552690" lon="11.4624336" />
      <trkpt lat="46.0552862" lon="11.4624404" />
      <trkpt lat="46.0553010" lon="11.4624549" />
      <trkpt lat="46.0553116" lon="11.4624757" />
      <trkpt lat="46.0553169" lon="11.4624947" />
      <trkpt lat="46.0553204" lon="11.4625273" />
      <trkpt lat="46.0553214" lon="11.4625607" />
      <trkpt lat="46.0553245" lon="11.4626765" />
      <trkpt lat="46.0553248" lon="11.4626859" />
      <trkpt lat="46.0553401" lon="11.4631127" />
      <trkpt lat="46.0553408" lon="11.4633229" />
      <trkpt lat="46.0553398" lon="11.4633988" />
      <trkpt lat="46.0553573" lon="11.4633994" />
      <trkpt lat="46.0553410" lon="11.4641438" />
      <trkpt lat="46.0553294" lon="11.4643851" />
      <trkpt lat="46.0553276" lon="11.4644073" />
      <trkpt lat="46.0552968" lon="11.4647982" />
      <trkpt lat="46.0556186" lon="11.4648318" />
      <trkpt lat="46.0555424" lon="11.4654919" />
      <trkpt lat="46.0554466" lon="11.4657167" />
      <trkpt lat="46.0554838" lon="11.4657680" />
      <trkpt lat="46.0555274" lon="11.4658315" />
      <trkpt lat="46.0555721" lon="11.4657875" />
      <trkpt lat="46.0556508" lon="11.4657717" />
      <trkpt lat="46.0558610" lon="11.4657712" />
      <trkpt lat="46.0560726" lon="11.4657852" />
      <trkpt lat="46.0561129" lon="11.4657969" />
      <trkpt lat="46.0561540" lon="11.4657918" />
      <trkpt lat="46.0563324" lon="11.4658092" />
      <trkpt lat="46.0565717" lon="11.4658017" />
      <trkpt lat="46.0565856" lon="11.4658013" />
      <trkpt lat="46.0566350" lon="11.4663885" />
      <trkpt lat="46.0566534" lon="11.4665249" />
      <trkpt lat="46.0566832" lon="11.4666276" />
      <trkpt lat="46.0567770" lon="11.4669237" />
      <trkpt lat="46.0568793" lon="11.4671161" />
      <trkpt lat="46.0569331" lon="11.4672098" />
      <trkpt lat="46.0570635" lon="11.4674257" />
      <trkpt lat="46.0571472" lon="11.4675643" />
      <trkpt lat="46.0573269" lon="11.4678578" />
      <trkpt lat="46.0574373" lon="11.4680381" />
      <trkpt lat="46.0574691" lon="11.4680907" />
      <trkpt lat="46.0574856" lon="11.4681427" />
      <trkpt lat="46.0574896" lon="11.4681840" />
      <trkpt lat="46.0574875" lon="11.4682232" />
      <trkpt lat="46.0574632" lon="11.4682090" />
      <trkpt lat="46.0574337" lon="11.4681916" />
      <trkpt lat="46.0573709" lon="11.4681693" />
      <trkpt lat="46.0568679" lon="11.4679999" />
      <trkpt lat="46.0568706" lon="11.4680380" />
      <trkpt lat="46.0568787" lon="11.4680837" />
      <trkpt lat="46.0568901" lon="11.4681413" />
      <trkpt lat="46.0569254" lon="11.4683117" />
      <trkpt lat="46.0569496" lon="11.4684753" />
      <trkpt lat="46.0569628" lon="11.4686411" />
      <trkpt lat="46.0570122" lon="11.4695514" />
      <trkpt lat="46.0568707" lon="11.4702164" />
      <trkpt lat="46.0568521" lon="11.4703049" />
      <trkpt lat="46.0568451" lon="11.4703535" />
      <trkpt lat="46.0568391" lon="11.4703948" />
      <trkpt lat="46.0568279" lon="11.4704699" />
      <trkpt lat="46.0568211" lon="11.4705439" />
      <trkpt lat="46.0568158" lon="11.4706254" />
      <trkpt lat="46.0568109" lon="11.4707673" />
      <trkpt lat="46.0568074" lon="11.4708856" />
      <trkpt lat="46.0568091" lon="11.4709724" />
      <trkpt lat="46.0568044" lon="11.4710436" />
      <trkpt lat="46.0567998" lon="11.4710871" />
      <trkpt lat="46.0567803" lon="11.4712036" />
      <trkpt lat="46.0566973" lon="11.4716298" />
      <trkpt lat="46.0566344" lon="11.4718863" />
      <trkpt lat="46.0566073" lon="11.4719967" />
      <trkpt lat="46.0565303" lon="11.4723350" />
      <trkpt lat="46.0564745" lon="11.4725490" />
      <trkpt lat="46.0564652" lon="11.4725844" />
      <trkpt lat="46.0564024" lon="11.4727915" />
      <trkpt lat="46.0563572" lon="11.4729331" />
      <trkpt lat="46.0562995" lon="11.4731531" />
      <trkpt lat="46.0562142" lon="11.4735100" />
      <trkpt lat="46.0561953" lon="11.4736225" />
      <trkpt lat="46.0561949" lon="11.4737667" />
      <trkpt lat="46.0561953" lon="11.4739551" />
      <trkpt lat="46.0561759" lon="11.4741133" />
      <trkpt lat="46.0560410" lon="11.4746767" />
      <trkpt lat="46.0560195" lon="11.4748036" />
      <trkpt lat="46.0560284" lon="11.4748743" />
      <trkpt lat="46.0561972" lon="11.4760110" />
      <trkpt lat="46.0562208" lon="11.4763129" />
      <trkpt lat="46.0562314" lon="11.4764053" />
      <trkpt lat="46.0562614" lon="11.4764515" />
      <trkpt lat="46.0562785" lon="11.4765593" />
      <trkpt lat="46.0562250" lon="11.4770091" />
      <trkpt lat="46.0562043" lon="11.4773019" />
      <trkpt lat="46.0561998" lon="11.4773657" />
      <trkpt lat="46.0561544" lon="11.4775108" />
      <trkpt lat="46.0560397" lon="11.4776984" />
      <trkpt lat="46.0558082" lon="11.4778778" />
      <trkpt lat="46.0557744" lon="11.4779136" />
      <trkpt lat="46.0556543" lon="11.4780410" />
      <trkpt lat="46.0555370" lon="11.4782346" />
      <trkpt lat="46.0555068" lon="11.4782844" />
      <trkpt lat="46.0554327" lon="11.4784855" />
      <trkpt lat="46.0553956" lon="11.4785863" />
      <trkpt lat="46.0553122" lon="11.4789713" />
      <trkpt lat="46.0551434" lon="11.4798154" />
      <trkpt lat="46.0550856" lon="11.4803637" />
      <trkpt lat="46.0549884" lon="11.4810186" />
      <trkpt lat="46.0546949" lon="11.4809401" />
      <trkpt lat="46.0545782" lon="11.4809089" />
      <trkpt lat="46.0541891" lon="11.4808073" />
      <trkpt lat="46.0541632" lon="11.4808032" />
      <trkpt lat="46.0541293" lon="11.4808057" />
      <trkpt lat="46.0540974" lon="11.4808229" />
      <trkpt lat="46.0540707" lon="11.4808531" />
      <trkpt lat="46.0540514" lon="11.4808935" />
      <trkpt lat="46.0540415" lon="11.4809403" />
      <trkpt lat="46.0539724" lon="11.4814431" />
      <trkpt lat="46.0539295" lon="11.4814303" />
      <trkpt lat="46.0538094" lon="11.4813941" />
      <trkpt lat="46.0537358" lon="11.4813719" />
      <trkpt lat="46.0536841" lon="11.4813563" />
      <trkpt lat="46.0538612" lon="11.4800904" />
      <trkpt lat="46.0539334" lon="11.4795796" />
      <trkpt lat="46.0539804" lon="11.4792050" />
      <trkpt lat="46.0541862" lon="11.4777577" />
      <trkpt lat="46.0544362" lon="11.4759913" />
      <trkpt lat="46.0545063" lon="11.4755612" />
      <trkpt lat="46.0546238" lon="11.4749004" />
      <trkpt lat="46.0546641" lon="11.4747779" />
      <trkpt lat="46.0547200" lon="11.4746747" />
      <trkpt lat="46.0547692" lon="11.4746070" />
      <trkpt lat="46.0548511" lon="11.4745309" />
      <trkpt lat="46.0548714" lon="11.4745117" />
      <trkpt lat="46.0548981" lon="11.4744727" />
      <trkpt lat="46.0549171" lon="11.4744252" />
      <trkpt lat="46.0549271" lon="11.4743723" />
      <trkpt lat="46.0549275" lon="11.4743174" />
      <trkpt lat="46.0549182" lon="11.4742643" />
      <trkpt lat="46.0549049" lon="11.4742270" />
      <trkpt lat="46.0548868" lon="11.4741941" />
      <trkpt lat="46.0548462" lon="11.4740533" />
      <trkpt lat="46.0548262" lon="11.4739452" />
      <trkpt lat="46.0548208" lon="11.4738434" />
      <trkpt lat="46.0548345" lon="11.4737233" />
      <trkpt lat="46.0548708" lon="11.4735026" />
      <trkpt lat="46.0550481" lon="11.4724218" />
      <trkpt lat="46.0552278" lon="11.4712470" />
      <trkpt lat="46.0552489" lon="11.4711102" />
      <trkpt lat="46.0552694" lon="11.4709874" />
      <trkpt lat="46.0552945" lon="11.4707700" />
      <trkpt lat="46.0553065" lon="11.4707443" />
      <trkpt lat="46.0553139" lon="11.4707151" />
      <trkpt lat="46.0553417" lon="11.4707239" />
      <trkpt lat="46.0559734" lon="11.4709360" />
      <trkpt lat="46.0563730" lon="11.4710703" />
      <trkpt lat="46.0563825" lon="11.4710122" />
      <trkpt lat="46.0566394" lon="11.4694426" />
      <trkpt lat="46.0568286" lon="11.4683385" />
      <trkpt lat="46.0568482" lon="11.4682513" />
      <trkpt lat="46.0568730" lon="11.4681859" />
      <trkpt lat="46.0568901" lon="11.4681413" />
      <trkpt lat="46.0568787" lon="11.4680837" />
      <trkpt lat="46.0568706" lon="11.4680380" />
      <trkpt lat="46.0568679" lon="11.4679999" />
      <trkpt lat="46.0573709" lon="11.4681693" />
      <trkpt lat="46.0574337" lon="11.4681916" />
      <trkpt lat="46.0574632" lon="11.4682090" />
      <trkpt lat="46.0574875" lon="11.4682232" />
      <trkpt lat="46.0574896" lon="11.4681840" />
      <trkpt lat="46.0574856" lon="11.4681427" />
      <trkpt lat="46.0574691" lon="11.4680907" />
      <trkpt lat="46.0574373" lon="11.4680381" />
      <trkpt lat="46.0573269" lon="11.4678578" />
      <trkpt lat="46.0571472" lon="11.4675643" />
      <trkpt lat="46.0570635" lon="11.4674257" />
      <trkpt lat="46.0569331" lon="11.4672098" />
      <trkpt lat="46.0568793" lon="11.4671161" />
      <trkpt lat="46.0567770" lon="11.4669237" />
      <trkpt lat="46.0566832" lon="11.4666276" />
      <trkpt lat="46.0566534" lon="11.4665249" />
      <trkpt lat="46.0566350" lon="11.4663885" />
      <trkpt lat="46.0565856" lon="11.4658013" />
      <trkpt lat="46.0565717" lon="11.4658017" />
      <trkpt lat="46.0563324" lon="11.4658092" />
      <trkpt lat="46.0561540" lon="11.4657918" />
      <trkpt lat="46.0561129" lon="11.4657969" />
      <trkpt lat="46.0560726" lon="11.4657852" />
      <trkpt lat="46.0558610" lon="11.4657712" />
      <trkpt lat="46.0556508" lon="11.4657717" />
      <trkpt lat="46.0555721" lon="11.4657875" />
      <trkpt lat="46.0555274" lon="11.4658315" />
      <trkpt lat="46.0554497" lon="11.4658946" />
      <trkpt lat="46.0553120" lon="11.4660206" />
      <trkpt lat="46.0551270" lon="11.4662402" />
      <trkpt lat="46.0551130" lon="11.4662568" />
      <trkpt lat="46.0550685" lon="11.4663160" />
      <trkpt lat="46.0550278" lon="11.4663702" />
      <trkpt lat="46.0548923" lon="11.4665371" />
      <trkpt lat="46.0547530" lon="11.4666019" />
      <trkpt lat="46.0546170" lon="11.4666665" />
      <trkpt lat="46.0544964" lon="11.4667556" />
      <trkpt lat="46.0544624" lon="11.4668157" />
      <trkpt lat="46.0544495" lon="11.4668670" />
      <trkpt lat="46.0544076" lon="11.4670485" />
      <trkpt lat="46.0543743" lon="11.4672846" />
      <trkpt lat="46.0543605" lon="11.4673871" />
      <trkpt lat="46.0543156" lon="11.4674460" />
      <trkpt lat="46.0542460" lon="11.4674616" />
      <trkpt lat="46.0540915" lon="11.4674460" />
      <trkpt lat="46.0539786" lon="11.4674327" />
      <trkpt lat="46.0539338" lon="11.4673903" />
      <trkpt lat="46.0539910" lon="11.4672456" />
      <trkpt lat="46.0540745" lon="11.4671075" />
      <trkpt lat="46.0541919" lon="11.4669516" />
      <trkpt lat="46.0542632" lon="11.4668624" />
      <trkpt lat="46.0541663" lon="11.4665995" />
      <trkpt lat="46.0539880" lon="11.4659903" />
      <trkpt lat="46.0539336" lon="11.4658192" />
      <trkpt lat="46.0539197" lon="11.4658114" />
      <trkpt lat="46.0538930" lon="11.4657932" />
      <trkpt lat="46.0538715" lon="11.4657642" />
      <trkpt lat="46.0538572" lon="11.4657271" />
      <trkpt lat="46.0538515" lon="11.4656854" />
      <trkpt lat="46.0538549" lon="11.4656432" />
      <trkpt lat="46.0538671" lon="11.4656046" />
      <trkpt lat="46.0537985" lon="11.4654410" />
      <trkpt lat="46.0535377" lon="11.4647260" />
      <trkpt lat="46.0535675" lon="11.4646990" />
      <trkpt lat="46.0536081" lon="11.4646674" />
      <trkpt lat="46.0536468" lon="11.4646587" />
      <trkpt lat="46.0536889" lon="11.4646565" />
      <trkpt lat="46.0537515" lon="11.4646577" />
      <trkpt lat="46.0538196" lon="11.4646649" />
      <trkpt lat="46.0538199" lon="11.4646106" />
      <trkpt lat="46.0538209" lon="11.4645987" />
      <trkpt lat="46.0538195" lon="11.4645869" />
      <trkpt lat="46.0538157" lon="11.4645763" />
      <trkpt lat="46.0538100" lon="11.4645677" />
      <trkpt lat="46.0538027" lon="11.4645619" />
      <trkpt lat="46.0537443" lon="11.4645158" />
      <trkpt lat="46.0537038" lon="11.4644896" />
      <trkpt lat="46.0536576" lon="11.4644657" />
      <trkpt lat="46.0535843" lon="11.4644198" />
      <trkpt lat="46.0535162" lon="11.4643554" />
      <trkpt lat="46.0534595" lon="11.4642870" />
      <trkpt lat="46.0534244" lon="11.4642346" />
      <trkpt lat="46.0534025" lon="11.4641978" />
      <trkpt lat="46.0533940" lon="11.4641777" />
      <trkpt lat="46.0533905" lon="11.4641606" />
      <trkpt lat="46.0533895" lon="11.4641414" />
      <trkpt lat="46.0533946" lon="11.4640669" />
      <trkpt lat="46.0533873" lon="11.4639683" />
      <trkpt lat="46.0533847" lon="11.4639147" />
      <trkpt lat="46.0533840" lon="11.4639007" />
      <trkpt lat="46.0533759" lon="11.4638501" />
      <trkpt lat="46.0532669" lon="11.4634178" />
      <trkpt lat="46.0532630" lon="11.4633706" />
      <trkpt lat="46.0532181" lon="11.4633923" />
      <trkpt lat="46.0530020" lon="11.4635276" />
      <trkpt lat="46.0529832" lon="11.4635393" />
      <trkpt lat="46.0529229" lon="11.4635883" />
      <trkpt lat="46.0528842" lon="11.4636090" />
      <trkpt lat="46.0528467" lon="11.4636115" />
      <trkpt lat="46.0528162" lon="11.4635949" />
      <trkpt lat="46.0527961" lon="11.4635520" />
      <trkpt lat="46.0528396" lon="11.4634878" />
      <trkpt lat="46.0527933" lon="11.4634026" />
      <trkpt lat="46.0527840" lon="11.4634182" />
      <trkpt lat="46.0527609" lon="11.4634503" />
      <trkpt lat="46.0527277" lon="11.4634870" />
      <trkpt lat="46.0526910" lon="11.4635156" />
      <trkpt lat="46.0526678" lon="11.4635270" />
      <trkpt lat="46.0526352" lon="11.4635397" />
      <trkpt lat="46.0525442" lon="11.4635552" />
      <trkpt lat="46.0525110" lon="11.4635627" />
      <trkpt lat="46.0525053" lon="11.4636018" />
      <trkpt lat="46.0525035" lon="11.4636145" />
      <trkpt lat="46.0524692" lon="11.4638312" />
      <trkpt lat="46.0524383" lon="11.4638541" />
      <trkpt lat="46.0524419" lon="11.4638646" />
      <trkpt lat="46.0524384" lon="11.4638540" />
      <trkpt lat="46.0524020" lon="11.4638803" />
      <trkpt lat="46.0522757" lon="11.4639670" />
      <trkpt lat="46.0521669" lon="11.4640360" />
      <trkpt lat="46.0522402" lon="11.4642236" />
      <trkpt lat="46.0522780" lon="11.4642876" />
      <trkpt lat="46.0524741" lon="11.4649904" />
      <trkpt lat="46.0525167" lon="11.4651856" />
      <trkpt lat="46.0525380" lon="11.4653093" />
      <trkpt lat="46.0525553" lon="11.4653697" />
      <trkpt lat="46.0526440" lon="11.4659522" />
      <trkpt lat="46.0526440" lon="11.4660019" />
      <trkpt lat="46.0526218" lon="11.4660516" />
      <trkpt lat="46.0525917" lon="11.4661052" />
      <trkpt lat="46.0526041" lon="11.4661590" />
      <trkpt lat="46.0526220" lon="11.4663165" />
      <trkpt lat="46.0526141" lon="11.4664945" />
      <trkpt lat="46.0525889" lon="11.4666386" />
      <trkpt lat="46.0525407" lon="11.4667652" />
      <trkpt lat="46.0524669" lon="11.4669407" />
      <trkpt lat="46.0521460" lon="11.4676824" />
      <trkpt lat="46.0521358" lon="11.4677031" />
      <trkpt lat="46.0520107" lon="11.4679569" />
      <trkpt lat="46.0517769" lon="11.4684312" />
      <trkpt lat="46.0515830" lon="11.4688246" />
      <trkpt lat="46.0515216" lon="11.4689631" />
      <trkpt lat="46.0513854" lon="11.4692734" />
      <trkpt lat="46.0513654" lon="11.4693177" />
      <trkpt lat="46.0512981" lon="11.4694929" />
      <trkpt lat="46.0512655" lon="11.4695778" />
      <trkpt lat="46.0512493" lon="11.4696199" />
      <trkpt lat="46.0508958" lon="11.4704923" />
      <trkpt lat="46.0508851" lon="11.4705186" />
      <trkpt lat="46.0508649" lon="11.4705632" />
      <trkpt lat="46.0507901" lon="11.4707471" />
      <trkpt lat="46.0507261" lon="11.4708870" />
      <trkpt lat="46.0507143" lon="11.4709103" />
      <trkpt lat="46.0506934" lon="11.4709441" />
      <trkpt lat="46.0505105" lon="11.4713240" />
      <trkpt lat="46.0504813" lon="11.4713790" />
      <trkpt lat="46.0504687" lon="11.4714841" />
      <trkpt lat="46.0504793" lon="11.4715897" />
      <trkpt lat="46.0505035" lon="11.4719156" />
      <trkpt lat="46.0505132" lon="11.4720528" />
      <trkpt lat="46.0505138" lon="11.4721473" />
      <trkpt lat="46.0504958" lon="11.4722376" />
      <trkpt lat="46.0504648" lon="11.4723322" />
      <trkpt lat="46.0503947" lon="11.4724773" />
      <trkpt lat="46.0503314" lon="11.4725948" />
      <trkpt lat="46.0502945" lon="11.4727149" />
      <trkpt lat="46.0502581" lon="11.4728508" />
      <trkpt lat="46.0502485" lon="11.4729405" />
      <trkpt lat="46.0502210" lon="11.4730436" />
      <trkpt lat="46.0501853" lon="11.4731384" />
      <trkpt lat="46.0501053" lon="11.4733732" />
      <trkpt lat="46.0500015" lon="11.4736385" />
      <trkpt lat="46.0499113" lon="11.4739366" />
      <trkpt lat="46.0498317" lon="11.4743965" />
      <trkpt lat="46.0497610" lon="11.4748838" />
      <trkpt lat="46.0496796" lon="11.4752269" />
      <trkpt lat="46.0495765" lon="11.4755084" />
      <trkpt lat="46.0495027" lon="11.4757964" />
      <trkpt lat="46.0494895" lon="11.4758368" />
      <trkpt lat="46.0494681" lon="11.4758692" />
      <trkpt lat="46.0494407" lon="11.4758902" />
      <trkpt lat="46.0492704" lon="11.4760067" />
      <trkpt lat="46.0490176" lon="11.4762144" />
      <trkpt lat="46.0489741" lon="11.4762468" />
      <trkpt lat="46.0487215" lon="11.4764349" />
      <trkpt lat="46.0487102" lon="11.4764475" />
      <trkpt lat="46.0487026" lon="11.4764647" />
      <trkpt lat="46.0486994" lon="11.4764847" />
      <trkpt lat="46.0487072" lon="11.4765235" />
      <trkpt lat="46.0488114" lon="11.4769147" />
      <trkpt lat="46.0489607" lon="11.4773563" />
      <trkpt lat="46.0489739" lon="11.4774114" />
      <trkpt lat="46.0489738" lon="11.4774697" />
      <trkpt lat="46.0489603" lon="11.4775247" />
      <trkpt lat="46.0489351" lon="11.4775703" />
      <trkpt lat="46.0489008" lon="11.4776013" />
      <trkpt lat="46.0486886" lon="11.4776857" />
      <trkpt lat="46.0485405" lon="11.4776935" />
      <trkpt lat="46.0483689" lon="11.4776911" />
      <trkpt lat="46.0482071" lon="11.4776663" />
      <trkpt lat="46.0480315" lon="11.4776121" />
      <trkpt lat="46.0477862" lon="11.4775152" />
      <trkpt lat="46.0475024" lon="11.4773950" />
      <trkpt lat="46.0474429" lon="11.4773742" />
      <trkpt lat="46.0472420" lon="11.4773040" />
      <trkpt lat="46.0471338" lon="11.4772584" />
      <trkpt lat="46.0470627" lon="11.4771301" />
      <trkpt lat="46.0470189" lon="11.4770881" />
      <trkpt lat="46.0469331" lon="11.4770378" />
      <trkpt lat="46.0467883" lon="11.4769346" />
      <trkpt lat="46.0466368" lon="11.4768195" />
      <trkpt lat="46.0459960" lon="11.4766319" />
      <trkpt lat="46.0454462" lon="11.4764880" />
      <trkpt lat="46.0452982" lon="11.4764030" />
      <trkpt lat="46.0452384" lon="11.4762869" />
      <trkpt lat="46.0451762" lon="11.4760878" />
      <trkpt lat="46.0451808" lon="11.4758058" />
      <trkpt lat="46.0451284" lon="11.4754861" />
      <trkpt lat="46.0450554" lon="11.4752073" />
      <trkpt lat="46.0450040" lon="11.4751059" />
      <trkpt lat="46.0448954" lon="11.4751554" />
      <trkpt lat="46.0448274" lon="11.4751226" />
      <trkpt lat="46.0447733" lon="11.4750480" />
      <trkpt lat="46.0447530" lon="11.4747494" />
      <trkpt lat="46.0447416" lon="11.4745784" />
      <trkpt lat="46.0446537" lon="11.4732547" />
      <trkpt lat="46.0446039" lon="11.4725050" />
      <trkpt lat="46.0445674" lon="11.4718266" />
      <trkpt lat="46.0445419" lon="11.4716156" />
      <trkpt lat="46.0444257" lon="11.4716139" />
      <trkpt lat="46.0439770" lon="11.4716964" />
      <trkpt lat="46.0439713" lon="11.4719457" />
      <trkpt lat="46.0439650" lon="11.4719682" />
      <trkpt lat="46.0439553" lon="11.4719879" />
      <trkpt lat="46.0439427" lon="11.4720039" />
      <trkpt lat="46.0436722" lon="11.4722383" />
      <trkpt lat="46.0436522" lon="11.4722459" />
      <trkpt lat="46.0436317" lon="11.4722438" />
      <trkpt lat="46.0436127" lon="11.4722323" />
      <trkpt lat="46.0435973" lon="11.4722125" />
      <trkpt lat="46.0435144" lon="11.4720331" />
      <trkpt lat="46.0434589" lon="11.4719739" />
      <trkpt lat="46.0431138" lon="11.4722759" />
      <trkpt lat="46.0426902" lon="11.4726545" />
      <trkpt lat="46.0426527" lon="11.4726880" />
      <trkpt lat="46.0424138" lon="11.4721446" />
      <trkpt lat="46.0421261" lon="11.4715783" />
      <trkpt lat="46.0419685" lon="11.4712593" />
      <trkpt lat="46.0418369" lon="11.4710567" />
      <trkpt lat="46.0417360" lon="11.4709369" />
      <trkpt lat="46.0416077" lon="11.4708285" />
      <trkpt lat="46.0415282" lon="11.4707445" />
      <trkpt lat="46.0414836" lon="11.4706655" />
      <trkpt lat="46.0414601" lon="11.4706274" />
      <trkpt lat="46.0413597" lon="11.4704386" />
      <trkpt lat="46.0413168" lon="11.4703583" />
      <trkpt lat="46.0412239" lon="11.4702317" />
      <trkpt lat="46.0410610" lon="11.4700003" />
      <trkpt lat="46.0408892" lon="11.4697563" />
      <trkpt lat="46.0407371" lon="11.4695704" />
      <trkpt lat="46.0406325" lon="11.4693954" />
      <trkpt lat="46.0405807" lon="11.4693011" />
      <trkpt lat="46.0405774" lon="11.4692282" />
      <trkpt lat="46.0405985" lon="11.4689051" />
      <trkpt lat="46.0405932" lon="11.4687892" />
      <trkpt lat="46.0405746" lon="11.4687031" />
      <trkpt lat="46.0405051" lon="11.4685270" />
      <trkpt lat="46.0404330" lon="11.4682787" />
      <trkpt lat="46.0404151" lon="11.4681802" />
      <trkpt lat="46.0404080" lon="11.4681409" />
      <trkpt lat="46.0404032" lon="11.4680866" />
      <trkpt lat="46.0404034" lon="11.4680312" />
      <trkpt lat="46.0404233" lon="11.4675935" />
      <trkpt lat="46.0404210" lon="11.4675679" />
      <trkpt lat="46.0404104" lon="11.4674474" />
      <trkpt lat="46.0402991" lon="11.4676148" />
      <trkpt lat="46.0402748" lon="11.4676514" />
      <trkpt lat="46.0400899" lon="11.4678995" />
      <trkpt lat="46.0399601" lon="11.4679886" />
      <trkpt lat="46.0398752" lon="11.4680177" />
      <trkpt lat="46.0398442" lon="11.4680115" />
      <trkpt lat="46.0396863" lon="11.4679800" />
      <trkpt lat="46.0395583" lon="11.4679930" />
      <trkpt lat="46.0394883" lon="11.4680331" />
      <trkpt lat="46.0394397" lon="11.4680609" />
      <trkpt lat="46.0393350" lon="11.4681187" />
      <trkpt lat="46.0392390" lon="11.4681390" />
      <trkpt lat="46.0390545" lon="11.4680272" />
      <trkpt lat="46.0388872" lon="11.4679217" />
      <trkpt lat="46.0386986" lon="11.4679248" />
      <trkpt lat="46.0385806" lon="11.4678897" />
      <trkpt lat="46.0384735" lon="11.4678105" />
      <trkpt lat="46.0383850" lon="11.4676929" />
      <trkpt lat="46.0382142" lon="11.4675637" />
      <trkpt lat="46.0379138" lon="11.4673551" />
      <trkpt lat="46.0378398" lon="11.4673123" />
      <trkpt lat="46.0377610" lon="11.4672944" />
      <trkpt lat="46.0376376" lon="11.4673247" />
      <trkpt lat="46.0374954" lon="11.4673551" />
      <trkpt lat="46.0373665" lon="11.4673458" />
      <trkpt lat="46.0372426" lon="11.4672944" />
      <trkpt lat="46.0371843" lon="11.4672382" />
      <trkpt lat="46.0371392" lon="11.4671608" />
      <trkpt lat="46.0371172" lon="11.4671615" />
      <trkpt lat="46.0370959" lon="11.4671532" />
      <trkpt lat="46.0370772" lon="11.4671366" />
      <trkpt lat="46.0365866" lon="11.4664250" />
      <trkpt lat="46.0364015" lon="11.4661324" />
      <trkpt lat="46.0362526" lon="11.4659178" />
      <trkpt lat="46.0361930" lon="11.4657998" />
      <trkpt lat="46.0360626" lon="11.4655530" />
      <trkpt lat="46.0360105" lon="11.4654994" />
      <trkpt lat="46.0357312" lon="11.4650273" />
      <trkpt lat="46.0357021" lon="11.4649366" />
      <trkpt lat="46.0356904" lon="11.4648382" />
      <trkpt lat="46.0356970" lon="11.4647387" />
      <trkpt lat="46.0356878" lon="11.4646544" />
      <trkpt lat="46.0356632" lon="11.4645767" />
      <trkpt lat="46.0356111" lon="11.4644641" />
      <trkpt lat="46.0355341" lon="11.4643275" />
      <trkpt lat="46.0354380" lon="11.4642300" />
      <trkpt lat="46.0353467" lon="11.4640552" />
      <trkpt lat="46.0352832" lon="11.4639809" />
      <trkpt lat="46.0352493" lon="11.4638170" />
      <trkpt lat="46.0352285" lon="11.4636862" />
      <trkpt lat="46.0352077" lon="11.4633982" />
      <trkpt lat="46.0351953" lon="11.4632587" />
      <trkpt lat="46.0351371" lon="11.4630862" />
      <trkpt lat="46.0350696" lon="11.4629560" />
      <trkpt lat="46.0350601" lon="11.4628354" />
      <trkpt lat="46.0350620" lon="11.4628220" />
      <trkpt lat="46.0352446" lon="11.4627079" />
      <trkpt lat="46.0356757" lon="11.4624040" />
      <trkpt lat="46.0361269" lon="11.4620846" />
      <trkpt lat="46.0362110" lon="11.4620398" />
      <trkpt lat="46.0362854" lon="11.4620221" />
      <trkpt lat="46.0364238" lon="11.4620155" />
      <trkpt lat="46.0367086" lon="11.4620405" />
      <trkpt lat="46.0369437" lon="11.4619958" />
      <trkpt lat="46.0372002" lon="11.4618903" />
      <trkpt lat="46.0375888" lon="11.4616954" />
      <trkpt lat="46.0376888" lon="11.4616608" />
      <trkpt lat="46.0379019" lon="11.4616444" />
      <trkpt lat="46.0386418" lon="11.4615535" />
      <trkpt lat="46.0388412" lon="11.4615290" />
      <trkpt lat="46.0393201" lon="11.4615389" />
      <trkpt lat="46.0397136" lon="11.4615470" />
      <trkpt lat="46.0398511" lon="11.4615302" />
      <trkpt lat="46.0399458" lon="11.4615187" />
      <trkpt lat="46.0400767" lon="11.4614806" />
      <trkpt lat="46.0401856" lon="11.4614489" />
      <trkpt lat="46.0404903" lon="11.4613274" />
      <trkpt lat="46.0405912" lon="11.4613045" />
      <trkpt lat="46.0406719" lon="11.4613095" />
      <trkpt lat="46.0407727" lon="11.4613322" />
      <trkpt lat="46.0408696" lon="11.4613799" />
      <trkpt lat="46.0408955" lon="11.4613961" />
      <trkpt lat="46.0409757" lon="11.4614464" />
      <trkpt lat="46.0411479" lon="11.4615714" />
      <trkpt lat="46.0411466" lon="11.4615089" />
      <trkpt lat="46.0411605" lon="11.4612645" />
      <trkpt lat="46.0411730" lon="11.4611428" />
      <trkpt lat="46.0411881" lon="11.4610391" />
      <trkpt lat="46.0411995" lon="11.4609825" />
      <trkpt lat="46.0412058" lon="11.4609518" />
      <trkpt lat="46.0412103" lon="11.4609302" />
      <trkpt lat="46.0413132" lon="11.4605597" />
      <trkpt lat="46.0413175" lon="11.4605436" />
      <trkpt lat="46.0412870" lon="11.4605259" />
      <trkpt lat="46.0407630" lon="11.4600780" />
      <trkpt lat="46.0406547" lon="11.4599994" />
      <trkpt lat="46.0405025" lon="11.4599205" />
      <trkpt lat="46.0404945" lon="11.4599484" />
      <trkpt lat="46.0395902" lon="11.4593544" />
      <trkpt lat="46.0394345" lon="11.4592394" />
      <trkpt lat="46.0392750" lon="11.4591482" />
      <trkpt lat="46.0391063" lon="11.4590854" />
      <trkpt lat="46.0381963" lon="11.4588351" />
      <trkpt lat="46.0372470" lon="11.4585731" />
      <trkpt lat="46.0365472" lon="11.4583149" />
      <trkpt lat="46.0361911" lon="11.4581032" />
      <trkpt lat="46.0358216" lon="11.4578675" />
      <trkpt lat="46.0354851" lon="11.4576296" />
      <trkpt lat="46.0354237" lon="11.4575802" />
      <trkpt lat="46.0353072" lon="11.4574872" />
      <trkpt lat="46.0352586" lon="11.4574575" />
      <trkpt lat="46.0351501" lon="11.4573921" />
      <trkpt lat="46.0350106" lon="11.4573282" />
      <trkpt lat="46.0348332" lon="11.4572574" />
      <trkpt lat="46.0347672" lon="11.4572300" />
      <trkpt lat="46.0343651" lon="11.4568990" />
      <trkpt lat="46.0339176" lon="11.4565484" />
      <trkpt lat="46.0335790" lon="11.4563002" />
      <trkpt lat="46.0332585" lon="11.4560999" />
      <trkpt lat="46.0330272" lon="11.4559844" />
      <trkpt lat="46.0325949" lon="11.4558059" />
      <trkpt lat="46.0323839" lon="11.4557224" />
      <trkpt lat="46.0322952" lon="11.4556939" />
      <trkpt lat="46.0322068" lon="11.4556772" />
      <trkpt lat="46.0320639" lon="11.4556085" />
      <trkpt lat="46.0323566" lon="11.4554775" />
      <trkpt lat="46.0323513" lon="11.4554407" />
      <trkpt lat="46.0323522" lon="11.4554020" />
      <trkpt lat="46.0323574" lon="11.4553735" />
      <trkpt lat="46.0323681" lon="11.4553420" />
      <trkpt lat="46.0323827" lon="11.4553158" />
      <trkpt lat="46.0323999" lon="11.4552956" />
      <trkpt lat="46.0324182" lon="11.4552816" />
      <trkpt lat="46.0324405" lon="11.4552721" />
      <trkpt lat="46.0324581" lon="11.4552695" />
      <trkpt lat="46.0324769" lon="11.4552714" />
      <trkpt lat="46.0333055" lon="11.4553864" />
      <trkpt lat="46.0338500" lon="11.4554491" />
      <trkpt lat="46.0341930" lon="11.4554843" />
      <trkpt lat="46.0343664" lon="11.4554789" />
      <trkpt lat="46.0345512" lon="11.4554665" />
      <trkpt lat="46.0346801" lon="11.4554623" />
      <trkpt lat="46.0347954" lon="11.4554909" />
      <trkpt lat="46.0349356" lon="11.4555501" />
      <trkpt lat="46.0350662" lon="11.4556093" />
      <trkpt lat="46.0351582" lon="11.4556174" />
      <trkpt lat="46.0353201" lon="11.4556163" />
      <trkpt lat="46.0355255" lon="11.4556157" />
      <trkpt lat="46.0356417" lon="11.4556337" />
      <trkpt lat="46.0357771" lon="11.4556894" />
      <trkpt lat="46.0358907" lon="11.4557277" />
      <trkpt lat="46.0359953" lon="11.4557367" />
      <trkpt lat="46.0361204" lon="11.4557591" />
      <trkpt lat="46.0361949" lon="11.4557973" />
      <trkpt lat="46.0362607" lon="11.4558740" />
      <trkpt lat="46.0363235" lon="11.4559820" />
      <trkpt lat="46.0363855" lon="11.4561186" />
      <trkpt lat="46.0365290" lon="11.4562258" />
      <trkpt lat="46.0367287" lon="11.4563131" />
      <trkpt lat="46.0369473" lon="11.4563791" />
      <trkpt lat="46.0370827" lon="11.4565079" />
      <trkpt lat="46.0372394" lon="11.4565736" />
      <trkpt lat="46.0374599" lon="11.4565950" />
      <trkpt lat="46.0376577" lon="11.4565741" />
      <trkpt lat="46.0380356" lon="11.4565156" />
      <trkpt lat="46.0385659" lon="11.4564216" />
      <trkpt lat="46.0387320" lon="11.4564274" />
      <trkpt lat="46.0388477" lon="11.4564592" />
      <trkpt lat="46.0389130" lon="11.4564940" />
      <trkpt lat="46.0389589" lon="11.4564661" />
      <trkpt lat="46.0389821" lon="11.4563963" />
      <trkpt lat="46.0389555" lon="11.4563247" />
      <trkpt lat="46.0388939" lon="11.4562926" />
      <trkpt lat="46.0386674" lon="11.4562673" />
      <trkpt lat="46.0385963" lon="11.4562363" />
      <trkpt lat="46.0385009" lon="11.4561534" />
      <trkpt lat="46.0383756" lon="11.4560302" />
      <trkpt lat="46.0383086" lon="11.4559611" />
      <trkpt lat="46.0382240" lon="11.4558914" />
      <trkpt lat="46.0381269" lon="11.4558669" />
      <trkpt lat="46.0379217" lon="11.4558357" />
      <trkpt lat="46.0378562" lon="11.4558034" />
      <trkpt lat="46.0369132" lon="11.4553311" />
      <trkpt lat="46.0368107" lon="11.4552456" />
      <trkpt lat="46.0367128" lon="11.4551252" />
      <trkpt lat="46.0364883" lon="11.4547391" />
      <trkpt lat="46.0363211" lon="11.4545226" />
      <trkpt lat="46.0361172" lon="11.4543635" />
      <trkpt lat="46.0360382" lon="11.4543380" />
      <trkpt lat="46.0356470" lon="11.4542670" />
      <trkpt lat="46.0353346" lon="11.4542370" />
      <trkpt lat="46.0351709" lon="11.4541872" />
      <trkpt lat="46.0350517" lon="11.4540942" />
      <trkpt lat="46.0348766" lon="11.4539215" />
      <trkpt lat="46.0344473" lon="11.4536062" />
      <trkpt lat="46.0343481" lon="11.4535509" />
      <trkpt lat="46.0342489" lon="11.4535126" />
      <trkpt lat="46.0340632" lon="11.4534751" />
      <trkpt lat="46.0338755" lon="11.4534070" />
      <trkpt lat="46.0337337" lon="11.4533535" />
      <trkpt lat="46.0335592" lon="11.4533395" />
      <trkpt lat="46.0334522" lon="11.4533045" />
      <trkpt lat="46.0332907" lon="11.4531926" />
      <trkpt lat="46.0332325" lon="11.4530981" />
      <trkpt lat="46.0331574" lon="11.4529381" />
      <trkpt lat="46.0331343" lon="11.4528649" />
      <trkpt lat="46.0331221" lon="11.4528318" />
      <trkpt lat="46.0331172" lon="11.4527949" />
      <trkpt lat="46.0331202" lon="11.4527577" />
      <trkpt lat="46.0331307" lon="11.4527234" />
      <trkpt lat="46.0331472" lon="11.4527020" />
      <trkpt lat="46.0331676" lon="11.4526895" />
      <trkpt lat="46.0331898" lon="11.4526874" />
      <trkpt lat="46.0332112" lon="11.4526958" />
      <trkpt lat="46.0332296" lon="11.4527138" />
      <trkpt lat="46.0332598" lon="11.4527576" />
      <trkpt lat="46.0332936" lon="11.4528715" />
      <trkpt lat="46.0333252" lon="11.4529815" />
      <trkpt lat="46.0333838" lon="11.4530583" />
      <trkpt lat="46.0334941" lon="11.4530981" />
      <trkpt lat="46.0337358" lon="11.4530636" />
      <trkpt lat="46.0338386" lon="11.4530583" />
      <trkpt lat="46.0339369" lon="11.4530700" />
      <trkpt lat="46.0340202" lon="11.4530533" />
      <trkpt lat="46.0341498" lon="11.4529844" />
      <trkpt lat="46.0342421" lon="11.4529203" />
      <trkpt lat="46.0343994" lon="11.4526650" />
      <trkpt lat="46.0344930" lon="11.4525912" />
      <trkpt lat="46.0346141" lon="11.4524294" />
      <trkpt lat="46.0348002" lon="11.4521261" />
      <trkpt lat="46.0348413" lon="11.4520602" />
      <trkpt lat="46.0349155" lon="11.4520027" />
      <trkpt lat="46.0350761" lon="11.4519413" />
      <trkpt lat="46.0354093" lon="11.4518115" />
      <trkpt lat="46.0357135" lon="11.4516750" />
      <trkpt lat="46.0360010" lon="11.4515608" />
      <trkpt lat="46.0360406" lon="11.4515547" />
      <trkpt lat="46.0360635" lon="11.4515511" />
      <trkpt lat="46.0360959" lon="11.4515496" />
      <trkpt lat="46.0362764" lon="11.4515628" />
      <trkpt lat="46.0364900" lon="11.4515687" />
      <trkpt lat="46.0367421" lon="11.4515256" />
      <trkpt lat="46.0369183" lon="11.4515064" />
      <trkpt lat="46.0371264" lon="11.4514822" />
      <trkpt lat="46.0373029" lon="11.4514910" />
      <trkpt lat="46.0375461" lon="11.4515129" />
      <trkpt lat="46.0376991" lon="11.4515414" />
      <trkpt lat="46.0380220" lon="11.4515694" />
      <trkpt lat="46.0381759" lon="11.4515518" />
      <trkpt lat="46.0382398" lon="11.4515424" />
      <trkpt lat="46.0383723" lon="11.4515038" />
      <trkpt lat="46.0384918" lon="11.4513695" />
      <trkpt lat="46.0386613" lon="11.4512616" />
      <trkpt lat="46.0387516" lon="11.4512203" />
      <trkpt lat="46.0387927" lon="11.4512111" />
      <trkpt lat="46.0388336" lon="11.4512222" />
      <trkpt lat="46.0388695" lon="11.4512523" />
      <trkpt lat="46.0388965" lon="11.4512980" />
      <trkpt lat="46.0389303" lon="11.4513585" />
      <trkpt lat="46.0390076" lon="11.4514434" />
      <trkpt lat="46.0391329" lon="11.4515500" />
      <trkpt lat="46.0391872" lon="11.4516591" />
      <trkpt lat="46.0392072" lon="11.4517059" />
      <trkpt lat="46.0392359" lon="11.4517422" />
      <trkpt lat="46.0392708" lon="11.4517647" />
      <trkpt lat="46.0393087" lon="11.4517715" />
      <trkpt lat="46.0393400" lon="11.4517622" />
      <trkpt lat="46.0393718" lon="11.4517660" />
      <trkpt lat="46.0394017" lon="11.4517826" />
      <trkpt lat="46.0394270" lon="11.4518106" />
      <trkpt lat="46.0394459" lon="11.4518478" />
      <trkpt lat="46.0395095" lon="11.4519010" />
      <trkpt lat="46.0395815" lon="11.4519230" />
      <trkpt lat="46.0396546" lon="11.4519118" />
      <trkpt lat="46.0396723" lon="11.4518983" />
      <trkpt lat="46.0396859" lon="11.4518771" />
      <trkpt lat="46.0396939" lon="11.4518505" />
      <trkpt lat="46.0396861" lon="11.4518217" />
      <trkpt lat="46.0396899" lon="11.4517938" />
      <trkpt lat="46.0396784" lon="11.4517701" />
      <trkpt lat="46.0396622" lon="11.4517532" />
      <trkpt lat="46.0396429" lon="11.4517450" />
      <trkpt lat="46.0395177" lon="11.4516833" />
      <trkpt lat="46.0393169" lon="11.4514805" />
      <trkpt lat="46.0391141" lon="11.4511143" />
      <trkpt lat="46.0389936" lon="11.4507794" />
      <trkpt lat="46.0389444" lon="11.4506911" />
      <trkpt lat="46.0389155" lon="11.4505859" />
      <trkpt lat="46.0389093" lon="11.4504730" />
      <trkpt lat="46.0389264" lon="11.4503626" />
      <trkpt lat="46.0389653" lon="11.4502643" />
      <trkpt lat="46.0391112" lon="11.4500468" />
      <trkpt lat="46.0394191" lon="11.4496607" />
      <trkpt lat="46.0395598" lon="11.4495455" />
      <trkpt lat="46.0397134" lon="11.4493858" />
      <trkpt lat="46.0398313" lon="11.4491721" />
      <trkpt lat="46.0399418" lon="11.4489419" />
      <trkpt lat="46.0399936" lon="11.4488377" />
      <trkpt lat="46.0400594" lon="11.4487590" />
      <trkpt lat="46.0401263" lon="11.4486933" />
      <trkpt lat="46.0402276" lon="11.4486280" />
      <trkpt lat="46.0402999" lon="11.4485916" />
      <trkpt lat="46.0403952" lon="11.4485339" />
      <trkpt lat="46.0404770" lon="11.4484337" />
      <trkpt lat="46.0405319" lon="11.4483008" />
      <trkpt lat="46.0405540" lon="11.4481495" />
      <trkpt lat="46.0405411" lon="11.4479960" />
      <trkpt lat="46.0405167" lon="11.4478031" />
      <trkpt lat="46.0404590" lon="11.4476553" />
      <trkpt lat="46.0403746" lon="11.4475371" />
      <trkpt lat="46.0402703" lon="11.4474584" />
      <trkpt lat="46.0401548" lon="11.4474256" />
      <trkpt lat="46.0400194" lon="11.4474491" />
      <trkpt lat="46.0397493" lon="11.4472496" />
      <trkpt lat="46.0394308" lon="11.4469715" />
      <trkpt lat="46.0391338" lon="11.4467759" />
      <trkpt lat="46.0388940" lon="11.4464000" />
      <trkpt lat="46.0387776" lon="11.4461665" />
      <trkpt lat="46.0386725" lon="11.4460012" />
      <trkpt lat="46.0386229" lon="11.4458125" />
      <trkpt lat="46.0386150" lon="11.4456200" />
      <trkpt lat="46.0386463" lon="11.4454940" />
      <trkpt lat="46.0386812" lon="11.4454116" />
      <trkpt lat="46.0387246" lon="11.4453380" />
      <trkpt lat="46.0388014" lon="11.4453523" />
      <trkpt lat="46.0388621" lon="11.4453686" />
      <trkpt lat="46.0391115" lon="11.4454273" />
      <trkpt lat="46.0393021" lon="11.4455011" />
      <trkpt lat="46.0395424" lon="11.4455854" />
      <trkpt lat="46.0398237" lon="11.4457103" />
      <trkpt lat="46.0402206" lon="11.4458766" />
      <trkpt lat="46.0405316" lon="11.4460100" />
      <trkpt lat="46.0407755" lon="11.4460867" />
      <trkpt lat="46.0409827" lon="11.4462114" />
      <trkpt lat="46.0411698" lon="11.4463321" />
      <trkpt lat="46.0412189" lon="11.4463638" />
      <trkpt lat="46.0413920" lon="11.4464580" />
      <trkpt lat="46.0415425" lon="11.4466132" />
      <trkpt lat="46.0416602" lon="11.4468189" />
      <trkpt lat="46.0417798" lon="11.4470044" />
      <trkpt lat="46.0418723" lon="11.4471010" />
      <trkpt lat="46.0419536" lon="11.4471701" />
      <trkpt lat="46.0420449" lon="11.4472043" />
      <trkpt lat="46.0421800" lon="11.4472039" />
      <trkpt lat="46.0423136" lon="11.4472330" />
      <trkpt lat="46.0426561" lon="11.4473507" />
      <trkpt lat="46.0428829" lon="11.4474561" />
      <trkpt lat="46.0433729" lon="11.4476915" />
      <trkpt lat="46.0437411" lon="11.4477899" />
      <trkpt lat="46.0439370" lon="11.4477789" />
      <trkpt lat="46.0441285" lon="11.4477275" />
      <trkpt lat="46.0442900" lon="11.4476649" />
      <trkpt lat="46.0444569" lon="11.4475460" />
      <trkpt lat="46.0446155" lon="11.4474688" />
      <trkpt lat="46.0447063" lon="11.4474305" />
      <trkpt lat="46.0448023" lon="11.4474400" />
      <trkpt lat="46.0449181" lon="11.4474762" />
      <trkpt lat="46.0450444" lon="11.4475780" />
      <trkpt lat="46.0451345" lon="11.4477194" />
      <trkpt lat="46.0452496" lon="11.4479403" />
      <trkpt lat="46.0454043" lon="11.4481669" />
      <trkpt lat="46.0458810" lon="11.4487608" />
      <trkpt lat="46.0459265" lon="11.4488115" />
      <trkpt lat="46.0459862" lon="11.4488585" />
      <trkpt lat="46.0460192" lon="11.4488799" />
      <trkpt lat="46.0460551" lon="11.4488868" />
      <trkpt lat="46.0460909" lon="11.4488786" />
      <trkpt lat="46.0461236" lon="11.4488560" />
      <trkpt lat="46.0461505" lon="11.4488209" />
      <trkpt lat="46.0461742" lon="11.4487775" />
      <trkpt lat="46.0462624" lon="11.4485005" />
      <trkpt lat="46.0463514" lon="11.4481773" />
      <trkpt lat="46.0464331" lon="11.4478442" />
      <trkpt lat="46.0464615" lon="11.4475822" />
      <trkpt lat="46.0464657" lon="11.4474414" />
      <trkpt lat="46.0464761" lon="11.4470972" />
      <trkpt lat="46.0464787" lon="11.4467271" />
      <trkpt lat="46.0464722" lon="11.4464611" />
      <trkpt lat="46.0464409" lon="11.4462832" />
      <trkpt lat="46.0463686" lon="11.4460603" />
      <trkpt lat="46.0462634" lon="11.4458409" />
      <trkpt lat="46.0460642" lon="11.4456065" />
      <trkpt lat="46.0460058" lon="11.4454958" />
      <trkpt lat="46.0459547" lon="11.4453246" />
      <trkpt lat="46.0459263" lon="11.4451942" />
      <trkpt lat="46.0458937" lon="11.4449854" />
      <trkpt lat="46.0458725" lon="11.4440716" />
      <trkpt lat="46.0458594" lon="11.4439532" />
      <trkpt lat="46.0458435" lon="11.4438811" />
      <trkpt lat="46.0458229" lon="11.4438351" />
      <trkpt lat="46.0458030" lon="11.4438056" />
      <trkpt lat="46.0457728" lon="11.4437899" />
      <trkpt lat="46.0457006" lon="11.4437892" />
      <trkpt lat="46.0455776" lon="11.4437990" />
      <trkpt lat="46.0454380" lon="11.4438204" />
      <trkpt lat="46.0453232" lon="11.4438276" />
      <trkpt lat="46.0452164" lon="11.4438272" />
      <trkpt lat="46.0451202" lon="11.4438199" />
      <trkpt lat="46.0449021" lon="11.4437781" />
      <trkpt lat="46.0447825" lon="11.4437397" />
      <trkpt lat="46.0447584" lon="11.4437302" />
      <trkpt lat="46.0447374" lon="11.4437106" />
      <trkpt lat="46.0447215" lon="11.4436828" />
      <trkpt lat="46.0447085" lon="11.4436400" />
      <trkpt lat="46.0445151" lon="11.4430442" />
      <trkpt lat="46.0443594" lon="11.4426923" />
      <trkpt lat="46.0442056" lon="11.4423825" />
      <trkpt lat="46.0441505" lon="11.4422790" />
      <trkpt lat="46.0440721" lon="11.4421800" />
      <trkpt lat="46.0439801" lon="11.4421095" />
      <trkpt lat="46.0439204" lon="11.4420814" />
      <trkpt lat="46.0438385" lon="11.4420541" />
      <trkpt lat="46.0435016" lon="11.4419728" />
      <trkpt lat="46.0434720" lon="11.4419649" />
      <trkpt lat="46.0434458" lon="11.4419438" />
      <trkpt lat="46.0434191" lon="11.4419104" />
      <trkpt lat="46.0433733" lon="11.4418276" />
      <trkpt lat="46.0433245" lon="11.4417264" />
      <trkpt lat="46.0432936" lon="11.4416661" />
      <trkpt lat="46.0432656" lon="11.4416377" />
      <trkpt lat="46.0432326" lon="11.4416245" />
      <trkpt lat="46.0430341" lon="11.4416112" />
      <trkpt lat="46.0429975" lon="11.4416044" />
      <trkpt lat="46.0429642" lon="11.4415811" />
      <trkpt lat="46.0429379" lon="11.4415436" />
      <trkpt lat="46.0429023" lon="11.4414963" />
      <trkpt lat="46.0428432" lon="11.4414302" />
      <trkpt lat="46.0427924" lon="11.4413877" />
      <trkpt lat="46.0427002" lon="11.4413157" />
      <trkpt lat="46.0426549" lon="11.4412581" />
      <trkpt lat="46.0426218" lon="11.4411854" />
      <trkpt lat="46.0425430" lon="11.4408268" />
      <trkpt lat="46.0424881" lon="11.4405491" />
      <trkpt lat="46.0424748" lon="11.4403904" />
      <trkpt lat="46.0424827" lon="11.4402269" />
      <trkpt lat="46.0425488" lon="11.4399127" />
      <trkpt lat="46.0427118" lon="11.4394723" />
      <trkpt lat="46.0428776" lon="11.4388288" />
      <trkpt lat="46.0429988" lon="11.4385040" />
      <trkpt lat="46.0430665" lon="11.4383844" />
      <trkpt lat="46.0431609" lon="11.4382697" />
      <trkpt lat="46.0432133" lon="11.4382319" />
      <trkpt lat="46.0432451" lon="11.4382099" />
      <trkpt lat="46.0432707" lon="11.4381748" />
      <trkpt lat="46.0432875" lon="11.4381449" />
      <trkpt lat="46.0432939" lon="11.4380928" />
      <trkpt lat="46.0432936" lon="11.4380147" />
      <trkpt lat="46.0432789" lon="11.4378936" />
      <trkpt lat="46.0432450" lon="11.4377576" />
      <trkpt lat="46.0432159" lon="11.4376003" />
      <trkpt lat="46.0432184" lon="11.4373752" />
      <trkpt lat="46.0432649" lon="11.4371367" />
      <trkpt lat="46.0433143" lon="11.4369509" />
      <trkpt lat="46.0434592" lon="11.4364057" />
      <trkpt lat="46.0435740" lon="11.4359436" />
      <trkpt lat="46.0437684" lon="11.4359360" />
      <trkpt lat="46.0439756" lon="11.4359885" />
      <trkpt lat="46.0445296" lon="11.4362104" />
      <trkpt lat="46.0445625" lon="11.4362003" />
      <trkpt lat="46.0446527" lon="11.4359539" />
      <trkpt lat="46.0447516" lon="11.4359286" />
      <trkpt lat="46.0449073" lon="11.4360259" />
      <trkpt lat="46.0451812" lon="11.4362230" />
      <trkpt lat="46.0454382" lon="11.4364813" />
      <trkpt lat="46.0454936" lon="11.4365724" />
      <trkpt lat="46.0455186" lon="11.4366731" />
      <trkpt lat="46.0454896" lon="11.4367794" />
      <trkpt lat="46.0454411" lon="11.4369339" />
      <trkpt lat="46.0453798" lon="11.4370424" />
      <trkpt lat="46.0453535" lon="11.4371583" />
      <trkpt lat="46.0453528" lon="11.4373015" />
      <trkpt lat="46.0453874" lon="11.4374203" />
      <trkpt lat="46.0454441" lon="11.4375137" />
      <trkpt lat="46.0455115" lon="11.4375739" />
      <trkpt lat="46.0456175" lon="11.4376117" />
      <trkpt lat="46.0458622" lon="11.4375936" />
      <trkpt lat="46.0461103" lon="11.4375920" />
      <trkpt lat="46.0464471" lon="11.4376080" />
      <trkpt lat="46.0467419" lon="11.4377378" />
      <trkpt lat="46.0466224" lon="11.4375890" />
      <trkpt lat="46.0465019" lon="11.4374743" />
      <trkpt lat="46.0462923" lon="11.4372830" />
      <trkpt lat="46.0461981" lon="11.4371601" />
      <trkpt lat="46.0461242" lon="11.4370165" />
      <trkpt lat="46.0460580" lon="11.4367516" />
      <trkpt lat="46.0460411" lon="11.4365575" />
      <trkpt lat="46.0460362" lon="11.4360928" />
      <trkpt lat="46.0460293" lon="11.4357574" />
      <trkpt lat="46.0460058" lon="11.4354970" />
      <trkpt lat="46.0460211" lon="11.4353793" />
      <trkpt lat="46.0461368" lon="11.4341764" />
      <trkpt lat="46.0464281" lon="11.4318587" />
      <trkpt lat="46.0465729" lon="11.4307197" />
      <trkpt lat="46.0466352" lon="11.4298475" />
      <trkpt lat="46.0466426" lon="11.4294605" />
      <trkpt lat="46.0466438" lon="11.4290715" />
      <trkpt lat="46.0466316" lon="11.4287170" />
      <trkpt lat="46.0466071" lon="11.4283287" />
      <trkpt lat="46.0464658" lon="11.4274336" />
      <trkpt lat="46.0463497" lon="11.4269295" />
      <trkpt lat="46.0462531" lon="11.4265301" />
      <trkpt lat="46.0460244" lon="11.4257540" />
      <trkpt lat="46.0458503" lon="11.4253024" />
      <trkpt lat="46.0456362" lon="11.4248807" />
      <trkpt lat="46.0454786" lon="11.4245573" />
      <trkpt lat="46.0453622" lon="11.4243183" />
      <trkpt lat="46.0450860" lon="11.4238001" />
      <trkpt lat="46.0450488" lon="11.4237278" />
      <trkpt lat="46.0440569" lon="11.4218028" />
      <trkpt lat="46.0433011" lon="11.4203729" />
      <trkpt lat="46.0425221" lon="11.4189303" />
      <trkpt lat="46.0424634" lon="11.4186712" />
      <trkpt lat="46.0421673" lon="11.4180932" />
      <trkpt lat="46.0420729" lon="11.4178686" />
      <trkpt lat="46.0420625" lon="11.4177526" />
      <trkpt lat="46.0420822" lon="11.4176353" />
      <trkpt lat="46.0421232" lon="11.4175360" />
      <trkpt lat="46.0422795" lon="11.4173536" />
      <trkpt lat="46.0423950" lon="11.4172195" />
      <trkpt lat="46.0429379" lon="11.4166535" />
      <trkpt lat="46.0430135" lon="11.4165880" />
      <trkpt lat="46.0431089" lon="11.4167698" />
      <trkpt lat="46.0431527" lon="11.4169031" />
      <trkpt lat="46.0431978" lon="11.4170286" />
      <trkpt lat="46.0433264" lon="11.4172342" />
      <trkpt lat="46.0434040" lon="11.4173564" />
      <trkpt lat="46.0435007" lon="11.4174418" />
      <trkpt lat="46.0435828" lon="11.4174852" />
      <trkpt lat="46.0436939" lon="11.4175912" />
      <trkpt lat="46.0439661" lon="11.4179456" />
      <trkpt lat="46.0440178" lon="11.4180826" />
      <trkpt lat="46.0439383" lon="11.4185140" />
      <trkpt lat="46.0439001" lon="11.4187217" />
      <trkpt lat="46.0438974" lon="11.4188504" />
      <trkpt lat="46.0439249" lon="11.4189581" />
      <trkpt lat="46.0439691" lon="11.4190319" />
      <trkpt lat="46.0440432" lon="11.4190907" />
      <trkpt lat="46.0441575" lon="11.4191143" />
      <trkpt lat="46.0442569" lon="11.4190733" />
      <trkpt lat="46.0443439" lon="11.4190224" />
      <trkpt lat="46.0444906" lon="11.4188540" />
      <trkpt lat="46.0445185" lon="11.4187999" />
      <trkpt lat="46.0445587" lon="11.4187221" />
      <trkpt lat="46.0446152" lon="11.4185963" />
      <trkpt lat="46.0446825" lon="11.4185458" />
      <trkpt lat="46.0447752" lon="11.4185593" />
      <trkpt lat="46.0450073" lon="11.4186966" />
      <trkpt lat="46.0451988" lon="11.4188343" />
      <trkpt lat="46.0453795" lon="11.4189416" />
      <trkpt lat="46.0454645" lon="11.4189847" />
      <trkpt lat="46.0455442" lon="11.4190111" />
      <trkpt lat="46.0456646" lon="11.4190571" />
      <trkpt lat="46.0457296" lon="11.4191135" />
      <trkpt lat="46.0459390" lon="11.4192934" />
      <trkpt lat="46.0461373" lon="11.4195168" />
      <trkpt lat="46.0463367" lon="11.4196906" />
      <trkpt lat="46.0466584" lon="11.4198922" />
      <trkpt lat="46.0468679" lon="11.4200779" />
      <trkpt lat="46.0469495" lon="11.4200839" />
      <trkpt lat="46.0469771" lon="11.4201637" />
      <trkpt lat="46.0470194" lon="11.4202445" />
      <trkpt lat="46.0471074" lon="11.4203579" />
      <trkpt lat="46.0472408" lon="11.4204751" />
      <trkpt lat="46.0474861" lon="11.4206325" />
      <trkpt lat="46.0477292" lon="11.4207669" />
      <trkpt lat="46.0489231" lon="11.4216041" />
      <trkpt lat="46.0489679" lon="11.4216436" />
      <trkpt lat="46.0491702" lon="11.4217365" />
      <trkpt lat="46.0496200" lon="11.4219428" />
      <trkpt lat="46.0500031" lon="11.4220643" />
      <trkpt lat="46.0502715" lon="11.4221060" />
      <trkpt lat="46.0504673" lon="11.4221039" />
      <trkpt lat="46.0505523" lon="11.4221063" />
      <trkpt lat="46.0506013" lon="11.4221077" />
      <trkpt lat="46.0509823" lon="11.4220796" />
      <trkpt lat="46.0514388" lon="11.4220389" />
      <trkpt lat="46.0516470" lon="11.4220641" />
      <trkpt lat="46.0521032" lon="11.4222020" />
      <trkpt lat="46.0520982" lon="11.4221516" />
      <trkpt lat="46.0520029" lon="11.4211877" />
      <trkpt lat="46.0519648" lon="11.4204031" />
      <trkpt lat="46.0519259" lon="11.4198398" />
      <trkpt lat="46.0519357" lon="11.4194763" />
      <trkpt lat="46.0521221" lon="11.4186138" />
      <trkpt lat="46.0523785" lon="11.4175426" />
      <trkpt lat="46.0523914" lon="11.4174858" />
      <trkpt lat="46.0524757" lon="11.4170799" />
      <trkpt lat="46.0525143" lon="11.4164767" />
      <trkpt lat="46.0525111" lon="11.4163869" />
      <trkpt lat="46.0524748" lon="11.4159888" />
      <trkpt lat="46.0524150" lon="11.4152981" />
      <trkpt lat="46.0523763" lon="11.4148287" />
      <trkpt lat="46.0523643" lon="11.4145978" />
      <trkpt lat="46.0523680" lon="11.4144359" />
      <trkpt lat="46.0523581" lon="11.4143591" />
      <trkpt lat="46.0523461" lon="11.4143017" />
      <trkpt lat="46.0523405" lon="11.4142384" />
      <trkpt lat="46.0523370" lon="11.4141780" />
      <trkpt lat="46.0524301" lon="11.4140511" />
      <trkpt lat="46.0525295" lon="11.4139235" />
      <trkpt lat="46.0525551" lon="11.4138685" />
      <trkpt lat="46.0526566" lon="11.4136868" />
      <trkpt lat="46.0527254" lon="11.4135570" />
      <trkpt lat="46.0527581" lon="11.4134839" />
      <trkpt lat="46.0528171" lon="11.4133966" />
      <trkpt lat="46.0529382" lon="11.4131984" />
      <trkpt lat="46.0529988" lon="11.4131064" />
      <trkpt lat="46.0530627" lon="11.4130167" />
      <trkpt lat="46.0530889" lon="11.4129766" />
      <trkpt lat="46.0531505" lon="11.4129114" />
      <trkpt lat="46.0531763" lon="11.4129508" />
      <trkpt lat="46.0533136" lon="11.4131076" />
      <trkpt lat="46.0533939" lon="11.4131971" />
      <trkpt lat="46.0534187" lon="11.4132207" />
      <trkpt lat="46.0534475" lon="11.4132310" />
      <trkpt lat="46.0534770" lon="11.4132270" />
      <trkpt lat="46.0535040" lon="11.4132091" />
      <trkpt lat="46.0535409" lon="11.4131711" />
      <trkpt lat="46.0535842" lon="11.4131519" />
      <trkpt lat="46.0536047" lon="11.4131427" />
      <trkpt lat="46.0536261" lon="11.4131438" />
      <trkpt lat="46.0536460" lon="11.4131551" />
      <trkpt lat="46.0536554" lon="11.4131605" />
      <trkpt lat="46.0536654" lon="11.4131617" />
      <trkpt lat="46.0536753" lon="11.4131585" />
      <trkpt lat="46.0536840" lon="11.4131511" />
      <trkpt lat="46.0536908" lon="11.4131404" />
      <trkpt lat="46.0537228" lon="11.4130345" />
      <trkpt lat="46.0538023" lon="11.4127356" />
      <trkpt lat="46.0538409" lon="11.4128475" />
      <trkpt lat="46.0538464" lon="11.4128599" />
      <trkpt lat="46.0538511" lon="11.4128753" />
      <trkpt lat="46.0538677" lon="11.4130399" />
      <trkpt lat="46.0538703" lon="11.4131719" />
      <trkpt lat="46.0538735" lon="11.4133622" />
      <trkpt lat="46.0538671" lon="11.4138044" />
      <trkpt lat="46.0538740" lon="11.4140041" />
      <trkpt lat="46.0539145" lon="11.4141578" />
      <trkpt lat="46.0539814" lon="11.4143308" />
      <trkpt lat="46.0540643" lon="11.4144425" />
      <trkpt lat="46.0541050" lon="11.4144853" />
      <trkpt lat="46.0541523" lon="11.4145104" />
      <trkpt lat="46.0542025" lon="11.4145160" />
      <trkpt lat="46.0542702" lon="11.4144894" />
      <trkpt lat="46.0542876" lon="11.4144788" />
      <trkpt lat="46.0543023" lon="11.4144616" />
      <trkpt lat="46.0543129" lon="11.4144391" />
      <trkpt lat="46.0543186" lon="11.4144131" />
      <trkpt lat="46.0543553" lon="11.4142175" />
      <trkpt lat="46.0544407" lon="11.4138709" />
      <trkpt lat="46.0544554" lon="11.4137645" />
      <trkpt lat="46.0544660" lon="11.4135627" />
      <trkpt lat="46.0545005" lon="11.4133248" />
      <trkpt lat="46.0546034" lon="11.4130362" />
      <trkpt lat="46.0547334" lon="11.4127658" />
      <trkpt lat="46.0549448" lon="11.4123941" />
      <trkpt lat="46.0550767" lon="11.4122339" />
      <trkpt lat="46.0551896" lon="11.4121556" />
      <trkpt lat="46.0552761" lon="11.4121006" />
      <trkpt lat="46.0554325" lon="11.4119960" />
      <trkpt lat="46.0555106" lon="11.4119464" />
      <trkpt lat="46.0556540" lon="11.4118901" />
      <trkpt lat="46.0557321" lon="11.4118673" />
      <trkpt lat="46.0558047" lon="11.4118471" />
      <trkpt lat="46.0559406" lon="11.4118083" />
      <trkpt lat="46.0560830" lon="11.4118311" />
      <trkpt lat="46.0561602" lon="11.4119035" />
      <trkpt lat="46.0562095" lon="11.4119504" />
      <trkpt lat="46.0562310" lon="11.4120215" />
      <trkpt lat="46.0562449" lon="11.4121047" />
      <trkpt lat="46.0562580" lon="11.4122213" />
      <trkpt lat="46.0562505" lon="11.4124024" />
      <trkpt lat="46.0562403" lon="11.4125673" />
      <trkpt lat="46.0562663" lon="11.4127041" />
      <trkpt lat="46.0562868" lon="11.4127980" />
      <trkpt lat="46.0563064" lon="11.4128503" />
      <trkpt lat="46.0563194" lon="11.4128543" />
      <trkpt lat="46.0563343" lon="11.4128275" />
      <trkpt lat="46.0563626" lon="11.4127634" />
      <trkpt lat="46.0563588" lon="11.4127996" />
      <trkpt lat="46.0563463" lon="11.4129169" />
      <trkpt lat="46.0563136" lon="11.4132554" />
      <trkpt lat="46.0562450" lon="11.4138353" />
      <trkpt lat="46.0562321" lon="11.4140928" />
      <trkpt lat="46.0562432" lon="11.4142455" />
      <trkpt lat="46.0563022" lon="11.4145875" />
      <trkpt lat="46.0563198" lon="11.4147627" />
      <trkpt lat="46.0563166" lon="11.4148781" />
      <trkpt lat="46.0563149" lon="11.4149409" />
      <trkpt lat="46.0562899" lon="11.4154792" />
      <trkpt lat="46.0562873" lon="11.4155652" />
      <trkpt lat="46.0562788" lon="11.4158397" />
      <trkpt lat="46.0563174" lon="11.4160106" />
      <trkpt lat="46.0564279" lon="11.4162873" />
      <trkpt lat="46.0565009" lon="11.4164646" />
      <trkpt lat="46.0565484" lon="11.4165802" />
      <trkpt lat="46.0566786" lon="11.4168545" />
      <trkpt lat="46.0568389" lon="11.4171634" />
      <trkpt lat="46.0569090" lon="11.4172616" />
      <trkpt lat="46.0569531" lon="11.4173972" />
      <trkpt lat="46.0570132" lon="11.4174925" />
      <trkpt lat="46.0571093" lon="11.4176224" />
      <trkpt lat="46.0574719" lon="11.4179168" />
      <trkpt lat="46.0574882" lon="11.4179306" />
      <trkpt lat="46.0575981" lon="11.4180237" />
      <trkpt lat="46.0576581" lon="11.4180951" />
      <trkpt lat="46.0577023" lon="11.4181940" />
      <trkpt lat="46.0578144" lon="11.4184393" />
      <trkpt lat="46.0578425" lon="11.4185346" />
      <trkpt lat="46.0578966" lon="11.4188695" />
      <trkpt lat="46.0579186" lon="11.4189878" />
      <trkpt lat="46.0579647" lon="11.4191437" />
      <trkpt lat="46.0580368" lon="11.4194439" />
      <trkpt lat="46.0581269" lon="11.4197932" />
      <trkpt lat="46.0581530" lon="11.4198683" />
      <trkpt lat="46.0581714" lon="11.4199394" />
      <trkpt lat="46.0581714" lon="11.4200896" />
      <trkpt lat="46.0581100" lon="11.4202452" />
      <trkpt lat="46.0580764" lon="11.4205134" />
      <trkpt lat="46.0580727" lon="11.4207065" />
      <trkpt lat="46.0581137" lon="11.4208379" />
      <trkpt lat="46.0582477" lon="11.4210176" />
      <trkpt lat="46.0583463" lon="11.4211383" />
      <trkpt lat="46.0585585" lon="11.4213771" />
      <trkpt lat="46.0587158" lon="11.4215581" />
      <trkpt lat="46.0587912" lon="11.4216627" />
      <trkpt lat="46.0588982" lon="11.4217351" />
      <trkpt lat="46.0590825" lon="11.4217633" />
      <trkpt lat="46.0591513" lon="11.4217553" />
      <trkpt lat="46.0592900" lon="11.4217499" />
      <trkpt lat="46.0593644" lon="11.4218545" />
      <trkpt lat="46.0595268" lon="11.4220979" />
      <trkpt lat="46.0595868" lon="11.4221837" />
      <trkpt lat="46.0596115" lon="11.4222287" />
      <trkpt lat="46.0596548" lon="11.4223587" />
      <trkpt lat="46.0596827" lon="11.4224687" />
      <trkpt lat="46.0597367" lon="11.4224929" />
      <trkpt lat="46.0598037" lon="11.4225009" />
      <trkpt lat="46.0598580" lon="11.4224573" />
      <trkpt lat="46.0598856" lon="11.4224776" />
      <trkpt lat="46.0600503" lon="11.4225481" />
      <trkpt lat="46.0601657" lon="11.4226100" />
      <trkpt lat="46.0602250" lon="11.4226866" />
      <trkpt lat="46.0602707" lon="11.4227898" />
      <trkpt lat="46.0602799" lon="11.4229402" />
      <trkpt lat="46.0602668" lon="11.4231972" />
      <trkpt lat="46.0602234" lon="11.4237223" />
      <trkpt lat="46.0602147" lon="11.4239614" />
      <trkpt lat="46.0602191" lon="11.4241702" />
      <trkpt lat="46.0602387" lon="11.4245074" />
      <trkpt lat="46.0602392" lon="11.4247194" />
      <trkpt lat="46.0602487" lon="11.4249498" />
      <trkpt lat="46.0602478" lon="11.4250662" />
      <trkpt lat="46.0602147" lon="11.4252041" />
      <trkpt lat="46.0601841" lon="11.4253683" />
      <trkpt lat="46.0601456" lon="11.4255219" />
      <trkpt lat="46.0601124" lon="11.4256780" />
      <trkpt lat="46.0600798" lon="11.4258403" />
      <trkpt lat="46.0600920" lon="11.4259703" />
      <trkpt lat="46.0601206" lon="11.4260589" />
      <trkpt lat="46.0601557" lon="11.4261161" />
      <trkpt lat="46.0602062" lon="11.4261565" />
      <trkpt lat="46.0602682" lon="11.4261850" />
      <trkpt lat="46.0603264" lon="11.4261893" />
      <trkpt lat="46.0604228" lon="11.4261571" />
      <trkpt lat="46.0605528" lon="11.4261186" />
      <trkpt lat="46.0608278" lon="11.4260404" />
      <trkpt lat="46.0610362" lon="11.4259807" />
      <trkpt lat="46.0611444" lon="11.4259814" />
      <trkpt lat="46.0612526" lon="11.4259918" />
      <trkpt lat="46.0613623" lon="11.4260398" />
      <trkpt lat="46.0614963" lon="11.4261364" />
      <trkpt lat="46.0615845" lon="11.4262350" />
      <trkpt lat="46.0616618" lon="11.4263551" />
      <trkpt lat="46.0617473" lon="11.4265469" />
      <trkpt lat="46.0618933" lon="11.4269498" />
      <trkpt lat="46.0620375" lon="11.4272346" />
      <trkpt lat="46.0622054" lon="11.4274640" />
      <trkpt lat="46.0624229" lon="11.4277464" />
      <trkpt lat="46.0631768" lon="11.4286543" />
      <trkpt lat="46.0633723" lon="11.4290143" />
      <trkpt lat="46.0635525" lon="11.4293375" />
      <trkpt lat="46.0636962" lon="11.4296206" />
      <trkpt lat="46.0638059" lon="11.4298367" />
      <trkpt lat="46.0637777" lon="11.4298592" />
      <trkpt lat="46.0637695" lon="11.4299351" />
      <trkpt lat="46.0639479" lon="11.4302504" />
      <trkpt lat="46.0641112" lon="11.4305698" />
      <trkpt lat="46.0641598" lon="11.4306900" />
      <trkpt lat="46.0641786" lon="11.4308151" />
      <trkpt lat="46.0641841" lon="11.4309618" />
      <trkpt lat="46.0641717" lon="11.4311799" />
      <trkpt lat="46.0641772" lon="11.4314256" />
      <trkpt lat="46.0642009" lon="11.4315799" />
      <trkpt lat="46.0642744" lon="11.4317970" />
      <trkpt lat="46.0644557" lon="11.4322160" />
      <trkpt lat="46.0645491" lon="11.4325628" />
      <trkpt lat="46.0645791" lon="11.4326907" />
      <trkpt lat="46.0646336" lon="11.4330583" />
      <trkpt lat="46.0646656" lon="11.4332721" />
      <trkpt lat="46.0646630" lon="11.4333968" />
      <trkpt lat="46.0646655" lon="11.4341879" />
      <trkpt lat="46.0646716" lon="11.4345247" />
      <trkpt lat="46.0647130" lon="11.4346840" />
      <trkpt lat="46.0647724" lon="11.4348240" />
      <trkpt lat="46.0649098" lon="11.4349532" />
      <trkpt lat="46.0648776" lon="11.4350347" />
      <trkpt lat="46.0648147" lon="11.4350536" />
      <trkpt lat="46.0647094" lon="11.4350810" />
      <trkpt lat="46.0646100" lon="11.4350115" />
      <trkpt lat="46.0644828" lon="11.4350494" />
      <trkpt lat="46.0644126" lon="11.4350241" />
      <trkpt lat="46.0643132" lon="11.4349461" />
      <trkpt lat="46.0642372" lon="11.4348850" />
      <trkpt lat="46.0641904" lon="11.4349272" />
      <trkpt lat="46.0640690" lon="11.4349925" />
      <trkpt lat="46.0640281" lon="11.4351295" />
      <trkpt lat="46.0640164" lon="11.4352370" />
      <trkpt lat="46.0640295" lon="11.4353360" />
      <trkpt lat="46.0639888" lon="11.4353745" />
      <trkpt lat="46.0639813" lon="11.4354946" />
      <trkpt lat="46.0639301" lon="11.4355573" />
      <trkpt lat="46.0639206" lon="11.4356433" />
      <trkpt lat="46.0639610" lon="11.4358159" />
      <trkpt lat="46.0639295" lon="11.4359917" />
      <trkpt lat="46.0637709" lon="11.4360615" />
      <trkpt lat="46.0637269" lon="11.4360595" />
      <trkpt lat="46.0636035" lon="11.4360543" />
      <trkpt lat="46.0635163" lon="11.4359598" />
      <trkpt lat="46.0632078" lon="11.4357680" />
      <trkpt lat="46.0629943" lon="11.4357448" />
      <trkpt lat="46.0627880" lon="11.4359303" />
      <trkpt lat="46.0625584" lon="11.4359008" />
      <trkpt lat="46.0622733" lon="11.4357132" />
      <trkpt lat="46.0621505" lon="11.4358186" />
      <trkpt lat="46.0620247" lon="11.4359134" />
      <trkpt lat="46.0619209" lon="11.4363855" />
      <trkpt lat="46.0618390" lon="11.4364761" />
      <trkpt lat="46.0616387" lon="11.4364445" />
      <trkpt lat="46.0613126" lon="11.4363307" />
      <trkpt lat="46.0610655" lon="11.4361688" />
      <trkpt lat="46.0609866" lon="11.4361450" />
      <trkpt lat="46.0607796" lon="11.4361045" />
      <trkpt lat="46.0606676" lon="11.4361275" />
      <trkpt lat="46.0606239" lon="11.4361498" />
      <trkpt lat="46.0605597" lon="11.4362006" />
      <trkpt lat="46.0605233" lon="11.4362337" />
      <trkpt lat="46.0604928" lon="11.4362727" />
      <trkpt lat="46.0604763" lon="11.4363555" />
      <trkpt lat="46.0604789" lon="11.4365409" />
      <trkpt lat="46.0605196" lon="11.4367110" />
      <trkpt lat="46.0605996" lon="11.4368890" />
      <trkpt lat="46.0607015" lon="11.4370690" />
      <trkpt lat="46.0608584" lon="11.4372272" />
      <trkpt lat="46.0610354" lon="11.4373710" />
      <trkpt lat="46.0612074" lon="11.4375100" />
      <trkpt lat="46.0613793" lon="11.4376254" />
      <trkpt lat="46.0614174" lon="11.4376900" />
      <trkpt lat="46.0614133" lon="11.4377731" />
      <trkpt lat="46.0613982" lon="11.4378386" />
      <trkpt lat="46.0612754" lon="11.4380350" />
      <trkpt lat="46.0610544" lon="11.4383320" />
      <trkpt lat="46.0608182" lon="11.4388140" />
      <trkpt lat="46.0608145" lon="11.4388668" />
      <trkpt lat="46.0608226" lon="11.4389524" />
      <trkpt lat="46.0608634" lon="11.4390350" />
      <trkpt lat="46.0609664" lon="11.4390900" />
      <trkpt lat="46.0609934" lon="11.4390920" />
      <trkpt lat="46.0609934" lon="11.4390580" />
      <trkpt lat="46.0610584" lon="11.4390830" />
      <trkpt lat="46.0612534" lon="11.4392030" />
      <trkpt lat="46.0614664" lon="11.4393000" />
      <trkpt lat="46.0615774" lon="11.4393880" />
      <trkpt lat="46.0618554" lon="11.4396750" />
      <trkpt lat="46.0623004" lon="11.4399470" />
      <trkpt lat="46.0625464" lon="11.4400460" />
      <trkpt lat="46.0627174" lon="11.4400420" />
      <trkpt lat="46.0627904" lon="11.4400700" />
      <trkpt lat="46.0628604" lon="11.4401650" />
      <trkpt lat="46.0630044" lon="11.4405250" />
      <trkpt lat="46.0630234" lon="11.4408190" />
      <trkpt lat="46.0629774" lon="11.4409840" />
      <trkpt lat="46.0628934" lon="11.4411050" />
      <trkpt lat="46.0627864" lon="11.4411810" />
      <trkpt lat="46.0625234" lon="11.4412670" />
      <trkpt lat="46.0621804" lon="11.4413170" />
      <trkpt lat="46.0619164" lon="11.4414230" />
      <trkpt lat="46.0615584" lon="11.4415200" />
      <trkpt lat="46.0614134" lon="11.4415380" />
      <trkpt lat="46.0612754" lon="11.4415220" />
      <trkpt lat="46.0609404" lon="11.4413000" />
      <trkpt lat="46.0608864" lon="11.4412950" />
      <trkpt lat="46.0606964" lon="11.4413740" />
      <trkpt lat="46.0606404" lon="11.4414260" />
      <trkpt lat="46.0606004" lon="11.4414970" />
      <trkpt lat="46.0605774" lon="11.4415800" />
      <trkpt lat="46.0605604" lon="11.4418690" />
      <trkpt lat="46.0605134" lon="11.4420480" />
      <trkpt lat="46.0604304" lon="11.4421850" />
      <trkpt lat="46.0602404" lon="11.4424220" />
      <trkpt lat="46.0598344" lon="11.4431800" />
      <trkpt lat="46.0597344" lon="11.4433320" />
      <trkpt lat="46.0596774" lon="11.4433900" />
      <trkpt lat="46.0595554" lon="11.4434660" />
      <trkpt lat="46.0592104" lon="11.4434830" />
      <trkpt lat="46.0586134" lon="11.4436600" />
      <trkpt lat="46.0581804" lon="11.4437500" />
      <trkpt lat="46.0579404" lon="11.4438580" />
      <trkpt lat="46.0574004" lon="11.4442250" />
      <trkpt lat="46.0570904" lon="11.4444730" />
      <trkpt lat="46.0569084" lon="11.4446430" />
      <trkpt lat="46.0567804" lon="11.4447830" />
      <trkpt lat="46.0567614" lon="11.4448108" />
      <trkpt lat="46.0566674" lon="11.4449480" />
      <trkpt lat="46.0565887" lon="11.4451473" />
      <trkpt lat="46.0565523" lon="11.4453833" />
      <trkpt lat="46.0565608" lon="11.4455125" />
      <trkpt lat="46.0566046" lon="11.4461767" />
      <trkpt lat="46.0566636" lon="11.4470710" />
      <trkpt lat="46.0566612" lon="11.4472610" />
      <trkpt lat="46.0566553" lon="11.4477320" />
      <trkpt lat="46.0566506" lon="11.4481080" />
      <trkpt lat="46.0566681" lon="11.4489583" />
      <trkpt lat="46.0566724" lon="11.4491661" />
      <trkpt lat="46.0566396" lon="11.4495036" />
      <trkpt lat="46.0565915" lon="11.4498151" />
      <trkpt lat="46.0564546" lon="11.4507009" />
      <trkpt lat="46.0564312" lon="11.4509773" />
      <trkpt lat="46.0564254" lon="11.4510470" />
      <trkpt lat="46.0563892" lon="11.4514750" />
      <trkpt lat="46.0563507" lon="11.4517599" />
      <trkpt lat="46.0563050" lon="11.4520978" />
      <trkpt lat="46.0562600" lon="11.4524304" />
      <trkpt lat="46.0562297" lon="11.4526542" />
      <trkpt lat="46.0561916" lon="11.4529705" />
      <trkpt lat="46.0561863" lon="11.4530147" />
      <trkpt lat="46.0561402" lon="11.4531744" />
      <trkpt lat="46.0561072" lon="11.4532565" />
      <trkpt lat="46.0560919" lon="11.4532963" />
      <trkpt lat="46.0560705" lon="11.4532782" />
      <trkpt lat="46.0559154" lon="11.4531498" />
      <trkpt lat="46.0558953" lon="11.4531331" />
      <trkpt lat="46.0556818" lon="11.4529551" />
      <trkpt lat="46.0554180" lon="11.4527256" />
      <trkpt lat="46.0552940" lon="11.4526254" />
      <trkpt lat="46.0552531" lon="11.4525923" />
      <trkpt lat="46.0551662" lon="11.4525253" />
      <trkpt lat="46.0550524" lon="11.4524383" />
      <trkpt lat="46.0549084" lon="11.4523526" />
      <trkpt lat="46.0549004" lon="11.4523506" />
      <trkpt lat="46.0548718" lon="11.4523434" />
      <trkpt lat="46.0548724" lon="11.4522392" />
      <trkpt lat="46.0548383" lon="11.4519824" />
      <trkpt lat="46.0547289" lon="11.4513206" />
      <trkpt lat="46.0547228" lon="11.4512834" />
      <trkpt lat="46.0546770" lon="11.4510062" />
      <trkpt lat="46.0546686" lon="11.4509574" />
      <trkpt lat="46.0545778" lon="11.4504325" />
      <trkpt lat="46.0545135" lon="11.4500603" />
      <trkpt lat="46.0545043" lon="11.4500072" />
      <trkpt lat="46.0544650" lon="11.4497801" />
      <trkpt lat="46.0544525" lon="11.4497065" />
      <trkpt lat="46.0544091" lon="11.4494516" />
      <trkpt lat="46.0543700" lon="11.4492227" />
    </trkseg>
  </trk>
</gpx>
