<?xml version="1.0" encoding="UTF-8"?>
<gpx xmlns="http://www.topografix.com/GPX/1/1" version="1.1" creator="ShapeRoute route-engine">
  <metadata>
    <name>circle 15 km · 2026-09-22</name>
    <author>
      <name>ShapeRoute route-engine</name>
    </author>
    <time>2026-09-22T19:34:07Z</time>
  </metadata>
  <trk>
    <name>circle 15 km · 2026-09-22</name>
    <trkseg>
      <trkpt lat="46.0543700" lon="11.4492227" />
      <trkpt lat="46.0545369" lon="11.4491881" />
      <trkpt lat="46.0547136" lon="11.4491286" />
      <trkpt lat="46.0551391" lon="11.4489852" />
      <trkpt lat="46.0547136" lon="11.4491286" />
      <trkpt lat="46.0545369" lon="11.4491881" />
      <trkpt lat="46.0543700" lon="11.4492227" />
      <trkpt lat="46.0544091" lon="11.4494516" />
      <trkpt lat="46.0544525" lon="11.4497065" />
      <trkpt lat="46.0544650" lon="11.4497801" />
      <trkpt lat="46.0545043" lon="11.4500072" />
      <trkpt lat="46.0545135" lon="11.4500603" />
      <trkpt lat="46.0545778" lon="11.4504325" />
      <trkpt lat="46.0546686" lon="11.4509574" />
      <trkpt lat="46.0546770" lon="11.4510062" />
      <trkpt lat="46.0547228" lon="11.4512834" />
      <trkpt lat="46.0547289" lon="11.4513206" />
      <trkpt lat="46.0548383" lon="11.4519824" />
      <trkpt lat="46.0548724" lon="11.4522392" />
      <trkpt lat="46.0548718" lon="11.4523434" />
      <trkpt lat="46.0549004" lon="11.4523506" />
      <trkpt lat="46.0549084" lon="11.4523526" />
      <trkpt lat="46.0550524" lon="11.4524383" />
      <trkpt lat="46.0551662" lon="11.4525253" />
      <trkpt lat="46.0552531" lon="11.4525923" />
      <trkpt lat="46.0552940" lon="11.4526254" />
      <trkpt lat="46.0554180" lon="11.4527256" />
      <trkpt lat="46.0556818" lon="11.4529551" />
      <trkpt lat="46.0558953" lon="11.4531331" />
      <trkpt lat="46.0559154" lon="11.4531498" />
      <trkpt lat="46.0560705" lon="11.4532782" />
      <trkpt lat="46.0560919" lon="11.4532963" />
      <trkpt lat="46.0561072" lon="11.4532565" />
      <trkpt lat="46.0561402" lon="11.4531744" />
      <trkpt lat="46.0561863" lon="11.4530147" />
      <trkpt lat="46.0561916" lon="11.4529705" />
      <trkpt lat="46.0562297" lon="11.4526542" />
      <trkpt lat="46.0562600" lon="11.4524304" />
      <trkpt lat="46.0563050" lon="11.4520978" />
      <trkpt lat="46.0563507" lon="11.4517599" />
      <trkpt lat="46.0563892" lon="11.4514750" />
      <trkpt lat="46.0564254" lon="11.4510470" />
      <trkpt lat="46.0564312" lon="11.4509773" />
      <trkpt lat="46.0564546" lon="11.4507009" />
      <trkpt lat="46.0565915" lon="11.4498151" />
      <trkpt lat="46.0566396" lon="11.4495036" />
      <trkpt lat="46.0566724" lon="11.4491661" />
      <trkpt lat="46.0567728" lon="11.4491546" />
      <trkpt lat="46.0569158" lon="11.4491248" />
      <trkpt lat="46.0569685" lon="11.4490933" />
      <trkpt lat="46.0570162" lon="11.4490493" />
      <trkpt lat="46.0571077" lon="11.4489402" />
      <trkpt lat="46.0571594" lon="11.4488838" />
      <trkpt lat="46.0573585" lon="11.4486472" />
      <trkpt lat="46.0575743" lon="11.4483616" />
      <trkpt lat="46.0576577" lon="11.4482305" />
      <trkpt lat="46.0578964" lon="11.4478464" />
      <trkpt lat="46.0579631" lon="11.4477156" />
      <trkpt lat="46.0580076" lon="11.4475438" />
      <trkpt lat="46.0580342" lon="11.4473729" />
      <trkpt lat="46.0580662" lon="11.4471180" />
      <trkpt lat="46.0581028" lon="11.4468264" />
      <trkpt lat="46.0581499" lon="11.4465801" />
      <trkpt lat="46.0582019" lon="11.4464293" />
      <trkpt lat="46.0582743" lon="11.4463122" />
      <trkpt lat="46.0583867" lon="11.4461860" />
      <trkpt lat="46.0586891" lon="11.4460397" />
      <trkpt lat="46.0590622" lon="11.4458792" />
      <trkpt lat="46.0592702" lon="11.4457245" />
      <trkpt lat="46.0595095" lon="11.4456085" />
      <trkpt lat="46.0596879" lon="11.4456100" />
      <trkpt lat="46.0598692" lon="11.4456404" />
      <trkpt lat="46.0600028" lon="11.4456409" />
      <trkpt lat="46.0601011" lon="11.4455964" />
      <trkpt lat="46.0601600" lon="11.4455316" />
      <trkpt lat="46.0602551" lon="11.4454728" />
      <trkpt lat="46.0603281" lon="11.4454828" />
      <trkpt lat="46.0603610" lon="11.4455412" />
      <trkpt lat="46.0604048" lon="11.4457677" />
      <trkpt lat="46.0604480" lon="11.4458611" />
      <trkpt lat="46.0605361" lon="11.4459566" />
      <trkpt lat="46.0607150" lon="11.4461145" />
      <trkpt lat="46.0608360" lon="11.4461992" />
      <trkpt lat="46.0609153" lon="11.4463185" />
      <trkpt lat="46.0609911" lon="11.4465459" />
      <trkpt lat="46.0610741" lon="11.4466072" />
      <trkpt lat="46.0611591" lon="11.4466347" />
      <trkpt lat="46.0612293" lon="11.4465857" />
      <trkpt lat="46.0613356" lon="11.4464907" />
      <trkpt lat="46.0614016" lon="11.4464938" />
      <trkpt lat="46.0614037" lon="11.4465796" />
      <trkpt lat="46.0612272" lon="11.4470117" />
      <trkpt lat="46.0610762" lon="11.4472232" />
      <trkpt lat="46.0608912" lon="11.4472845" />
      <trkpt lat="46.0607675" lon="11.4472791" />
      <trkpt lat="46.0607027" lon="11.4473361" />
      <trkpt lat="46.0606628" lon="11.4473957" />
      <trkpt lat="46.0606610" lon="11.4475964" />
      <trkpt lat="46.0606628" lon="11.4473957" />
      <trkpt lat="46.0607027" lon="11.4473361" />
      <trkpt lat="46.0607675" lon="11.4472791" />
      <trkpt lat="46.0608912" lon="11.4472845" />
      <trkpt lat="46.0610762" lon="11.4472232" />
      <trkpt lat="46.0612272" lon="11.4470117" />
      <trkpt lat="46.0614037" lon="11.4465796" />
      <trkpt lat="46.0614016" lon="11.4464938" />
      <trkpt lat="46.0613356" lon="11.4464907" />
      <trkpt lat="46.0612293" lon="11.4465857" />
      <trkpt lat="46.0611591" lon="11.4466347" />
      <trkpt lat="46.0610741" lon="11.4466072" />
      <trkpt lat="46.0609911" lon="11.4465459" />
      <trkpt lat="46.0609153" lon="11.4463185" />
      <trkpt lat="46.0608360" lon="11.4461992" />
      <trkpt lat="46.0607150" lon="11.4461145" />
      <trkpt lat="46.0607700" lon="11.4460831" />
      <trkpt lat="46.0607848" lon="11.4459605" />
      <trkpt lat="46.0608720" lon="11.4455774" />
      <trkpt lat="46.0609996" lon="11.4452525" />
      <trkpt lat="46.0610464" lon="11.4449767" />
      <trkpt lat="46.0610379" lon="11.4447162" />
      <trkpt lat="46.0611528" lon="11.4445967" />
      <trkpt lat="46.0612697" lon="11.4444649" />
      <trkpt lat="46.0613356" lon="11.4444434" />
      <trkpt lat="46.0614101" lon="11.4445813" />
      <trkpt lat="46.0614824" lon="11.4447959" />
      <trkpt lat="46.0616142" lon="11.4450809" />
      <trkpt lat="46.0616780" lon="11.4452893" />
      <trkpt lat="46.0617758" lon="11.4453874" />
      <trkpt lat="46.0619672" lon="11.4454425" />
      <trkpt lat="46.0617758" lon="11.4453874" />
      <trkpt lat="46.0616780" lon="11.4452893" />
      <trkpt lat="46.0616142" lon="11.4450809" />
      <trkpt lat="46.0614824" lon="11.4447959" />
      <trkpt lat="46.0614101" lon="11.4445813" />
      <trkpt lat="46.0613356" lon="11.4444434" />
      <trkpt lat="46.0612697" lon="11.4444649" />
      <trkpt lat="46.0611528" lon="11.4445967" />
      <trkpt lat="46.0610379" lon="11.4447162" />
      <trkpt lat="46.0610464" lon="11.4449767" />
      <trkpt lat="46.0609996" lon="11.4452525" />
      <trkpt lat="46.0608720" lon="11.4455774" />
      <trkpt lat="46.0607848" lon="11.4459605" />
      <trkpt lat="46.0607700" lon="11.4460831" />
      <trkpt lat="46.0607150" lon="11.4461145" />
      <trkpt lat="46.0605361" lon="11.4459566" />
      <trkpt lat="46.0604480" lon="11.4458611" />
      <trkpt lat="46.0604048" lon="11.4457677" />
      <trkpt lat="46.0603610" lon="11.4455412" />
      <trkpt lat="46.0603281" lon="11.4454828" />
      <trkpt lat="46.0606966" lon="11.4453203" />
      <trkpt lat="46.0609832" lon="11.4452452" />
      <trkpt lat="46.0610186" lon="11.4450467" />
      <trkpt lat="46.0610260" lon="11.4449314" />
      <trkpt lat="46.0610293" lon="11.4447085" />
      <trkpt lat="46.0611500" lon="11.4445801" />
      <trkpt lat="46.0612464" lon="11.4444657" />
      <trkpt lat="46.0613054" lon="11.4444104" />
      <trkpt lat="46.0614091" lon="11.4442283" />
      <trkpt lat="46.0614709" lon="11.4441503" />
      <trkpt lat="46.0615646" lon="11.4440321" />
      <trkpt lat="46.0616813" lon="11.4438640" />
      <trkpt lat="46.0617655" lon="11.4437986" />
      <trkpt lat="46.0619081" lon="11.4437659" />
      <trkpt lat="46.0619470" lon="11.4437006" />
      <trkpt lat="46.0621090" lon="11.4436585" />
      <trkpt lat="46.0622386" lon="11.4435931" />
      <trkpt lat="46.0622483" lon="11.4435138" />
      <trkpt lat="46.0622386" lon="11.4434577" />
      <trkpt lat="46.0622030" lon="11.4435231" />
      <trkpt lat="46.0619826" lon="11.4434157" />
      <trkpt lat="46.0618757" lon="11.4434157" />
      <trkpt lat="46.0617493" lon="11.4432849" />
      <trkpt lat="46.0617234" lon="11.4432242" />
      <trkpt lat="46.0617104" lon="11.4431495" />
      <trkpt lat="46.0617331" lon="11.4430608" />
      <trkpt lat="46.0617850" lon="11.4430281" />
      <trkpt lat="46.0618303" lon="11.4428880" />
      <trkpt lat="46.0618206" lon="11.4428179" />
      <trkpt lat="46.0618433" lon="11.4427619" />
      <trkpt lat="46.0619826" lon="11.4426918" />
      <trkpt lat="46.0621058" lon="11.4426311" />
      <trkpt lat="46.0622192" lon="11.4425190" />
      <trkpt lat="46.0623488" lon="11.4424864" />
      <trkpt lat="46.0624492" lon="11.4424910" />
      <trkpt lat="46.0626340" lon="11.4424210" />
      <trkpt lat="46.0626826" lon="11.4424770" />
      <trkpt lat="46.0628219" lon="11.4424583" />
      <trkpt lat="46.0630358" lon="11.4424817" />
      <trkpt lat="46.0632205" lon="11.4425377" />
      <trkpt lat="46.0632593" lon="11.4425331" />
      <trkpt lat="46.0635218" lon="11.4426078" />
      <trkpt lat="46.0636028" lon="11.4426732" />
      <trkpt lat="46.0637227" lon="11.4427012" />
      <trkpt lat="46.0638782" lon="11.4427759" />
      <trkpt lat="46.0639139" lon="11.4427339" />
      <trkpt lat="46.0640143" lon="11.4427572" />
      <trkpt lat="46.0641375" lon="11.4428086" />
      <trkpt lat="46.0642379" lon="11.4428740" />
      <trkpt lat="46.0642833" lon="11.4429580" />
      <trkpt lat="46.0643351" lon="11.4429393" />
      <trkpt lat="46.0643578" lon="11.4428926" />
      <trkpt lat="46.0643124" lon="11.4428413" />
      <trkpt lat="46.0642671" lon="11.4427339" />
      <trkpt lat="46.0642250" lon="11.4426451" />
      <trkpt lat="46.0641893" lon="11.4425564" />
      <trkpt lat="46.0641893" lon="11.4424677" />
      <trkpt lat="46.0642962" lon="11.4424070" />
      <trkpt lat="46.0643475" lon="11.4424210" />
      <trkpt lat="46.0644123" lon="11.4424910" />
      <trkpt lat="46.0644706" lon="11.4425938" />
      <trkpt lat="46.0645516" lon="11.4426311" />
      <trkpt lat="46.0646294" lon="11.4426591" />
      <trkpt lat="46.0647428" lon="11.4426872" />
      <trkpt lat="46.0648044" lon="11.4426965" />
      <trkpt lat="46.0648530" lon="11.4426265" />
      <trkpt lat="46.0648807" lon="11.4425956" />
      <trkpt lat="46.0648979" lon="11.4425001" />
      <trkpt lat="46.0649107" lon="11.4423892" />
      <trkpt lat="46.0649150" lon="11.4423368" />
      <trkpt lat="46.0649620" lon="11.4422567" />
      <trkpt lat="46.0650133" lon="11.4421581" />
      <trkpt lat="46.0650902" lon="11.4421026" />
      <trkpt lat="46.0651693" lon="11.4421026" />
      <trkpt lat="46.0652720" lon="11.4420780" />
      <trkpt lat="46.0653272" lon="11.4420953" />
      <trkpt lat="46.0652954" lon="11.4421057" />
      <trkpt lat="46.0651789" lon="11.4421617" />
      <trkpt lat="46.0651271" lon="11.4421865" />
      <trkpt lat="46.0651789" lon="11.4421617" />
      <trkpt lat="46.0652954" lon="11.4421057" />
      <trkpt lat="46.0653272" lon="11.4420953" />
      <trkpt lat="46.0653644" lon="11.4420832" />
      <trkpt lat="46.0654605" lon="11.4420920" />
      <trkpt lat="46.0655154" lon="11.4421140" />
      <trkpt lat="46.0655352" lon="11.4421426" />
      <trkpt lat="46.0655459" lon="11.4422019" />
      <trkpt lat="46.0655810" lon="11.4424569" />
      <trkpt lat="46.0656130" lon="11.4428372" />
      <trkpt lat="46.0656573" lon="11.4432702" />
      <trkpt lat="46.0656740" lon="11.4433494" />
      <trkpt lat="46.0656908" lon="11.4433890" />
      <trkpt lat="46.0657259" lon="11.4433846" />
      <trkpt lat="46.0657473" lon="11.4433604" />
      <trkpt lat="46.0657640" lon="11.4433142" />
      <trkpt lat="46.0657900" lon="11.4431230" />
      <trkpt lat="46.0657976" lon="11.4430196" />
      <trkpt lat="46.0658113" lon="11.4429757" />
      <trkpt lat="46.0658388" lon="11.4429757" />
      <trkpt lat="46.0658677" lon="11.4429933" />
      <trkpt lat="46.0658860" lon="11.4430416" />
      <trkpt lat="46.0658967" lon="11.4431318" />
      <trkpt lat="46.0659196" lon="11.4432658" />
      <trkpt lat="46.0659532" lon="11.4433846" />
      <trkpt lat="46.0659959" lon="11.4435011" />
      <trkpt lat="46.0660691" lon="11.4436374" />
      <trkpt lat="46.0661606" lon="11.4437583" />
      <trkpt lat="46.0661896" lon="11.4437934" />
      <trkpt lat="46.0662185" lon="11.4437934" />
      <trkpt lat="46.0662399" lon="11.4437692" />
      <trkpt lat="46.0662417" lon="11.4437378" />
      <trkpt lat="46.0662201" lon="11.4435886" />
      <trkpt lat="46.0661770" lon="11.4433585" />
      <trkpt lat="46.0661813" lon="11.4432155" />
      <trkpt lat="46.0661945" lon="11.4431458" />
      <trkpt lat="46.0662223" lon="11.4430562" />
      <trkpt lat="46.0662864" lon="11.4428628" />
      <trkpt lat="46.0663260" lon="11.4427287" />
      <trkpt lat="46.0663635" lon="11.4425597" />
      <trkpt lat="46.0663808" lon="11.4423421" />
      <trkpt lat="46.0664642" lon="11.4424907" />
      <trkpt lat="46.0665452" lon="11.4426868" />
      <trkpt lat="46.0667299" lon="11.4429763" />
      <trkpt lat="46.0667373" lon="11.4430230" />
      <trkpt lat="46.0667581" lon="11.4429708" />
      <trkpt lat="46.0667757" lon="11.4428853" />
      <trkpt lat="46.0667688" lon="11.4427860" />
      <trkpt lat="46.0667490" lon="11.4426943" />
      <trkpt lat="46.0667431" lon="11.4426574" />
      <trkpt lat="46.0667452" lon="11.4425365" />
      <trkpt lat="46.0667511" lon="11.4424533" />
      <trkpt lat="46.0667842" lon="11.4424140" />
      <trkpt lat="46.0668307" lon="11.4423871" />
      <trkpt lat="46.0668724" lon="11.4423770" />
      <trkpt lat="46.0669547" lon="11.4423085" />
      <trkpt lat="46.0669745" lon="11.4422584" />
      <trkpt lat="46.0670177" lon="11.4422107" />
      <trkpt lat="46.0670594" lon="11.4421714" />
      <trkpt lat="46.0670770" lon="11.4421506" />
      <trkpt lat="46.0671374" lon="11.4421321" />
      <trkpt lat="46.0671727" lon="11.4421074" />
      <trkpt lat="46.0672577" lon="11.4420528" />
      <trkpt lat="46.0672972" lon="11.4420289" />
      <trkpt lat="46.0673239" lon="11.4420358" />
      <trkpt lat="46.0673517" lon="11.4420135" />
      <trkpt lat="46.0673870" lon="11.4420004" />
      <trkpt lat="46.0674271" lon="11.4420127" />
      <trkpt lat="46.0674533" lon="11.4420350" />
      <trkpt lat="46.0674934" lon="11.4420682" />
      <trkpt lat="46.0676205" lon="11.4421768" />
      <trkpt lat="46.0677090" lon="11.4422261" />
      <trkpt lat="46.0677095" lon="11.4423172" />
      <trkpt lat="46.0677612" lon="11.4423732" />
      <trkpt lat="46.0678216" lon="11.4423607" />
      <trkpt lat="46.0678896" lon="11.4423307" />
      <trkpt lat="46.0679437" lon="11.4422594" />
      <trkpt lat="46.0680886" lon="11.4420412" />
      <trkpt lat="46.0681581" lon="11.4419037" />
      <trkpt lat="46.0682444" lon="11.4416830" />
      <trkpt lat="46.0683263" lon="11.4415400" />
      <trkpt lat="46.0684126" lon="11.4414467" />
      <trkpt lat="46.0685377" lon="11.4412727" />
      <trkpt lat="46.0687146" lon="11.4408561" />
      <trkpt lat="46.0688111" lon="11.4407181" />
      <trkpt lat="46.0689319" lon="11.4405503" />
      <trkpt lat="46.0690553" lon="11.4404830" />
      <trkpt lat="46.0691848" lon="11.4404582" />
      <trkpt lat="46.0693875" lon="11.4403525" />
      <trkpt lat="46.0698102" lon="11.4400975" />
      <trkpt lat="46.0699181" lon="11.4400851" />
      <trkpt lat="46.0700216" lon="11.4400291" />
      <trkpt lat="46.0700820" lon="11.4399608" />
      <trkpt lat="46.0700949" lon="11.4398861" />
      <trkpt lat="46.0700647" lon="11.4397742" />
      <trkpt lat="46.0699914" lon="11.4396872" />
      <trkpt lat="46.0697283" lon="11.4394634" />
      <trkpt lat="46.0695600" lon="11.4392022" />
      <trkpt lat="46.0694910" lon="11.4390468" />
      <trkpt lat="46.0694479" lon="11.4388665" />
      <trkpt lat="46.0694651" lon="11.4386862" />
      <trkpt lat="46.0695342" lon="11.4385618" />
      <trkpt lat="46.0695945" lon="11.4384126" />
      <trkpt lat="46.0696075" lon="11.4382509" />
      <trkpt lat="46.0695298" lon="11.4380706" />
      <trkpt lat="46.0693499" lon="11.4378045" />
      <trkpt lat="46.0690725" lon="11.4371181" />
      <trkpt lat="46.0689088" lon="11.4366373" />
      <trkpt lat="46.0688542" lon="11.4365161" />
      <trkpt lat="46.0687990" lon="11.4362636" />
      <trkpt lat="46.0687880" lon="11.4361892" />
      <trkpt lat="46.0687867" lon="11.4360205" />
      <trkpt lat="46.0687641" lon="11.4359044" />
      <trkpt lat="46.0687125" lon="11.4358173" />
      <trkpt lat="46.0685679" lon="11.4356565" />
      <trkpt lat="46.0684296" lon="11.4355241" />
      <trkpt lat="46.0680661" lon="11.4352440" />
      <trkpt lat="46.0679522" lon="11.4351006" />
      <trkpt lat="46.0677863" lon="11.4348309" />
      <trkpt lat="46.0676570" lon="11.4346522" />
      <trkpt lat="46.0675969" lon="11.4345691" />
      <trkpt lat="46.0672389" lon="11.4342143" />
      <trkpt lat="46.0673586" lon="11.4341426" />
      <trkpt lat="46.0674050" lon="11.4341256" />
      <trkpt lat="46.0673338" lon="11.4340864" />
      <trkpt lat="46.0672787" lon="11.4340527" />
      <trkpt lat="46.0672540" lon="11.4340045" />
      <trkpt lat="46.0672388" lon="11.4339441" />
      <trkpt lat="46.0672534" lon="11.4339040" />
      <trkpt lat="46.0672819" lon="11.4339030" />
      <trkpt lat="46.0673208" lon="11.4338889" />
      <trkpt lat="46.0673777" lon="11.4338288" />
      <trkpt lat="46.0674258" lon="11.4338467" />
      <trkpt lat="46.0675225" lon="11.4338663" />
      <trkpt lat="46.0675528" lon="11.4338724" />
      <trkpt lat="46.0676610" lon="11.4338874" />
      <trkpt lat="46.0677373" lon="11.4338959" />
      <trkpt lat="46.0681935" lon="11.4339470" />
      <trkpt lat="46.0682207" lon="11.4339500" />
      <trkpt lat="46.0683699" lon="11.4339661" />
      <trkpt lat="46.0685960" lon="11.4340413" />
      <trkpt lat="46.0687984" lon="11.4341830" />
      <trkpt lat="46.0690234" lon="11.4343230" />
      <trkpt lat="46.0692374" lon="11.4344930" />
      <trkpt lat="46.0697633" lon="11.4352212" />
      <trkpt lat="46.0698271" lon="11.4352952" />
      <trkpt lat="46.0700493" lon="11.4355529" />
      <trkpt lat="46.0702448" lon="11.4358203" />
      <trkpt lat="46.0702994" lon="11.4359457" />
      <trkpt lat="46.0703459" lon="11.4360963" />
      <trkpt lat="46.0703726" lon="11.4362443" />
      <trkpt lat="46.0704492" lon="11.4366115" />
      <trkpt lat="46.0704915" lon="11.4367214" />
      <trkpt lat="46.0705335" lon="11.4367846" />
      <trkpt lat="46.0705977" lon="11.4368546" />
      <trkpt lat="46.0706825" lon="11.4369126" />
      <trkpt lat="46.0709803" lon="11.4370379" />
      <trkpt lat="46.0710752" lon="11.4370872" />
      <trkpt lat="46.0711779" lon="11.4371703" />
      <trkpt lat="46.0712497" lon="11.4372443" />
      <trkpt lat="46.0712984" lon="11.4373058" />
      <trkpt lat="46.0713285" lon="11.4373437" />
      <trkpt lat="46.0714309" lon="11.4375096" />
      <trkpt lat="46.0715957" lon="11.4378428" />
      <trkpt lat="46.0716663" lon="11.4379740" />
      <trkpt lat="46.0717177" lon="11.4380448" />
      <trkpt lat="46.0717907" lon="11.4381188" />
      <trkpt lat="46.0718765" lon="11.4381718" />
      <trkpt lat="46.0720095" lon="11.4382366" />
      <trkpt lat="46.0723936" lon="11.4384052" />
      <trkpt lat="46.0724623" lon="11.4384492" />
      <trkpt lat="46.0725229" lon="11.4385090" />
      <trkpt lat="46.0725763" lon="11.4385782" />
      <trkpt lat="46.0726283" lon="11.4386770" />
      <trkpt lat="46.0726343" lon="11.4382856" />
      <trkpt lat="46.0725923" lon="11.4380855" />
      <trkpt lat="46.0725435" lon="11.4379982" />
      <trkpt lat="46.0725083" lon="11.4379354" />
      <trkpt lat="46.0724060" lon="11.4376169" />
      <trkpt lat="46.0722928" lon="11.4373878" />
      <trkpt lat="46.0722142" lon="11.4370561" />
      <trkpt lat="46.0721905" lon="11.4368060" />
      <trkpt lat="46.0721156" lon="11.4365454" />
      <trkpt lat="46.0719823" lon="11.4361742" />
      <trkpt lat="46.0718289" lon="11.4359320" />
      <trkpt lat="46.0717266" lon="11.4358188" />
      <trkpt lat="46.0715549" lon="11.4357161" />
      <trkpt lat="46.0714330" lon="11.4356036" />
      <trkpt lat="46.0712755" lon="11.4353418" />
      <trkpt lat="46.0710941" lon="11.4350110" />
      <trkpt lat="46.0710161" lon="11.4348081" />
      <trkpt lat="46.0709934" lon="11.4346264" />
      <trkpt lat="46.0709939" lon="11.4344563" />
      <trkpt lat="46.0710189" lon="11.4343497" />
      <trkpt lat="46.0710746" lon="11.4342680" />
      <trkpt lat="46.0712306" lon="11.4341379" />
      <trkpt lat="46.0713353" lon="11.4339807" />
      <trkpt lat="46.0714087" lon="11.4337954" />
      <trkpt lat="46.0714686" lon="11.4335461" />
      <trkpt lat="46.0714653" lon="11.4333495" />
      <trkpt lat="46.0714418" lon="11.4331254" />
      <trkpt lat="46.0713318" lon="11.4328043" />
      <trkpt lat="46.0711902" lon="11.4325137" />
      <trkpt lat="46.0711809" lon="11.4324947" />
      <trkpt lat="46.0710431" lon="11.4323397" />
      <trkpt lat="46.0709980" lon="11.4323075" />
      <trkpt lat="46.0708225" lon="11.4321823" />
      <trkpt lat="46.0704992" lon="11.4319997" />
      <trkpt lat="46.0703442" lon="11.4318675" />
      <trkpt lat="46.0701954" lon="11.4317127" />
      <trkpt lat="46.0700790" lon="11.4315835" />
      <trkpt lat="46.0699742" lon="11.4313822" />
      <trkpt lat="46.0698501" lon="11.4310998" />
      <trkpt lat="46.0696286" lon="11.4306218" />
      <trkpt lat="46.0694902" lon="11.4302462" />
      <trkpt lat="46.0694159" lon="11.4299125" />
      <trkpt lat="46.0693242" lon="11.4296669" />
      <trkpt lat="46.0692171" lon="11.4293584" />
      <trkpt lat="46.0690817" lon="11.4289932" />
      <trkpt lat="46.0689812" lon="11.4285619" />
      <trkpt lat="46.0689419" lon="11.4282439" />
      <trkpt lat="46.0689223" lon="11.4279133" />
      <trkpt lat="46.0689244" lon="11.4276991" />
      <trkpt lat="46.0690233" lon="11.4278546" />
      <trkpt lat="46.0691350" lon="11.4280209" />
      <trkpt lat="46.0692671" lon="11.4281684" />
      <trkpt lat="46.0693806" lon="11.4283910" />
      <trkpt lat="46.0694308" lon="11.4285761" />
      <trkpt lat="46.0694997" lon="11.4288068" />
      <trkpt lat="46.0695667" lon="11.4288872" />
      <trkpt lat="46.0696709" lon="11.4289704" />
      <trkpt lat="46.0697695" lon="11.4290616" />
      <trkpt lat="46.0698793" lon="11.4291152" />
      <trkpt lat="46.0699444" lon="11.4291367" />
      <trkpt lat="46.0700319" lon="11.4292205" />
      <trkpt lat="46.0700908" lon="11.4292661" />
      <trkpt lat="46.0701459" lon="11.4292862" />
      <trkpt lat="46.0702008" lon="11.4292956" />
      <trkpt lat="46.0702775" lon="11.4292936" />
      <trkpt lat="46.0703315" lon="11.4292715" />
      <trkpt lat="46.0703734" lon="11.4292527" />
      <trkpt lat="46.0703980" lon="11.4292084" />
      <trkpt lat="46.0703822" lon="11.4291883" />
      <trkpt lat="46.0703566" lon="11.4291414" />
      <trkpt lat="46.0703022" lon="11.4290623" />
      <trkpt lat="46.0702329" lon="11.4289550" />
      <trkpt lat="46.0701910" lon="11.4287974" />
      <trkpt lat="46.0701710" lon="11.4286445" />
      <trkpt lat="46.0701394" lon="11.4285151" />
      <trkpt lat="46.0701040" lon="11.4284112" />
      <trkpt lat="46.0700901" lon="11.4283367" />
      <trkpt lat="46.0700779" lon="11.4282806" />
      <trkpt lat="46.0701977" lon="11.4283670" />
      <trkpt lat="46.0702595" lon="11.4284199" />
      <trkpt lat="46.0703769" lon="11.4284861" />
      <trkpt lat="46.0704369" lon="11.4284951" />
      <trkpt lat="46.0705074" lon="11.4284842" />
      <trkpt lat="46.0705737" lon="11.4284624" />
      <trkpt lat="46.0706144" lon="11.4284461" />
      <trkpt lat="46.0706668" lon="11.4284529" />
      <trkpt lat="46.0707858" lon="11.4285096" />
      <trkpt lat="46.0708706" lon="11.4285564" />
      <trkpt lat="46.0709344" lon="11.4285722" />
      <trkpt lat="46.0710502" lon="11.4285979" />
      <trkpt lat="46.0712760" lon="11.4286089" />
      <trkpt lat="46.0713510" lon="11.4286246" />
      <trkpt lat="46.0714194" lon="11.4286616" />
      <trkpt lat="46.0714874" lon="11.4287234" />
      <trkpt lat="46.0715625" lon="11.4287988" />
      <trkpt lat="46.0716391" lon="11.4288998" />
      <trkpt lat="46.0716850" lon="11.4289972" />
      <trkpt lat="46.0717114" lon="11.4290843" />
      <trkpt lat="46.0717416" lon="11.4291623" />
      <trkpt lat="46.0717799" lon="11.4291995" />
      <trkpt lat="46.0718108" lon="11.4292131" />
      <trkpt lat="46.0718423" lon="11.4292041" />
      <trkpt lat="46.0718624" lon="11.4291780" />
      <trkpt lat="46.0718700" lon="11.4291533" />
      <trkpt lat="46.0718650" lon="11.4291043" />
      <trkpt lat="46.0718508" lon="11.4290538" />
      <trkpt lat="46.0718084" lon="11.4289263" />
      <trkpt lat="46.0717215" lon="11.4286217" />
      <trkpt lat="46.0717044" lon="11.4285010" />
      <trkpt lat="46.0716988" lon="11.4283822" />
      <trkpt lat="46.0716972" lon="11.4282418" />
      <trkpt lat="46.0716950" lon="11.4281246" />
      <trkpt lat="46.0716718" lon="11.4279944" />
      <trkpt lat="46.0716346" lon="11.4278779" />
      <trkpt lat="46.0715905" lon="11.4277879" />
      <trkpt lat="46.0714602" lon="11.4276550" />
      <trkpt lat="46.0714333" lon="11.4276126" />
      <trkpt lat="46.0714258" lon="11.4275693" />
      <trkpt lat="46.0714383" lon="11.4275386" />
      <trkpt lat="46.0714584" lon="11.4275223" />
      <trkpt lat="46.0714853" lon="11.4275228" />
      <trkpt lat="46.0715226" lon="11.4275386" />
      <trkpt lat="46.0715956" lon="11.4275676" />
      <trkpt lat="46.0716452" lon="11.4275840" />
      <trkpt lat="46.0717026" lon="11.4276039" />
      <trkpt lat="46.0717743" lon="11.4276202" />
      <trkpt lat="46.0718410" lon="11.4276347" />
      <trkpt lat="46.0719117" lon="11.4276777" />
      <trkpt lat="46.0719533" lon="11.4277168" />
      <trkpt lat="46.0721966" lon="11.4280267" />
      <trkpt lat="46.0723731" lon="11.4282682" />
      <trkpt lat="46.0724308" lon="11.4283374" />
      <trkpt lat="46.0724674" lon="11.4283519" />
      <trkpt lat="46.0724968" lon="11.4283408" />
      <trkpt lat="46.0725307" lon="11.4282845" />
      <trkpt lat="46.0725392" lon="11.4282059" />
      <trkpt lat="46.0725396" lon="11.4281340" />
      <trkpt lat="46.0725331" lon="11.4279974" />
      <trkpt lat="46.0725144" lon="11.4279017" />
      <trkpt lat="46.0724824" lon="11.4277967" />
      <trkpt lat="46.0723972" lon="11.4276487" />
      <trkpt lat="46.0723142" lon="11.4275228" />
      <trkpt lat="46.0722790" lon="11.4274355" />
      <trkpt lat="46.0722449" lon="11.4272856" />
      <trkpt lat="46.0722073" lon="11.4271633" />
      <trkpt lat="46.0721450" lon="11.4270412" />
      <trkpt lat="46.0720462" lon="11.4268948" />
      <trkpt lat="46.0719778" lon="11.4267672" />
      <trkpt lat="46.0718315" lon="11.4265751" />
      <trkpt lat="46.0716350" lon="11.4262037" />
      <trkpt lat="46.0715742" lon="11.4260291" />
      <trkpt lat="46.0715374" lon="11.4258335" />
      <trkpt lat="46.0715226" lon="11.4256681" />
      <trkpt lat="46.0715257" lon="11.4255961" />
      <trkpt lat="46.0715453" lon="11.4255502" />
      <trkpt lat="46.0715694" lon="11.4255299" />
      <trkpt lat="46.0715922" lon="11.4255205" />
      <trkpt lat="46.0716309" lon="11.4255302" />
      <trkpt lat="46.0716580" lon="11.4255506" />
      <trkpt lat="46.0719183" lon="11.4260731" />
      <trkpt lat="46.0720556" lon="11.4262654" />
      <trkpt lat="46.0721607" lon="11.4263267" />
      <trkpt lat="46.0722899" lon="11.4263825" />
      <trkpt lat="46.0724878" lon="11.4265990" />
      <trkpt lat="46.0726516" lon="11.4268302" />
      <trkpt lat="46.0728536" lon="11.4271742" />
      <trkpt lat="46.0729222" lon="11.4272537" />
      <trkpt lat="46.0730209" lon="11.4273093" />
      <trkpt lat="46.0731734" lon="11.4273608" />
      <trkpt lat="46.0733311" lon="11.4273583" />
      <trkpt lat="46.0734194" lon="11.4273662" />
      <trkpt lat="46.0734741" lon="11.4274116" />
      <trkpt lat="46.0735138" lon="11.4274878" />
      <trkpt lat="46.0735452" lon="11.4275821" />
      <trkpt lat="46.0735614" lon="11.4276595" />
      <trkpt lat="46.0735744" lon="11.4280673" />
      <trkpt lat="46.0735833" lon="11.4283206" />
      <trkpt lat="46.0736031" lon="11.4284022" />
      <trkpt lat="46.0736515" lon="11.4284505" />
      <trkpt lat="46.0737516" lon="11.4284838" />
      <trkpt lat="46.0739861" lon="11.4287590" />
      <trkpt lat="46.0736265" lon="11.4288898" />
      <trkpt lat="46.0735164" lon="11.4288478" />
      <trkpt lat="46.0736265" lon="11.4288898" />
      <trkpt lat="46.0739861" lon="11.4287590" />
      <trkpt lat="46.0737516" lon="11.4284838" />
      <trkpt lat="46.0736515" lon="11.4284505" />
      <trkpt lat="46.0736031" lon="11.4284022" />
      <trkpt lat="46.0735833" lon="11.4283206" />
      <trkpt lat="46.0735744" lon="11.4280673" />
      <trkpt lat="46.0735614" lon="11.4276595" />
      <trkpt lat="46.0735744" lon="11.4280673" />
      <trkpt lat="46.0735833" lon="11.4283206" />
      <trkpt lat="46.0736031" lon="11.4284022" />
      <trkpt lat="46.0736515" lon="11.4284505" />
      <trkpt lat="46.0737516" lon="11.4284838" />
      <trkpt lat="46.0738672" lon="11.4284859" />
      <trkpt lat="46.0740173" lon="11.4284741" />
      <trkpt lat="46.0741074" lon="11.4284623" />
      <trkpt lat="46.0741343" lon="11.4284040" />
      <trkpt lat="46.0741330" lon="11.4283477" />
      <trkpt lat="46.0741009" lon="11.4283090" />
      <trkpt lat="46.0740084" lon="11.4282879" />
      <trkpt lat="46.0738836" lon="11.4282026" />
      <trkpt lat="46.0738300" lon="11.4280713" />
      <trkpt lat="46.0738244" lon="11.4278566" />
      <trkpt lat="46.0738455" lon="11.4276934" />
      <trkpt lat="46.0739081" lon="11.4273674" />
      <trkpt lat="46.0739245" lon="11.4271952" />
      <trkpt lat="46.0739054" lon="11.4269433" />
      <trkpt lat="46.0737662" lon="11.4265065" />
      <trkpt lat="46.0737198" lon="11.4262113" />
      <trkpt lat="46.0736297" lon="11.4259634" />
      <trkpt lat="46.0735150" lon="11.4257785" />
      <trkpt lat="46.0734359" lon="11.4253810" />
      <trkpt lat="46.0734232" lon="11.4251209" />
      <trkpt lat="46.0734427" lon="11.4249870" />
      <trkpt lat="46.0734213" lon="11.4248401" />
      <trkpt lat="46.0733659" lon="11.4246602" />
      <trkpt lat="46.0732754" lon="11.4245670" />
      <trkpt lat="46.0731654" lon="11.4245576" />
      <trkpt lat="46.0730749" lon="11.4246043" />
      <trkpt lat="46.0729714" lon="11.4245810" />
      <trkpt lat="46.0728194" lon="11.4245017" />
      <trkpt lat="46.0726933" lon="11.4243992" />
      <trkpt lat="46.0725995" lon="11.4242593" />
      <trkpt lat="46.0725506" lon="11.4241474" />
      <trkpt lat="46.0724817" lon="11.4240462" />
      <trkpt lat="46.0723969" lon="11.4239546" />
      <trkpt lat="46.0723174" lon="11.4239087" />
      <trkpt lat="46.0722287" lon="11.4238954" />
      <trkpt lat="46.0721174" lon="11.4238744" />
      <trkpt lat="46.0720499" lon="11.4238782" />
      <trkpt lat="46.0718830" lon="11.4238896" />
      <trkpt lat="46.0717876" lon="11.4238744" />
      <trkpt lat="46.0716975" lon="11.4238553" />
      <trkpt lat="46.0716167" lon="11.4238152" />
      <trkpt lat="46.0715531" lon="11.4237713" />
      <trkpt lat="46.0715174" lon="11.4237063" />
      <trkpt lat="46.0715107" lon="11.4236052" />
      <trkpt lat="46.0714935" lon="11.4234830" />
      <trkpt lat="46.0715121" lon="11.4232863" />
      <trkpt lat="46.0715791" lon="11.4231147" />
      <trkpt lat="46.0716386" lon="11.4229991" />
      <trkpt lat="46.0716128" lon="11.4227641" />
      <trkpt lat="46.0715869" lon="11.4225851" />
      <trkpt lat="46.0715817" lon="11.4221526" />
      <trkpt lat="46.0715765" lon="11.4217498" />
      <trkpt lat="46.0715481" lon="11.4212762" />
      <trkpt lat="46.0715396" lon="11.4211084" />
      <trkpt lat="46.0715248" lon="11.4208175" />
      <trkpt lat="46.0715248" lon="11.4203514" />
      <trkpt lat="46.0715300" lon="11.4202321" />
      <trkpt lat="46.0715688" lon="11.4201985" />
      <trkpt lat="46.0715998" lon="11.4201985" />
      <trkpt lat="46.0716309" lon="11.4202507" />
      <trkpt lat="46.0716671" lon="11.4203850" />
      <trkpt lat="46.0717059" lon="11.4204968" />
      <trkpt lat="46.0717732" lon="11.4206497" />
      <trkpt lat="46.0718534" lon="11.4208474" />
      <trkpt lat="46.0719491" lon="11.4210748" />
      <trkpt lat="46.0720862" lon="11.4212837" />
      <trkpt lat="46.0722000" lon="11.4214328" />
      <trkpt lat="46.0723837" lon="11.4216118" />
      <trkpt lat="46.0725234" lon="11.4217424" />
      <trkpt lat="46.0726062" lon="11.4219251" />
      <trkpt lat="46.0727252" lon="11.4221451" />
      <trkpt lat="46.0728571" lon="11.4223390" />
      <trkpt lat="46.0730952" lon="11.4225590" />
      <trkpt lat="46.0732323" lon="11.4226224" />
      <trkpt lat="46.0733797" lon="11.4226112" />
      <trkpt lat="46.0735194" lon="11.4227604" />
      <trkpt lat="46.0735919" lon="11.4229394" />
      <trkpt lat="46.0736462" lon="11.4230103" />
      <trkpt lat="46.0736747" lon="11.4230140" />
      <trkpt lat="46.0737057" lon="11.4229804" />
      <trkpt lat="46.0737057" lon="11.4229058" />
      <trkpt lat="46.0736876" lon="11.4228313" />
      <trkpt lat="46.0736358" lon="11.4227082" />
      <trkpt lat="46.0735996" lon="11.4225739" />
      <trkpt lat="46.0735220" lon="11.4224621" />
      <trkpt lat="46.0734444" lon="11.4223838" />
      <trkpt lat="46.0733616" lon="11.4223316" />
      <trkpt lat="46.0732374" lon="11.4221675" />
      <trkpt lat="46.0732038" lon="11.4219475" />
      <trkpt lat="46.0731961" lon="11.4218057" />
      <trkpt lat="46.0731650" lon="11.4215559" />
      <trkpt lat="46.0731391" lon="11.4212874" />
      <trkpt lat="46.0731288" lon="11.4210152" />
      <trkpt lat="46.0731184" lon="11.4208436" />
      <trkpt lat="46.0730382" lon="11.4205117" />
      <trkpt lat="46.0729994" lon="11.4202656" />
      <trkpt lat="46.0729865" lon="11.4200792" />
      <trkpt lat="46.0729994" lon="11.4197771" />
      <trkpt lat="46.0729632" lon="11.4195161" />
      <trkpt lat="46.0728753" lon="11.4191506" />
      <trkpt lat="46.0728313" lon="11.4189903" />
      <trkpt lat="46.0728028" lon="11.4188299" />
      <trkpt lat="46.0728261" lon="11.4186696" />
      <trkpt lat="46.0729037" lon="11.4183973" />
      <trkpt lat="46.0729562" lon="11.4181619" />
      <trkpt lat="46.0729941" lon="11.4178974" />
      <trkpt lat="46.0730005" lon="11.4178275" />
      <trkpt lat="46.0729714" lon="11.4174452" />
      <trkpt lat="46.0729941" lon="11.4173660" />
      <trkpt lat="46.0730361" lon="11.4173520" />
      <trkpt lat="46.0730911" lon="11.4175245" />
      <trkpt lat="46.0731072" lon="11.4177016" />
      <trkpt lat="46.0731622" lon="11.4179720" />
      <trkpt lat="46.0731687" lon="11.4181118" />
      <trkpt lat="46.0732204" lon="11.4183542" />
      <trkpt lat="46.0733207" lon="11.4186106" />
      <trkpt lat="46.0733853" lon="11.4187831" />
      <trkpt lat="46.0734403" lon="11.4189695" />
      <trkpt lat="46.0734856" lon="11.4192212" />
      <trkpt lat="46.0735776" lon="11.4195511" />
      <trkpt lat="46.0736552" lon="11.4197785" />
      <trkpt lat="46.0737354" lon="11.4198531" />
      <trkpt lat="46.0738958" lon="11.4201664" />
      <trkpt lat="46.0740665" lon="11.4204125" />
      <trkpt lat="46.0742372" lon="11.4209308" />
      <trkpt lat="46.0743045" lon="11.4211061" />
      <trkpt lat="46.0744157" lon="11.4217065" />
      <trkpt lat="46.0744778" lon="11.4219153" />
      <trkpt lat="46.0746279" lon="11.4222025" />
      <trkpt lat="46.0748141" lon="11.4225195" />
      <trkpt lat="46.0750237" lon="11.4228476" />
      <trkpt lat="46.0750677" lon="11.4229222" />
      <trkpt lat="46.0752048" lon="11.4230453" />
      <trkpt lat="46.0753367" lon="11.4230937" />
      <trkpt lat="46.0754350" lon="11.4232056" />
      <trkpt lat="46.0755204" lon="11.4233026" />
      <trkpt lat="46.0756213" lon="11.4233771" />
      <trkpt lat="46.0757351" lon="11.4234666" />
      <trkpt lat="46.0759601" lon="11.4237351" />
      <trkpt lat="46.0760455" lon="11.4238918" />
      <trkpt lat="46.0760865" lon="11.4241513" />
      <trkpt lat="46.0762267" lon="11.4244144" />
      <trkpt lat="46.0764594" lon="11.4246317" />
      <trkpt lat="46.0766128" lon="11.4247118" />
      <trkpt lat="46.0768244" lon="11.4247880" />
      <trkpt lat="46.0769619" lon="11.4248910" />
      <trkpt lat="46.0770439" lon="11.4249367" />
      <trkpt lat="46.0770836" lon="11.4249176" />
      <trkpt lat="46.0770915" lon="11.4248414" />
      <trkpt lat="46.0770809" lon="11.4247651" />
      <trkpt lat="46.0770518" lon="11.4247270" />
      <trkpt lat="46.0769751" lon="11.4246889" />
      <trkpt lat="46.0768905" lon="11.4246355" />
      <trkpt lat="46.0768244" lon="11.4245707" />
      <trkpt lat="46.0767001" lon="11.4243725" />
      <trkpt lat="46.0766393" lon="11.4243153" />
      <trkpt lat="46.0765736" lon="11.4241686" />
      <trkpt lat="46.0764664" lon="11.4238873" />
      <trkpt lat="46.0763341" lon="11.4235945" />
      <trkpt lat="46.0762362" lon="11.4233885" />
      <trkpt lat="46.0761582" lon="11.4231683" />
      <trkpt lat="46.0760351" lon="11.4229746" />
      <trkpt lat="46.0758445" lon="11.4225368" />
      <trkpt lat="46.0757791" lon="11.4222450" />
      <trkpt lat="46.0757195" lon="11.4220734" />
      <trkpt lat="46.0757195" lon="11.4216270" />
      <trkpt lat="46.0756957" lon="11.4213095" />
      <trkpt lat="46.0756362" lon="11.4209576" />
      <trkpt lat="46.0756659" lon="11.4206829" />
      <trkpt lat="46.0757612" lon="11.4205370" />
      <trkpt lat="46.0757433" lon="11.4204597" />
      <trkpt lat="46.0757374" lon="11.4202366" />
      <trkpt lat="46.0757374" lon="11.4200563" />
      <trkpt lat="46.0757433" lon="11.4197130" />
      <trkpt lat="46.0757910" lon="11.4195499" />
      <trkpt lat="46.0758803" lon="11.4196787" />
      <trkpt lat="46.0759577" lon="11.4196444" />
      <trkpt lat="46.0758981" lon="11.4194641" />
      <trkpt lat="46.0758029" lon="11.4192495" />
      <trkpt lat="46.0757374" lon="11.4189148" />
      <trkpt lat="46.0756897" lon="11.4186916" />
      <trkpt lat="46.0756302" lon="11.4183912" />
      <trkpt lat="46.0756064" lon="11.4181252" />
      <trkpt lat="46.0757083" lon="11.4177335" />
      <trkpt lat="46.0757872" lon="11.4175426" />
      <trkpt lat="46.0757724" lon="11.4174208" />
      <trkpt lat="46.0756521" lon="11.4173527" />
      <trkpt lat="46.0755824" lon="11.4172491" />
      <trkpt lat="46.0755834" lon="11.4171626" />
      <trkpt lat="46.0756010" lon="11.4170651" />
      <trkpt lat="46.0754581" lon="11.4168080" />
      <trkpt lat="46.0753634" lon="11.4165037" />
      <trkpt lat="46.0752492" lon="11.4162899" />
      <trkpt lat="46.0752198" lon="11.4159934" />
      <trkpt lat="46.0752279" lon="11.4155697" />
      <trkpt lat="46.0752257" lon="11.4151740" />
      <trkpt lat="46.0752555" lon="11.4149424" />
      <trkpt lat="46.0753209" lon="11.4145366" />
      <trkpt lat="46.0752950" lon="11.4140842" />
      <trkpt lat="46.0751717" lon="11.4136448" />
      <trkpt lat="46.0750943" lon="11.4132929" />
      <trkpt lat="46.0749947" lon="11.4125036" />
      <trkpt lat="46.0749081" lon="11.4122107" />
      <trkpt lat="46.0747776" lon="11.4117308" />
      <trkpt lat="46.0747332" lon="11.4115651" />
      <trkpt lat="46.0747011" lon="11.4114456" />
      <trkpt lat="46.0746907" lon="11.4113691" />
      <trkpt lat="46.0747011" lon="11.4114456" />
      <trkpt lat="46.0747332" lon="11.4115651" />
      <trkpt lat="46.0747776" lon="11.4117308" />
      <trkpt lat="46.0749081" lon="11.4122107" />
      <trkpt lat="46.0749947" lon="11.4125036" />
      <trkpt lat="46.0750943" lon="11.4132929" />
      <trkpt lat="46.0751717" lon="11.4136448" />
      <trkpt lat="46.0752950" lon="11.4140842" />
      <trkpt lat="46.0753209" lon="11.4145366" />
      <trkpt lat="46.0752555" lon="11.4149424" />
      <trkpt lat="46.0752257" lon="11.4151740" />
      <trkpt lat="46.0752279" lon="11.4155697" />
      <trkpt lat="46.0752198" lon="11.4159934" />
      <trkpt lat="46.0752492" lon="11.4162899" />
      <trkpt lat="46.0753634" lon="11.4165037" />
      <trkpt lat="46.0754581" lon="11.4168080" />
      <trkpt lat="46.0756010" lon="11.4170651" />
      <trkpt lat="46.0756045" lon="11.4170497" />
      <trkpt lat="46.0756683" lon="11.4167644" />
      <trkpt lat="46.0756600" lon="11.4165459" />
      <trkpt lat="46.0757195" lon="11.4164944" />
      <trkpt lat="46.0757893" lon="11.4165104" />
      <trkpt lat="46.0758395" lon="11.4167810" />
      <trkpt lat="46.0759577" lon="11.4168205" />
      <trkpt lat="46.0760789" lon="11.4167870" />
      <trkpt lat="46.0761926" lon="11.4166012" />
      <trkpt lat="46.0762076" lon="11.4164341" />
      <trkpt lat="46.0761129" lon="11.4161831" />
      <trkpt lat="46.0760328" lon="11.4159685" />
      <trkpt lat="46.0760344" lon="11.4157952" />
      <trkpt lat="46.0760632" lon="11.4156040" />
      <trkpt lat="46.0761379" lon="11.4154176" />
      <trkpt lat="46.0762222" lon="11.4152345" />
      <trkpt lat="46.0762608" lon="11.4150369" />
      <trkpt lat="46.0762840" lon="11.4147389" />
      <trkpt lat="46.0763105" lon="11.4145158" />
      <trkpt lat="46.0763600" lon="11.4142127" />
      <trkpt lat="46.0763798" lon="11.4139337" />
      <trkpt lat="46.0763987" lon="11.4136292" />
      <trkpt lat="46.0763971" lon="11.4132984" />
      <trkpt lat="46.0763828" lon="11.4131370" />
      <trkpt lat="46.0763999" lon="11.4129576" />
      <trkpt lat="46.0765048" lon="11.4126486" />
      <trkpt lat="46.0765346" lon="11.4124899" />
      <trkpt lat="46.0765672" lon="11.4122356" />
      <trkpt lat="46.0766303" lon="11.4119338" />
      <trkpt lat="46.0767324" lon="11.4117458" />
      <trkpt lat="46.0768108" lon="11.4116293" />
      <trkpt lat="46.0769140" lon="11.4114901" />
      <trkpt lat="46.0770210" lon="11.4113674" />
      <trkpt lat="46.0771489" lon="11.4111957" />
      <trkpt lat="46.0772208" lon="11.4110431" />
      <trkpt lat="46.0772329" lon="11.4107759" />
      <trkpt lat="46.0772396" lon="11.4107254" />
      <trkpt lat="46.0772665" lon="11.4105212" />
      <trkpt lat="46.0772331" lon="11.4104364" />
      <trkpt lat="46.0772093" lon="11.4102132" />
      <trkpt lat="46.0772391" lon="11.4099901" />
      <trkpt lat="46.0773224" lon="11.4097669" />
      <trkpt lat="46.0773998" lon="11.4095952" />
      <trkpt lat="46.0774463" lon="11.4092888" />
      <trkpt lat="46.0774822" lon="11.4090050" />
      <trkpt lat="46.0775046" lon="11.4087967" />
      <trkpt lat="46.0775422" lon="11.4085478" />
      <trkpt lat="46.0775842" lon="11.4083361" />
      <trkpt lat="46.0776061" lon="11.4080786" />
      <trkpt lat="46.0776274" lon="11.4078713" />
      <trkpt lat="46.0776376" lon="11.4077077" />
      <trkpt lat="46.0776713" lon="11.4076293" />
      <trkpt lat="46.0776419" lon="11.4074062" />
      <trkpt lat="46.0775484" lon="11.4070312" />
      <trkpt lat="46.0774080" lon="11.4068605" />
      <trkpt lat="46.0773090" lon="11.4066652" />
      <trkpt lat="46.0772567" lon="11.4065543" />
      <trkpt lat="46.0772102" lon="11.4064558" />
      <trkpt lat="46.0770819" lon="11.4062471" />
      <trkpt lat="46.0770081" lon="11.4061073" />
      <trkpt lat="46.0770095" lon="11.4060052" />
      <trkpt lat="46.0771039" lon="11.4058524" />
      <trkpt lat="46.0773030" lon="11.4055237" />
      <trkpt lat="46.0774519" lon="11.4053435" />
      <trkpt lat="46.0775769" lon="11.4051460" />
      <trkpt lat="46.0776201" lon="11.4049934" />
      <trkpt lat="46.0776336" lon="11.4046743" />
      <trkpt lat="46.0776198" lon="11.4043281" />
      <trkpt lat="46.0775172" lon="11.4040046" />
      <trkpt lat="46.0773921" lon="11.4034870" />
      <trkpt lat="46.0773808" lon="11.4031272" />
      <trkpt lat="46.0773827" lon="11.4028242" />
      <trkpt lat="46.0774268" lon="11.4025647" />
      <trkpt lat="46.0774355" lon="11.4025018" />
      <trkpt lat="46.0774182" lon="11.4024600" />
      <trkpt lat="46.0774106" lon="11.4024243" />
      <trkpt lat="46.0773972" lon="11.4023768" />
      <trkpt lat="46.0774028" lon="11.4023315" />
      <trkpt lat="46.0774038" lon="11.4022813" />
      <trkpt lat="46.0773962" lon="11.4022344" />
      <trkpt lat="46.0773842" lon="11.4021886" />
      <trkpt lat="46.0773594" lon="11.4021501" />
      <trkpt lat="46.0773430" lon="11.4021016" />
      <trkpt lat="46.0773215" lon="11.4020596" />
      <trkpt lat="46.0773087" lon="11.4020068" />
      <trkpt lat="46.0772859" lon="11.4019603" />
      <trkpt lat="46.0772805" lon="11.4019204" />
      <trkpt lat="46.0772845" lon="11.4018835" />
      <trkpt lat="46.0772796" lon="11.4018526" />
      <trkpt lat="46.0772918" lon="11.4018330" />
      <trkpt lat="46.0772805" lon="11.4018050" />
      <trkpt lat="46.0772624" lon="11.4017705" />
      <trkpt lat="46.0772679" lon="11.4017240" />
      <trkpt lat="46.0772803" lon="11.4016674" />
      <trkpt lat="46.0773179" lon="11.4016286" />
      <trkpt lat="46.0773426" lon="11.4015875" />
      <trkpt lat="46.0773574" lon="11.4015432" />
      <trkpt lat="46.0773621" lon="11.4014987" />
      <trkpt lat="46.0773713" lon="11.4014581" />
      <trkpt lat="46.0773859" lon="11.4014145" />
      <trkpt lat="46.0774015" lon="11.4013812" />
      <trkpt lat="46.0774304" lon="11.4013602" />
      <trkpt lat="46.0774518" lon="11.4013326" />
      <trkpt lat="46.0774749" lon="11.4013101" />
      <trkpt lat="46.0774926" lon="11.4012832" />
      <trkpt lat="46.0775101" lon="11.4012506" />
      <trkpt lat="46.0775344" lon="11.4012086" />
      <trkpt lat="46.0775625" lon="11.4011886" />
      <trkpt lat="46.0775929" lon="11.4011754" />
      <trkpt lat="46.0776207" lon="11.4011616" />
      <trkpt lat="46.0776396" lon="11.4011319" />
      <trkpt lat="46.0776597" lon="11.4011056" />
      <trkpt lat="46.0776787" lon="11.4010594" />
      <trkpt lat="46.0777070" lon="11.4010322" />
      <trkpt lat="46.0777218" lon="11.4009867" />
      <trkpt lat="46.0777192" lon="11.4009828" />
      <trkpt lat="46.0776914" lon="11.4009421" />
      <trkpt lat="46.0776626" lon="11.4009158" />
      <trkpt lat="46.0776466" lon="11.4008784" />
      <trkpt lat="46.0776238" lon="11.4008408" />
      <trkpt lat="46.0776098" lon="11.4007922" />
      <trkpt lat="46.0775976" lon="11.4007405" />
      <trkpt lat="46.0775833" lon="11.4006751" />
      <trkpt lat="46.0775842" lon="11.4006395" />
      <trkpt lat="46.0775775" lon="11.4005859" />
      <trkpt lat="46.0775625" lon="11.4005173" />
      <trkpt lat="46.0775535" lon="11.4004676" />
      <trkpt lat="46.0775345" lon="11.4004228" />
      <trkpt lat="46.0775177" lon="11.4003748" />
      <trkpt lat="46.0774980" lon="11.4003279" />
      <trkpt lat="46.0774867" lon="11.4002784" />
      <trkpt lat="46.0774694" lon="11.4002274" />
      <trkpt lat="46.0774424" lon="11.4001903" />
      <trkpt lat="46.0774257" lon="11.4001527" />
      <trkpt lat="46.0774139" lon="11.4001011" />
      <trkpt lat="46.0774022" lon="11.4000598" />
      <trkpt lat="46.0773868" lon="11.4000090" />
      <trkpt lat="46.0773654" lon="11.3999632" />
      <trkpt lat="46.0773541" lon="11.3999188" />
      <trkpt lat="46.0773507" lon="11.3998727" />
      <trkpt lat="46.0773336" lon="11.3998365" />
      <trkpt lat="46.0773235" lon="11.3997841" />
      <trkpt lat="46.0773163" lon="11.3997471" />
      <trkpt lat="46.0773088" lon="11.3997030" />
      <trkpt lat="46.0773179" lon="11.3996498" />
      <trkpt lat="46.0773234" lon="11.3995920" />
      <trkpt lat="46.0773285" lon="11.3995430" />
      <trkpt lat="46.0773425" lon="11.3994942" />
      <trkpt lat="46.0773504" lon="11.3994468" />
      <trkpt lat="46.0773545" lon="11.3994041" />
      <trkpt lat="46.0773544" lon="11.3993592" />
      <trkpt lat="46.0773663" lon="11.3993125" />
      <trkpt lat="46.0773858" lon="11.3992755" />
      <trkpt lat="46.0773927" lon="11.3992735" />
      <trkpt lat="46.0774020" lon="11.3992315" />
      <trkpt lat="46.0774136" lon="11.3991978" />
      <trkpt lat="46.0774277" lon="11.3991715" />
      <trkpt lat="46.0774435" lon="11.3991388" />
      <trkpt lat="46.0774510" lon="11.3990978" />
      <trkpt lat="46.0774652" lon="11.3990698" />
      <trkpt lat="46.0774462" lon="11.3990535" />
      <trkpt lat="46.0774219" lon="11.3990364" />
      <trkpt lat="46.0774165" lon="11.3990369" />
      <trkpt lat="46.0773866" lon="11.3990183" />
      <trkpt lat="46.0773613" lon="11.3990190" />
      <trkpt lat="46.0773275" lon="11.3990075" />
      <trkpt lat="46.0772998" lon="11.3989770" />
      <trkpt lat="46.0772863" lon="11.3989370" />
      <trkpt lat="46.0772637" lon="11.3988963" />
      <trkpt lat="46.0772397" lon="11.3988583" />
      <trkpt lat="46.0772041" lon="11.3988274" />
      <trkpt lat="46.0771840" lon="11.3988006" />
      <trkpt lat="46.0771727" lon="11.3987719" />
      <trkpt lat="46.0771519" lon="11.3987557" />
      <trkpt lat="46.0771219" lon="11.3987822" />
      <trkpt lat="46.0771086" lon="11.3987415" />
      <trkpt lat="46.0770810" lon="11.3986744" />
      <trkpt lat="46.0770814" lon="11.3986620" />
      <trkpt lat="46.0770417" lon="11.3984616" />
      <trkpt lat="46.0770439" lon="11.3982725" />
      <trkpt lat="46.0770756" lon="11.3979132" />
      <trkpt lat="46.0770397" lon="11.3975782" />
      <trkpt lat="46.0769946" lon="11.3972569" />
      <trkpt lat="46.0769084" lon="11.3968107" />
      <trkpt lat="46.0769121" lon="11.3965268" />
      <trkpt lat="46.0767376" lon="11.3960308" />
      <trkpt lat="46.0765089" lon="11.3955390" />
      <trkpt lat="46.0763742" lon="11.3953871" />
      <trkpt lat="46.0761732" lon="11.3948727" />
      <trkpt lat="46.0761571" lon="11.3948109" />
      <trkpt lat="46.0761017" lon="11.3947340" />
      <trkpt lat="46.0760755" lon="11.3947031" />
      <trkpt lat="46.0760558" lon="11.3946626" />
      <trkpt lat="46.0760406" lon="11.3946183" />
      <trkpt lat="46.0760126" lon="11.3945827" />
      <trkpt lat="46.0759909" lon="11.3945433" />
      <trkpt lat="46.0759709" lon="11.3944995" />
      <trkpt lat="46.0759518" lon="11.3944537" />
      <trkpt lat="46.0759280" lon="11.3944173" />
      <trkpt lat="46.0759056" lon="11.3943788" />
      <trkpt lat="46.0758888" lon="11.3943350" />
      <trkpt lat="46.0758769" lon="11.3942959" />
      <trkpt lat="46.0758583" lon="11.3942576" />
      <trkpt lat="46.0758463" lon="11.3942099" />
      <trkpt lat="46.0758438" lon="11.3941544" />
      <trkpt lat="46.0758362" lon="11.3940997" />
      <trkpt lat="46.0758231" lon="11.3940404" />
      <trkpt lat="46.0758201" lon="11.3939823" />
      <trkpt lat="46.0758054" lon="11.3939271" />
      <trkpt lat="46.0758055" lon="11.3938781" />
      <trkpt lat="46.0758083" lon="11.3938184" />
      <trkpt lat="46.0758197" lon="11.3937647" />
      <trkpt lat="46.0758269" lon="11.3937271" />
      <trkpt lat="46.0758295" lon="11.3936821" />
      <trkpt lat="46.0758354" lon="11.3936238" />
      <trkpt lat="46.0758576" lon="11.3935801" />
      <trkpt lat="46.0758578" lon="11.3935236" />
      <trkpt lat="46.0758721" lon="11.3934762" />
      <trkpt lat="46.0758826" lon="11.3934209" />
      <trkpt lat="46.0758918" lon="11.3933761" />
      <trkpt lat="46.0759034" lon="11.3933193" />
      <trkpt lat="46.0758982" lon="11.3932679" />
      <trkpt lat="46.0758877" lon="11.3932143" />
      <trkpt lat="46.0758828" lon="11.3931588" />
      <trkpt lat="46.0758787" lon="11.3931056" />
      <trkpt lat="46.0758747" lon="11.3930506" />
      <trkpt lat="46.0758658" lon="11.3929993" />
      <trkpt lat="46.0758561" lon="11.3929440" />
      <trkpt lat="46.0758437" lon="11.3928976" />
      <trkpt lat="46.0758249" lon="11.3928489" />
      <trkpt lat="46.0758067" lon="11.3928032" />
      <trkpt lat="46.0757868" lon="11.3927550" />
      <trkpt lat="46.0757641" lon="11.3927061" />
      <trkpt lat="46.0757417" lon="11.3926585" />
      <trkpt lat="46.0757185" lon="11.3926163" />
      <trkpt lat="46.0756951" lon="11.3925740" />
      <trkpt lat="46.0756733" lon="11.3925322" />
      <trkpt lat="46.0756476" lon="11.3924853" />
      <trkpt lat="46.0756153" lon="11.3924299" />
      <trkpt lat="46.0755931" lon="11.3923921" />
      <trkpt lat="46.0755633" lon="11.3923511" />
      <trkpt lat="46.0755443" lon="11.3923087" />
      <trkpt lat="46.0755250" lon="11.3922572" />
      <trkpt lat="46.0755030" lon="11.3922094" />
      <trkpt lat="46.0754875" lon="11.3921615" />
      <trkpt lat="46.0754617" lon="11.3921233" />
      <trkpt lat="46.0754247" lon="11.3920940" />
      <trkpt lat="46.0753921" lon="11.3920512" />
      <trkpt lat="46.0753571" lon="11.3920124" />
      <trkpt lat="46.0753316" lon="11.3919831" />
      <trkpt lat="46.0753053" lon="11.3919478" />
      <trkpt lat="46.0752750" lon="11.3919162" />
      <trkpt lat="46.0752449" lon="11.3918802" />
      <trkpt lat="46.0752145" lon="11.3918420" />
      <trkpt lat="46.0751841" lon="11.3918060" />
      <trkpt lat="46.0751581" lon="11.3917697" />
      <trkpt lat="46.0751298" lon="11.3917341" />
      <trkpt lat="46.0751006" lon="11.3916913" />
      <trkpt lat="46.0750674" lon="11.3916617" />
      <trkpt lat="46.0750371" lon="11.3916357" />
      <trkpt lat="46.0750074" lon="11.3916116" />
      <trkpt lat="46.0749795" lon="11.3915841" />
      <trkpt lat="46.0749556" lon="11.3915517" />
      <trkpt lat="46.0749275" lon="11.3915196" />
      <trkpt lat="46.0749049" lon="11.3914800" />
      <trkpt lat="46.0748716" lon="11.3914533" />
      <trkpt lat="46.0748432" lon="11.3914178" />
      <trkpt lat="46.0748185" lon="11.3913763" />
      <trkpt lat="46.0747923" lon="11.3913459" />
      <trkpt lat="46.0747602" lon="11.3913183" />
      <trkpt lat="46.0747269" lon="11.3912839" />
      <trkpt lat="46.0746932" lon="11.3912672" />
      <trkpt lat="46.0746568" lon="11.3912413" />
      <trkpt lat="46.0746226" lon="11.3912132" />
      <trkpt lat="46.0745808" lon="11.3911887" />
      <trkpt lat="46.0745575" lon="11.3911712" />
      <trkpt lat="46.0745311" lon="11.3911450" />
      <trkpt lat="46.0744979" lon="11.3911308" />
      <trkpt lat="46.0744707" lon="11.3911003" />
      <trkpt lat="46.0744414" lon="11.3910673" />
      <trkpt lat="46.0744115" lon="11.3910301" />
      <trkpt lat="46.0743912" lon="11.3909887" />
      <trkpt lat="46.0743747" lon="11.3909400" />
      <trkpt lat="46.0743563" lon="11.3908850" />
      <trkpt lat="46.0743377" lon="11.3908301" />
      <trkpt lat="46.0743270" lon="11.3907926" />
      <trkpt lat="46.0742979" lon="11.3907553" />
      <trkpt lat="46.0742784" lon="11.3907203" />
      <trkpt lat="46.0742471" lon="11.3906740" />
      <trkpt lat="46.0742164" lon="11.3906415" />
      <trkpt lat="46.0741935" lon="11.3906133" />
      <trkpt lat="46.0741640" lon="11.3905837" />
      <trkpt lat="46.0741359" lon="11.3905597" />
      <trkpt lat="46.0741143" lon="11.3905222" />
      <trkpt lat="46.0740986" lon="11.3904791" />
      <trkpt lat="46.0740821" lon="11.3904328" />
      <trkpt lat="46.0740681" lon="11.3903832" />
      <trkpt lat="46.0740452" lon="11.3903400" />
      <trkpt lat="46.0740462" lon="11.3903039" />
      <trkpt lat="46.0740452" lon="11.3902382" />
      <trkpt lat="46.0739748" lon="11.3901735" />
      <trkpt lat="46.0739286" lon="11.3901137" />
      <trkpt lat="46.0737874" lon="11.3899293" />
      <trkpt lat="46.0736348" lon="11.3896609" />
      <trkpt lat="46.0735838" lon="11.3895332" />
      <trkpt lat="46.0735331" lon="11.3893723" />
      <trkpt lat="46.0735273" lon="11.3891424" />
      <trkpt lat="46.0735421" lon="11.3889229" />
      <trkpt lat="46.0735805" lon="11.3887583" />
      <trkpt lat="46.0736687" lon="11.3885469" />
      <trkpt lat="46.0737367" lon="11.3884192" />
      <trkpt lat="46.0737647" lon="11.3882866" />
      <trkpt lat="46.0737710" lon="11.3881675" />
      <trkpt lat="46.0737684" lon="11.3880855" />
      <trkpt lat="46.0737529" lon="11.3878689" />
      <trkpt lat="46.0737621" lon="11.3876754" />
      <trkpt lat="46.0737350" lon="11.3875239" />
      <trkpt lat="46.0737025" lon="11.3873623" />
      <trkpt lat="46.0736648" lon="11.3871565" />
      <trkpt lat="46.0736159" lon="11.3869587" />
      <trkpt lat="46.0735473" lon="11.3867840" />
      <trkpt lat="46.0735287" lon="11.3866749" />
      <trkpt lat="46.0735345" lon="11.3865299" />
      <trkpt lat="46.0734918" lon="11.3865603" />
      <trkpt lat="46.0735218" lon="11.3863622" />
      <trkpt lat="46.0734846" lon="11.3862133" />
      <trkpt lat="46.0733553" lon="11.3860457" />
      <trkpt lat="46.0731370" lon="11.3857070" />
      <trkpt lat="46.0730629" lon="11.3856254" />
      <trkpt lat="46.0729506" lon="11.3855550" />
      <trkpt lat="46.0728543" lon="11.3854971" />
      <trkpt lat="46.0728274" lon="11.3854507" />
      <trkpt lat="46.0726575" lon="11.3852799" />
      <trkpt lat="46.0725040" lon="11.3851780" />
      <trkpt lat="46.0724282" lon="11.3851136" />
      <trkpt lat="46.0722849" lon="11.3850660" />
      <trkpt lat="46.0721016" lon="11.3850693" />
      <trkpt lat="46.0720248" lon="11.3850170" />
      <trkpt lat="46.0719904" lon="11.3849781" />
      <trkpt lat="46.0719039" lon="11.3849507" />
      <trkpt lat="46.0717353" lon="11.3849274" />
      <trkpt lat="46.0715601" lon="11.3849624" />
      <trkpt lat="46.0712475" lon="11.3851409" />
      <trkpt lat="46.0710879" lon="11.3853409" />
      <trkpt lat="46.0708780" lon="11.3856750" />
      <trkpt lat="46.0706456" lon="11.3862275" />
      <trkpt lat="46.0705138" lon="11.3866600" />
      <trkpt lat="46.0704399" lon="11.3869359" />
      <trkpt lat="46.0704887" lon="11.3872725" />
      <trkpt lat="46.0705015" lon="11.3877006" />
      <trkpt lat="46.0705210" lon="11.3879713" />
      <trkpt lat="46.0705601" lon="11.3882736" />
      <trkpt lat="46.0706235" lon="11.3885864" />
      <trkpt lat="46.0706746" lon="11.3889521" />
      <trkpt lat="46.0706598" lon="11.3891825" />
      <trkpt lat="46.0706598" lon="11.3892465" />
      <trkpt lat="46.0706598" lon="11.3892915" />
      <trkpt lat="46.0707067" lon="11.3894613" />
      <trkpt lat="46.0708012" lon="11.3897840" />
      <trkpt lat="46.0709680" lon="11.3901446" />
      <trkpt lat="46.0711838" lon="11.3906749" />
      <trkpt lat="46.0713114" lon="11.3912618" />
      <trkpt lat="46.0713850" lon="11.3920396" />
      <trkpt lat="46.0714024" lon="11.3921566" />
      <trkpt lat="46.0714684" lon="11.3925982" />
      <trkpt lat="46.0714684" lon="11.3932205" />
      <trkpt lat="46.0714929" lon="11.3936023" />
      <trkpt lat="46.0714782" lon="11.3940690" />
      <trkpt lat="46.0714733" lon="11.3946206" />
      <trkpt lat="46.0715861" lon="11.3951155" />
      <trkpt lat="46.0717087" lon="11.3953772" />
      <trkpt lat="46.0718363" lon="11.3957590" />
      <trkpt lat="46.0718510" lon="11.3960843" />
      <trkpt lat="46.0718401" lon="11.3962224" />
      <trkpt lat="46.0718265" lon="11.3963954" />
      <trkpt lat="46.0717382" lon="11.3966005" />
      <trkpt lat="46.0716499" lon="11.3967702" />
      <trkpt lat="46.0716429" lon="11.3969311" />
      <trkpt lat="46.0716401" lon="11.3969965" />
      <trkpt lat="46.0716303" lon="11.3973500" />
      <trkpt lat="46.0714880" lon="11.3977106" />
      <trkpt lat="46.0713899" lon="11.3979157" />
      <trkpt lat="46.0713134" lon="11.3980620" />
      <trkpt lat="46.0711765" lon="11.3982160" />
      <trkpt lat="46.0710576" lon="11.3983988" />
      <trkpt lat="46.0709268" lon="11.3985587" />
      <trkpt lat="46.0708832" lon="11.3987587" />
      <trkpt lat="46.0708991" lon="11.3990158" />
      <trkpt lat="46.0709110" lon="11.3993871" />
      <trkpt lat="46.0709268" lon="11.3996727" />
      <trkpt lat="46.0709427" lon="11.3999241" />
      <trkpt lat="46.0709149" lon="11.4000612" />
      <trkpt lat="46.0708555" lon="11.4002726" />
      <trkpt lat="46.0707287" lon="11.4004268" />
      <trkpt lat="46.0705741" lon="11.4004440" />
      <trkpt lat="46.0704671" lon="11.4004497" />
      <trkpt lat="46.0703205" lon="11.4005931" />
      <trkpt lat="46.0702496" lon="11.4006964" />
      <trkpt lat="46.0702531" lon="11.4008431" />
      <trkpt lat="46.0702717" lon="11.4011798" />
      <trkpt lat="46.0702818" lon="11.4013625" />
      <trkpt lat="46.0706247" lon="11.4020884" />
      <trkpt lat="46.0708028" lon="11.4023361" />
      <trkpt lat="46.0709929" lon="11.4024286" />
      <trkpt lat="46.0710329" lon="11.4024569" />
      <trkpt lat="46.0710649" lon="11.4024962" />
      <trkpt lat="46.0710834" lon="11.4025656" />
      <trkpt lat="46.0710661" lon="11.4026474" />
      <trkpt lat="46.0710078" lon="11.4027155" />
      <trkpt lat="46.0707193" lon="11.4028087" />
      <trkpt lat="46.0706264" lon="11.4030041" />
      <trkpt lat="46.0705739" lon="11.4035420" />
      <trkpt lat="46.0706464" lon="11.4038086" />
      <trkpt lat="46.0707660" lon="11.4041264" />
      <trkpt lat="46.0708220" lon="11.4045424" />
      <trkpt lat="46.0708423" lon="11.4048371" />
      <trkpt lat="46.0708409" lon="11.4052467" />
      <trkpt lat="46.0708230" lon="11.4054842" />
      <trkpt lat="46.0707641" lon="11.4058542" />
      <trkpt lat="46.0707800" lon="11.4060849" />
      <trkpt lat="46.0708726" lon="11.4062843" />
      <trkpt lat="46.0709500" lon="11.4064168" />
      <trkpt lat="46.0710036" lon="11.4064702" />
      <trkpt lat="46.0711227" lon="11.4065294" />
      <trkpt lat="46.0711882" lon="11.4065552" />
      <trkpt lat="46.0712816" lon="11.4066257" />
      <trkpt lat="46.0713781" lon="11.4068575" />
      <trkpt lat="46.0714800" lon="11.4069929" />
      <trkpt lat="46.0715753" lon="11.4070187" />
      <trkpt lat="46.0716672" lon="11.4070387" />
      <trkpt lat="46.0717573" lon="11.4072036" />
      <trkpt lat="46.0718089" lon="11.4074382" />
      <trkpt lat="46.0718955" lon="11.4076929" />
      <trkpt lat="46.0719244" lon="11.4079209" />
      <trkpt lat="46.0720012" lon="11.4082608" />
      <trkpt lat="46.0721046" lon="11.4086007" />
      <trkpt lat="46.0720012" lon="11.4082608" />
      <trkpt lat="46.0719244" lon="11.4079209" />
      <trkpt lat="46.0718955" lon="11.4076929" />
      <trkpt lat="46.0718089" lon="11.4074382" />
      <trkpt lat="46.0717573" lon="11.4072036" />
      <trkpt lat="46.0716672" lon="11.4070387" />
      <trkpt lat="46.0715753" lon="11.4070187" />
      <trkpt lat="46.0714800" lon="11.4069929" />
      <trkpt lat="46.0713781" lon="11.4068575" />
      <trkpt lat="46.0712816" lon="11.4066257" />
      <trkpt lat="46.0711882" lon="11.4065552" />
      <trkpt lat="46.0711227" lon="11.4065294" />
      <trkpt lat="46.0710036" lon="11.4064702" />
      <trkpt lat="46.0709500" lon="11.4064168" />
      <trkpt lat="46.0708726" lon="11.4062843" />
      <trkpt lat="46.0707800" lon="11.4060849" />
      <trkpt lat="46.0707641" lon="11.4058542" />
      <trkpt lat="46.0708230" lon="11.4054842" />
      <trkpt lat="46.0708409" lon="11.4052467" />
      <trkpt lat="46.0708423" lon="11.4048371" />
      <trkpt lat="46.0708220" lon="11.4045424" />
      <trkpt lat="46.0707660" lon="11.4041264" />
      <trkpt lat="46.0706464" lon="11.4038086" />
      <trkpt lat="46.0705739" lon="11.4035420" />
      <trkpt lat="46.0706264" lon="11.4030041" />
      <trkpt lat="46.0707193" lon="11.4028087" />
      <trkpt lat="46.0710078" lon="11.4027155" />
      <trkpt lat="46.0710661" lon="11.4026474" />
      <trkpt lat="46.0710834" lon="11.4025656" />
      <trkpt lat="46.0710649" lon="11.4024962" />
      <trkpt lat="46.0710329" lon="11.4024569" />
      <trkpt lat="46.0709929" lon="11.4024286" />
      <trkpt lat="46.0708028" lon="11.4023361" />
      <trkpt lat="46.0706247" lon="11.4020884" />
      <trkpt lat="46.0702818" lon="11.4013625" />
      <trkpt lat="46.0702717" lon="11.4011798" />
      <trkpt lat="46.0702531" lon="11.4008431" />
      <trkpt lat="46.0702496" lon="11.4006964" />
      <trkpt lat="46.0702372" lon="11.4001706" />
      <trkpt lat="46.0701134" lon="11.3994161" />
      <trkpt lat="46.0700933" lon="11.3987257" />
      <trkpt lat="46.0699318" lon="11.3981781" />
      <trkpt lat="46.0699913" lon="11.3975945" />
      <trkpt lat="46.0699429" lon="11.3972685" />
      <trkpt lat="46.0698600" lon="11.3970317" />
      <trkpt lat="46.0697570" lon="11.3968461" />
      <trkpt lat="46.0696056" lon="11.3966520" />
      <trkpt lat="46.0695682" lon="11.3965119" />
      <trkpt lat="46.0695345" lon="11.3962343" />
      <trkpt lat="46.0695756" lon="11.3960483" />
      <trkpt lat="46.0695981" lon="11.3958516" />
      <trkpt lat="46.0695766" lon="11.3955581" />
      <trkpt lat="46.0696400" lon="11.3956670" />
      <trkpt lat="46.0699660" lon="11.3961320" />
      <trkpt lat="46.0702020" lon="11.3965910" />
      <trkpt lat="46.0702540" lon="11.3966630" />
      <trkpt lat="46.0703060" lon="11.3966720" />
      <trkpt lat="46.0703246" lon="11.3966487" />
      <trkpt lat="46.0703400" lon="11.3965540" />
      <trkpt lat="46.0702510" lon="11.3962400" />
      <trkpt lat="46.0702050" lon="11.3958630" />
      <trkpt lat="46.0700410" lon="11.3950270" />
      <trkpt lat="46.0699740" lon="11.3947870" />
      <trkpt lat="46.0699080" lon="11.3944580" />
      <trkpt lat="46.0697330" lon="11.3938020" />
      <trkpt lat="46.0697030" lon="11.3936310" />
      <trkpt lat="46.0695643" lon="11.3932004" />
      <trkpt lat="46.0695335" lon="11.3930616" />
      <trkpt lat="46.0695250" lon="11.3925800" />
      <trkpt lat="46.0695140" lon="11.3924880" />
      <trkpt lat="46.0693870" lon="11.3920990" />
      <trkpt lat="46.0692800" lon="11.3916150" />
      <trkpt lat="46.0692870" lon="11.3913590" />
      <trkpt lat="46.0693420" lon="11.3910240" />
      <trkpt lat="46.0693040" lon="11.3908590" />
      <trkpt lat="46.0690600" lon="11.3904760" />
      <trkpt lat="46.0690250" lon="11.3903910" />
      <trkpt lat="46.0689210" lon="11.3899160" />
      <trkpt lat="46.0688611" lon="11.3897359" />
      <trkpt lat="46.0687720" lon="11.3894680" />
      <trkpt lat="46.0687280" lon="11.3892460" />
      <trkpt lat="46.0686540" lon="11.3890120" />
      <trkpt lat="46.0686040" lon="11.3886920" />
      <trkpt lat="46.0685820" lon="11.3883480" />
      <trkpt lat="46.0685900" lon="11.3881710" />
      <trkpt lat="46.0686470" lon="11.3879030" />
      <trkpt lat="46.0687320" lon="11.3876800" />
      <trkpt lat="46.0687550" lon="11.3875600" />
      <trkpt lat="46.0687590" lon="11.3873280" />
      <trkpt lat="46.0687050" lon="11.3867710" />
      <trkpt lat="46.0686530" lon="11.3864750" />
      <trkpt lat="46.0685370" lon="11.3860330" />
      <trkpt lat="46.0685250" lon="11.3858870" />
      <trkpt lat="46.0685350" lon="11.3855870" />
      <trkpt lat="46.0685592" lon="11.3854719" />
      <trkpt lat="46.0686020" lon="11.3852690" />
      <trkpt lat="46.0686230" lon="11.3850680" />
      <trkpt lat="46.0686250" lon="11.3848610" />
      <trkpt lat="46.0686180" lon="11.3846940" />
      <trkpt lat="46.0685300" lon="11.3842680" />
      <trkpt lat="46.0685290" lon="11.3841170" />
      <trkpt lat="46.0686100" lon="11.3835030" />
      <trkpt lat="46.0686300" lon="11.3830880" />
      <trkpt lat="46.0686908" lon="11.3828407" />
      <trkpt lat="46.0688840" lon="11.3820540" />
      <trkpt lat="46.0689440" lon="11.3817340" />
      <trkpt lat="46.0689417" lon="11.3816112" />
      <trkpt lat="46.0690279" lon="11.3816493" />
      <trkpt lat="46.0692218" lon="11.3817466" />
      <trkpt lat="46.0694450" lon="11.3818930" />
      <trkpt lat="46.0695192" lon="11.3819177" />
      <trkpt lat="46.0695921" lon="11.3819031" />
      <trkpt lat="46.0698498" lon="11.3818160" />
      <trkpt lat="46.0700192" lon="11.3817893" />
      <trkpt lat="46.0701280" lon="11.3817486" />
      <trkpt lat="46.0702691" lon="11.3817176" />
      <trkpt lat="46.0704117" lon="11.3817470" />
      <trkpt lat="46.0705883" lon="11.3818252" />
      <trkpt lat="46.0707060" lon="11.3819674" />
      <trkpt lat="46.0707171" lon="11.3820411" />
      <trkpt lat="46.0706956" lon="11.3821182" />
      <trkpt lat="46.0705676" lon="11.3820919" />
      <trkpt lat="46.0704230" lon="11.3821215" />
      <trkpt lat="46.0703089" lon="11.3823398" />
      <trkpt lat="46.0702825" lon="11.3824740" />
      <trkpt lat="46.0703114" lon="11.3825686" />
      <trkpt lat="46.0705440" lon="11.3828772" />
      <trkpt lat="46.0706130" lon="11.3829888" />
      <trkpt lat="46.0707238" lon="11.3831264" />
      <trkpt lat="46.0708350" lon="11.3832863" />
      <trkpt lat="46.0709725" lon="11.3834569" />
      <trkpt lat="46.0711172" lon="11.3835387" />
      <trkpt lat="46.0712415" lon="11.3836911" />
      <trkpt lat="46.0713699" lon="11.3837018" />
      <trkpt lat="46.0715839" lon="11.3837160" />
      <trkpt lat="46.0716555" lon="11.3837763" />
      <trkpt lat="46.0717494" lon="11.3838127" />
      <trkpt lat="46.0718577" lon="11.3838255" />
      <trkpt lat="46.0721202" lon="11.3838081" />
      <trkpt lat="46.0723129" lon="11.3838038" />
      <trkpt lat="46.0724201" lon="11.3839259" />
      <trkpt lat="46.0723821" lon="11.3841829" />
      <trkpt lat="46.0720397" lon="11.3846201" />
      <trkpt lat="46.0719807" lon="11.3847602" />
      <trkpt lat="46.0719606" lon="11.3848380" />
      <trkpt lat="46.0719667" lon="11.3849158" />
      <trkpt lat="46.0719904" lon="11.3849781" />
      <trkpt lat="46.0720248" lon="11.3850170" />
      <trkpt lat="46.0721016" lon="11.3850693" />
      <trkpt lat="46.0722849" lon="11.3850660" />
      <trkpt lat="46.0724282" lon="11.3851136" />
      <trkpt lat="46.0725040" lon="11.3851780" />
      <trkpt lat="46.0726575" lon="11.3852799" />
      <trkpt lat="46.0728274" lon="11.3854507" />
      <trkpt lat="46.0728543" lon="11.3854971" />
      <trkpt lat="46.0729506" lon="11.3855550" />
      <trkpt lat="46.0730629" lon="11.3856254" />
      <trkpt lat="46.0731370" lon="11.3857070" />
      <trkpt lat="46.0733553" lon="11.3860457" />
      <trkpt lat="46.0734846" lon="11.3862133" />
      <trkpt lat="46.0735218" lon="11.3863622" />
      <trkpt lat="46.0734918" lon="11.3865603" />
      <trkpt lat="46.0735345" lon="11.3865299" />
      <trkpt lat="46.0735287" lon="11.3866749" />
      <trkpt lat="46.0735473" lon="11.3867840" />
      <trkpt lat="46.0736159" lon="11.3869587" />
      <trkpt lat="46.0736648" lon="11.3871565" />
      <trkpt lat="46.0737025" lon="11.3873623" />
      <trkpt lat="46.0737350" lon="11.3875239" />
      <trkpt lat="46.0737621" lon="11.3876754" />
      <trkpt lat="46.0737529" lon="11.3878689" />
      <trkpt lat="46.0737684" lon="11.3880855" />
      <trkpt lat="46.0737710" lon="11.3881675" />
      <trkpt lat="46.0737647" lon="11.3882866" />
      <trkpt lat="46.0737367" lon="11.3884192" />
      <trkpt lat="46.0736687" lon="11.3885469" />
      <trkpt lat="46.0735805" lon="11.3887583" />
      <trkpt lat="46.0735421" lon="11.3889229" />
      <trkpt lat="46.0735273" lon="11.3891424" />
      <trkpt lat="46.0735331" lon="11.3893723" />
      <trkpt lat="46.0735838" lon="11.3895332" />
      <trkpt lat="46.0736348" lon="11.3896609" />
      <trkpt lat="46.0737874" lon="11.3899293" />
      <trkpt lat="46.0739286" lon="11.3901137" />
      <trkpt lat="46.0739748" lon="11.3901735" />
      <trkpt lat="46.0740452" lon="11.3902382" />
      <trkpt lat="46.0740881" lon="11.3903001" />
      <trkpt lat="46.0742280" lon="11.3904412" />
      <trkpt lat="46.0742987" lon="11.3905182" />
      <trkpt lat="46.0743557" lon="11.3906048" />
      <trkpt lat="46.0744898" lon="11.3907870" />
      <trkpt lat="46.0745360" lon="11.3908464" />
      <trkpt lat="46.0746058" lon="11.3909067" />
      <trkpt lat="46.0747011" lon="11.3909825" />
      <trkpt lat="46.0748021" lon="11.3910331" />
      <trkpt lat="46.0749508" lon="11.3911080" />
      <trkpt lat="46.0751065" lon="11.3912144" />
      <trkpt lat="46.0752670" lon="11.3913007" />
      <trkpt lat="46.0754156" lon="11.3913273" />
      <trkpt lat="46.0756149" lon="11.3913687" />
      <trkpt lat="46.0758111" lon="11.3914578" />
      <trkpt lat="46.0759413" lon="11.3915287" />
      <trkpt lat="46.0759687" lon="11.3915114" />
      <trkpt lat="46.0759890" lon="11.3915674" />
      <trkpt lat="46.0760116" lon="11.3916295" />
      <trkpt lat="46.0760479" lon="11.3917482" />
      <trkpt lat="46.0760787" lon="11.3918381" />
      <trkpt lat="46.0761056" lon="11.3919755" />
      <trkpt lat="46.0761779" lon="11.3922084" />
      <trkpt lat="46.0762126" lon="11.3924221" />
      <trkpt lat="46.0762249" lon="11.3927498" />
      <trkpt lat="46.0762103" lon="11.3930688" />
      <trkpt lat="46.0761139" lon="11.3934302" />
      <trkpt lat="46.0760127" lon="11.3938996" />
      <trkpt lat="46.0760026" lon="11.3941254" />
      <trkpt lat="46.0760683" lon="11.3944705" />
      <trkpt lat="46.0761571" lon="11.3948109" />
      <trkpt lat="46.0761732" lon="11.3948727" />
      <trkpt lat="46.0763742" lon="11.3953871" />
      <trkpt lat="46.0765089" lon="11.3955390" />
      <trkpt lat="46.0767376" lon="11.3960308" />
      <trkpt lat="46.0769121" lon="11.3965268" />
      <trkpt lat="46.0769084" lon="11.3968107" />
      <trkpt lat="46.0769946" lon="11.3972569" />
      <trkpt lat="46.0770397" lon="11.3975782" />
      <trkpt lat="46.0770756" lon="11.3979132" />
      <trkpt lat="46.0770439" lon="11.3982725" />
      <trkpt lat="46.0770417" lon="11.3984616" />
      <trkpt lat="46.0770814" lon="11.3986620" />
      <trkpt lat="46.0770810" lon="11.3986744" />
      <trkpt lat="46.0771086" lon="11.3987415" />
      <trkpt lat="46.0771219" lon="11.3987822" />
      <trkpt lat="46.0771519" lon="11.3987557" />
      <trkpt lat="46.0771727" lon="11.3987719" />
      <trkpt lat="46.0771840" lon="11.3988006" />
      <trkpt lat="46.0772041" lon="11.3988274" />
      <trkpt lat="46.0772397" lon="11.3988583" />
      <trkpt lat="46.0772637" lon="11.3988963" />
      <trkpt lat="46.0772863" lon="11.3989370" />
      <trkpt lat="46.0772998" lon="11.3989770" />
      <trkpt lat="46.0773275" lon="11.3990075" />
      <trkpt lat="46.0773613" lon="11.3990190" />
      <trkpt lat="46.0773866" lon="11.3990183" />
      <trkpt lat="46.0774165" lon="11.3990369" />
      <trkpt lat="46.0774219" lon="11.3990364" />
      <trkpt lat="46.0774462" lon="11.3990535" />
      <trkpt lat="46.0774652" lon="11.3990698" />
      <trkpt lat="46.0774510" lon="11.3990978" />
      <trkpt lat="46.0774435" lon="11.3991388" />
      <trkpt lat="46.0774277" lon="11.3991715" />
      <trkpt lat="46.0774136" lon="11.3991978" />
      <trkpt lat="46.0774020" lon="11.3992315" />
      <trkpt lat="46.0773927" lon="11.3992735" />
      <trkpt lat="46.0773858" lon="11.3992755" />
      <trkpt lat="46.0773663" lon="11.3993125" />
      <trkpt lat="46.0773544" lon="11.3993592" />
      <trkpt lat="46.0773545" lon="11.3994041" />
      <trkpt lat="46.0773504" lon="11.3994468" />
      <trkpt lat="46.0773425" lon="11.3994942" />
      <trkpt lat="46.0773285" lon="11.3995430" />
      <trkpt lat="46.0773234" lon="11.3995920" />
      <trkpt lat="46.0773179" lon="11.3996498" />
      <trkpt lat="46.0773088" lon="11.3997030" />
      <trkpt lat="46.0773163" lon="11.3997471" />
      <trkpt lat="46.0773235" lon="11.3997841" />
      <trkpt lat="46.0773336" lon="11.3998365" />
      <trkpt lat="46.0773507" lon="11.3998727" />
      <trkpt lat="46.0773541" lon="11.3999188" />
      <trkpt lat="46.0773654" lon="11.3999632" />
      <trkpt lat="46.0773868" lon="11.4000090" />
      <trkpt lat="46.0774022" lon="11.4000598" />
      <trkpt lat="46.0774139" lon="11.4001011" />
      <trkpt lat="46.0774257" lon="11.4001527" />
      <trkpt lat="46.0774424" lon="11.4001903" />
      <trkpt lat="46.0774694" lon="11.4002274" />
      <trkpt lat="46.0774867" lon="11.4002784" />
      <trkpt lat="46.0774980" lon="11.4003279" />
      <trkpt lat="46.0775177" lon="11.4003748" />
      <trkpt lat="46.0775345" lon="11.4004228" />
      <trkpt lat="46.0775535" lon="11.4004676" />
      <trkpt lat="46.0775625" lon="11.4005173" />
      <trkpt lat="46.0775775" lon="11.4005859" />
      <trkpt lat="46.0775842" lon="11.4006395" />
      <trkpt lat="46.0775833" lon="11.4006751" />
      <trkpt lat="46.0775976" lon="11.4007405" />
      <trkpt lat="46.0776098" lon="11.4007922" />
      <trkpt lat="46.0776238" lon="11.4008408" />
      <trkpt lat="46.0776466" lon="11.4008784" />
      <trkpt lat="46.0776626" lon="11.4009158" />
      <trkpt lat="46.0776914" lon="11.4009421" />
      <trkpt lat="46.0777192" lon="11.4009828" />
      <trkpt lat="46.0777218" lon="11.4009867" />
      <trkpt lat="46.0777070" lon="11.4010322" />
      <trkpt lat="46.0776787" lon="11.4010594" />
      <trkpt lat="46.0776597" lon="11.4011056" />
      <trkpt lat="46.0776396" lon="11.4011319" />
      <trkpt lat="46.0776207" lon="11.4011616" />
      <trkpt lat="46.0775929" lon="11.4011754" />
      <trkpt lat="46.0775625" lon="11.4011886" />
      <trkpt lat="46.0775344" lon="11.4012086" />
      <trkpt lat="46.0775101" lon="11.4012506" />
      <trkpt lat="46.0774926" lon="11.4012832" />
      <trkpt lat="46.0774749" lon="11.4013101" />
      <trkpt lat="46.0774518" lon="11.4013326" />
      <trkpt lat="46.0774304" lon="11.4013602" />
      <trkpt lat="46.0774015" lon="11.4013812" />
      <trkpt lat="46.0773859" lon="11.4014145" />
      <trkpt lat="46.0773713" lon="11.4014581" />
      <trkpt lat="46.0773621" lon="11.4014987" />
      <trkpt lat="46.0773574" lon="11.4015432" />
      <trkpt lat="46.0773426" lon="11.4015875" />
      <trkpt lat="46.0773179" lon="11.4016286" />
      <trkpt lat="46.0772803" lon="11.4016674" />
      <trkpt lat="46.0772679" lon="11.4017240" />
      <trkpt lat="46.0772624" lon="11.4017705" />
      <trkpt lat="46.0772805" lon="11.4018050" />
      <trkpt lat="46.0772918" lon="11.4018330" />
      <trkpt lat="46.0772796" lon="11.4018526" />
      <trkpt lat="46.0772845" lon="11.4018835" />
      <trkpt lat="46.0772805" lon="11.4019204" />
      <trkpt lat="46.0772859" lon="11.4019603" />
      <trkpt lat="46.0773087" lon="11.4020068" />
      <trkpt lat="46.0773215" lon="11.4020596" />
      <trkpt lat="46.0773430" lon="11.4021016" />
      <trkpt lat="46.0773594" lon="11.4021501" />
      <trkpt lat="46.0773842" lon="11.4021886" />
      <trkpt lat="46.0773962" lon="11.4022344" />
      <trkpt lat="46.0774038" lon="11.4022813" />
      <trkpt lat="46.0774028" lon="11.4023315" />
      <trkpt lat="46.0773972" lon="11.4023768" />
      <trkpt lat="46.0774106" lon="11.4024243" />
      <trkpt lat="46.0774182" lon="11.4024600" />
      <trkpt lat="46.0774355" lon="11.4025018" />
      <trkpt lat="46.0774268" lon="11.4025647" />
      <trkpt lat="46.0773827" lon="11.4028242" />
      <trkpt lat="46.0773808" lon="11.4031272" />
      <trkpt lat="46.0773921" lon="11.4034870" />
      <trkpt lat="46.0775172" lon="11.4040046" />
      <trkpt lat="46.0776198" lon="11.4043281" />
      <trkpt lat="46.0776336" lon="11.4046743" />
      <trkpt lat="46.0776201" lon="11.4049934" />
      <trkpt lat="46.0775769" lon="11.4051460" />
      <trkpt lat="46.0774519" lon="11.4053435" />
      <trkpt lat="46.0773030" lon="11.4055237" />
      <trkpt lat="46.0771039" lon="11.4058524" />
      <trkpt lat="46.0770095" lon="11.4060052" />
      <trkpt lat="46.0770081" lon="11.4061073" />
      <trkpt lat="46.0770819" lon="11.4062471" />
      <trkpt lat="46.0772102" lon="11.4064558" />
      <trkpt lat="46.0772567" lon="11.4065543" />
      <trkpt lat="46.0773090" lon="11.4066652" />
      <trkpt lat="46.0774080" lon="11.4068605" />
      <trkpt lat="46.0775484" lon="11.4070312" />
      <trkpt lat="46.0776419" lon="11.4074062" />
      <trkpt lat="46.0776713" lon="11.4076293" />
      <trkpt lat="46.0776376" lon="11.4077077" />
      <trkpt lat="46.0776274" lon="11.4078713" />
      <trkpt lat="46.0776061" lon="11.4080786" />
      <trkpt lat="46.0775842" lon="11.4083361" />
      <trkpt lat="46.0775422" lon="11.4085478" />
      <trkpt lat="46.0775046" lon="11.4087967" />
      <trkpt lat="46.0774822" lon="11.4090050" />
      <trkpt lat="46.0774463" lon="11.4092888" />
      <trkpt lat="46.0773998" lon="11.4095952" />
      <trkpt lat="46.0773224" lon="11.4097669" />
      <trkpt lat="46.0772391" lon="11.4099901" />
      <trkpt lat="46.0772093" lon="11.4102132" />
      <trkpt lat="46.0772331" lon="11.4104364" />
      <trkpt lat="46.0772665" lon="11.4105212" />
      <trkpt lat="46.0772396" lon="11.4107254" />
      <trkpt lat="46.0772329" lon="11.4107759" />
      <trkpt lat="46.0772208" lon="11.4110431" />
      <trkpt lat="46.0771489" lon="11.4111957" />
      <trkpt lat="46.0770210" lon="11.4113674" />
      <trkpt lat="46.0769140" lon="11.4114901" />
      <trkpt lat="46.0768108" lon="11.4116293" />
      <trkpt lat="46.0767324" lon="11.4117458" />
      <trkpt lat="46.0766303" lon="11.4119338" />
      <trkpt lat="46.0765672" lon="11.4122356" />
      <trkpt lat="46.0765346" lon="11.4124899" />
      <trkpt lat="46.0765048" lon="11.4126486" />
      <trkpt lat="46.0763999" lon="11.4129576" />
      <trkpt lat="46.0763828" lon="11.4131370" />
      <trkpt lat="46.0763971" lon="11.4132984" />
      <trkpt lat="46.0763987" lon="11.4136292" />
      <trkpt lat="46.0763798" lon="11.4139337" />
      <trkpt lat="46.0763600" lon="11.4142127" />
      <trkpt lat="46.0763105" lon="11.4145158" />
      <trkpt lat="46.0762840" lon="11.4147389" />
      <trkpt lat="46.0762608" lon="11.4150369" />
      <trkpt lat="46.0762222" lon="11.4152345" />
      <trkpt lat="46.0761379" lon="11.4154176" />
      <trkpt lat="46.0760632" lon="11.4156040" />
      <trkpt lat="46.0760344" lon="11.4157952" />
      <trkpt lat="46.0760328" lon="11.4159685" />
      <trkpt lat="46.0761129" lon="11.4161831" />
      <trkpt lat="46.0762076" lon="11.4164341" />
      <trkpt lat="46.0761926" lon="11.4166012" />
      <trkpt lat="46.0760789" lon="11.4167870" />
      <trkpt lat="46.0759577" lon="11.4168205" />
      <trkpt lat="46.0758395" lon="11.4167810" />
      <trkpt lat="46.0757893" lon="11.4165104" />
      <trkpt lat="46.0757195" lon="11.4164944" />
      <trkpt lat="46.0756600" lon="11.4165459" />
      <trkpt lat="46.0756683" lon="11.4167644" />
      <trkpt lat="46.0756045" lon="11.4170497" />
      <trkpt lat="46.0756010" lon="11.4170651" />
      <trkpt lat="46.0754581" lon="11.4168080" />
      <trkpt lat="46.0753634" lon="11.4165037" />
      <trkpt lat="46.0752492" lon="11.4162899" />
      <trkpt lat="46.0752198" lon="11.4159934" />
      <trkpt lat="46.0752279" lon="11.4155697" />
      <trkpt lat="46.0752257" lon="11.4151740" />
      <trkpt lat="46.0752555" lon="11.4149424" />
      <trkpt lat="46.0753209" lon="11.4145366" />
      <trkpt lat="46.0752950" lon="11.4140842" />
      <trkpt lat="46.0751717" lon="11.4136448" />
      <trkpt lat="46.0750943" lon="11.4132929" />
      <trkpt lat="46.0749947" lon="11.4125036" />
      <trkpt lat="46.0749081" lon="11.4122107" />
      <trkpt lat="46.0747776" lon="11.4117308" />
      <trkpt lat="46.0747332" lon="11.4115651" />
      <trkpt lat="46.0747011" lon="11.4114456" />
      <trkpt lat="46.0746907" lon="11.4113691" />
      <trkpt lat="46.0746294" lon="11.4109200" />
      <trkpt lat="46.0746478" lon="11.4105034" />
      <trkpt lat="46.0748128" lon="11.4101975" />
      <trkpt lat="46.0749151" lon="11.4099548" />
      <trkpt lat="46.0750315" lon="11.4097043" />
      <trkpt lat="46.0750791" lon="11.4095352" />
      <trkpt lat="46.0750742" lon="11.4093253" />
      <trkpt lat="46.0749346" lon="11.4090895" />
      <trkpt lat="46.0748156" lon="11.4089413" />
      <trkpt lat="46.0746954" lon="11.4088383" />
      <trkpt lat="46.0746963" lon="11.4085414" />
      <trkpt lat="46.0747034" lon="11.4083979" />
      <trkpt lat="46.0747480" lon="11.4081555" />
      <trkpt lat="46.0747895" lon="11.4078038" />
      <trkpt lat="46.0748466" lon="11.4073010" />
      <trkpt lat="46.0748321" lon="11.4068161" />
      <trkpt lat="46.0748352" lon="11.4066186" />
      <trkpt lat="46.0748134" lon="11.4062040" />
      <trkpt lat="46.0748124" lon="11.4059362" />
      <trkpt lat="46.0748134" lon="11.4055755" />
      <trkpt lat="46.0748155" lon="11.4052358" />
      <trkpt lat="46.0748176" lon="11.4051370" />
      <trkpt lat="46.0748425" lon="11.4050397" />
      <trkpt lat="46.0748788" lon="11.4048931" />
      <trkpt lat="46.0749193" lon="11.4047644" />
      <trkpt lat="46.0749598" lon="11.4045190" />
      <trkpt lat="46.0749328" lon="11.4044337" />
      <trkpt lat="46.0748871" lon="11.4043558" />
      <trkpt lat="46.0748020" lon="11.4042705" />
      <trkpt lat="46.0747085" lon="11.4041508" />
      <trkpt lat="46.0746276" lon="11.4040191" />
      <trkpt lat="46.0745850" lon="11.4039383" />
      <trkpt lat="46.0746276" lon="11.4040191" />
      <trkpt lat="46.0747085" lon="11.4041508" />
      <trkpt lat="46.0748020" lon="11.4042705" />
      <trkpt lat="46.0748871" lon="11.4043558" />
      <trkpt lat="46.0749328" lon="11.4044337" />
      <trkpt lat="46.0749598" lon="11.4045190" />
      <trkpt lat="46.0749193" lon="11.4047644" />
      <trkpt lat="46.0748788" lon="11.4048931" />
      <trkpt lat="46.0748425" lon="11.4050397" />
      <trkpt lat="46.0748176" lon="11.4051370" />
      <trkpt lat="46.0748155" lon="11.4052358" />
      <trkpt lat="46.0748134" lon="11.4055755" />
      <trkpt lat="46.0748124" lon="11.4059362" />
      <trkpt lat="46.0748134" lon="11.4062040" />
      <trkpt lat="46.0748352" lon="11.4066186" />
      <trkpt lat="46.0748321" lon="11.4068161" />
      <trkpt lat="46.0748466" lon="11.4073010" />
      <trkpt lat="46.0747895" lon="11.4078038" />
      <trkpt lat="46.0747480" lon="11.4081555" />
      <trkpt lat="46.0747034" lon="11.4083979" />
      <trkpt lat="46.0746963" lon="11.4085414" />
      <trkpt lat="46.0746954" lon="11.4088383" />
      <trkpt lat="46.0748156" lon="11.4089413" />
      <trkpt lat="46.0749346" lon="11.4090895" />
      <trkpt lat="46.0750742" lon="11.4093253" />
      <trkpt lat="46.0750791" lon="11.4095352" />
      <trkpt lat="46.0750315" lon="11.4097043" />
      <trkpt lat="46.0749151" lon="11.4099548" />
      <trkpt lat="46.0748128" lon="11.4101975" />
      <trkpt lat="46.0746478" lon="11.4105034" />
      <trkpt lat="46.0746294" lon="11.4109200" />
      <trkpt lat="46.0746907" lon="11.4113691" />
      <trkpt lat="46.0747011" lon="11.4114456" />
      <trkpt lat="46.0747332" lon="11.4115651" />
      <trkpt lat="46.0747776" lon="11.4117308" />
      <trkpt lat="46.0749081" lon="11.4122107" />
      <trkpt lat="46.0749947" lon="11.4125036" />
      <trkpt lat="46.0750943" lon="11.4132929" />
      <trkpt lat="46.0751717" lon="11.4136448" />
      <trkpt lat="46.0752950" lon="11.4140842" />
      <trkpt lat="46.0753209" lon="11.4145366" />
      <trkpt lat="46.0752555" lon="11.4149424" />
      <trkpt lat="46.0752257" lon="11.4151740" />
      <trkpt lat="46.0752279" lon="11.4155697" />
      <trkpt lat="46.0752198" lon="11.4159934" />
      <trkpt lat="46.0752492" lon="11.4162899" />
      <trkpt lat="46.0753634" lon="11.4165037" />
      <trkpt lat="46.0754581" lon="11.4168080" />
      <trkpt lat="46.0756010" lon="11.4170651" />
      <trkpt lat="46.0756045" lon="11.4170497" />
      <trkpt lat="46.0756683" lon="11.4167644" />
      <trkpt lat="46.0756600" lon="11.4165459" />
      <trkpt lat="46.0757195" lon="11.4164944" />
      <trkpt lat="46.0757893" lon="11.4165104" />
      <trkpt lat="46.0758395" lon="11.4167810" />
      <trkpt lat="46.0759577" lon="11.4168205" />
      <trkpt lat="46.0760789" lon="11.4167870" />
      <trkpt lat="46.0761926" lon="11.4166012" />
      <trkpt lat="46.0762076" lon="11.4164341" />
      <trkpt lat="46.0761129" lon="11.4161831" />
      <trkpt lat="46.0760328" lon="11.4159685" />
      <trkpt lat="46.0760344" lon="11.4157952" />
      <trkpt lat="46.0760632" lon="11.4156040" />
      <trkpt lat="46.0761379" lon="11.4154176" />
      <trkpt lat="46.0762222" lon="11.4152345" />
      <trkpt lat="46.0762608" lon="11.4150369" />
      <trkpt lat="46.0762840" lon="11.4147389" />
      <trkpt lat="46.0763105" lon="11.4145158" />
      <trkpt lat="46.0763600" lon="11.4142127" />
      <trkpt lat="46.0763798" lon="11.4139337" />
      <trkpt lat="46.0763987" lon="11.4136292" />
      <trkpt lat="46.0763971" lon="11.4132984" />
      <trkpt lat="46.0763828" lon="11.4131370" />
      <trkpt lat="46.0763999" lon="11.4129576" />
      <trkpt lat="46.0765048" lon="11.4126486" />
      <trkpt lat="46.0765346" lon="11.4124899" />
      <trkpt lat="46.0765672" lon="11.4122356" />
      <trkpt lat="46.0766303" lon="11.4119338" />
      <trkpt lat="46.0767324" lon="11.4117458" />
      <trkpt lat="46.0768108" lon="11.4116293" />
      <trkpt lat="46.0769140" lon="11.4114901" />
      <trkpt lat="46.0770210" lon="11.4113674" />
      <trkpt lat="46.0771489" lon="11.4111957" />
      <trkpt lat="46.0772208" lon="11.4110431" />
      <trkpt lat="46.0772329" lon="11.4107759" />
      <trkpt lat="46.0772396" lon="11.4107254" />
      <trkpt lat="46.0772665" lon="11.4105212" />
      <trkpt lat="46.0772331" lon="11.4104364" />
      <trkpt lat="46.0772093" lon="11.4102132" />
      <trkpt lat="46.0772391" lon="11.4099901" />
      <trkpt lat="46.0773224" lon="11.4097669" />
      <trkpt lat="46.0773998" lon="11.4095952" />
      <trkpt lat="46.0774463" lon="11.4092888" />
      <trkpt lat="46.0774822" lon="11.4090050" />
      <trkpt lat="46.0775046" lon="11.4087967" />
      <trkpt lat="46.0775422" lon="11.4085478" />
      <trkpt lat="46.0775842" lon="11.4083361" />
      <trkpt lat="46.0776061" lon="11.4080786" />
      <trkpt lat="46.0776274" lon="11.4078713" />
      <trkpt lat="46.0776376" lon="11.4077077" />
      <trkpt lat="46.0776713" lon="11.4076293" />
      <trkpt lat="46.0776419" lon="11.4074062" />
      <trkpt lat="46.0775484" lon="11.4070312" />
      <trkpt lat="46.0774080" lon="11.4068605" />
      <trkpt lat="46.0773090" lon="11.4066652" />
      <trkpt lat="46.0772567" lon="11.4065543" />
      <trkpt lat="46.0772102" lon="11.4064558" />
      <trkpt lat="46.0770819" lon="11.4062471" />
      <trkpt lat="46.0770081" lon="11.4061073" />
      <trkpt lat="46.0770095" lon="11.4060052" />
      <trkpt lat="46.0771039" lon="11.4058524" />
      <trkpt lat="46.0773030" lon="11.4055237" />
      <trkpt lat="46.0774519" lon="11.4053435" />
      <trkpt lat="46.0775769" lon="11.4051460" />
      <trkpt lat="46.0776201" lon="11.4049934" />
      <trkpt lat="46.0776336" lon="11.4046743" />
      <trkpt lat="46.0776198" lon="11.4043281" />
      <trkpt lat="46.0775172" lon="11.4040046" />
      <trkpt lat="46.0773921" lon="11.4034870" />
      <trkpt lat="46.0773808" lon="11.4031272" />
      <trkpt lat="46.0773827" lon="11.4028242" />
      <trkpt lat="46.0774268" lon="11.4025647" />
      <trkpt lat="46.0774355" lon="11.4025018" />
      <trkpt lat="46.0774182" lon="11.4024600" />
      <trkpt lat="46.0774106" lon="11.4024243" />
      <trkpt lat="46.0773972" lon="11.4023768" />
      <trkpt lat="46.0774028" lon="11.4023315" />
      <trkpt lat="46.0774038" lon="11.4022813" />
      <trkpt lat="46.0773962" lon="11.4022344" />
      <trkpt lat="46.0773842" lon="11.4021886" />
      <trkpt lat="46.0773594" lon="11.4021501" />
      <trkpt lat="46.0773430" lon="11.4021016" />
      <trkpt lat="46.0773215" lon="11.4020596" />
      <trkpt lat="46.0773087" lon="11.4020068" />
      <trkpt lat="46.0772859" lon="11.4019603" />
      <trkpt lat="46.0772805" lon="11.4019204" />
      <trkpt lat="46.0772845" lon="11.4018835" />
      <trkpt lat="46.0772796" lon="11.4018526" />
      <trkpt lat="46.0772918" lon="11.4018330" />
      <trkpt lat="46.0772805" lon="11.4018050" />
      <trkpt lat="46.0772624" lon="11.4017705" />
      <trkpt lat="46.0772679" lon="11.4017240" />
      <trkpt lat="46.0772803" lon="11.4016674" />
      <trkpt lat="46.0773179" lon="11.4016286" />
      <trkpt lat="46.0773426" lon="11.4015875" />
      <trkpt lat="46.0773574" lon="11.4015432" />
      <trkpt lat="46.0773621" lon="11.4014987" />
      <trkpt lat="46.0773713" lon="11.4014581" />
      <trkpt lat="46.0773859" lon="11.4014145" />
      <trkpt lat="46.0774015" lon="11.4013812" />
      <trkpt lat="46.0774304" lon="11.4013602" />
      <trkpt lat="46.0774518" lon="11.4013326" />
      <trkpt lat="46.0774749" lon="11.4013101" />
      <trkpt lat="46.0774926" lon="11.4012832" />
      <trkpt lat="46.0775101" lon="11.4012506" />
      <trkpt lat="46.0775344" lon="11.4012086" />
      <trkpt lat="46.0775625" lon="11.4011886" />
      <trkpt lat="46.0775929" lon="11.4011754" />
      <trkpt lat="46.0776207" lon="11.4011616" />
      <trkpt lat="46.0776396" lon="11.4011319" />
      <trkpt lat="46.0776597" lon="11.4011056" />
      <trkpt lat="46.0776787" lon="11.4010594" />
      <trkpt lat="46.0777070" lon="11.4010322" />
      <trkpt lat="46.0777218" lon="11.4009867" />
      <trkpt lat="46.0777192" lon="11.4009828" />
      <trkpt lat="46.0776914" lon="11.4009421" />
      <trkpt lat="46.0776626" lon="11.4009158" />
      <trkpt lat="46.0776466" lon="11.4008784" />
      <trkpt lat="46.0776238" lon="11.4008408" />
      <trkpt lat="46.0776098" lon="11.4007922" />
      <trkpt lat="46.0775976" lon="11.4007405" />
      <trkpt lat="46.0775833" lon="11.4006751" />
      <trkpt lat="46.0775842" lon="11.4006395" />
      <trkpt lat="46.0775775" lon="11.4005859" />
      <trkpt lat="46.0775625" lon="11.4005173" />
      <trkpt lat="46.0775535" lon="11.4004676" />
      <trkpt lat="46.0775345" lon="11.4004228" />
      <trkpt lat="46.0775177" lon="11.4003748" />
      <trkpt lat="46.0774980" lon="11.4003279" />
      <trkpt lat="46.0774867" lon="11.4002784" />
      <trkpt lat="46.0774694" lon="11.4002274" />
      <trkpt lat="46.0774424" lon="11.4001903" />
      <trkpt lat="46.0774257" lon="11.4001527" />
      <trkpt lat="46.0774139" lon="11.4001011" />
      <trkpt lat="46.0774022" lon="11.4000598" />
      <trkpt lat="46.0773868" lon="11.4000090" />
      <trkpt lat="46.0773654" lon="11.3999632" />
      <trkpt lat="46.0773541" lon="11.3999188" />
      <trkpt lat="46.0773507" lon="11.3998727" />
      <trkpt lat="46.0773336" lon="11.3998365" />
      <trkpt lat="46.0773235" lon="11.3997841" />
      <trkpt lat="46.0773163" lon="11.3997471" />
      <trkpt lat="46.0773088" lon="11.3997030" />
      <trkpt lat="46.0773179" lon="11.3996498" />
      <trkpt lat="46.0773234" lon="11.3995920" />
      <trkpt lat="46.0773285" lon="11.3995430" />
      <trkpt lat="46.0773425" lon="11.3994942" />
      <trkpt lat="46.0773504" lon="11.3994468" />
      <trkpt lat="46.0773545" lon="11.3994041" />
      <trkpt lat="46.0773544" lon="11.3993592" />
      <trkpt lat="46.0773663" lon="11.3993125" />
      <trkpt lat="46.0773858" lon="11.3992755" />
      <trkpt lat="46.0773927" lon="11.3992735" />
      <trkpt lat="46.0774020" lon="11.3992315" />
      <trkpt lat="46.0774136" lon="11.3991978" />
      <trkpt lat="46.0774277" lon="11.3991715" />
      <trkpt lat="46.0774435" lon="11.3991388" />
      <trkpt lat="46.0774510" lon="11.3990978" />
      <trkpt lat="46.0774652" lon="11.3990698" />
      <trkpt lat="46.0774462" lon="11.3990535" />
      <trkpt lat="46.0774219" lon="11.3990364" />
      <trkpt lat="46.0774165" lon="11.3990369" />
      <trkpt lat="46.0773866" lon="11.3990183" />
      <trkpt lat="46.0773613" lon="11.3990190" />
      <trkpt lat="46.0773275" lon="11.3990075" />
      <trkpt lat="46.0772998" lon="11.3989770" />
      <trkpt lat="46.0772863" lon="11.3989370" />
      <trkpt lat="46.0772637" lon="11.3988963" />
      <trkpt lat="46.0772397" lon="11.3988583" />
      <trkpt lat="46.0772041" lon="11.3988274" />
      <trkpt lat="46.0771840" lon="11.3988006" />
      <trkpt lat="46.0771727" lon="11.3987719" />
      <trkpt lat="46.0771519" lon="11.3987557" />
      <trkpt lat="46.0771219" lon="11.3987822" />
      <trkpt lat="46.0771086" lon="11.3987415" />
      <trkpt lat="46.0770810" lon="11.3986744" />
      <trkpt lat="46.0770814" lon="11.3986620" />
      <trkpt lat="46.0770417" lon="11.3984616" />
      <trkpt lat="46.0770439" lon="11.3982725" />
      <trkpt lat="46.0770756" lon="11.3979132" />
      <trkpt lat="46.0770397" lon="11.3975782" />
      <trkpt lat="46.0769946" lon="11.3972569" />
      <trkpt lat="46.0769084" lon="11.3968107" />
      <trkpt lat="46.0769121" lon="11.3965268" />
      <trkpt lat="46.0767376" lon="11.3960308" />
      <trkpt lat="46.0765089" lon="11.3955390" />
      <trkpt lat="46.0763742" lon="11.3953871" />
      <trkpt lat="46.0761732" lon="11.3948727" />
      <trkpt lat="46.0761571" lon="11.3948109" />
      <trkpt lat="46.0761017" lon="11.3947340" />
      <trkpt lat="46.0760755" lon="11.3947031" />
      <trkpt lat="46.0760558" lon="11.3946626" />
      <trkpt lat="46.0760406" lon="11.3946183" />
      <trkpt lat="46.0760126" lon="11.3945827" />
      <trkpt lat="46.0759909" lon="11.3945433" />
      <trkpt lat="46.0759709" lon="11.3944995" />
      <trkpt lat="46.0759518" lon="11.3944537" />
      <trkpt lat="46.0759280" lon="11.3944173" />
      <trkpt lat="46.0759056" lon="11.3943788" />
      <trkpt lat="46.0758888" lon="11.3943350" />
      <trkpt lat="46.0758769" lon="11.3942959" />
      <trkpt lat="46.0758583" lon="11.3942576" />
      <trkpt lat="46.0758463" lon="11.3942099" />
      <trkpt lat="46.0758438" lon="11.3941544" />
      <trkpt lat="46.0758362" lon="11.3940997" />
      <trkpt lat="46.0758231" lon="11.3940404" />
      <trkpt lat="46.0758201" lon="11.3939823" />
      <trkpt lat="46.0758054" lon="11.3939271" />
      <trkpt lat="46.0758055" lon="11.3938781" />
      <trkpt lat="46.0758083" lon="11.3938184" />
      <trkpt lat="46.0758197" lon="11.3937647" />
      <trkpt lat="46.0758269" lon="11.3937271" />
      <trkpt lat="46.0758295" lon="11.3936821" />
      <trkpt lat="46.0758354" lon="11.3936238" />
      <trkpt lat="46.0758576" lon="11.3935801" />
      <trkpt lat="46.0758578" lon="11.3935236" />
      <trkpt lat="46.0758721" lon="11.3934762" />
      <trkpt lat="46.0758826" lon="11.3934209" />
      <trkpt lat="46.0758918" lon="11.3933761" />
      <trkpt lat="46.0759034" lon="11.3933193" />
      <trkpt lat="46.0758982" lon="11.3932679" />
      <trkpt lat="46.0758877" lon="11.3932143" />
      <trkpt lat="46.0758828" lon="11.3931588" />
      <trkpt lat="46.0758787" lon="11.3931056" />
      <trkpt lat="46.0758747" lon="11.3930506" />
      <trkpt lat="46.0758658" lon="11.3929993" />
      <trkpt lat="46.0758561" lon="11.3929440" />
      <trkpt lat="46.0758437" lon="11.3928976" />
      <trkpt lat="46.0758249" lon="11.3928489" />
      <trkpt lat="46.0758067" lon="11.3928032" />
      <trkpt lat="46.0757868" lon="11.3927550" />
      <trkpt lat="46.0757641" lon="11.3927061" />
      <trkpt lat="46.0757417" lon="11.3926585" />
      <trkpt lat="46.0757185" lon="11.3926163" />
      <trkpt lat="46.0756951" lon="11.3925740" />
      <trkpt lat="46.0756733" lon="11.3925322" />
      <trkpt lat="46.0756476" lon="11.3924853" />
      <trkpt lat="46.0756153" lon="11.3924299" />
      <trkpt lat="46.0755931" lon="11.3923921" />
      <trkpt lat="46.0755633" lon="11.3923511" />
      <trkpt lat="46.0755443" lon="11.3923087" />
      <trkpt lat="46.0755250" lon="11.3922572" />
      <trkpt lat="46.0755030" lon="11.3922094" />
      <trkpt lat="46.0754875" lon="11.3921615" />
      <trkpt lat="46.0754617" lon="11.3921233" />
      <trkpt lat="46.0754247" lon="11.3920940" />
      <trkpt lat="46.0753921" lon="11.3920512" />
      <trkpt lat="46.0753571" lon="11.3920124" />
      <trkpt lat="46.0753316" lon="11.3919831" />
      <trkpt lat="46.0753053" lon="11.3919478" />
      <trkpt lat="46.0752750" lon="11.3919162" />
      <trkpt lat="46.0752449" lon="11.3918802" />
      <trkpt lat="46.0752145" lon="11.3918420" />
      <trkpt lat="46.0751841" lon="11.3918060" />
      <trkpt lat="46.0751581" lon="11.3917697" />
      <trkpt lat="46.0751298" lon="11.3917341" />
      <trkpt lat="46.0751006" lon="11.3916913" />
      <trkpt lat="46.0750674" lon="11.3916617" />
      <trkpt lat="46.0750371" lon="11.3916357" />
      <trkpt lat="46.0750074" lon="11.3916116" />
      <trkpt lat="46.0749795" lon="11.3915841" />
      <trkpt lat="46.0749556" lon="11.3915517" />
      <trkpt lat="46.0749275" lon="11.3915196" />
      <trkpt lat="46.0749049" lon="11.3914800" />
      <trkpt lat="46.0748716" lon="11.3914533" />
      <trkpt lat="46.0748432" lon="11.3914178" />
      <trkpt lat="46.0748185" lon="11.3913763" />
      <trkpt lat="46.0747923" lon="11.3913459" />
      <trkpt lat="46.0747602" lon="11.3913183" />
      <trkpt lat="46.0747269" lon="11.3912839" />
      <trkpt lat="46.0746932" lon="11.3912672" />
      <trkpt lat="46.0746568" lon="11.3912413" />
      <trkpt lat="46.0746226" lon="11.3912132" />
      <trkpt lat="46.0745808" lon="11.3911887" />
      <trkpt lat="46.0745575" lon="11.3911712" />
      <trkpt lat="46.0745311" lon="11.3911450" />
      <trkpt lat="46.0744979" lon="11.3911308" />
      <trkpt lat="46.0744707" lon="11.3911003" />
      <trkpt lat="46.0744414" lon="11.3910673" />
      <trkpt lat="46.0744115" lon="11.3910301" />
      <trkpt lat="46.0743912" lon="11.3909887" />
      <trkpt lat="46.0743747" lon="11.3909400" />
      <trkpt lat="46.0743563" lon="11.3908850" />
      <trkpt lat="46.0743377" lon="11.3908301" />
      <trkpt lat="46.0743270" lon="11.3907926" />
      <trkpt lat="46.0742979" lon="11.3907553" />
      <trkpt lat="46.0742784" lon="11.3907203" />
      <trkpt lat="46.0742471" lon="11.3906740" />
      <trkpt lat="46.0742164" lon="11.3906415" />
      <trkpt lat="46.0741935" lon="11.3906133" />
      <trkpt lat="46.0741640" lon="11.3905837" />
      <trkpt lat="46.0741359" lon="11.3905597" />
      <trkpt lat="46.0741143" lon="11.3905222" />
      <trkpt lat="46.0740986" lon="11.3904791" />
      <trkpt lat="46.0740821" lon="11.3904328" />
      <trkpt lat="46.0740681" lon="11.3903832" />
      <trkpt lat="46.0740452" lon="11.3903400" />
      <trkpt lat="46.0740462" lon="11.3903039" />
      <trkpt lat="46.0740452" lon="11.3902382" />
      <trkpt lat="46.0739748" lon="11.3901735" />
      <trkpt lat="46.0739286" lon="11.3901137" />
      <trkpt lat="46.0737874" lon="11.3899293" />
      <trkpt lat="46.0736348" lon="11.3896609" />
      <trkpt lat="46.0735838" lon="11.3895332" />
      <trkpt lat="46.0735331" lon="11.3893723" />
      <trkpt lat="46.0735273" lon="11.3891424" />
      <trkpt lat="46.0735421" lon="11.3889229" />
      <trkpt lat="46.0735805" lon="11.3887583" />
      <trkpt lat="46.0736687" lon="11.3885469" />
      <trkpt lat="46.0737367" lon="11.3884192" />
      <trkpt lat="46.0737647" lon="11.3882866" />
      <trkpt lat="46.0737710" lon="11.3881675" />
      <trkpt lat="46.0737684" lon="11.3880855" />
      <trkpt lat="46.0737529" lon="11.3878689" />
      <trkpt lat="46.0737621" lon="11.3876754" />
      <trkpt lat="46.0737350" lon="11.3875239" />
      <trkpt lat="46.0737025" lon="11.3873623" />
      <trkpt lat="46.0736648" lon="11.3871565" />
      <trkpt lat="46.0736159" lon="11.3869587" />
      <trkpt lat="46.0735473" lon="11.3867840" />
      <trkpt lat="46.0735287" lon="11.3866749" />
      <trkpt lat="46.0735345" lon="11.3865299" />
      <trkpt lat="46.0734918" lon="11.3865603" />
      <trkpt lat="46.0735218" lon="11.3863622" />
      <trkpt lat="46.0734846" lon="11.3862133" />
      <trkpt lat="46.0733553" lon="11.3860457" />
      <trkpt lat="46.0731370" lon="11.3857070" />
      <trkpt lat="46.0730629" lon="11.3856254" />
      <trkpt lat="46.0729506" lon="11.3855550" />
      <trkpt lat="46.0728543" lon="11.3854971" />
      <trkpt lat="46.0728274" lon="11.3854507" />
      <trkpt lat="46.0726575" lon="11.3852799" />
      <trkpt lat="46.0725040" lon="11.3851780" />
      <trkpt lat="46.0724282" lon="11.3851136" />
      <trkpt lat="46.0722849" lon="11.3850660" />
      <trkpt lat="46.0721016" lon="11.3850693" />
      <trkpt lat="46.0720248" lon="11.3850170" />
      <trkpt lat="46.0719904" lon="11.3849781" />
      <trkpt lat="46.0719039" lon="11.3849507" />
      <trkpt lat="46.0717353" lon="11.3849274" />
      <trkpt lat="46.0715601" lon="11.3849624" />
      <trkpt lat="46.0712475" lon="11.3851409" />
      <trkpt lat="46.0710879" lon="11.3853409" />
      <trkpt lat="46.0708780" lon="11.3856750" />
      <trkpt lat="46.0706456" lon="11.3862275" />
      <trkpt lat="46.0705138" lon="11.3866600" />
      <trkpt lat="46.0704399" lon="11.3869359" />
      <trkpt lat="46.0704887" lon="11.3872725" />
      <trkpt lat="46.0705015" lon="11.3877006" />
      <trkpt lat="46.0705210" lon="11.3879713" />
      <trkpt lat="46.0705601" lon="11.3882736" />
      <trkpt lat="46.0706235" lon="11.3885864" />
      <trkpt lat="46.0706746" lon="11.3889521" />
      <trkpt lat="46.0706598" lon="11.3891825" />
      <trkpt lat="46.0706598" lon="11.3892465" />
      <trkpt lat="46.0706598" lon="11.3892915" />
      <trkpt lat="46.0707067" lon="11.3894613" />
      <trkpt lat="46.0708012" lon="11.3897840" />
      <trkpt lat="46.0709680" lon="11.3901446" />
      <trkpt lat="46.0711838" lon="11.3906749" />
      <trkpt lat="46.0713114" lon="11.3912618" />
      <trkpt lat="46.0713850" lon="11.3920396" />
      <trkpt lat="46.0714024" lon="11.3921566" />
      <trkpt lat="46.0714684" lon="11.3925982" />
      <trkpt lat="46.0714684" lon="11.3932205" />
      <trkpt lat="46.0714929" lon="11.3936023" />
      <trkpt lat="46.0714782" lon="11.3940690" />
      <trkpt lat="46.0714733" lon="11.3946206" />
      <trkpt lat="46.0715861" lon="11.3951155" />
      <trkpt lat="46.0717087" lon="11.3953772" />
      <trkpt lat="46.0718363" lon="11.3957590" />
      <trkpt lat="46.0718510" lon="11.3960843" />
      <trkpt lat="46.0718401" lon="11.3962224" />
      <trkpt lat="46.0718265" lon="11.3963954" />
      <trkpt lat="46.0717382" lon="11.3966005" />
      <trkpt lat="46.0716499" lon="11.3967702" />
      <trkpt lat="46.0716429" lon="11.3969311" />
      <trkpt lat="46.0716401" lon="11.3969965" />
      <trkpt lat="46.0716303" lon="11.3973500" />
      <trkpt lat="46.0714880" lon="11.3977106" />
      <trkpt lat="46.0713899" lon="11.3979157" />
      <trkpt lat="46.0713134" lon="11.3980620" />
      <trkpt lat="46.0711765" lon="11.3982160" />
      <trkpt lat="46.0710576" lon="11.3983988" />
      <trkpt lat="46.0709268" lon="11.3985587" />
      <trkpt lat="46.0708832" lon="11.3987587" />
      <trkpt lat="46.0708991" lon="11.3990158" />
      <trkpt lat="46.0709110" lon="11.3993871" />
      <trkpt lat="46.0709268" lon="11.3996727" />
      <trkpt lat="46.0709427" lon="11.3999241" />
      <trkpt lat="46.0709149" lon="11.4000612" />
      <trkpt lat="46.0708555" lon="11.4002726" />
      <trkpt lat="46.0707287" lon="11.4004268" />
      <trkpt lat="46.0705741" lon="11.4004440" />
      <trkpt lat="46.0706106" lon="11.4006382" />
      <trkpt lat="46.0706255" lon="11.4008582" />
      <trkpt lat="46.0706925" lon="11.4009654" />
      <trkpt lat="46.0707930" lon="11.4010566" />
      <trkpt lat="46.0710200" lon="11.4011854" />
      <trkpt lat="46.0712359" lon="11.4013410" />
      <trkpt lat="46.0713959" lon="11.4014590" />
      <trkpt lat="46.0715410" lon="11.4015555" />
      <trkpt lat="46.0717867" lon="11.4015877" />
      <trkpt lat="46.0719839" lon="11.4015502" />
      <trkpt lat="46.0720397" lon="11.4015287" />
      <trkpt lat="46.0720923" lon="11.4015655" />
      <trkpt lat="46.0721737" lon="11.4016789" />
      <trkpt lat="46.0722295" lon="11.4017862" />
      <trkpt lat="46.0721625" lon="11.4018720" />
      <trkpt lat="46.0721030" lon="11.4020008" />
      <trkpt lat="46.0720956" lon="11.4021188" />
      <trkpt lat="46.0721849" lon="11.4021456" />
      <trkpt lat="46.0722668" lon="11.4021456" />
      <trkpt lat="46.0722798" lon="11.4022268" />
      <trkpt lat="46.0722965" lon="11.4024085" />
      <trkpt lat="46.0723263" lon="11.4025050" />
      <trkpt lat="46.0722816" lon="11.4027142" />
      <trkpt lat="46.0722444" lon="11.4029106" />
      <trkpt lat="46.0722816" lon="11.4027142" />
      <trkpt lat="46.0723263" lon="11.4025050" />
      <trkpt lat="46.0722965" lon="11.4024085" />
      <trkpt lat="46.0722798" lon="11.4022268" />
      <trkpt lat="46.0722668" lon="11.4021456" />
      <trkpt lat="46.0721849" lon="11.4021456" />
      <trkpt lat="46.0720956" lon="11.4021188" />
      <trkpt lat="46.0721030" lon="11.4020008" />
      <trkpt lat="46.0721625" lon="11.4018720" />
      <trkpt lat="46.0722295" lon="11.4017862" />
      <trkpt lat="46.0721737" lon="11.4016789" />
      <trkpt lat="46.0720923" lon="11.4015655" />
      <trkpt lat="46.0720397" lon="11.4015287" />
      <trkpt lat="46.0719839" lon="11.4015502" />
      <trkpt lat="46.0717867" lon="11.4015877" />
      <trkpt lat="46.0715410" lon="11.4015555" />
      <trkpt lat="46.0713959" lon="11.4014590" />
      <trkpt lat="46.0712359" lon="11.4013410" />
      <trkpt lat="46.0710200" lon="11.4011854" />
      <trkpt lat="46.0707930" lon="11.4010566" />
      <trkpt lat="46.0706925" lon="11.4009654" />
      <trkpt lat="46.0706255" lon="11.4008582" />
      <trkpt lat="46.0706106" lon="11.4006382" />
      <trkpt lat="46.0705741" lon="11.4004440" />
      <trkpt lat="46.0707287" lon="11.4004268" />
      <trkpt lat="46.0708555" lon="11.4002726" />
      <trkpt lat="46.0709149" lon="11.4000612" />
      <trkpt lat="46.0709427" lon="11.3999241" />
      <trkpt lat="46.0709268" lon="11.3996727" />
      <trkpt lat="46.0709110" lon="11.3993871" />
      <trkpt lat="46.0708991" lon="11.3990158" />
      <trkpt lat="46.0708832" lon="11.3987587" />
      <trkpt lat="46.0709268" lon="11.3985587" />
      <trkpt lat="46.0710576" lon="11.3983988" />
      <trkpt lat="46.0711765" lon="11.3982160" />
      <trkpt lat="46.0713134" lon="11.3980620" />
      <trkpt lat="46.0712680" lon="11.3978166" />
      <trkpt lat="46.0712076" lon="11.3976279" />
      <trkpt lat="46.0711295" lon="11.3975009" />
      <trkpt lat="46.0710087" lon="11.3974791" />
      <trkpt lat="46.0708676" lon="11.3975226" />
      <trkpt lat="46.0707770" lon="11.3974537" />
      <trkpt lat="46.0707468" lon="11.3973085" />
      <trkpt lat="46.0707417" lon="11.3971706" />
      <trkpt lat="46.0707896" lon="11.3970181" />
      <trkpt lat="46.0708368" lon="11.3968239" />
      <trkpt lat="46.0708425" lon="11.3968003" />
      <trkpt lat="46.0708398" lon="11.3967958" />
      <trkpt lat="46.0708047" lon="11.3967386" />
      <trkpt lat="46.0706637" lon="11.3967023" />
      <trkpt lat="46.0705000" lon="11.3966951" />
      <trkpt lat="46.0703246" lon="11.3966487" />
      <trkpt lat="46.0703060" lon="11.3966720" />
      <trkpt lat="46.0702540" lon="11.3966630" />
      <trkpt lat="46.0702020" lon="11.3965910" />
      <trkpt lat="46.0699660" lon="11.3961320" />
      <trkpt lat="46.0696400" lon="11.3956670" />
      <trkpt lat="46.0695766" lon="11.3955581" />
      <trkpt lat="46.0694240" lon="11.3952960" />
      <trkpt lat="46.0692790" lon="11.3951050" />
      <trkpt lat="46.0690430" lon="11.3948380" />
      <trkpt lat="46.0688720" lon="11.3946770" />
      <trkpt lat="46.0685952" lon="11.3944697" />
      <trkpt lat="46.0685307" lon="11.3950008" />
      <trkpt lat="46.0685086" lon="11.3954451" />
      <trkpt lat="46.0684945" lon="11.3956425" />
      <trkpt lat="46.0684622" lon="11.3957587" />
      <trkpt lat="46.0684139" lon="11.3957703" />
      <trkpt lat="46.0684622" lon="11.3957587" />
      <trkpt lat="46.0684945" lon="11.3956425" />
      <trkpt lat="46.0685086" lon="11.3954451" />
      <trkpt lat="46.0685307" lon="11.3950008" />
      <trkpt lat="46.0685952" lon="11.3944697" />
      <trkpt lat="46.0684379" lon="11.3942780" />
      <trkpt lat="46.0681977" lon="11.3950012" />
      <trkpt lat="46.0681962" lon="11.3955775" />
      <trkpt lat="46.0681465" lon="11.3961211" />
      <trkpt lat="46.0680952" lon="11.3964886" />
      <trkpt lat="46.0678432" lon="11.3967866" />
      <trkpt lat="46.0677481" lon="11.3970823" />
      <trkpt lat="46.0676199" lon="11.3974128" />
      <trkpt lat="46.0673212" lon="11.3974324" />
      <trkpt lat="46.0669349" lon="11.3975607" />
      <trkpt lat="46.0666709" lon="11.3977521" />
      <trkpt lat="46.0664159" lon="11.3979978" />
      <trkpt lat="46.0663601" lon="11.3980935" />
      <trkpt lat="46.0663224" lon="11.3982196" />
      <trkpt lat="46.0661851" lon="11.3982087" />
      <trkpt lat="46.0660945" lon="11.3981131" />
      <trkpt lat="46.0659935" lon="11.3980065" />
      <trkpt lat="46.0659271" lon="11.3979674" />
      <trkpt lat="46.0657973" lon="11.3982022" />
      <trkpt lat="46.0656947" lon="11.3983762" />
      <trkpt lat="46.0655740" lon="11.3983762" />
      <trkpt lat="46.0654700" lon="11.3982959" />
      <trkpt lat="46.0653895" lon="11.3979767" />
      <trkpt lat="46.0653698" lon="11.3976369" />
      <trkpt lat="46.0653772" lon="11.3968147" />
      <trkpt lat="46.0654310" lon="11.3963540" />
      <trkpt lat="46.0655047" lon="11.3961487" />
      <trkpt lat="46.0656004" lon="11.3957382" />
      <trkpt lat="46.0656784" lon="11.3953571" />
      <trkpt lat="46.0657052" lon="11.3951599" />
      <trkpt lat="46.0657108" lon="11.3949668" />
      <trkpt lat="46.0656830" lon="11.3948503" />
      <trkpt lat="46.0657016" lon="11.3947679" />
      <trkpt lat="46.0657371" lon="11.3947123" />
      <trkpt lat="46.0657927" lon="11.3946322" />
      <trkpt lat="46.0658575" lon="11.3945142" />
      <trkpt lat="46.0659069" lon="11.3943585" />
      <trkpt lat="46.0659779" lon="11.3942094" />
      <trkpt lat="46.0660289" lon="11.3940536" />
      <trkpt lat="46.0660363" lon="11.3939255" />
      <trkpt lat="46.0660366" lon="11.3939201" />
      <trkpt lat="46.0660011" lon="11.3938155" />
      <trkpt lat="46.0659301" lon="11.3936731" />
      <trkpt lat="46.0658776" lon="11.3935507" />
      <trkpt lat="46.0658838" lon="11.3934928" />
      <trkpt lat="46.0659131" lon="11.3934683" />
      <trkpt lat="46.0659424" lon="11.3934728" />
      <trkpt lat="46.0659841" lon="11.3935574" />
      <trkpt lat="46.0660289" lon="11.3936197" />
      <trkpt lat="46.0661447" lon="11.3937421" />
      <trkpt lat="46.0661895" lon="11.3938066" />
      <trkpt lat="46.0661980" lon="11.3938571" />
      <trkpt lat="46.0662064" lon="11.3939067" />
      <trkpt lat="46.0661987" lon="11.3940514" />
      <trkpt lat="46.0662250" lon="11.3942138" />
      <trkpt lat="46.0662481" lon="11.3943829" />
      <trkpt lat="46.0662512" lon="11.3945187" />
      <trkpt lat="46.0662481" lon="11.3943829" />
      <trkpt lat="46.0662250" lon="11.3942138" />
      <trkpt lat="46.0661987" lon="11.3940514" />
      <trkpt lat="46.0662064" lon="11.3939067" />
      <trkpt lat="46.0661980" lon="11.3938571" />
      <trkpt lat="46.0661895" lon="11.3938066" />
      <trkpt lat="46.0661447" lon="11.3937421" />
      <trkpt lat="46.0660289" lon="11.3936197" />
      <trkpt lat="46.0659841" lon="11.3935574" />
      <trkpt lat="46.0659424" lon="11.3934728" />
      <trkpt lat="46.0659131" lon="11.3934683" />
      <trkpt lat="46.0658838" lon="11.3934928" />
      <trkpt lat="46.0658776" lon="11.3935507" />
      <trkpt lat="46.0659301" lon="11.3936731" />
      <trkpt lat="46.0660011" lon="11.3938155" />
      <trkpt lat="46.0660366" lon="11.3939201" />
      <trkpt lat="46.0660363" lon="11.3939255" />
      <trkpt lat="46.0660289" lon="11.3940536" />
      <trkpt lat="46.0659779" lon="11.3942094" />
      <trkpt lat="46.0659069" lon="11.3943585" />
      <trkpt lat="46.0658575" lon="11.3945142" />
      <trkpt lat="46.0657927" lon="11.3946322" />
      <trkpt lat="46.0657371" lon="11.3947123" />
      <trkpt lat="46.0657016" lon="11.3947679" />
      <trkpt lat="46.0656830" lon="11.3948503" />
      <trkpt lat="46.0656676" lon="11.3948703" />
      <trkpt lat="46.0656275" lon="11.3948792" />
      <trkpt lat="46.0655966" lon="11.3948147" />
      <trkpt lat="46.0655858" lon="11.3946745" />
      <trkpt lat="46.0655817" lon="11.3944914" />
      <trkpt lat="46.0656421" lon="11.3941816" />
      <trkpt lat="46.0656141" lon="11.3939520" />
      <trkpt lat="46.0655295" lon="11.3936585" />
      <trkpt lat="46.0653831" lon="11.3932568" />
      <trkpt lat="46.0652994" lon="11.3930113" />
      <trkpt lat="46.0652698" lon="11.3926836" />
      <trkpt lat="46.0652793" lon="11.3923541" />
      <trkpt lat="46.0652543" lon="11.3921241" />
      <trkpt lat="46.0652674" lon="11.3919230" />
      <trkpt lat="46.0652525" lon="11.3916882" />
      <trkpt lat="46.0652330" lon="11.3916020" />
      <trkpt lat="46.0651735" lon="11.3914990" />
      <trkpt lat="46.0651080" lon="11.3912415" />
      <trkpt lat="46.0650520" lon="11.3910283" />
      <trkpt lat="46.0650246" lon="11.3909239" />
      <trkpt lat="46.0649227" lon="11.3908037" />
      <trkpt lat="46.0647438" lon="11.3904900" />
      <trkpt lat="46.0646865" lon="11.3901252" />
      <trkpt lat="46.0646129" lon="11.3896835" />
      <trkpt lat="46.0644822" lon="11.3892706" />
      <trkpt lat="46.0644052" lon="11.3890442" />
      <trkpt lat="46.0642802" lon="11.3885292" />
      <trkpt lat="46.0641978" lon="11.3883939" />
      <trkpt lat="46.0641075" lon="11.3883576" />
      <trkpt lat="46.0637918" lon="11.3881430" />
      <trkpt lat="46.0636191" lon="11.3880572" />
      <trkpt lat="46.0635044" lon="11.3878334" />
      <trkpt lat="46.0633509" lon="11.3875807" />
      <trkpt lat="46.0631547" lon="11.3875215" />
      <trkpt lat="46.0630006" lon="11.3874686" />
      <trkpt lat="46.0629582" lon="11.3875771" />
      <trkpt lat="46.0629879" lon="11.3877500" />
      <trkpt lat="46.0629582" lon="11.3875771" />
      <trkpt lat="46.0630006" lon="11.3874686" />
      <trkpt lat="46.0631547" lon="11.3875215" />
      <trkpt lat="46.0633509" lon="11.3875807" />
      <trkpt lat="46.0635044" lon="11.3878334" />
      <trkpt lat="46.0636191" lon="11.3880572" />
      <trkpt lat="46.0637918" lon="11.3881430" />
      <trkpt lat="46.0641075" lon="11.3883576" />
      <trkpt lat="46.0641978" lon="11.3883939" />
      <trkpt lat="46.0642802" lon="11.3885292" />
      <trkpt lat="46.0644052" lon="11.3890442" />
      <trkpt lat="46.0644822" lon="11.3892706" />
      <trkpt lat="46.0646129" lon="11.3896835" />
      <trkpt lat="46.0646865" lon="11.3901252" />
      <trkpt lat="46.0647438" lon="11.3904900" />
      <trkpt lat="46.0649227" lon="11.3908037" />
      <trkpt lat="46.0650246" lon="11.3909239" />
      <trkpt lat="46.0650520" lon="11.3910283" />
      <trkpt lat="46.0650341" lon="11.3910921" />
      <trkpt lat="46.0650511" lon="11.3913083" />
      <trkpt lat="46.0649785" lon="11.3914827" />
      <trkpt lat="46.0649071" lon="11.3916892" />
      <trkpt lat="46.0648902" lon="11.3919115" />
      <trkpt lat="46.0648682" lon="11.3923133" />
      <trkpt lat="46.0648247" lon="11.3926847" />
      <trkpt lat="46.0647615" lon="11.3929553" />
      <trkpt lat="46.0646722" lon="11.3932082" />
      <trkpt lat="46.0645793" lon="11.3935515" />
      <trkpt lat="46.0645729" lon="11.3937763" />
      <trkpt lat="46.0646180" lon="11.3941318" />
      <trkpt lat="46.0646218" lon="11.3942852" />
      <trkpt lat="46.0646281" lon="11.3945374" />
      <trkpt lat="46.0646523" lon="11.3946856" />
      <trkpt lat="46.0646156" lon="11.3947923" />
      <trkpt lat="46.0645812" lon="11.3948782" />
      <trkpt lat="46.0645542" lon="11.3949278" />
      <trkpt lat="46.0645049" lon="11.3949881" />
      <trkpt lat="46.0644677" lon="11.3950324" />
      <trkpt lat="46.0643802" lon="11.3950753" />
      <trkpt lat="46.0642909" lon="11.3951182" />
      <trkpt lat="46.0641494" lon="11.3951772" />
      <trkpt lat="46.0640601" lon="11.3952416" />
      <trkpt lat="46.0640340" lon="11.3953865" />
      <trkpt lat="46.0639484" lon="11.3955152" />
      <trkpt lat="46.0638516" lon="11.3957244" />
      <trkpt lat="46.0637288" lon="11.3958585" />
      <trkpt lat="46.0636172" lon="11.3960141" />
      <trkpt lat="46.0635539" lon="11.3960677" />
      <trkpt lat="46.0634459" lon="11.3961965" />
      <trkpt lat="46.0633343" lon="11.3963145" />
      <trkpt lat="46.0632784" lon="11.3964003" />
      <trkpt lat="46.0632077" lon="11.3965720" />
      <trkpt lat="46.0631519" lon="11.3967490" />
      <trkpt lat="46.0631295" lon="11.3969421" />
      <trkpt lat="46.0630886" lon="11.3971084" />
      <trkpt lat="46.0630774" lon="11.3973606" />
      <trkpt lat="46.0630328" lon="11.3975429" />
      <trkpt lat="46.0629918" lon="11.3976288" />
      <trkpt lat="46.0629472" lon="11.3977951" />
      <trkpt lat="46.0628727" lon="11.3981652" />
      <trkpt lat="46.0628132" lon="11.3984281" />
      <trkpt lat="46.0627573" lon="11.3985622" />
      <trkpt lat="46.0627142" lon="11.3987253" />
      <trkpt lat="46.0626931" lon="11.3985381" />
      <trkpt lat="46.0625736" lon="11.3979933" />
      <trkpt lat="46.0625827" lon="11.3977335" />
      <trkpt lat="46.0626273" lon="11.3974310" />
      <trkpt lat="46.0625284" lon="11.3972153" />
      <trkpt lat="46.0624757" lon="11.3970522" />
      <trkpt lat="46.0624280" lon="11.3967947" />
      <trkpt lat="46.0624344" lon="11.3963960" />
      <trkpt lat="46.0624629" lon="11.3959023" />
      <trkpt lat="46.0625719" lon="11.3955632" />
      <trkpt lat="46.0626451" lon="11.3952687" />
      <trkpt lat="46.0627250" lon="11.3950248" />
      <trkpt lat="46.0626030" lon="11.3946507" />
      <trkpt lat="46.0624697" lon="11.3942970" />
      <trkpt lat="46.0624358" lon="11.3939092" />
      <trkpt lat="46.0623149" lon="11.3937048" />
      <trkpt lat="46.0621958" lon="11.3933025" />
      <trkpt lat="46.0621541" lon="11.3928819" />
      <trkpt lat="46.0621065" lon="11.3924785" />
      <trkpt lat="46.0619457" lon="11.3921437" />
      <trkpt lat="46.0617730" lon="11.3917575" />
      <trkpt lat="46.0616896" lon="11.3915601" />
      <trkpt lat="46.0615634" lon="11.3914074" />
      <trkpt lat="46.0613156" lon="11.3909880" />
      <trkpt lat="46.0611325" lon="11.3908030" />
      <trkpt lat="46.0610541" lon="11.3906351" />
      <trkpt lat="46.0609589" lon="11.3904706" />
      <trkpt lat="46.0609182" lon="11.3904566" />
      <trkpt lat="46.0608837" lon="11.3904797" />
      <trkpt lat="46.0608234" lon="11.3905837" />
      <trkpt lat="46.0607545" lon="11.3907208" />
      <trkpt lat="46.0607151" lon="11.3908020" />
      <trkpt lat="46.0606475" lon="11.3907893" />
      <trkpt lat="46.0606280" lon="11.3907713" />
      <trkpt lat="46.0605644" lon="11.3906107" />
      <trkpt lat="46.0604373" lon="11.3903607" />
      <trkpt lat="46.0602846" lon="11.3901207" />
      <trkpt lat="46.0600522" lon="11.3898657" />
      <trkpt lat="46.0599623" lon="11.3895026" />
      <trkpt lat="46.0598211" lon="11.3893537" />
      <trkpt lat="46.0597109" lon="11.3892820" />
      <trkpt lat="46.0596024" lon="11.3891309" />
      <trkpt lat="46.0595064" lon="11.3889541" />
      <trkpt lat="46.0594566" lon="11.3888439" />
      <trkpt lat="46.0595064" lon="11.3889541" />
      <trkpt lat="46.0596024" lon="11.3891309" />
      <trkpt lat="46.0597109" lon="11.3892820" />
      <trkpt lat="46.0598211" lon="11.3893537" />
      <trkpt lat="46.0599623" lon="11.3895026" />
      <trkpt lat="46.0600522" lon="11.3898657" />
      <trkpt lat="46.0602846" lon="11.3901207" />
      <trkpt lat="46.0604373" lon="11.3903607" />
      <trkpt lat="46.0605644" lon="11.3906107" />
      <trkpt lat="46.0606280" lon="11.3907713" />
      <trkpt lat="46.0605286" lon="11.3906796" />
      <trkpt lat="46.0604207" lon="11.3905529" />
      <trkpt lat="46.0602983" lon="11.3904732" />
      <trkpt lat="46.0600649" lon="11.3904226" />
      <trkpt lat="46.0599008" lon="11.3903918" />
      <trkpt lat="46.0597487" lon="11.3902582" />
      <trkpt lat="46.0596007" lon="11.3902006" />
      <trkpt lat="46.0594899" lon="11.3902005" />
      <trkpt lat="46.0593223" lon="11.3902213" />
      <trkpt lat="46.0592224" lon="11.3901238" />
      <trkpt lat="46.0590051" lon="11.3897768" />
      <trkpt lat="46.0588653" lon="11.3895668" />
      <trkpt lat="46.0587367" lon="11.3894186" />
      <trkpt lat="46.0585999" lon="11.3893368" />
      <trkpt lat="46.0585051" lon="11.3892233" />
      <trkpt lat="46.0583624" lon="11.3890246" />
      <trkpt lat="46.0583149" lon="11.3889012" />
      <trkpt lat="46.0582839" lon="11.3887128" />
      <trkpt lat="46.0582483" lon="11.3884078" />
      <trkpt lat="46.0582411" lon="11.3881988" />
      <trkpt lat="46.0581841" lon="11.3879589" />
      <trkpt lat="46.0581199" lon="11.3876711" />
      <trkpt lat="46.0580913" lon="11.3874552" />
      <trkpt lat="46.0580985" lon="11.3872907" />
      <trkpt lat="46.0581428" lon="11.3870597" />
      <trkpt lat="46.0580985" lon="11.3872907" />
      <trkpt lat="46.0580913" lon="11.3874552" />
      <trkpt lat="46.0581199" lon="11.3876711" />
      <trkpt lat="46.0581841" lon="11.3879589" />
      <trkpt lat="46.0582411" lon="11.3881988" />
      <trkpt lat="46.0582483" lon="11.3884078" />
      <trkpt lat="46.0582839" lon="11.3887128" />
      <trkpt lat="46.0583149" lon="11.3889012" />
      <trkpt lat="46.0583624" lon="11.3890246" />
      <trkpt lat="46.0585051" lon="11.3892233" />
      <trkpt lat="46.0584871" lon="11.3893736" />
      <trkpt lat="46.0585113" lon="11.3895690" />
      <trkpt lat="46.0585791" lon="11.3897050" />
      <trkpt lat="46.0585791" lon="11.3898515" />
      <trkpt lat="46.0585815" lon="11.3900294" />
      <trkpt lat="46.0586178" lon="11.3902073" />
      <trkpt lat="46.0587146" lon="11.3902910" />
      <trkpt lat="46.0588356" lon="11.3903712" />
      <trkpt lat="46.0590075" lon="11.3905596" />
      <trkpt lat="46.0591406" lon="11.3908003" />
      <trkpt lat="46.0592229" lon="11.3909572" />
      <trkpt lat="46.0593246" lon="11.3910793" />
      <trkpt lat="46.0594141" lon="11.3912398" />
      <trkpt lat="46.0595739" lon="11.3915607" />
      <trkpt lat="46.0596877" lon="11.3918886" />
      <trkpt lat="46.0596804" lon="11.3920769" />
      <trkpt lat="46.0596804" lon="11.3922932" />
      <trkpt lat="46.0595908" lon="11.3924258" />
      <trkpt lat="46.0594698" lon="11.3924746" />
      <trkpt lat="46.0593415" lon="11.3924886" />
      <trkpt lat="46.0591987" lon="11.3924537" />
      <trkpt lat="46.0590898" lon="11.3923734" />
      <trkpt lat="46.0589760" lon="11.3922304" />
      <trkpt lat="46.0588889" lon="11.3920979" />
      <trkpt lat="46.0587606" lon="11.3920177" />
      <trkpt lat="46.0586493" lon="11.3920246" />
      <trkpt lat="46.0585355" lon="11.3920769" />
      <trkpt lat="46.0584242" lon="11.3921607" />
      <trkpt lat="46.0583225" lon="11.3922688" />
      <trkpt lat="46.0582257" lon="11.3923700" />
      <trkpt lat="46.0581756" lon="11.3924378" />
      <trkpt lat="46.0582964" lon="11.3924169" />
      <trkpt lat="46.0583784" lon="11.3924169" />
      <trkpt lat="46.0584392" lon="11.3925527" />
      <trkpt lat="46.0584665" lon="11.3927410" />
      <trkpt lat="46.0585151" lon="11.3929643" />
      <trkpt lat="46.0585486" lon="11.3930782" />
      <trkpt lat="46.0586063" lon="11.3932315" />
      <trkpt lat="46.0586671" lon="11.3933541" />
      <trkpt lat="46.0587643" lon="11.3935292" />
      <trkpt lat="46.0588525" lon="11.3936562" />
      <trkpt lat="46.0589121" lon="11.3937351" />
      <trkpt lat="46.0589822" lon="11.3938191" />
      <trkpt lat="46.0589772" lon="11.3938579" />
      <trkpt lat="46.0589652" lon="11.3938808" />
      <trkpt lat="46.0589025" lon="11.3938966" />
      <trkpt lat="46.0586058" lon="11.3938823" />
      <trkpt lat="46.0585709" lon="11.3938909" />
      <trkpt lat="46.0585600" lon="11.3939239" />
      <trkpt lat="46.0585729" lon="11.3939526" />
      <trkpt lat="46.0586287" lon="11.3939827" />
      <trkpt lat="46.0586695" lon="11.3940086" />
      <trkpt lat="46.0587481" lon="11.3940602" />
      <trkpt lat="46.0589324" lon="11.3942023" />
      <trkpt lat="46.0590299" lon="11.3943099" />
      <trkpt lat="46.0590977" lon="11.3943946" />
      <trkpt lat="46.0591375" lon="11.3944390" />
      <trkpt lat="46.0591982" lon="11.3945051" />
      <trkpt lat="46.0592221" lon="11.3945266" />
      <trkpt lat="46.0592311" lon="11.3945782" />
      <trkpt lat="46.0592171" lon="11.3946026" />
      <trkpt lat="46.0592012" lon="11.3946098" />
      <trkpt lat="46.0591494" lon="11.3946084" />
      <trkpt lat="46.0591106" lon="11.3945825" />
      <trkpt lat="46.0590917" lon="11.3945711" />
      <trkpt lat="46.0589991" lon="11.3945280" />
      <trkpt lat="46.0588388" lon="11.3945510" />
      <trkpt lat="46.0587551" lon="11.3945653" />
      <trkpt lat="46.0586775" lon="11.3945739" />
      <trkpt lat="46.0585550" lon="11.3946170" />
      <trkpt lat="46.0584594" lon="11.3946256" />
      <trkpt lat="46.0583927" lon="11.3946155" />
      <trkpt lat="46.0583359" lon="11.3946199" />
      <trkpt lat="46.0583011" lon="11.3946242" />
      <trkpt lat="46.0582981" lon="11.3946557" />
      <trkpt lat="46.0583150" lon="11.3946816" />
      <trkpt lat="46.0583837" lon="11.3947275" />
      <trkpt lat="46.0585042" lon="11.3948064" />
      <trkpt lat="46.0586147" lon="11.3948896" />
      <trkpt lat="46.0587352" lon="11.3950044" />
      <trkpt lat="46.0588318" lon="11.3950819" />
      <trkpt lat="46.0589005" lon="11.3950877" />
      <trkpt lat="46.0589901" lon="11.3950460" />
      <trkpt lat="46.0591036" lon="11.3949958" />
      <trkpt lat="46.0592251" lon="11.3950173" />
      <trkpt lat="46.0592739" lon="11.3950518" />
      <trkpt lat="46.0592958" lon="11.3951020" />
      <trkpt lat="46.0593070" lon="11.3951612" />
      <trkpt lat="46.0592729" lon="11.3952524" />
      <trkpt lat="46.0592241" lon="11.3953371" />
      <trkpt lat="46.0591792" lon="11.3954849" />
      <trkpt lat="46.0590897" lon="11.3956733" />
      <trkpt lat="46.0590243" lon="11.3958930" />
      <trkpt lat="46.0589275" lon="11.3960674" />
      <trkpt lat="46.0588059" lon="11.3961399" />
      <trkpt lat="46.0586829" lon="11.3963282" />
      <trkpt lat="46.0585402" lon="11.3965697" />
      <trkpt lat="46.0584047" lon="11.3967093" />
      <trkpt lat="46.0582546" lon="11.3967733" />
      <trkpt lat="46.0581008" lon="11.3967768" />
      <trkpt lat="46.0578842" lon="11.3967686" />
      <trkpt lat="46.0577053" lon="11.3968204" />
      <trkpt lat="46.0576215" lon="11.3968461" />
      <trkpt lat="46.0575545" lon="11.3968026" />
      <trkpt lat="46.0574001" lon="11.3966430" />
      <trkpt lat="46.0572113" lon="11.3965872" />
      <trkpt lat="46.0570370" lon="11.3966116" />
      <trkpt lat="46.0568821" lon="11.3967546" />
      <trkpt lat="46.0566909" lon="11.3969604" />
      <trkpt lat="46.0565432" lon="11.3971034" />
      <trkpt lat="46.0564052" lon="11.3972206" />
      <trkpt lat="46.0562160" lon="11.3973543" />
      <trkpt lat="46.0560644" lon="11.3974622" />
      <trkpt lat="46.0560860" lon="11.3973211" />
      <trkpt lat="46.0561611" lon="11.3971957" />
      <trkpt lat="46.0562552" lon="11.3970678" />
      <trkpt lat="46.0563935" lon="11.3968811" />
      <trkpt lat="46.0564727" lon="11.3967150" />
      <trkpt lat="46.0564512" lon="11.3965051" />
      <trkpt lat="46.0565376" lon="11.3962560" />
      <trkpt lat="46.0566817" lon="11.3959363" />
      <trkpt lat="46.0568171" lon="11.3957453" />
      <trkpt lat="46.0569049" lon="11.3955603" />
      <trkpt lat="46.0569112" lon="11.3955131" />
      <trkpt lat="46.0568993" lon="11.3954619" />
      <trkpt lat="46.0568070" lon="11.3953331" />
      <trkpt lat="46.0567239" lon="11.3952403" />
      <trkpt lat="46.0566803" lon="11.3951779" />
      <trkpt lat="46.0565898" lon="11.3949697" />
      <trkpt lat="46.0565654" lon="11.3949470" />
      <trkpt lat="46.0564715" lon="11.3948597" />
      <trkpt lat="46.0563302" lon="11.3947552" />
      <trkpt lat="46.0561700" lon="11.3946287" />
      <trkpt lat="46.0560097" lon="11.3945325" />
      <trkpt lat="46.0557692" lon="11.3944143" />
      <trkpt lat="46.0555574" lon="11.3943400" />
      <trkpt lat="46.0553704" lon="11.3942218" />
      <trkpt lat="46.0552139" lon="11.3940018" />
      <trkpt lat="46.0551739" lon="11.3938093" />
      <trkpt lat="46.0551968" lon="11.3936966" />
      <trkpt lat="46.0553017" lon="11.3934958" />
      <trkpt lat="46.0554658" lon="11.3932896" />
      <trkpt lat="46.0555536" lon="11.3931219" />
      <trkpt lat="46.0556891" lon="11.3929871" />
      <trkpt lat="46.0558360" lon="11.3927864" />
      <trkpt lat="46.0559200" lon="11.3926462" />
      <trkpt lat="46.0560326" lon="11.3923519" />
      <trkpt lat="46.0560936" lon="11.3921209" />
      <trkpt lat="46.0561642" lon="11.3918872" />
      <trkpt lat="46.0562577" lon="11.3916617" />
      <trkpt lat="46.0562959" lon="11.3914500" />
      <trkpt lat="46.0563207" lon="11.3912658" />
      <trkpt lat="46.0563207" lon="11.3911310" />
      <trkpt lat="46.0563054" lon="11.3909303" />
      <trkpt lat="46.0562921" lon="11.3906526" />
      <trkpt lat="46.0562883" lon="11.3903996" />
      <trkpt lat="46.0562692" lon="11.3901933" />
      <trkpt lat="46.0562394" lon="11.3901076" />
      <trkpt lat="46.0561852" lon="11.3899514" />
      <trkpt lat="46.0561261" lon="11.3898359" />
      <trkpt lat="46.0561852" lon="11.3899514" />
      <trkpt lat="46.0562394" lon="11.3901076" />
      <trkpt lat="46.0562692" lon="11.3901933" />
      <trkpt lat="46.0562883" lon="11.3903996" />
      <trkpt lat="46.0562921" lon="11.3906526" />
      <trkpt lat="46.0563054" lon="11.3909303" />
      <trkpt lat="46.0563207" lon="11.3911310" />
      <trkpt lat="46.0563207" lon="11.3912658" />
      <trkpt lat="46.0562959" lon="11.3914500" />
      <trkpt lat="46.0562577" lon="11.3916617" />
      <trkpt lat="46.0561642" lon="11.3918872" />
      <trkpt lat="46.0560936" lon="11.3921209" />
      <trkpt lat="46.0560326" lon="11.3923519" />
      <trkpt lat="46.0559200" lon="11.3926462" />
      <trkpt lat="46.0558360" lon="11.3927864" />
      <trkpt lat="46.0556891" lon="11.3929871" />
      <trkpt lat="46.0555536" lon="11.3931219" />
      <trkpt lat="46.0554658" lon="11.3932896" />
      <trkpt lat="46.0553017" lon="11.3934958" />
      <trkpt lat="46.0551968" lon="11.3936966" />
      <trkpt lat="46.0551739" lon="11.3938093" />
      <trkpt lat="46.0552139" lon="11.3940018" />
      <trkpt lat="46.0553704" lon="11.3942218" />
      <trkpt lat="46.0555574" lon="11.3943400" />
      <trkpt lat="46.0557692" lon="11.3944143" />
      <trkpt lat="46.0560097" lon="11.3945325" />
      <trkpt lat="46.0561700" lon="11.3946287" />
      <trkpt lat="46.0563302" lon="11.3947552" />
      <trkpt lat="46.0564715" lon="11.3948597" />
      <trkpt lat="46.0565654" lon="11.3949470" />
      <trkpt lat="46.0565898" lon="11.3949697" />
      <trkpt lat="46.0566803" lon="11.3951779" />
      <trkpt lat="46.0566144" lon="11.3951562" />
      <trkpt lat="46.0564095" lon="11.3951682" />
      <trkpt lat="46.0561184" lon="11.3952257" />
      <trkpt lat="46.0559575" lon="11.3952360" />
      <trkpt lat="46.0558544" lon="11.3952758" />
      <trkpt lat="46.0556368" lon="11.3952683" />
      <trkpt lat="46.0554008" lon="11.3952849" />
      <trkpt lat="46.0553015" lon="11.3953362" />
      <trkpt lat="46.0550414" lon="11.3955167" />
      <trkpt lat="46.0548544" lon="11.3956774" />
      <trkpt lat="46.0546971" lon="11.3957905" />
      <trkpt lat="46.0545184" lon="11.3958763" />
      <trkpt lat="46.0543827" lon="11.3958048" />
      <trkpt lat="46.0542921" lon="11.3956576" />
      <trkpt lat="46.0541506" lon="11.3955492" />
      <trkpt lat="46.0540871" lon="11.3955464" />
      <trkpt lat="46.0540353" lon="11.3956103" />
      <trkpt lat="46.0540011" lon="11.3956941" />
      <trkpt lat="46.0540003" lon="11.3958124" />
      <trkpt lat="46.0540021" lon="11.3959273" />
      <trkpt lat="46.0539379" lon="11.3959063" />
      <trkpt lat="46.0538913" lon="11.3958808" />
      <trkpt lat="46.0538671" lon="11.3958137" />
      <trkpt lat="46.0538495" lon="11.3957373" />
      <trkpt lat="46.0538463" lon="11.3956771" />
      <trkpt lat="46.0538511" lon="11.3956122" />
      <trkpt lat="46.0538463" lon="11.3955242" />
      <trkpt lat="46.0538205" lon="11.3954733" />
      <trkpt lat="46.0537707" lon="11.3954686" />
      <trkpt lat="46.0537458" lon="11.3954904" />
      <trkpt lat="46.0537221" lon="11.3954621" />
      <trkpt lat="46.0536723" lon="11.3954135" />
      <trkpt lat="46.0535666" lon="11.3954432" />
      <trkpt lat="46.0534863" lon="11.3954177" />
      <trkpt lat="46.0533449" lon="11.3954362" />
      <trkpt lat="46.0532308" lon="11.3954522" />
      <trkpt lat="46.0533072" lon="11.3953853" />
      <trkpt lat="46.0533588" lon="11.3953419" />
      <trkpt lat="46.0533656" lon="11.3953125" />
      <trkpt lat="46.0533338" lon="11.3953141" />
      <trkpt lat="46.0532691" lon="11.3953256" />
      <trkpt lat="46.0532372" lon="11.3953141" />
      <trkpt lat="46.0532338" lon="11.3952814" />
      <trkpt lat="46.0533031" lon="11.3952093" />
      <trkpt lat="46.0533850" lon="11.3951667" />
      <trkpt lat="46.0534316" lon="11.3951192" />
      <trkpt lat="46.0534281" lon="11.3950767" />
      <trkpt lat="46.0534066" lon="11.3950636" />
      <trkpt lat="46.0533543" lon="11.3950570" />
      <trkpt lat="46.0532588" lon="11.3950701" />
      <trkpt lat="46.0530691" lon="11.3951012" />
      <trkpt lat="46.0529782" lon="11.3951160" />
      <trkpt lat="46.0529032" lon="11.3950963" />
      <trkpt lat="46.0527695" lon="11.3950068" />
      <trkpt lat="46.0527116" lon="11.3949443" />
      <trkpt lat="46.0526618" lon="11.3949211" />
      <trkpt lat="46.0526281" lon="11.3949466" />
      <trkpt lat="46.0525670" lon="11.3950230" />
      <trkpt lat="46.0524883" lon="11.3950299" />
      <trkpt lat="46.0523790" lon="11.3950369" />
      <trkpt lat="46.0522097" lon="11.3950839" />
      <trkpt lat="46.0520756" lon="11.3950643" />
      <trkpt lat="46.0519552" lon="11.3951003" />
      <trkpt lat="46.0518279" lon="11.3951200" />
      <trkpt lat="46.0516642" lon="11.3951363" />
      <trkpt lat="46.0515824" lon="11.3951396" />
      <trkpt lat="46.0514392" lon="11.3950872" />
      <trkpt lat="46.0513279" lon="11.3950872" />
      <trkpt lat="46.0511324" lon="11.3951625" />
      <trkpt lat="46.0509211" lon="11.3951494" />
      <trkpt lat="46.0508750" lon="11.3951398" />
      <trkpt lat="46.0507642" lon="11.3951167" />
      <trkpt lat="46.0506847" lon="11.3950872" />
      <trkpt lat="46.0506051" lon="11.3950086" />
      <trkpt lat="46.0505597" lon="11.3948907" />
      <trkpt lat="46.0504967" lon="11.3948519" />
      <trkpt lat="46.0504404" lon="11.3948565" />
      <trkpt lat="46.0503809" lon="11.3948681" />
      <trkpt lat="46.0503118" lon="11.3948334" />
      <trkpt lat="46.0502476" lon="11.3947894" />
      <trkpt lat="46.0501929" lon="11.3946666" />
      <trkpt lat="46.0501736" lon="11.3945891" />
      <trkpt lat="46.0501624" lon="11.3945416" />
      <trkpt lat="46.0501326" lon="11.3944200" />
      <trkpt lat="46.0501166" lon="11.3942829" />
      <trkpt lat="46.0500598" lon="11.3940520" />
      <trkpt lat="46.0500041" lon="11.3939079" />
      <trkpt lat="46.0498950" lon="11.3937016" />
      <trkpt lat="46.0498132" lon="11.3935362" />
      <trkpt lat="46.0498064" lon="11.3934658" />
      <trkpt lat="46.0498268" lon="11.3934314" />
      <trkpt lat="46.0498575" lon="11.3934347" />
      <trkpt lat="46.0499189" lon="11.3934380" />
      <trkpt lat="46.0500200" lon="11.3934183" />
      <trkpt lat="46.0502250" lon="11.3933553" />
      <trkpt lat="46.0502989" lon="11.3933136" />
      <trkpt lat="46.0504227" lon="11.3932789" />
      <trkpt lat="46.0504765" lon="11.3932789" />
      <trkpt lat="46.0505143" lon="11.3932384" />
      <trkpt lat="46.0505151" lon="11.3931631" />
      <trkpt lat="46.0504998" lon="11.3930578" />
      <trkpt lat="46.0504902" lon="11.3929871" />
      <trkpt lat="46.0504262" lon="11.3928597" />
      <trkpt lat="46.0503628" lon="11.3927512" />
      <trkpt lat="46.0503461" lon="11.3926828" />
      <trkpt lat="46.0503144" lon="11.3925594" />
      <trkpt lat="46.0503163" lon="11.3924360" />
      <trkpt lat="46.0503219" lon="11.3923100" />
      <trkpt lat="46.0503573" lon="11.3922134" />
      <trkpt lat="46.0504112" lon="11.3921571" />
      <trkpt lat="46.0504689" lon="11.3920444" />
      <trkpt lat="46.0505211" lon="11.3919237" />
      <trkpt lat="46.0505788" lon="11.3917923" />
      <trkpt lat="46.0506048" lon="11.3916770" />
      <trkpt lat="46.0506067" lon="11.3915402" />
      <trkpt lat="46.0505620" lon="11.3914356" />
      <trkpt lat="46.0505025" lon="11.3913712" />
      <trkpt lat="46.0504522" lon="11.3912854" />
      <trkpt lat="46.0503982" lon="11.3912210" />
      <trkpt lat="46.0503833" lon="11.3911137" />
      <trkpt lat="46.0503889" lon="11.3910440" />
      <trkpt lat="46.0504150" lon="11.3909984" />
      <trkpt lat="46.0504392" lon="11.3909689" />
      <trkpt lat="46.0504884" lon="11.3909583" />
      <trkpt lat="46.0504820" lon="11.3909085" />
      <trkpt lat="46.0505146" lon="11.3908709" />
      <trkpt lat="46.0505025" lon="11.3908267" />
      <trkpt lat="46.0505118" lon="11.3907972" />
      <trkpt lat="46.0505583" lon="11.3907945" />
      <trkpt lat="46.0506048" lon="11.3907918" />
      <trkpt lat="46.0506514" lon="11.3907865" />
      <trkpt lat="46.0506849" lon="11.3907436" />
      <trkpt lat="46.0507035" lon="11.3906845" />
      <trkpt lat="46.0507686" lon="11.3905799" />
      <trkpt lat="46.0508152" lon="11.3905343" />
      <trkpt lat="46.0508468" lon="11.3904726" />
      <trkpt lat="46.0508934" lon="11.3903707" />
      <trkpt lat="46.0509492" lon="11.3903224" />
      <trkpt lat="46.0509827" lon="11.3902849" />
      <trkpt lat="46.0509939" lon="11.3902044" />
      <trkpt lat="46.0509716" lon="11.3901588" />
      <trkpt lat="46.0509343" lon="11.3900703" />
      <trkpt lat="46.0509176" lon="11.3900194" />
      <trkpt lat="46.0509325" lon="11.3899523" />
      <trkpt lat="46.0509343" lon="11.3898531" />
      <trkpt lat="46.0509287" lon="11.3898075" />
      <trkpt lat="46.0509548" lon="11.3897726" />
      <trkpt lat="46.0509883" lon="11.3897619" />
      <trkpt lat="46.0510237" lon="11.3897243" />
      <trkpt lat="46.0510237" lon="11.3896814" />
      <trkpt lat="46.0509902" lon="11.3896358" />
      <trkpt lat="46.0509678" lon="11.3895822" />
      <trkpt lat="46.0510088" lon="11.3895285" />
      <trkpt lat="46.0511168" lon="11.3894588" />
      <trkpt lat="46.0512731" lon="11.3893998" />
      <trkpt lat="46.0513960" lon="11.3893890" />
      <trkpt lat="46.0514704" lon="11.3893622" />
      <trkpt lat="46.0515300" lon="11.3892925" />
      <trkpt lat="46.0515896" lon="11.3891369" />
      <trkpt lat="46.0516417" lon="11.3890403" />
      <trkpt lat="46.0516656" lon="11.3889308" />
      <trkpt lat="46.0518852" lon="11.3889214" />
      <trkpt lat="46.0520981" lon="11.3889591" />
      <trkpt lat="46.0522882" lon="11.3890961" />
      <trkpt lat="46.0524258" lon="11.3893185" />
      <trkpt lat="46.0524898" lon="11.3895263" />
      <trkpt lat="46.0525725" lon="11.3894817" />
      <trkpt lat="46.0527050" lon="11.3893879" />
      <trkpt lat="46.0527596" lon="11.3893613" />
      <trkpt lat="46.0528384" lon="11.3893034" />
      <trkpt lat="46.0529145" lon="11.3892477" />
      <trkpt lat="46.0529588" lon="11.3892428" />
      <trkpt lat="46.0529759" lon="11.3892641" />
      <trkpt lat="46.0530043" lon="11.3893362" />
      <trkpt lat="46.0530315" lon="11.3893967" />
      <trkpt lat="46.0530486" lon="11.3894377" />
      <trkpt lat="46.0530656" lon="11.3894540" />
      <trkpt lat="46.0530486" lon="11.3894377" />
      <trkpt lat="46.0530315" lon="11.3893967" />
      <trkpt lat="46.0530043" lon="11.3893362" />
      <trkpt lat="46.0529759" lon="11.3892641" />
      <trkpt lat="46.0529588" lon="11.3892428" />
      <trkpt lat="46.0529145" lon="11.3892477" />
      <trkpt lat="46.0528384" lon="11.3893034" />
      <trkpt lat="46.0527596" lon="11.3893613" />
      <trkpt lat="46.0527050" lon="11.3893879" />
      <trkpt lat="46.0525725" lon="11.3894817" />
      <trkpt lat="46.0524898" lon="11.3895263" />
      <trkpt lat="46.0524258" lon="11.3893185" />
      <trkpt lat="46.0522882" lon="11.3890961" />
      <trkpt lat="46.0520981" lon="11.3889591" />
      <trkpt lat="46.0518852" lon="11.3889214" />
      <trkpt lat="46.0516656" lon="11.3889308" />
      <trkpt lat="46.0515651" lon="11.3888901" />
      <trkpt lat="46.0514307" lon="11.3888357" />
      <trkpt lat="46.0515651" lon="11.3888901" />
      <trkpt lat="46.0514183" lon="11.3887024" />
      <trkpt lat="46.0511987" lon="11.3884342" />
      <trkpt lat="46.0509753" lon="11.3882786" />
      <trkpt lat="46.0505397" lon="11.3879943" />
      <trkpt lat="46.0502493" lon="11.3878065" />
      <trkpt lat="46.0499068" lon="11.3875169" />
      <trkpt lat="46.0495047" lon="11.3871360" />
      <trkpt lat="46.0493260" lon="11.3868731" />
      <trkpt lat="46.0491808" lon="11.3865352" />
      <trkpt lat="46.0489834" lon="11.3863260" />
      <trkpt lat="46.0489201" lon="11.3862133" />
      <trkpt lat="46.0489276" lon="11.3860792" />
      <trkpt lat="46.0489904" lon="11.3859975" />
      <trkpt lat="46.0485887" lon="11.3858942" />
      <trkpt lat="46.0483776" lon="11.3856248" />
      <trkpt lat="46.0481174" lon="11.3854197" />
      <trkpt lat="46.0478867" lon="11.3853914" />
      <trkpt lat="46.0476855" lon="11.3852782" />
      <trkpt lat="46.0474321" lon="11.3851458" />
      <trkpt lat="46.0472391" lon="11.3850434" />
      <trkpt lat="46.0471799" lon="11.3850963" />
      <trkpt lat="46.0472201" lon="11.3852052" />
      <trkpt lat="46.0473075" lon="11.3852853" />
      <trkpt lat="46.0475333" lon="11.3854480" />
      <trkpt lat="46.0476658" lon="11.3855682" />
      <trkpt lat="46.0477836" lon="11.3857945" />
      <trkpt lat="46.0478785" lon="11.3859791" />
      <trkpt lat="46.0479211" lon="11.3862684" />
      <trkpt lat="46.0480291" lon="11.3865442" />
      <trkpt lat="46.0482459" lon="11.3867033" />
      <trkpt lat="46.0481830" lon="11.3867819" />
      <trkpt lat="46.0481978" lon="11.3868678" />
      <trkpt lat="46.0482500" lon="11.3870180" />
      <trkpt lat="46.0482909" lon="11.3871843" />
      <trkpt lat="46.0483356" lon="11.3873184" />
      <trkpt lat="46.0483356" lon="11.3874417" />
      <trkpt lat="46.0483803" lon="11.3876241" />
      <trkpt lat="46.0484138" lon="11.3877582" />
      <trkpt lat="46.0484622" lon="11.3878387" />
      <trkpt lat="46.0485292" lon="11.3878494" />
      <trkpt lat="46.0485962" lon="11.3879889" />
      <trkpt lat="46.0487042" lon="11.3881016" />
      <trkpt lat="46.0488010" lon="11.3882410" />
      <trkpt lat="46.0488531" lon="11.3883430" />
      <trkpt lat="46.0489201" lon="11.3884878" />
      <trkpt lat="46.0490691" lon="11.3886112" />
      <trkpt lat="46.0491770" lon="11.3887131" />
      <trkpt lat="46.0489760" lon="11.3887399" />
      <trkpt lat="46.0488010" lon="11.3887668" />
      <trkpt lat="46.0487116" lon="11.3887078" />
      <trkpt lat="46.0485441" lon="11.3885468" />
      <trkpt lat="46.0483728" lon="11.3884878" />
      <trkpt lat="46.0481830" lon="11.3884073" />
      <trkpt lat="46.0479298" lon="11.3882250" />
      <trkpt lat="46.0477548" lon="11.3880801" />
      <trkpt lat="46.0475314" lon="11.3878012" />
      <trkpt lat="46.0473229" lon="11.3876241" />
      <trkpt lat="46.0471814" lon="11.3875866" />
      <trkpt lat="46.0469990" lon="11.3875115" />
      <trkpt lat="46.0468351" lon="11.3874954" />
      <trkpt lat="46.0466750" lon="11.3874310" />
      <trkpt lat="46.0465112" lon="11.3873613" />
      <trkpt lat="46.0464144" lon="11.3873130" />
      <trkpt lat="46.0463660" lon="11.3873184" />
      <trkpt lat="46.0463548" lon="11.3873881" />
      <trkpt lat="46.0464107" lon="11.3874364" />
      <trkpt lat="46.0465224" lon="11.3875437" />
      <trkpt lat="46.0465633" lon="11.3876778" />
      <trkpt lat="46.0467011" lon="11.3878334" />
      <trkpt lat="46.0468314" lon="11.3879782" />
      <trkpt lat="46.0469543" lon="11.3880962" />
      <trkpt lat="46.0469915" lon="11.3881606" />
      <trkpt lat="46.0469655" lon="11.3882142" />
      <trkpt lat="46.0469206" lon="11.3882485" />
      <trkpt lat="46.0469022" lon="11.3882625" />
      <trkpt lat="46.0468314" lon="11.3882598" />
      <trkpt lat="46.0469022" lon="11.3882625" />
      <trkpt lat="46.0469206" lon="11.3882485" />
      <trkpt lat="46.0469543" lon="11.3883215" />
      <trkpt lat="46.0469841" lon="11.3883966" />
      <trkpt lat="46.0470232" lon="11.3884798" />
      <trkpt lat="46.0470753" lon="11.3885415" />
      <trkpt lat="46.0471274" lon="11.3886058" />
      <trkpt lat="46.0471498" lon="11.3886836" />
      <trkpt lat="46.0472131" lon="11.3887534" />
      <trkpt lat="46.0472801" lon="11.3888338" />
      <trkpt lat="46.0473508" lon="11.3889304" />
      <trkpt lat="46.0473825" lon="11.3889894" />
      <trkpt lat="46.0473676" lon="11.3890752" />
      <trkpt lat="46.0473936" lon="11.3891825" />
      <trkpt lat="46.0474067" lon="11.3892657" />
      <trkpt lat="46.0474458" lon="11.3893381" />
      <trkpt lat="46.0474569" lon="11.3894105" />
      <trkpt lat="46.0474960" lon="11.3894641" />
      <trkpt lat="46.0475333" lon="11.3895527" />
      <trkpt lat="46.0475723" lon="11.3896278" />
      <trkpt lat="46.0475928" lon="11.3897002" />
      <trkpt lat="46.0475817" lon="11.3897619" />
      <trkpt lat="46.0475612" lon="11.3898182" />
      <trkpt lat="46.0475854" lon="11.3898638" />
      <trkpt lat="46.0476375" lon="11.3898852" />
      <trkpt lat="46.0476729" lon="11.3899416" />
      <trkpt lat="46.0477269" lon="11.3900194" />
      <trkpt lat="46.0477883" lon="11.3900650" />
      <trkpt lat="46.0478330" lon="11.3901374" />
      <trkpt lat="46.0478572" lon="11.3902205" />
      <trkpt lat="46.0479074" lon="11.3903010" />
      <trkpt lat="46.0479875" lon="11.3903519" />
      <trkpt lat="46.0480675" lon="11.3904351" />
      <trkpt lat="46.0481476" lon="11.3904780" />
      <trkpt lat="46.0482183" lon="11.3906121" />
      <trkpt lat="46.0483151" lon="11.3907167" />
      <trkpt lat="46.0483998" lon="11.3907972" />
      <trkpt lat="46.0484910" lon="11.3908897" />
      <trkpt lat="46.0485860" lon="11.3909380" />
      <trkpt lat="46.0484827" lon="11.3909367" />
      <trkpt lat="46.0483933" lon="11.3909179" />
      <trkpt lat="46.0483226" lon="11.3909501" />
      <trkpt lat="46.0482407" lon="11.3909635" />
      <trkpt lat="46.0481662" lon="11.3909554" />
      <trkpt lat="46.0480899" lon="11.3909233" />
      <trkpt lat="46.0479987" lon="11.3909206" />
      <trkpt lat="46.0479223" lon="11.3909072" />
      <trkpt lat="46.0478516" lon="11.3908723" />
      <trkpt lat="46.0477753" lon="11.3908777" />
      <trkpt lat="46.0477008" lon="11.3908643" />
      <trkpt lat="46.0476505" lon="11.3908777" />
      <trkpt lat="46.0476003" lon="11.3908964" />
      <trkpt lat="46.0475686" lon="11.3909206" />
      <trkpt lat="46.0475779" lon="11.3909823" />
      <trkpt lat="46.0476263" lon="11.3910359" />
      <trkpt lat="46.0476915" lon="11.3910869" />
      <trkpt lat="46.0477455" lon="11.3911459" />
      <trkpt lat="46.0477808" lon="11.3912156" />
      <trkpt lat="46.0478069" lon="11.3912880" />
      <trkpt lat="46.0478078" lon="11.3913446" />
      <trkpt lat="46.0476780" lon="11.3912963" />
      <trkpt lat="46.0474021" lon="11.3912631" />
      <trkpt lat="46.0472803" lon="11.3912110" />
      <trkpt lat="46.0471646" lon="11.3911596" />
      <trkpt lat="46.0470911" lon="11.3911850" />
      <trkpt lat="46.0470705" lon="11.3912255" />
      <trkpt lat="46.0470746" lon="11.3912731" />
      <trkpt lat="46.0471273" lon="11.3913146" />
      <trkpt lat="46.0473001" lon="11.3913653" />
      <trkpt lat="46.0474749" lon="11.3914791" />
      <trkpt lat="46.0475680" lon="11.3915766" />
      <trkpt lat="46.0477030" lon="11.3917975" />
      <trkpt lat="46.0477953" lon="11.3919569" />
      <trkpt lat="46.0478006" lon="11.3919647" />
      <trkpt lat="46.0479884" lon="11.3922403" />
      <trkpt lat="46.0480756" lon="11.3923528" />
      <trkpt lat="46.0481457" lon="11.3923995" />
      <trkpt lat="46.0483205" lon="11.3924702" />
      <trkpt lat="46.0483751" lon="11.3925020" />
      <trkpt lat="46.0484151" lon="11.3925729" />
      <trkpt lat="46.0484632" lon="11.3927359" />
      <trkpt lat="46.0484847" lon="11.3927925" />
      <trkpt lat="46.0485613" lon="11.3929365" />
      <trkpt lat="46.0486688" lon="11.3930366" />
      <trkpt lat="46.0487617" lon="11.3930893" />
      <trkpt lat="46.0489228" lon="11.3931063" />
      <trkpt lat="46.0490290" lon="11.3931568" />
      <trkpt lat="46.0490862" lon="11.3932306" />
      <trkpt lat="46.0491016" lon="11.3933101" />
      <trkpt lat="46.0490730" lon="11.3933799" />
      <trkpt lat="46.0489820" lon="11.3935211" />
      <trkpt lat="46.0489127" lon="11.3937009" />
      <trkpt lat="46.0488888" lon="11.3939298" />
      <trkpt lat="46.0488914" lon="11.3941537" />
      <trkpt lat="46.0489523" lon="11.3943632" />
      <trkpt lat="46.0490393" lon="11.3945021" />
      <trkpt lat="46.0492051" lon="11.3946707" />
      <trkpt lat="46.0494506" lon="11.3949887" />
      <trkpt lat="46.0496124" lon="11.3953762" />
      <trkpt lat="46.0498038" lon="11.3957207" />
      <trkpt lat="46.0499342" lon="11.3958186" />
      <trkpt lat="46.0500031" lon="11.3958857" />
      <trkpt lat="46.0500623" lon="11.3960185" />
      <trkpt lat="46.0500756" lon="11.3962137" />
      <trkpt lat="46.0500607" lon="11.3965164" />
      <trkpt lat="46.0499761" lon="11.3967913" />
      <trkpt lat="46.0499469" lon="11.3969046" />
      <trkpt lat="46.0499378" lon="11.3969540" />
      <trkpt lat="46.0499277" lon="11.3970057" />
      <trkpt lat="46.0499306" lon="11.3971075" />
      <trkpt lat="46.0499478" lon="11.3971903" />
      <trkpt lat="46.0499660" lon="11.3972595" />
      <trkpt lat="46.0500029" lon="11.3974172" />
      <trkpt lat="46.0500236" lon="11.3974983" />
      <trkpt lat="46.0500266" lon="11.3975410" />
      <trkpt lat="46.0500077" lon="11.3975851" />
      <trkpt lat="46.0500417" lon="11.3977253" />
      <trkpt lat="46.0500771" lon="11.3978809" />
      <trkpt lat="46.0501153" lon="11.3980123" />
      <trkpt lat="46.0501488" lon="11.3981397" />
      <trkpt lat="46.0501767" lon="11.3982189" />
      <trkpt lat="46.0502018" lon="11.3983195" />
      <trkpt lat="46.0502223" lon="11.3983946" />
      <trkpt lat="46.0502297" lon="11.3984925" />
      <trkpt lat="46.0502148" lon="11.3985434" />
      <trkpt lat="46.0501906" lon="11.3985971" />
      <trkpt lat="46.0501553" lon="11.3986333" />
      <trkpt lat="46.0501291" lon="11.3986494" />
      <trkpt lat="46.0501308" lon="11.3986970" />
      <trkpt lat="46.0500816" lon="11.3987710" />
      <trkpt lat="46.0499668" lon="11.3987490" />
      <trkpt lat="46.0497306" lon="11.3985269" />
      <trkpt lat="46.0496051" lon="11.3983490" />
      <trkpt lat="46.0495095" lon="11.3981956" />
      <trkpt lat="46.0494004" lon="11.3980717" />
      <trkpt lat="46.0493523" lon="11.3980786" />
      <trkpt lat="46.0493320" lon="11.3981544" />
      <trkpt lat="46.0493529" lon="11.3982131" />
      <trkpt lat="46.0494125" lon="11.3984411" />
      <trkpt lat="46.0494395" lon="11.3987160" />
      <trkpt lat="46.0494944" lon="11.3991170" />
      <trkpt lat="46.0495935" lon="11.3993887" />
      <trkpt lat="46.0497097" lon="11.3995544" />
      <trkpt lat="46.0498380" lon="11.3996462" />
      <trkpt lat="46.0498957" lon="11.3997065" />
      <trkpt lat="46.0500483" lon="11.3998178" />
      <trkpt lat="46.0501144" lon="11.3998312" />
      <trkpt lat="46.0502634" lon="11.3997991" />
      <trkpt lat="46.0503546" lon="11.3997347" />
      <trkpt lat="46.0504821" lon="11.3996395" />
      <trkpt lat="46.0505752" lon="11.3994423" />
      <trkpt lat="46.0506496" lon="11.3990333" />
      <trkpt lat="46.0506673" lon="11.3989273" />
      <trkpt lat="46.0507315" lon="11.3988429" />
      <trkpt lat="46.0508628" lon="11.3987651" />
      <trkpt lat="46.0509586" lon="11.3987865" />
      <trkpt lat="46.0510053" lon="11.3988984" />
      <trkpt lat="46.0510135" lon="11.3989180" />
      <trkpt lat="46.0508981" lon="11.3990413" />
      <trkpt lat="46.0508572" lon="11.3991647" />
      <trkpt lat="46.0507957" lon="11.3992774" />
      <trkpt lat="46.0507306" lon="11.3995751" />
      <trkpt lat="46.0506291" lon="11.4000952" />
      <trkpt lat="46.0505863" lon="11.4002722" />
      <trkpt lat="46.0505542" lon="11.4004047" />
      <trkpt lat="46.0504346" lon="11.4007070" />
      <trkpt lat="46.0503676" lon="11.4008921" />
      <trkpt lat="46.0502903" lon="11.4010923" />
      <trkpt lat="46.0502051" lon="11.4012737" />
      <trkpt lat="46.0500618" lon="11.4014073" />
      <trkpt lat="46.0499103" lon="11.4016297" />
      <trkpt lat="46.0497785" lon="11.4018702" />
      <trkpt lat="46.0496416" lon="11.4020459" />
      <trkpt lat="46.0495346" lon="11.4021632" />
      <trkpt lat="46.0494951" lon="11.4022115" />
      <trkpt lat="46.0493935" lon="11.4023422" />
      <trkpt lat="46.0492605" lon="11.4026604" />
      <trkpt lat="46.0491435" lon="11.4028336" />
      <trkpt lat="46.0490552" lon="11.4030651" />
      <trkpt lat="46.0489977" lon="11.4031263" />
      <trkpt lat="46.0489025" lon="11.4031463" />
      <trkpt lat="46.0487882" lon="11.4031485" />
      <trkpt lat="46.0486092" lon="11.4031518" />
      <trkpt lat="46.0485377" lon="11.4031532" />
      <trkpt lat="46.0483015" lon="11.4033238" />
      <trkpt lat="46.0482003" lon="11.4034112" />
      <trkpt lat="46.0480836" lon="11.4034842" />
      <trkpt lat="46.0479611" lon="11.4035476" />
      <trkpt lat="46.0478663" lon="11.4033181" />
      <trkpt lat="46.0477795" lon="11.4031447" />
      <trkpt lat="46.0477025" lon="11.4030902" />
      <trkpt lat="46.0476531" lon="11.4030552" />
      <trkpt lat="46.0476402" lon="11.4030432" />
      <trkpt lat="46.0475372" lon="11.4029468" />
      <trkpt lat="46.0474216" lon="11.4028183" />
      <trkpt lat="46.0473562" lon="11.4026618" />
      <trkpt lat="46.0472914" lon="11.4024366" />
      <trkpt lat="46.0472429" lon="11.4022910" />
      <trkpt lat="46.0471542" lon="11.4014980" />
      <trkpt lat="46.0471311" lon="11.4012048" />
      <trkpt lat="46.0471173" lon="11.4009309" />
      <trkpt lat="46.0471006" lon="11.4005998" />
      <trkpt lat="46.0470153" lon="11.4002177" />
      <trkpt lat="46.0469277" lon="11.4000844" />
      <trkpt lat="46.0468412" lon="11.3999526" />
      <trkpt lat="46.0466770" lon="11.3997633" />
      <trkpt lat="46.0465716" lon="11.3996753" />
      <trkpt lat="46.0464635" lon="11.3994466" />
      <trkpt lat="46.0464163" lon="11.3993466" />
      <trkpt lat="46.0460578" lon="11.3985273" />
      <trkpt lat="46.0459535" lon="11.3978514" />
      <trkpt lat="46.0459298" lon="11.3976111" />
      <trkpt lat="46.0458928" lon="11.3974818" />
      <trkpt lat="46.0458944" lon="11.3973690" />
      <trkpt lat="46.0458634" lon="11.3972321" />
      <trkpt lat="46.0458188" lon="11.3971385" />
      <trkpt lat="46.0457432" lon="11.3970310" />
      <trkpt lat="46.0456879" lon="11.3969486" />
      <trkpt lat="46.0456278" lon="11.3968592" />
      <trkpt lat="46.0455638" lon="11.3967572" />
      <trkpt lat="46.0455008" lon="11.3966915" />
      <trkpt lat="46.0454349" lon="11.3966217" />
      <trkpt lat="46.0453115" lon="11.3964893" />
      <trkpt lat="46.0452278" lon="11.3963807" />
      <trkpt lat="46.0451760" lon="11.3962787" />
      <trkpt lat="46.0451401" lon="11.3961879" />
      <trkpt lat="46.0450887" lon="11.3959651" />
      <trkpt lat="46.0450257" lon="11.3957514" />
      <trkpt lat="46.0449714" lon="11.3956382" />
      <trkpt lat="46.0449219" lon="11.3955502" />
      <trkpt lat="46.0448288" lon="11.3954915" />
      <trkpt lat="46.0447144" lon="11.3954105" />
      <trkpt lat="46.0446320" lon="11.3953588" />
      <trkpt lat="46.0445244" lon="11.3952960" />
      <trkpt lat="46.0444856" lon="11.3951912" />
      <trkpt lat="46.0443809" lon="11.3950557" />
      <trkpt lat="46.0442626" lon="11.3949174" />
      <trkpt lat="46.0440803" lon="11.3947581" />
      <trkpt lat="46.0439290" lon="11.3946352" />
      <trkpt lat="46.0437225" lon="11.3944438" />
      <trkpt lat="46.0435829" lon="11.3943265" />
      <trkpt lat="46.0433696" lon="11.3941742" />
      <trkpt lat="46.0432076" lon="11.3940890" />
      <trkpt lat="46.0430360" lon="11.3939772" />
      <trkpt lat="46.0428964" lon="11.3937034" />
      <trkpt lat="46.0428479" lon="11.3935498" />
      <trkpt lat="46.0427645" lon="11.3934436" />
      <trkpt lat="46.0426433" lon="11.3933766" />
      <trkpt lat="46.0425473" lon="11.3933626" />
      <trkpt lat="46.0425298" lon="11.3933514" />
      <trkpt lat="46.0425153" lon="11.3933011" />
      <trkpt lat="46.0427131" lon="11.3930469" />
      <trkpt lat="46.0425153" lon="11.3933011" />
      <trkpt lat="46.0424750" lon="11.3933908" />
      <trkpt lat="46.0424295" lon="11.3936882" />
      <trkpt lat="46.0423773" lon="11.3938156" />
      <trkpt lat="46.0423045" lon="11.3938992" />
      <trkpt lat="46.0422372" lon="11.3939529" />
      <trkpt lat="46.0421473" lon="11.3939542" />
      <trkpt lat="46.0420840" lon="11.3939434" />
      <trkpt lat="46.0419854" lon="11.3939247" />
      <trkpt lat="46.0418736" lon="11.3939112" />
      <trkpt lat="46.0417768" lon="11.3939112" />
      <trkpt lat="46.0416651" lon="11.3939193" />
      <trkpt lat="46.0415702" lon="11.3939542" />
      <trkpt lat="46.0414473" lon="11.3939810" />
      <trkpt lat="46.0412425" lon="11.3940024" />
      <trkpt lat="46.0410861" lon="11.3939595" />
      <trkpt lat="46.0409111" lon="11.3939166" />
      <trkpt lat="46.0407547" lon="11.3938522" />
      <trkpt lat="46.0406430" lon="11.3937396" />
      <trkpt lat="46.0405760" lon="11.3936216" />
      <trkpt lat="46.0405229" lon="11.3934995" />
      <trkpt lat="46.0404596" lon="11.3934155" />
      <trkpt lat="46.0405121" lon="11.3934760" />
      <trkpt lat="46.0405715" lon="11.3934803" />
      <trkpt lat="46.0406883" lon="11.3934275" />
      <trkpt lat="46.0410042" lon="11.3934120" />
      <trkpt lat="46.0406883" lon="11.3934275" />
      <trkpt lat="46.0405715" lon="11.3934803" />
      <trkpt lat="46.0405121" lon="11.3934760" />
      <trkpt lat="46.0404596" lon="11.3934155" />
      <trkpt lat="46.0403139" lon="11.3932004" />
      <trkpt lat="46.0401385" lon="11.3929814" />
      <trkpt lat="46.0400367" lon="11.3928486" />
      <trkpt lat="46.0400381" lon="11.3929365" />
      <trkpt lat="46.0399594" lon="11.3932755" />
      <trkpt lat="46.0399460" lon="11.3933959" />
      <trkpt lat="46.0399546" lon="11.3935294" />
      <trkpt lat="46.0400194" lon="11.3937722" />
      <trkpt lat="46.0401250" lon="11.3940461" />
      <trkpt lat="46.0401598" lon="11.3943486" />
      <trkpt lat="46.0402074" lon="11.3951794" />
      <trkpt lat="46.0402532" lon="11.3956334" />
      <trkpt lat="46.0403815" lon="11.3963526" />
      <trkpt lat="46.0403663" lon="11.3964331" />
      <trkpt lat="46.0400372" lon="11.3964699" />
      <trkpt lat="46.0396890" lon="11.3965089" />
      <trkpt lat="46.0394655" lon="11.3964884" />
      <trkpt lat="46.0393193" lon="11.3964109" />
      <trkpt lat="46.0392129" lon="11.3962908" />
      <trkpt lat="46.0389959" lon="11.3960201" />
      <trkpt lat="46.0385322" lon="11.3959415" />
      <trkpt lat="46.0380063" lon="11.3958754" />
      <trkpt lat="46.0378227" lon="11.3959414" />
      <trkpt lat="46.0376678" lon="11.3959846" />
      <trkpt lat="46.0375452" lon="11.3959913" />
      <trkpt lat="46.0374753" lon="11.3960010" />
      <trkpt lat="46.0373021" lon="11.3960563" />
      <trkpt lat="46.0371450" lon="11.3961117" />
      <trkpt lat="46.0371132" lon="11.3961188" />
      <trkpt lat="46.0370615" lon="11.3961089" />
      <trkpt lat="46.0368839" lon="11.3961363" />
      <trkpt lat="46.0368856" lon="11.3960404" />
      <trkpt lat="46.0369118" lon="11.3958838" />
      <trkpt lat="46.0370211" lon="11.3956909" />
      <trkpt lat="46.0371609" lon="11.3953176" />
      <trkpt lat="46.0372162" lon="11.3951260" />
      <trkpt lat="46.0372521" lon="11.3949442" />
      <trkpt lat="46.0372540" lon="11.3947387" />
      <trkpt lat="46.0372521" lon="11.3949442" />
      <trkpt lat="46.0372162" lon="11.3951260" />
      <trkpt lat="46.0371609" lon="11.3953176" />
      <trkpt lat="46.0370211" lon="11.3956909" />
      <trkpt lat="46.0369118" lon="11.3958838" />
      <trkpt lat="46.0368856" lon="11.3960404" />
      <trkpt lat="46.0368839" lon="11.3961363" />
      <trkpt lat="46.0367717" lon="11.3961981" />
      <trkpt lat="46.0367819" lon="11.3962157" />
      <trkpt lat="46.0368216" lon="11.3962975" />
      <trkpt lat="46.0368686" lon="11.3964630" />
      <trkpt lat="46.0369205" lon="11.3966213" />
      <trkpt lat="46.0369304" lon="11.3967523" />
      <trkpt lat="46.0369322" lon="11.3967768" />
      <trkpt lat="46.0369291" lon="11.3969635" />
      <trkpt lat="46.0369045" lon="11.3971199" />
      <trkpt lat="46.0368708" lon="11.3972840" />
      <trkpt lat="46.0368642" lon="11.3973505" />
      <trkpt lat="46.0368582" lon="11.3974167" />
      <trkpt lat="46.0368568" lon="11.3974476" />
      <trkpt lat="46.0367487" lon="11.3973950" />
      <trkpt lat="46.0365795" lon="11.3973041" />
      <trkpt lat="46.0364872" lon="11.3972613" />
      <trkpt lat="46.0364626" lon="11.3972513" />
      <trkpt lat="46.0364371" lon="11.3972532" />
      <trkpt lat="46.0364133" lon="11.3972668" />
      <trkpt lat="46.0365319" lon="11.3974442" />
      <trkpt lat="46.0367837" lon="11.3978298" />
      <trkpt lat="46.0370905" lon="11.3982998" />
      <trkpt lat="46.0372105" lon="11.3984900" />
      <trkpt lat="46.0373916" lon="11.3987850" />
      <trkpt lat="46.0374457" lon="11.3988759" />
      <trkpt lat="46.0374655" lon="11.3989742" />
      <trkpt lat="46.0375157" lon="11.3991507" />
      <trkpt lat="46.0375101" lon="11.3991780" />
      <trkpt lat="46.0375092" lon="11.3992065" />
      <trkpt lat="46.0375133" lon="11.3992343" />
      <trkpt lat="46.0375038" lon="11.3993189" />
      <trkpt lat="46.0375025" lon="11.3994167" />
      <trkpt lat="46.0374376" lon="11.3995622" />
      <trkpt lat="46.0373214" lon="11.3997377" />
      <trkpt lat="46.0372481" lon="11.3998381" />
      <trkpt lat="46.0372235" lon="11.3998719" />
      <trkpt lat="46.0382879" lon="11.4015983" />
      <trkpt lat="46.0383152" lon="11.4017094" />
      <trkpt lat="46.0383169" lon="11.4017866" />
      <trkpt lat="46.0382791" lon="11.4019240" />
      <trkpt lat="46.0381962" lon="11.4020037" />
      <trkpt lat="46.0380272" lon="11.4019463" />
      <trkpt lat="46.0376835" lon="11.4017677" />
      <trkpt lat="46.0375325" lon="11.4017878" />
      <trkpt lat="46.0374793" lon="11.4018195" />
      <trkpt lat="46.0374428" lon="11.4018595" />
      <trkpt lat="46.0373445" lon="11.4019161" />
      <trkpt lat="46.0372821" lon="11.4019153" />
      <trkpt lat="46.0371504" lon="11.4018457" />
      <trkpt lat="46.0369687" lon="11.4016663" />
      <trkpt lat="46.0366458" lon="11.4013530" />
      <trkpt lat="46.0364574" lon="11.4008225" />
      <trkpt lat="46.0363977" lon="11.4007179" />
      <trkpt lat="46.0363257" lon="11.4006124" />
      <trkpt lat="46.0362188" lon="11.4005257" />
      <trkpt lat="46.0361132" lon="11.4004772" />
      <trkpt lat="46.0359913" lon="11.4005005" />
      <trkpt lat="46.0358872" lon="11.4005501" />
      <trkpt lat="46.0358282" lon="11.4005938" />
      <trkpt lat="46.0356555" lon="11.4006994" />
      <trkpt lat="46.0355412" lon="11.4008022" />
      <trkpt lat="46.0348922" lon="11.4012391" />
      <trkpt lat="46.0348429" lon="11.4012697" />
      <trkpt lat="46.0347032" lon="11.4013570" />
      <trkpt lat="46.0345472" lon="11.4014338" />
      <trkpt lat="46.0345065" lon="11.4014469" />
      <trkpt lat="46.0343511" lon="11.4014969" />
      <trkpt lat="46.0342281" lon="11.4015489" />
      <trkpt lat="46.0340511" lon="11.4017518" />
      <trkpt lat="46.0338455" lon="11.4018670" />
      <trkpt lat="46.0337223" lon="11.4021317" />
      <trkpt lat="46.0336215" lon="11.4023116" />
      <trkpt lat="46.0335321" lon="11.4024943" />
      <trkpt lat="46.0334558" lon="11.4025372" />
      <trkpt lat="46.0333645" lon="11.4025024" />
      <trkpt lat="46.0330964" lon="11.4024058" />
      <trkpt lat="46.0330033" lon="11.4023226" />
      <trkpt lat="46.0328971" lon="11.4021885" />
      <trkpt lat="46.0327202" lon="11.4020732" />
      <trkpt lat="46.0323348" lon="11.4020544" />
      <trkpt lat="46.0320592" lon="11.4020410" />
      <trkpt lat="46.0319735" lon="11.4021108" />
      <trkpt lat="46.0319512" lon="11.4022502" />
      <trkpt lat="46.0320238" lon="11.4025614" />
      <trkpt lat="46.0321430" lon="11.4028510" />
      <trkpt lat="46.0321597" lon="11.4030308" />
      <trkpt lat="46.0321970" lon="11.4034331" />
      <trkpt lat="46.0322044" lon="11.4035672" />
      <trkpt lat="46.0321970" lon="11.4034331" />
      <trkpt lat="46.0321597" lon="11.4030308" />
      <trkpt lat="46.0321430" lon="11.4028510" />
      <trkpt lat="46.0320238" lon="11.4025614" />
      <trkpt lat="46.0319512" lon="11.4022502" />
      <trkpt lat="46.0319735" lon="11.4021108" />
      <trkpt lat="46.0320592" lon="11.4020410" />
      <trkpt lat="46.0323348" lon="11.4020544" />
      <trkpt lat="46.0327202" lon="11.4020732" />
      <trkpt lat="46.0328971" lon="11.4021885" />
      <trkpt lat="46.0330033" lon="11.4023226" />
      <trkpt lat="46.0330964" lon="11.4024058" />
      <trkpt lat="46.0333645" lon="11.4025024" />
      <trkpt lat="46.0334558" lon="11.4025372" />
      <trkpt lat="46.0335321" lon="11.4024943" />
      <trkpt lat="46.0336215" lon="11.4023116" />
      <trkpt lat="46.0337223" lon="11.4021317" />
      <trkpt lat="46.0338455" lon="11.4018670" />
      <trkpt lat="46.0340511" lon="11.4017518" />
      <trkpt lat="46.0342281" lon="11.4015489" />
      <trkpt lat="46.0343511" lon="11.4014969" />
      <trkpt lat="46.0345065" lon="11.4014469" />
      <trkpt lat="46.0345472" lon="11.4014338" />
      <trkpt lat="46.0347032" lon="11.4013570" />
      <trkpt lat="46.0348429" lon="11.4012697" />
      <trkpt lat="46.0347751" lon="11.4012576" />
      <trkpt lat="46.0347266" lon="11.4011868" />
      <trkpt lat="46.0346789" lon="11.4010299" />
      <trkpt lat="46.0346666" lon="11.4009840" />
      <trkpt lat="46.0346478" lon="11.4009218" />
      <trkpt lat="46.0345880" lon="11.4007304" />
      <trkpt lat="46.0345155" lon="11.4005145" />
      <trkpt lat="46.0342794" lon="11.3997931" />
      <trkpt lat="46.0342583" lon="11.3994802" />
      <trkpt lat="46.0343124" lon="11.3990559" />
      <trkpt lat="46.0343333" lon="11.3989293" />
      <trkpt lat="46.0342855" lon="11.3987922" />
      <trkpt lat="46.0341380" lon="11.3986924" />
      <trkpt lat="46.0340457" lon="11.3986292" />
      <trkpt lat="46.0339014" lon="11.3986203" />
      <trkpt lat="46.0337541" lon="11.3985799" />
      <trkpt lat="46.0336209" lon="11.3985536" />
      <trkpt lat="46.0335761" lon="11.3985678" />
      <trkpt lat="46.0333685" lon="11.3987334" />
      <trkpt lat="46.0330713" lon="11.3989677" />
      <trkpt lat="46.0329116" lon="11.3991474" />
      <trkpt lat="46.0328918" lon="11.3991697" />
      <trkpt lat="46.0327628" lon="11.3994040" />
      <trkpt lat="46.0326225" lon="11.3997756" />
      <trkpt lat="46.0324823" lon="11.3999695" />
      <trkpt lat="46.0323217" lon="11.4000579" />
      <trkpt lat="46.0322916" lon="11.4000745" />
      <trkpt lat="46.0320897" lon="11.4000018" />
      <trkpt lat="46.0318373" lon="11.4000584" />
      <trkpt lat="46.0315905" lon="11.4001392" />
      <trkpt lat="46.0314503" lon="11.4002038" />
      <trkpt lat="46.0312899" lon="11.4003625" />
      <trkpt lat="46.0312029" lon="11.4003755" />
      <trkpt lat="46.0311066" lon="11.4003470" />
      <trkpt lat="46.0309831" lon="11.4003751" />
      <trkpt lat="46.0308974" lon="11.4004473" />
      <trkpt lat="46.0308333" lon="11.4005454" />
      <trkpt lat="46.0307716" lon="11.4006562" />
      <trkpt lat="46.0307116" lon="11.4006586" />
      <trkpt lat="46.0306616" lon="11.4006339" />
      <trkpt lat="46.0306033" lon="11.4005674" />
      <trkpt lat="46.0305487" lon="11.4005481" />
      <trkpt lat="46.0304801" lon="11.4005551" />
      <trkpt lat="46.0303518" lon="11.4006659" />
      <trkpt lat="46.0302769" lon="11.4007807" />
      <trkpt lat="46.0302443" lon="11.4009229" />
      <trkpt lat="46.0301557" lon="11.4010250" />
      <trkpt lat="46.0300763" lon="11.4010618" />
      <trkpt lat="46.0299383" lon="11.4010508" />
      <trkpt lat="46.0297787" lon="11.4011571" />
      <trkpt lat="46.0296488" lon="11.4012922" />
      <trkpt lat="46.0295467" lon="11.4015245" />
      <trkpt lat="46.0294867" lon="11.4016124" />
      <trkpt lat="46.0293919" lon="11.4016050" />
      <trkpt lat="46.0294099" lon="11.4017308" />
      <trkpt lat="46.0294163" lon="11.4019438" />
      <trkpt lat="46.0294179" lon="11.4022437" />
      <trkpt lat="46.0294356" lon="11.4023456" />
      <trkpt lat="46.0294485" lon="11.4024371" />
      <trkpt lat="46.0294348" lon="11.4025100" />
      <trkpt lat="46.0294083" lon="11.4026003" />
      <trkpt lat="46.0293737" lon="11.4027045" />
      <trkpt lat="46.0293150" lon="11.4029141" />
      <trkpt lat="46.0292933" lon="11.4030090" />
      <trkpt lat="46.0292909" lon="11.4030669" />
      <trkpt lat="46.0292941" lon="11.4031318" />
      <trkpt lat="46.0292917" lon="11.4031896" />
      <trkpt lat="46.0292740" lon="11.4032232" />
      <trkpt lat="46.0292475" lon="11.4033066" />
      <trkpt lat="46.0292137" lon="11.4034513" />
      <trkpt lat="46.0292121" lon="11.4035601" />
      <trkpt lat="46.0291743" lon="11.4037975" />
      <trkpt lat="46.0291623" lon="11.4039214" />
      <trkpt lat="46.0291840" lon="11.4039897" />
      <trkpt lat="46.0291854" lon="11.4039935" />
      <trkpt lat="46.0292009" lon="11.4040359" />
      <trkpt lat="46.0292073" lon="11.4040534" />
      <trkpt lat="46.0292001" lon="11.4041147" />
      <trkpt lat="46.0291735" lon="11.4041414" />
      <trkpt lat="46.0291510" lon="11.4041692" />
      <trkpt lat="46.0291068" lon="11.4042514" />
      <trkpt lat="46.0290948" lon="11.4043208" />
      <trkpt lat="46.0291301" lon="11.4044262" />
      <trkpt lat="46.0291534" lon="11.4045200" />
      <trkpt lat="46.0291591" lon="11.4046172" />
      <trkpt lat="46.0291543" lon="11.4047330" />
      <trkpt lat="46.0291567" lon="11.4048117" />
      <trkpt lat="46.0291575" lon="11.4049044" />
      <trkpt lat="46.0291334" lon="11.4050421" />
      <trkpt lat="46.0291342" lon="11.4051417" />
      <trkpt lat="46.0291671" lon="11.4052436" />
      <trkpt lat="46.0292579" lon="11.4054242" />
      <trkpt lat="46.0293552" lon="11.4055898" />
      <trkpt lat="46.0294412" lon="11.4057218" />
      <trkpt lat="46.0295184" lon="11.4058827" />
      <trkpt lat="46.0295288" lon="11.4059418" />
      <trkpt lat="46.0295144" lon="11.4059672" />
      <trkpt lat="46.0294822" lon="11.4059742" />
      <trkpt lat="46.0294613" lon="11.4059985" />
      <trkpt lat="46.0294846" lon="11.4060529" />
      <trkpt lat="46.0295224" lon="11.4061073" />
      <trkpt lat="46.0295739" lon="11.4061722" />
      <trkpt lat="46.0295940" lon="11.4062219" />
      <trkpt lat="46.0295674" lon="11.4062520" />
      <trkpt lat="46.0295385" lon="11.4062694" />
      <trkpt lat="46.0294766" lon="11.4062659" />
      <trkpt lat="46.0294260" lon="11.4062486" />
      <trkpt lat="46.0294010" lon="11.4062544" />
      <trkpt lat="46.0293978" lon="11.4062798" />
      <trkpt lat="46.0294059" lon="11.4063412" />
      <trkpt lat="46.0294501" lon="11.4064118" />
      <trkpt lat="46.0295039" lon="11.4065496" />
      <trkpt lat="46.0295433" lon="11.4066550" />
      <trkpt lat="46.0295658" lon="11.4067441" />
      <trkpt lat="46.0295763" lon="11.4068599" />
      <trkpt lat="46.0295851" lon="11.4069687" />
      <trkpt lat="46.0295731" lon="11.4069977" />
      <trkpt lat="46.0295522" lon="11.4070081" />
      <trkpt lat="46.0295321" lon="11.4069954" />
      <trkpt lat="46.0295144" lon="11.4069641" />
      <trkpt lat="46.0294814" lon="11.4069398" />
      <trkpt lat="46.0294613" lon="11.4069548" />
      <trkpt lat="46.0294653" lon="11.4070127" />
      <trkpt lat="46.0294943" lon="11.4070949" />
      <trkpt lat="46.0295449" lon="11.4071945" />
      <trkpt lat="46.0296092" lon="11.4074006" />
      <trkpt lat="46.0296309" lon="11.4075488" />
      <trkpt lat="46.0296438" lon="11.4076785" />
      <trkpt lat="46.0296936" lon="11.4079656" />
      <trkpt lat="46.0297041" lon="11.4082736" />
      <trkpt lat="46.0297274" lon="11.4086510" />
      <trkpt lat="46.0297194" lon="11.4088004" />
      <trkpt lat="46.0296864" lon="11.4089301" />
      <trkpt lat="46.0296382" lon="11.4090516" />
      <trkpt lat="46.0296788" lon="11.4091392" />
      <trkpt lat="46.0297208" lon="11.4092112" />
      <trkpt lat="46.0297315" lon="11.4093299" />
      <trkpt lat="46.0297496" lon="11.4094385" />
      <trkpt lat="46.0297734" lon="11.4095646" />
      <trkpt lat="46.0298032" lon="11.4096518" />
      <trkpt lat="46.0298380" lon="11.4097719" />
      <trkpt lat="46.0298665" lon="11.4098047" />
      <trkpt lat="46.0299167" lon="11.4098208" />
      <trkpt lat="46.0299400" lon="11.4097819" />
      <trkpt lat="46.0299680" lon="11.4096799" />
      <trkpt lat="46.0300182" lon="11.4095888" />
      <trkpt lat="46.0300853" lon="11.4094318" />
      <trkpt lat="46.0301737" lon="11.4093004" />
      <trkpt lat="46.0302845" lon="11.4090845" />
      <trkpt lat="46.0303562" lon="11.4089625" />
      <trkpt lat="46.0304596" lon="11.4087586" />
      <trkpt lat="46.0305490" lon="11.4085963" />
      <trkpt lat="46.0305806" lon="11.4084569" />
      <trkpt lat="46.0305965" lon="11.4083603" />
      <trkpt lat="46.0306235" lon="11.4082785" />
      <trkpt lat="46.0306411" lon="11.4081739" />
      <trkpt lat="46.0306439" lon="11.4080572" />
      <trkpt lat="46.0306337" lon="11.4079258" />
      <trkpt lat="46.0306439" lon="11.4080572" />
      <trkpt lat="46.0306411" lon="11.4081739" />
      <trkpt lat="46.0306235" lon="11.4082785" />
      <trkpt lat="46.0305965" lon="11.4083603" />
      <trkpt lat="46.0305806" lon="11.4084569" />
      <trkpt lat="46.0305490" lon="11.4085963" />
      <trkpt lat="46.0304596" lon="11.4087586" />
      <trkpt lat="46.0303562" lon="11.4089625" />
      <trkpt lat="46.0302845" lon="11.4090845" />
      <trkpt lat="46.0301737" lon="11.4093004" />
      <trkpt lat="46.0300853" lon="11.4094318" />
      <trkpt lat="46.0300182" lon="11.4095888" />
      <trkpt lat="46.0299680" lon="11.4096799" />
      <trkpt lat="46.0299400" lon="11.4097819" />
      <trkpt lat="46.0299167" lon="11.4098208" />
      <trkpt lat="46.0298665" lon="11.4098047" />
      <trkpt lat="46.0298380" lon="11.4097719" />
      <trkpt lat="46.0298032" lon="11.4096518" />
      <trkpt lat="46.0297734" lon="11.4095646" />
      <trkpt lat="46.0297496" lon="11.4094385" />
      <trkpt lat="46.0297315" lon="11.4093299" />
      <trkpt lat="46.0297208" lon="11.4092112" />
      <trkpt lat="46.0296788" lon="11.4091392" />
      <trkpt lat="46.0296382" lon="11.4090516" />
      <trkpt lat="46.0296108" lon="11.4091825" />
      <trkpt lat="46.0296213" lon="11.4092739" />
      <trkpt lat="46.0296800" lon="11.4097313" />
      <trkpt lat="46.0296832" lon="11.4100103" />
      <trkpt lat="46.0296623" lon="11.4103345" />
      <trkpt lat="46.0296365" lon="11.4104561" />
      <trkpt lat="46.0296141" lon="11.4105614" />
      <trkpt lat="46.0296036" lon="11.4110280" />
      <trkpt lat="46.0296647" lon="11.4112746" />
      <trkpt lat="46.0296959" lon="11.4115793" />
      <trkpt lat="46.0297018" lon="11.4116372" />
      <trkpt lat="46.0297073" lon="11.4116914" />
      <trkpt lat="46.0297083" lon="11.4118651" />
      <trkpt lat="46.0297086" lon="11.4119213" />
      <trkpt lat="46.0297089" lon="11.4119681" />
      <trkpt lat="46.0297061" lon="11.4120298" />
      <trkpt lat="46.0296888" lon="11.4121846" />
      <trkpt lat="46.0297061" lon="11.4120298" />
      <trkpt lat="46.0297089" lon="11.4119681" />
      <trkpt lat="46.0297086" lon="11.4119213" />
      <trkpt lat="46.0297083" lon="11.4118651" />
      <trkpt lat="46.0297073" lon="11.4116914" />
      <trkpt lat="46.0297018" lon="11.4116372" />
      <trkpt lat="46.0296959" lon="11.4115793" />
      <trkpt lat="46.0296647" lon="11.4112746" />
      <trkpt lat="46.0296036" lon="11.4110280" />
      <trkpt lat="46.0296141" lon="11.4105614" />
      <trkpt lat="46.0296365" lon="11.4104561" />
      <trkpt lat="46.0296623" lon="11.4103345" />
      <trkpt lat="46.0296832" lon="11.4100103" />
      <trkpt lat="46.0296800" lon="11.4097313" />
      <trkpt lat="46.0296213" lon="11.4092739" />
      <trkpt lat="46.0296108" lon="11.4091825" />
      <trkpt lat="46.0296382" lon="11.4090516" />
      <trkpt lat="46.0296864" lon="11.4089301" />
      <trkpt lat="46.0297194" lon="11.4088004" />
      <trkpt lat="46.0297274" lon="11.4086510" />
      <trkpt lat="46.0297041" lon="11.4082736" />
      <trkpt lat="46.0296936" lon="11.4079656" />
      <trkpt lat="46.0296438" lon="11.4076785" />
      <trkpt lat="46.0296309" lon="11.4075488" />
      <trkpt lat="46.0296092" lon="11.4074006" />
      <trkpt lat="46.0295449" lon="11.4071945" />
      <trkpt lat="46.0294943" lon="11.4070949" />
      <trkpt lat="46.0294653" lon="11.4070127" />
      <trkpt lat="46.0294613" lon="11.4069548" />
      <trkpt lat="46.0294814" lon="11.4069398" />
      <trkpt lat="46.0295144" lon="11.4069641" />
      <trkpt lat="46.0295321" lon="11.4069954" />
      <trkpt lat="46.0295522" lon="11.4070081" />
      <trkpt lat="46.0295731" lon="11.4069977" />
      <trkpt lat="46.0295851" lon="11.4069687" />
      <trkpt lat="46.0295763" lon="11.4068599" />
      <trkpt lat="46.0295658" lon="11.4067441" />
      <trkpt lat="46.0295433" lon="11.4066550" />
      <trkpt lat="46.0295039" lon="11.4065496" />
      <trkpt lat="46.0294501" lon="11.4064118" />
      <trkpt lat="46.0294059" lon="11.4063412" />
      <trkpt lat="46.0293978" lon="11.4062798" />
      <trkpt lat="46.0294010" lon="11.4062544" />
      <trkpt lat="46.0294260" lon="11.4062486" />
      <trkpt lat="46.0294766" lon="11.4062659" />
      <trkpt lat="46.0295385" lon="11.4062694" />
      <trkpt lat="46.0295674" lon="11.4062520" />
      <trkpt lat="46.0295940" lon="11.4062219" />
      <trkpt lat="46.0295739" lon="11.4061722" />
      <trkpt lat="46.0295224" lon="11.4061073" />
      <trkpt lat="46.0294846" lon="11.4060529" />
      <trkpt lat="46.0294613" lon="11.4059985" />
      <trkpt lat="46.0294822" lon="11.4059742" />
      <trkpt lat="46.0295144" lon="11.4059672" />
      <trkpt lat="46.0295288" lon="11.4059418" />
      <trkpt lat="46.0295184" lon="11.4058827" />
      <trkpt lat="46.0294412" lon="11.4057218" />
      <trkpt lat="46.0293552" lon="11.4055898" />
      <trkpt lat="46.0292579" lon="11.4054242" />
      <trkpt lat="46.0291671" lon="11.4052436" />
      <trkpt lat="46.0291342" lon="11.4051417" />
      <trkpt lat="46.0291334" lon="11.4050421" />
      <trkpt lat="46.0291575" lon="11.4049044" />
      <trkpt lat="46.0291567" lon="11.4048117" />
      <trkpt lat="46.0291543" lon="11.4047330" />
      <trkpt lat="46.0291591" lon="11.4046172" />
      <trkpt lat="46.0291534" lon="11.4045200" />
      <trkpt lat="46.0291301" lon="11.4044262" />
      <trkpt lat="46.0290948" lon="11.4043208" />
      <trkpt lat="46.0291068" lon="11.4042514" />
      <trkpt lat="46.0291510" lon="11.4041692" />
      <trkpt lat="46.0291735" lon="11.4041414" />
      <trkpt lat="46.0292001" lon="11.4041147" />
      <trkpt lat="46.0292073" lon="11.4040534" />
      <trkpt lat="46.0292009" lon="11.4040359" />
      <trkpt lat="46.0291854" lon="11.4039935" />
      <trkpt lat="46.0291840" lon="11.4039897" />
      <trkpt lat="46.0291623" lon="11.4039214" />
      <trkpt lat="46.0291743" lon="11.4037975" />
      <trkpt lat="46.0292121" lon="11.4035601" />
      <trkpt lat="46.0292137" lon="11.4034513" />
      <trkpt lat="46.0292475" lon="11.4033066" />
      <trkpt lat="46.0292740" lon="11.4032232" />
      <trkpt lat="46.0292917" lon="11.4031896" />
      <trkpt lat="46.0292941" lon="11.4031318" />
      <trkpt lat="46.0292909" lon="11.4030669" />
      <trkpt lat="46.0292933" lon="11.4030090" />
      <trkpt lat="46.0293150" lon="11.4029141" />
      <trkpt lat="46.0293737" lon="11.4027045" />
      <trkpt lat="46.0294083" lon="11.4026003" />
      <trkpt lat="46.0294348" lon="11.4025100" />
      <trkpt lat="46.0294485" lon="11.4024371" />
      <trkpt lat="46.0294356" lon="11.4023456" />
      <trkpt lat="46.0294179" lon="11.4022437" />
      <trkpt lat="46.0294163" lon="11.4019438" />
      <trkpt lat="46.0294099" lon="11.4017308" />
      <trkpt lat="46.0293919" lon="11.4016050" />
      <trkpt lat="46.0292739" lon="11.4014076" />
      <trkpt lat="46.0291673" lon="11.4011491" />
      <trkpt lat="46.0291694" lon="11.4009521" />
      <trkpt lat="46.0292739" lon="11.4007936" />
      <trkpt lat="46.0294581" lon="11.4004810" />
      <trkpt lat="46.0295936" lon="11.4001715" />
      <trkpt lat="46.0296632" lon="11.3997430" />
      <trkpt lat="46.0297493" lon="11.3996464" />
      <trkpt lat="46.0297833" lon="11.3993124" />
      <trkpt lat="46.0297520" lon="11.3991307" />
      <trkpt lat="46.0297390" lon="11.3987664" />
      <trkpt lat="46.0297704" lon="11.3982946" />
      <trkpt lat="46.0298152" lon="11.3979376" />
      <trkpt lat="46.0298375" lon="11.3977215" />
      <trkpt lat="46.0299589" lon="11.3975330" />
      <trkpt lat="46.0301500" lon="11.3973474" />
      <trkpt lat="46.0304825" lon="11.3972338" />
      <trkpt lat="46.0307705" lon="11.3970271" />
      <trkpt lat="46.0310883" lon="11.3969244" />
      <trkpt lat="46.0312566" lon="11.3968893" />
      <trkpt lat="46.0315811" lon="11.3969519" />
      <trkpt lat="46.0320055" lon="11.3968388" />
      <trkpt lat="46.0325020" lon="11.3965693" />
      <trkpt lat="46.0327065" lon="11.3963804" />
      <trkpt lat="46.0327820" lon="11.3962362" />
      <trkpt lat="46.0328559" lon="11.3960042" />
      <trkpt lat="46.0328699" lon="11.3959342" />
      <trkpt lat="46.0328979" lon="11.3958736" />
      <trkpt lat="46.0329372" lon="11.3958278" />
      <trkpt lat="46.0329843" lon="11.3958012" />
      <trkpt lat="46.0330347" lon="11.3957962" />
      <trkpt lat="46.0332637" lon="11.3957837" />
      <trkpt lat="46.0334236" lon="11.3957143" />
      <trkpt lat="46.0334820" lon="11.3956715" />
      <trkpt lat="46.0335306" lon="11.3956079" />
      <trkpt lat="46.0335657" lon="11.3955281" />
      <trkpt lat="46.0335849" lon="11.3954377" />
      <trkpt lat="46.0336532" lon="11.3956571" />
      <trkpt lat="46.0337282" lon="11.3959237" />
      <trkpt lat="46.0337815" lon="11.3967772" />
      <trkpt lat="46.0337722" lon="11.3970078" />
      <trkpt lat="46.0337520" lon="11.3975119" />
      <trkpt lat="46.0336560" lon="11.3981899" />
      <trkpt lat="46.0337641" lon="11.3983736" />
      <trkpt lat="46.0340457" lon="11.3986292" />
      <trkpt lat="46.0341380" lon="11.3986924" />
      <trkpt lat="46.0342855" lon="11.3987922" />
      <trkpt lat="46.0343333" lon="11.3989293" />
      <trkpt lat="46.0343124" lon="11.3990559" />
      <trkpt lat="46.0342583" lon="11.3994802" />
      <trkpt lat="46.0342794" lon="11.3997931" />
      <trkpt lat="46.0345155" lon="11.4005145" />
      <trkpt lat="46.0345880" lon="11.4007304" />
      <trkpt lat="46.0346478" lon="11.4009218" />
      <trkpt lat="46.0346666" lon="11.4009840" />
      <trkpt lat="46.0346789" lon="11.4010299" />
      <trkpt lat="46.0347266" lon="11.4011868" />
      <trkpt lat="46.0347751" lon="11.4012576" />
      <trkpt lat="46.0348429" lon="11.4012697" />
      <trkpt lat="46.0348922" lon="11.4012391" />
      <trkpt lat="46.0349658" lon="11.4017589" />
      <trkpt lat="46.0351410" lon="11.4025433" />
      <trkpt lat="46.0353161" lon="11.4030999" />
      <trkpt lat="46.0358270" lon="11.4046344" />
      <trkpt lat="46.0363596" lon="11.4064194" />
      <trkpt lat="46.0365607" lon="11.4070613" />
      <trkpt lat="46.0365969" lon="11.4072130" />
      <trkpt lat="46.0366449" lon="11.4073571" />
      <trkpt lat="46.0367474" lon="11.4076816" />
      <trkpt lat="46.0368651" lon="11.4078599" />
      <trkpt lat="46.0370281" lon="11.4079225" />
      <trkpt lat="46.0372171" lon="11.4080146" />
      <trkpt lat="46.0373536" lon="11.4081386" />
      <trkpt lat="46.0374644" lon="11.4083105" />
      <trkpt lat="46.0377238" lon="11.4089569" />
      <trkpt lat="46.0379130" lon="11.4094918" />
      <trkpt lat="46.0380357" lon="11.4096757" />
      <trkpt lat="46.0381847" lon="11.4098429" />
      <trkpt lat="46.0383379" lon="11.4099525" />
      <trkpt lat="46.0384251" lon="11.4100182" />
      <trkpt lat="46.0385198" lon="11.4101739" />
      <trkpt lat="46.0385924" lon="11.4104103" />
      <trkpt lat="46.0387249" lon="11.4106445" />
      <trkpt lat="46.0388934" lon="11.4107493" />
      <trkpt lat="46.0390168" lon="11.4107711" />
      <trkpt lat="46.0392526" lon="11.4111814" />
      <trkpt lat="46.0392953" lon="11.4113254" />
      <trkpt lat="46.0392650" lon="11.4114898" />
      <trkpt lat="46.0392039" lon="11.4120233" />
      <trkpt lat="46.0391987" lon="11.4125629" />
      <trkpt lat="46.0393296" lon="11.4131676" />
      <trkpt lat="46.0400671" lon="11.4151990" />
      <trkpt lat="46.0409293" lon="11.4172571" />
      <trkpt lat="46.0414821" lon="11.4186430" />
      <trkpt lat="46.0418396" lon="11.4193082" />
      <trkpt lat="46.0419959" lon="11.4197373" />
      <trkpt lat="46.0422045" lon="11.4199448" />
      <trkpt lat="46.0422664" lon="11.4200524" />
      <trkpt lat="46.0425321" lon="11.4209282" />
      <trkpt lat="46.0427630" lon="11.4216578" />
      <trkpt lat="46.0437109" lon="11.4238972" />
      <trkpt lat="46.0442603" lon="11.4250934" />
      <trkpt lat="46.0444904" lon="11.4256042" />
      <trkpt lat="46.0448247" lon="11.4264046" />
      <trkpt lat="46.0460300" lon="11.4293260" />
      <trkpt lat="46.0458591" lon="11.4294402" />
      <trkpt lat="46.0449907" lon="11.4298052" />
      <trkpt lat="46.0447574" lon="11.4299033" />
      <trkpt lat="46.0446851" lon="11.4299303" />
      <trkpt lat="46.0442318" lon="11.4301149" />
      <trkpt lat="46.0441635" lon="11.4301708" />
      <trkpt lat="46.0441152" lon="11.4302532" />
      <trkpt lat="46.0440425" lon="11.4304548" />
      <trkpt lat="46.0438468" lon="11.4311270" />
      <trkpt lat="46.0438338" lon="11.4311928" />
      <trkpt lat="46.0438445" lon="11.4316352" />
      <trkpt lat="46.0438913" lon="11.4320592" />
      <trkpt lat="46.0438665" lon="11.4324532" />
      <trkpt lat="46.0438131" lon="11.4328113" />
      <trkpt lat="46.0437994" lon="11.4330761" />
      <trkpt lat="46.0438760" lon="11.4333999" />
      <trkpt lat="46.0439148" lon="11.4336508" />
      <trkpt lat="46.0439228" lon="11.4338634" />
      <trkpt lat="46.0439268" lon="11.4340253" />
      <trkpt lat="46.0438742" lon="11.4344734" />
      <trkpt lat="46.0435740" lon="11.4359436" />
      <trkpt lat="46.0434592" lon="11.4364057" />
      <trkpt lat="46.0433143" lon="11.4369509" />
      <trkpt lat="46.0432649" lon="11.4371367" />
      <trkpt lat="46.0432184" lon="11.4373752" />
      <trkpt lat="46.0432159" lon="11.4376003" />
      <trkpt lat="46.0432450" lon="11.4377576" />
      <trkpt lat="46.0432789" lon="11.4378936" />
      <trkpt lat="46.0432936" lon="11.4380147" />
      <trkpt lat="46.0432939" lon="11.4380928" />
      <trkpt lat="46.0432875" lon="11.4381449" />
      <trkpt lat="46.0432707" lon="11.4381748" />
      <trkpt lat="46.0432451" lon="11.4382099" />
      <trkpt lat="46.0432133" lon="11.4382319" />
      <trkpt lat="46.0431609" lon="11.4382697" />
      <trkpt lat="46.0430665" lon="11.4383844" />
      <trkpt lat="46.0429988" lon="11.4385040" />
      <trkpt lat="46.0428776" lon="11.4388288" />
      <trkpt lat="46.0427118" lon="11.4394723" />
      <trkpt lat="46.0425488" lon="11.4399127" />
      <trkpt lat="46.0424827" lon="11.4402269" />
      <trkpt lat="46.0424748" lon="11.4403904" />
      <trkpt lat="46.0424881" lon="11.4405491" />
      <trkpt lat="46.0425430" lon="11.4408268" />
      <trkpt lat="46.0426218" lon="11.4411854" />
      <trkpt lat="46.0426549" lon="11.4412581" />
      <trkpt lat="46.0427002" lon="11.4413157" />
      <trkpt lat="46.0427924" lon="11.4413877" />
      <trkpt lat="46.0428432" lon="11.4414302" />
      <trkpt lat="46.0429023" lon="11.4414963" />
      <trkpt lat="46.0429379" lon="11.4415436" />
      <trkpt lat="46.0429642" lon="11.4415811" />
      <trkpt lat="46.0429975" lon="11.4416044" />
      <trkpt lat="46.0430341" lon="11.4416112" />
      <trkpt lat="46.0432326" lon="11.4416245" />
      <trkpt lat="46.0432656" lon="11.4416377" />
      <trkpt lat="46.0432936" lon="11.4416661" />
      <trkpt lat="46.0433245" lon="11.4417264" />
      <trkpt lat="46.0433733" lon="11.4418276" />
      <trkpt lat="46.0434191" lon="11.4419104" />
      <trkpt lat="46.0434458" lon="11.4419438" />
      <trkpt lat="46.0434720" lon="11.4419649" />
      <trkpt lat="46.0435016" lon="11.4419728" />
      <trkpt lat="46.0438385" lon="11.4420541" />
      <trkpt lat="46.0439204" lon="11.4420814" />
      <trkpt lat="46.0439801" lon="11.4421095" />
      <trkpt lat="46.0440721" lon="11.4421800" />
      <trkpt lat="46.0441505" lon="11.4422790" />
      <trkpt lat="46.0442056" lon="11.4423825" />
      <trkpt lat="46.0443594" lon="11.4426923" />
      <trkpt lat="46.0445151" lon="11.4430442" />
      <trkpt lat="46.0447085" lon="11.4436400" />
      <trkpt lat="46.0447215" lon="11.4436828" />
      <trkpt lat="46.0447374" lon="11.4437106" />
      <trkpt lat="46.0447584" lon="11.4437302" />
      <trkpt lat="46.0447825" lon="11.4437397" />
      <trkpt lat="46.0449021" lon="11.4437781" />
      <trkpt lat="46.0451202" lon="11.4438199" />
      <trkpt lat="46.0452164" lon="11.4438272" />
      <trkpt lat="46.0453232" lon="11.4438276" />
      <trkpt lat="46.0454380" lon="11.4438204" />
      <trkpt lat="46.0455776" lon="11.4437990" />
      <trkpt lat="46.0457006" lon="11.4437892" />
      <trkpt lat="46.0457728" lon="11.4437899" />
      <trkpt lat="46.0458030" lon="11.4438056" />
      <trkpt lat="46.0458229" lon="11.4438351" />
      <trkpt lat="46.0458435" lon="11.4438811" />
      <trkpt lat="46.0458594" lon="11.4439532" />
      <trkpt lat="46.0458725" lon="11.4440716" />
      <trkpt lat="46.0458937" lon="11.4449854" />
      <trkpt lat="46.0459263" lon="11.4451942" />
      <trkpt lat="46.0459547" lon="11.4453246" />
      <trkpt lat="46.0460058" lon="11.4454958" />
      <trkpt lat="46.0460642" lon="11.4456065" />
      <trkpt lat="46.0462634" lon="11.4458409" />
      <trkpt lat="46.0463686" lon="11.4460603" />
      <trkpt lat="46.0464409" lon="11.4462832" />
      <trkpt lat="46.0464722" lon="11.4464611" />
      <trkpt lat="46.0464787" lon="11.4467271" />
      <trkpt lat="46.0464761" lon="11.4470972" />
      <trkpt lat="46.0464657" lon="11.4474414" />
      <trkpt lat="46.0464615" lon="11.4475822" />
      <trkpt lat="46.0464331" lon="11.4478442" />
      <trkpt lat="46.0463514" lon="11.4481773" />
      <trkpt lat="46.0462624" lon="11.4485005" />
      <trkpt lat="46.0461742" lon="11.4487775" />
      <trkpt lat="46.0461505" lon="11.4488209" />
      <trkpt lat="46.0461236" lon="11.4488560" />
      <trkpt lat="46.0460909" lon="11.4488786" />
      <trkpt lat="46.0460551" lon="11.4488868" />
      <trkpt lat="46.0460192" lon="11.4488799" />
      <trkpt lat="46.0459862" lon="11.4488585" />
      <trkpt lat="46.0459265" lon="11.4488115" />
      <trkpt lat="46.0458810" lon="11.4487608" />
      <trkpt lat="46.0454043" lon="11.4481669" />
      <trkpt lat="46.0452496" lon="11.4479403" />
      <trkpt lat="46.0451345" lon="11.4477194" />
      <trkpt lat="46.0450444" lon="11.4475780" />
      <trkpt lat="46.0449181" lon="11.4474762" />
      <trkpt lat="46.0448023" lon="11.4474400" />
      <trkpt lat="46.0447063" lon="11.4474305" />
      <trkpt lat="46.0446155" lon="11.4474688" />
      <trkpt lat="46.0444569" lon="11.4475460" />
      <trkpt lat="46.0442900" lon="11.4476649" />
      <trkpt lat="46.0441285" lon="11.4477275" />
      <trkpt lat="46.0439370" lon="11.4477789" />
      <trkpt lat="46.0437411" lon="11.4477899" />
      <trkpt lat="46.0433729" lon="11.4476915" />
      <trkpt lat="46.0428829" lon="11.4474561" />
      <trkpt lat="46.0426561" lon="11.4473507" />
      <trkpt lat="46.0423136" lon="11.4472330" />
      <trkpt lat="46.0421800" lon="11.4472039" />
      <trkpt lat="46.0420449" lon="11.4472043" />
      <trkpt lat="46.0419536" lon="11.4471701" />
      <trkpt lat="46.0418723" lon="11.4471010" />
      <trkpt lat="46.0417798" lon="11.4470044" />
      <trkpt lat="46.0416602" lon="11.4468189" />
      <trkpt lat="46.0415425" lon="11.4466132" />
      <trkpt lat="46.0413920" lon="11.4464580" />
      <trkpt lat="46.0412189" lon="11.4463638" />
      <trkpt lat="46.0411698" lon="11.4463321" />
      <trkpt lat="46.0409827" lon="11.4462114" />
      <trkpt lat="46.0407755" lon="11.4460867" />
      <trkpt lat="46.0405316" lon="11.4460100" />
      <trkpt lat="46.0402206" lon="11.4458766" />
      <trkpt lat="46.0398237" lon="11.4457103" />
      <trkpt lat="46.0395424" lon="11.4455854" />
      <trkpt lat="46.0393021" lon="11.4455011" />
      <trkpt lat="46.0391115" lon="11.4454273" />
      <trkpt lat="46.0388621" lon="11.4453686" />
      <trkpt lat="46.0388014" lon="11.4453523" />
      <trkpt lat="46.0387246" lon="11.4453380" />
      <trkpt lat="46.0385943" lon="11.4452032" />
      <trkpt lat="46.0384796" lon="11.4451259" />
      <trkpt lat="46.0383990" lon="11.4450312" />
      <trkpt lat="46.0382921" lon="11.4448808" />
      <trkpt lat="46.0381583" lon="11.4446826" />
      <trkpt lat="46.0380005" lon="11.4443294" />
      <trkpt lat="46.0378947" lon="11.4439768" />
      <trkpt lat="46.0377988" lon="11.4436981" />
      <trkpt lat="46.0377822" lon="11.4433916" />
      <trkpt lat="46.0377326" lon="11.4430876" />
      <trkpt lat="46.0376033" lon="11.4427389" />
      <trkpt lat="46.0375359" lon="11.4426475" />
      <trkpt lat="46.0373613" lon="11.4424081" />
      <trkpt lat="46.0372265" lon="11.4422428" />
      <trkpt lat="46.0370158" lon="11.4420482" />
      <trkpt lat="46.0369135" lon="11.4419463" />
      <trkpt lat="46.0368368" lon="11.4418498" />
      <trkpt lat="46.0367984" lon="11.4417278" />
      <trkpt lat="46.0367704" lon="11.4416771" />
      <trkpt lat="46.0367326" lon="11.4416421" />
      <trkpt lat="46.0366889" lon="11.4416265" />
      <trkpt lat="46.0366441" lon="11.4416321" />
      <trkpt lat="46.0366029" lon="11.4416581" />
      <trkpt lat="46.0364872" lon="11.4417350" />
      <trkpt lat="46.0363924" lon="11.4417641" />
      <trkpt lat="46.0363188" lon="11.4417630" />
      <trkpt lat="46.0362136" lon="11.4417137" />
      <trkpt lat="46.0360844" lon="11.4417220" />
      <trkpt lat="46.0359982" lon="11.4417489" />
      <trkpt lat="46.0358588" lon="11.4417139" />
      <trkpt lat="46.0356652" lon="11.4416265" />
      <trkpt lat="46.0355199" lon="11.4415813" />
      <trkpt lat="46.0353938" lon="11.4415938" />
      <trkpt lat="46.0353443" lon="11.4416251" />
      <trkpt lat="46.0353124" lon="11.4416396" />
      <trkpt lat="46.0352789" lon="11.4416395" />
      <trkpt lat="46.0352469" lon="11.4416249" />
      <trkpt lat="46.0352195" lon="11.4415971" />
      <trkpt lat="46.0351871" lon="11.4415448" />
      <trkpt lat="46.0351667" lon="11.4414811" />
      <trkpt lat="46.0351602" lon="11.4414115" />
      <trkpt lat="46.0351564" lon="11.4413013" />
      <trkpt lat="46.0351638" lon="11.4410968" />
      <trkpt lat="46.0351794" lon="11.4408712" />
      <trkpt lat="46.0351568" lon="11.4406923" />
      <trkpt lat="46.0351246" lon="11.4404940" />
      <trkpt lat="46.0350867" lon="11.4402975" />
      <trkpt lat="46.0350628" lon="11.4400604" />
      <trkpt lat="46.0350256" lon="11.4398578" />
      <trkpt lat="46.0349883" lon="11.4396258" />
      <trkpt lat="46.0349825" lon="11.4396036" />
      <trkpt lat="46.0349721" lon="11.4395852" />
      <trkpt lat="46.0349582" lon="11.4395724" />
      <trkpt lat="46.0349422" lon="11.4395667" />
      <trkpt lat="46.0349258" lon="11.4395685" />
      <trkpt lat="46.0349106" lon="11.4395777" />
      <trkpt lat="46.0348982" lon="11.4395933" />
      <trkpt lat="46.0348752" lon="11.4396314" />
      <trkpt lat="46.0348458" lon="11.4397023" />
      <trkpt lat="46.0348095" lon="11.4397425" />
      <trkpt lat="46.0347669" lon="11.4397664" />
      <trkpt lat="46.0347213" lon="11.4397720" />
      <trkpt lat="46.0346765" lon="11.4397590" />
      <trkpt lat="46.0345874" lon="11.4397492" />
      <trkpt lat="46.0345409" lon="11.4397438" />
      <trkpt lat="46.0344959" lon="11.4397610" />
      <trkpt lat="46.0344574" lon="11.4397990" />
      <trkpt lat="46.0344006" lon="11.4398815" />
      <trkpt lat="46.0343074" lon="11.4399414" />
      <trkpt lat="46.0341653" lon="11.4399794" />
      <trkpt lat="46.0340670" lon="11.4400371" />
      <trkpt lat="46.0338739" lon="11.4402227" />
      <trkpt lat="46.0337640" lon="11.4403883" />
      <trkpt lat="46.0336547" lon="11.4406016" />
      <trkpt lat="46.0336234" lon="11.4407086" />
      <trkpt lat="46.0336086" lon="11.4407235" />
      <trkpt lat="46.0335912" lon="11.4407307" />
      <trkpt lat="46.0335732" lon="11.4407293" />
      <trkpt lat="46.0335565" lon="11.4407196" />
      <trkpt lat="46.0335429" lon="11.4407024" />
      <trkpt lat="46.0335339" lon="11.4406799" />
      <trkpt lat="46.0335305" lon="11.4406543" />
      <trkpt lat="46.0335331" lon="11.4406286" />
      <trkpt lat="46.0335414" lon="11.4405702" />
      <trkpt lat="46.0335423" lon="11.4404699" />
      <trkpt lat="46.0335226" lon="11.4403489" />
      <trkpt lat="46.0334821" lon="11.4402392" />
      <trkpt lat="46.0334605" lon="11.4400499" />
      <trkpt lat="46.0334643" lon="11.4399095" />
      <trkpt lat="46.0334391" lon="11.4397738" />
      <trkpt lat="46.0333871" lon="11.4396550" />
      <trkpt lat="46.0333651" lon="11.4395704" />
      <trkpt lat="46.0333434" lon="11.4394555" />
      <trkpt lat="46.0333235" lon="11.4392673" />
      <trkpt lat="46.0333016" lon="11.4390884" />
      <trkpt lat="46.0332745" lon="11.4389818" />
      <trkpt lat="46.0332142" lon="11.4388638" />
      <trkpt lat="46.0332202" lon="11.4387730" />
      <trkpt lat="46.0332381" lon="11.4387156" />
      <trkpt lat="46.0332758" lon="11.4385866" />
      <trkpt lat="46.0332935" lon="11.4384351" />
      <trkpt lat="46.0332868" lon="11.4383120" />
      <trkpt lat="46.0332765" lon="11.4382651" />
      <trkpt lat="46.0332743" lon="11.4382465" />
      <trkpt lat="46.0332681" lon="11.4382299" />
      <trkpt lat="46.0332586" lon="11.4382169" />
      <trkpt lat="46.0332467" lon="11.4382090" />
      <trkpt lat="46.0332337" lon="11.4382069" />
      <trkpt lat="46.0332209" lon="11.4382109" />
      <trkpt lat="46.0332096" lon="11.4382205" />
      <trkpt lat="46.0332010" lon="11.4382347" />
      <trkpt lat="46.0331960" lon="11.4382522" />
      <trkpt lat="46.0331829" lon="11.4382922" />
      <trkpt lat="46.0331683" lon="11.4383817" />
      <trkpt lat="46.0331113" lon="11.4384743" />
      <trkpt lat="46.0330626" lon="11.4385322" />
      <trkpt lat="46.0330312" lon="11.4385530" />
      <trkpt lat="46.0329981" lon="11.4385909" />
      <trkpt lat="46.0329858" lon="11.4386680" />
      <trkpt lat="46.0329515" lon="11.4387632" />
      <trkpt lat="46.0328753" lon="11.4389570" />
      <trkpt lat="46.0327715" lon="11.4391851" />
      <trkpt lat="46.0326994" lon="11.4393660" />
      <trkpt lat="46.0326603" lon="11.4395211" />
      <trkpt lat="46.0326036" lon="11.4397968" />
      <trkpt lat="46.0325746" lon="11.4400005" />
      <trkpt lat="46.0325590" lon="11.4401577" />
      <trkpt lat="46.0325560" lon="11.4401784" />
      <trkpt lat="46.0325484" lon="11.4401964" />
      <trkpt lat="46.0325369" lon="11.4402096" />
      <trkpt lat="46.0325231" lon="11.4402165" />
      <trkpt lat="46.0325084" lon="11.4402161" />
      <trkpt lat="46.0324946" lon="11.4402086" />
      <trkpt lat="46.0324835" lon="11.4401949" />
      <trkpt lat="46.0324763" lon="11.4401765" />
      <trkpt lat="46.0324738" lon="11.4401556" />
      <trkpt lat="46.0324671" lon="11.4400525" />
      <trkpt lat="46.0324522" lon="11.4399512" />
      <trkpt lat="46.0323581" lon="11.4397363" />
      <trkpt lat="46.0322467" lon="11.4395387" />
      <trkpt lat="46.0321416" lon="11.4393083" />
      <trkpt lat="46.0320215" lon="11.4391051" />
      <trkpt lat="46.0319600" lon="11.4390190" />
      <trkpt lat="46.0319260" lon="11.4389448" />
      <trkpt lat="46.0319074" lon="11.4388600" />
      <trkpt lat="46.0319057" lon="11.4387711" />
      <trkpt lat="46.0318815" lon="11.4386696" />
      <trkpt lat="46.0318391" lon="11.4385813" />
      <trkpt lat="46.0317817" lon="11.4385129" />
      <trkpt lat="46.0316993" lon="11.4383457" />
      <trkpt lat="46.0316638" lon="11.4382283" />
      <trkpt lat="46.0316421" lon="11.4381030" />
      <trkpt lat="46.0316401" lon="11.4380267" />
      <trkpt lat="46.0316300" lon="11.4378925" />
      <trkpt lat="46.0316025" lon="11.4378058" />
      <trkpt lat="46.0315467" lon="11.4377233" />
      <trkpt lat="46.0314546" lon="11.4375199" />
      <trkpt lat="46.0314333" lon="11.4374216" />
      <trkpt lat="46.0313739" lon="11.4371671" />
      <trkpt lat="46.0312237" lon="11.4368103" />
      <trkpt lat="46.0310795" lon="11.4364238" />
      <trkpt lat="46.0310479" lon="11.4362584" />
      <trkpt lat="46.0310459" lon="11.4362354" />
      <trkpt lat="46.0310388" lon="11.4362147" />
      <trkpt lat="46.0310274" lon="11.4361984" />
      <trkpt lat="46.0310129" lon="11.4361885" />
      <trkpt lat="46.0309970" lon="11.4361859" />
      <trkpt lat="46.0309813" lon="11.4361909" />
      <trkpt lat="46.0309677" lon="11.4362031" />
      <trkpt lat="46.0309575" lon="11.4362210" />
      <trkpt lat="46.0309520" lon="11.4362428" />
      <trkpt lat="46.0309144" lon="11.4364098" />
      <trkpt lat="46.0308493" lon="11.4365741" />
      <trkpt lat="46.0308120" lon="11.4367357" />
      <trkpt lat="46.0307843" lon="11.4368549" />
      <trkpt lat="46.0307741" lon="11.4368790" />
      <trkpt lat="46.0307590" lon="11.4368970" />
      <trkpt lat="46.0307405" lon="11.4369066" />
      <trkpt lat="46.0307209" lon="11.4369069" />
      <trkpt lat="46.0307023" lon="11.4368979" />
      <trkpt lat="46.0306869" lon="11.4368804" />
      <trkpt lat="46.0306763" lon="11.4368565" />
      <trkpt lat="46.0306347" lon="11.4366594" />
      <trkpt lat="46.0306097" lon="11.4364249" />
      <trkpt lat="46.0305443" lon="11.4361539" />
      <trkpt lat="46.0304114" lon="11.4356618" />
      <trkpt lat="46.0302839" lon="11.4352945" />
      <trkpt lat="46.0302208" lon="11.4350916" />
      <trkpt lat="46.0301738" lon="11.4349879" />
      <trkpt lat="46.0301394" lon="11.4349514" />
      <trkpt lat="46.0301140" lon="11.4349019" />
      <trkpt lat="46.0301000" lon="11.4348437" />
      <trkpt lat="46.0300986" lon="11.4347822" />
      <trkpt lat="46.0301211" lon="11.4346692" />
      <trkpt lat="46.0301497" lon="11.4345464" />
      <trkpt lat="46.0301787" lon="11.4343181" />
      <trkpt lat="46.0301743" lon="11.4342993" />
      <trkpt lat="46.0301661" lon="11.4342834" />
      <trkpt lat="46.0301548" lon="11.4342720" />
      <trkpt lat="46.0301417" lon="11.4342664" />
      <trkpt lat="46.0301279" lon="11.4342669" />
      <trkpt lat="46.0301150" lon="11.4342737" />
      <trkpt lat="46.0301042" lon="11.4342860" />
      <trkpt lat="46.0300966" lon="11.4343025" />
      <trkpt lat="46.0300930" lon="11.4343216" />
      <trkpt lat="46.0300671" lon="11.4344135" />
      <trkpt lat="46.0300070" lon="11.4344836" />
      <trkpt lat="46.0299214" lon="11.4345721" />
      <trkpt lat="46.0298883" lon="11.4346199" />
      <trkpt lat="46.0298434" lon="11.4347129" />
      <trkpt lat="46.0298238" lon="11.4347940" />
      <trkpt lat="46.0297770" lon="11.4350019" />
      <trkpt lat="46.0297115" lon="11.4351718" />
      <trkpt lat="46.0296819" lon="11.4355096" />
      <trkpt lat="46.0296567" lon="11.4358207" />
      <trkpt lat="46.0295607" lon="11.4362498" />
      <trkpt lat="46.0294849" lon="11.4365381" />
      <trkpt lat="46.0294604" lon="11.4366270" />
      <trkpt lat="46.0294459" lon="11.4367172" />
      <trkpt lat="46.0294262" lon="11.4368271" />
      <trkpt lat="46.0293823" lon="11.4369224" />
      <trkpt lat="46.0293233" lon="11.4369989" />
      <trkpt lat="46.0292954" lon="11.4370400" />
      <trkpt lat="46.0292767" lon="11.4370909" />
      <trkpt lat="46.0292690" lon="11.4371474" />
      <trkpt lat="46.0292728" lon="11.4372047" />
      <trkpt lat="46.0292878" lon="11.4372580" />
      <trkpt lat="46.0292919" lon="11.4374076" />
      <trkpt lat="46.0292768" lon="11.4376035" />
      <trkpt lat="46.0292789" lon="11.4377288" />
      <trkpt lat="46.0292769" lon="11.4377463" />
      <trkpt lat="46.0292712" lon="11.4377620" />
      <trkpt lat="46.0292624" lon="11.4377743" />
      <trkpt lat="46.0292514" lon="11.4377821" />
      <trkpt lat="46.0292392" lon="11.4377846" />
      <trkpt lat="46.0292271" lon="11.4377814" />
      <trkpt lat="46.0292163" lon="11.4377730" />
      <trkpt lat="46.0292079" lon="11.4377601" />
      <trkpt lat="46.0292027" lon="11.4377441" />
      <trkpt lat="46.0292012" lon="11.4377265" />
      <trkpt lat="46.0292065" lon="11.4375659" />
      <trkpt lat="46.0291992" lon="11.4374806" />
      <trkpt lat="46.0291783" lon="11.4374001" />
      <trkpt lat="46.0291450" lon="11.4373288" />
      <trkpt lat="46.0290357" lon="11.4371981" />
      <trkpt lat="46.0290105" lon="11.4371726" />
      <trkpt lat="46.0289924" lon="11.4371367" />
      <trkpt lat="46.0289834" lon="11.4370943" />
      <trkpt lat="46.0289843" lon="11.4370500" />
      <trkpt lat="46.0289455" lon="11.4368306" />
      <trkpt lat="46.0289082" lon="11.4367181" />
      <trkpt lat="46.0288970" lon="11.4365761" />
      <trkpt lat="46.0288718" lon="11.4363626" />
      <trkpt lat="46.0288013" lon="11.4361524" />
      <trkpt lat="46.0286786" lon="11.4358818" />
      <trkpt lat="46.0286396" lon="11.4357978" />
      <trkpt lat="46.0286175" lon="11.4357019" />
      <trkpt lat="46.0286141" lon="11.4356011" />
      <trkpt lat="46.0286295" lon="11.4355025" />
      <trkpt lat="46.0286763" lon="11.4353114" />
      <trkpt lat="46.0287560" lon="11.4350363" />
      <trkpt lat="46.0287994" lon="11.4348016" />
      <trkpt lat="46.0288050" lon="11.4346908" />
      <trkpt lat="46.0287934" lon="11.4344943" />
      <trkpt lat="46.0287809" lon="11.4342468" />
      <trkpt lat="46.0287959" lon="11.4340044" />
      <trkpt lat="46.0287556" lon="11.4337356" />
      <trkpt lat="46.0287444" lon="11.4336848" />
      <trkpt lat="46.0287449" lon="11.4336315" />
      <trkpt lat="46.0287573" lon="11.4335812" />
      <trkpt lat="46.0287801" lon="11.4335393" />
      <trkpt lat="46.0287952" lon="11.4334673" />
      <trkpt lat="46.0287947" lon="11.4333921" />
      <trkpt lat="46.0287788" lon="11.4333205" />
      <trkpt lat="46.0287690" lon="11.4331901" />
      <trkpt lat="46.0287256" lon="11.4329467" />
      <trkpt lat="46.0286814" lon="11.4327605" />
      <trkpt lat="46.0286368" lon="11.4325520" />
      <trkpt lat="46.0285463" lon="11.4323687" />
      <trkpt lat="46.0285145" lon="11.4322085" />
      <trkpt lat="46.0284211" lon="11.4319566" />
      <trkpt lat="46.0284072" lon="11.4316995" />
      <trkpt lat="46.0284287" lon="11.4314322" />
      <trkpt lat="46.0283989" lon="11.4310923" />
      <trkpt lat="46.0283798" lon="11.4309058" />
      <trkpt lat="46.0283529" lon="11.4307402" />
      <trkpt lat="46.0283436" lon="11.4305654" />
      <trkpt lat="46.0283391" lon="11.4305458" />
      <trkpt lat="46.0283302" lon="11.4305295" />
      <trkpt lat="46.0283180" lon="11.4305185" />
      <trkpt lat="46.0283040" lon="11.4305140" />
      <trkpt lat="46.0282897" lon="11.4305164" />
      <trkpt lat="46.0282769" lon="11.4305256" />
      <trkpt lat="46.0282669" lon="11.4305405" />
      <trkpt lat="46.0282609" lon="11.4305594" />
      <trkpt lat="46.0282597" lon="11.4305800" />
      <trkpt lat="46.0282634" lon="11.4306000" />
      <trkpt lat="46.0282843" lon="11.4307759" />
      <trkpt lat="46.0282720" lon="11.4309007" />
      <trkpt lat="46.0282514" lon="11.4310319" />
      <trkpt lat="46.0281253" lon="11.4312951" />
      <trkpt lat="46.0280784" lon="11.4314668" />
      <trkpt lat="46.0279980" lon="11.4316461" />
      <trkpt lat="46.0279388" lon="11.4318692" />
      <trkpt lat="46.0279123" lon="11.4321244" />
      <trkpt lat="46.0279103" lon="11.4324157" />
      <trkpt lat="46.0279301" lon="11.4327214" />
      <trkpt lat="46.0279480" lon="11.4329670" />
      <trkpt lat="46.0279538" lon="11.4330977" />
      <trkpt lat="46.0279483" lon="11.4331149" />
      <trkpt lat="46.0279393" lon="11.4331287" />
      <trkpt lat="46.0279278" lon="11.4331378" />
      <trkpt lat="46.0279149" lon="11.4331411" />
      <trkpt lat="46.0279019" lon="11.4331383" />
      <trkpt lat="46.0278901" lon="11.4331298" />
      <trkpt lat="46.0278809" lon="11.4331164" />
      <trkpt lat="46.0278750" lon="11.4330995" />
      <trkpt lat="46.0278732" lon="11.4330808" />
      <trkpt lat="46.0278838" lon="11.4329758" />
      <trkpt lat="46.0278659" lon="11.4329010" />
      <trkpt lat="46.0277729" lon="11.4326312" />
      <trkpt lat="46.0276750" lon="11.4322454" />
      <trkpt lat="46.0276652" lon="11.4320973" />
      <trkpt lat="46.0276069" lon="11.4318997" />
      <trkpt lat="46.0276138" lon="11.4314910" />
      <trkpt lat="46.0275771" lon="11.4313465" />
      <trkpt lat="46.0275800" lon="11.4311543" />
      <trkpt lat="46.0275652" lon="11.4309589" />
      <trkpt lat="46.0274963" lon="11.4305392" />
      <trkpt lat="46.0274253" lon="11.4304264" />
      <trkpt lat="46.0274037" lon="11.4302654" />
      <trkpt lat="46.0273861" lon="11.4301268" />
      <trkpt lat="46.0273257" lon="11.4300001" />
      <trkpt lat="46.0273106" lon="11.4299340" />
      <trkpt lat="46.0273118" lon="11.4298645" />
      <trkpt lat="46.0273290" lon="11.4297996" />
      <trkpt lat="46.0273603" lon="11.4297467" />
      <trkpt lat="46.0274702" lon="11.4295430" />
      <trkpt lat="46.0274903" lon="11.4293681" />
      <trkpt lat="46.0275257" lon="11.4291997" />
      <trkpt lat="46.0275795" lon="11.4290340" />
      <trkpt lat="46.0275833" lon="11.4288367" />
      <trkpt lat="46.0275872" lon="11.4286149" />
      <trkpt lat="46.0275798" lon="11.4285135" />
      <trkpt lat="46.0275757" lon="11.4284576" />
      <trkpt lat="46.0275825" lon="11.4284022" />
      <trkpt lat="46.0275997" lon="11.4283517" />
      <trkpt lat="46.0276259" lon="11.4283100" />
      <trkpt lat="46.0276872" lon="11.4282374" />
      <trkpt lat="46.0277269" lon="11.4281786" />
      <trkpt lat="46.0277506" lon="11.4281040" />
      <trkpt lat="46.0277557" lon="11.4280223" />
      <trkpt lat="46.0277509" lon="11.4279171" />
      <trkpt lat="46.0277705" lon="11.4278156" />
      <trkpt lat="46.0278123" lon="11.4277290" />
      <trkpt lat="46.0278716" lon="11.4276672" />
      <trkpt lat="46.0279832" lon="11.4275712" />
      <trkpt lat="46.0281087" lon="11.4275224" />
      <trkpt lat="46.0282388" lon="11.4275247" />
      <trkpt lat="46.0283635" lon="11.4275777" />
      <trkpt lat="46.0284214" lon="11.4276076" />
      <trkpt lat="46.0284626" lon="11.4276236" />
      <trkpt lat="46.0285053" lon="11.4276208" />
      <trkpt lat="46.0285453" lon="11.4275993" />
      <trkpt lat="46.0285789" lon="11.4275613" />
      <trkpt lat="46.0286028" lon="11.4275103" />
      <trkpt lat="46.0286148" lon="11.4274513" />
      <trkpt lat="46.0285857" lon="11.4273821" />
      <trkpt lat="46.0285724" lon="11.4273035" />
      <trkpt lat="46.0285762" lon="11.4272229" />
      <trkpt lat="46.0285893" lon="11.4271652" />
      <trkpt lat="46.0286042" lon="11.4271351" />
      <trkpt lat="46.0286205" lon="11.4270894" />
      <trkpt lat="46.0286271" lon="11.4270388" />
      <trkpt lat="46.0286270" lon="11.4268873" />
      <trkpt lat="46.0286235" lon="11.4266944" />
      <trkpt lat="46.0286221" lon="11.4264008" />
      <trkpt lat="46.0286344" lon="11.4261928" />
      <trkpt lat="46.0285997" lon="11.4260163" />
      <trkpt lat="46.0285657" lon="11.4256869" />
      <trkpt lat="46.0285194" lon="11.4252336" />
      <trkpt lat="46.0284410" lon="11.4248780" />
      <trkpt lat="46.0283506" lon="11.4246730" />
      <trkpt lat="46.0284361" lon="11.4245431" />
      <trkpt lat="46.0284519" lon="11.4243036" />
      <trkpt lat="46.0284508" lon="11.4239791" />
      <trkpt lat="46.0285378" lon="11.4237568" />
      <trkpt lat="46.0286026" lon="11.4234710" />
      <trkpt lat="46.0286653" lon="11.4231511" />
      <trkpt lat="46.0287592" lon="11.4230344" />
      <trkpt lat="46.0288343" lon="11.4228027" />
      <trkpt lat="46.0290284" lon="11.4227312" />
      <trkpt lat="46.0292054" lon="11.4225742" />
      <trkpt lat="46.0294754" lon="11.4225981" />
      <trkpt lat="46.0296023" lon="11.4225708" />
      <trkpt lat="46.0297058" lon="11.4224838" />
      <trkpt lat="46.0297798" lon="11.4224157" />
      <trkpt lat="46.0298676" lon="11.4223662" />
      <trkpt lat="46.0300318" lon="11.4224439" />
      <trkpt lat="46.0300978" lon="11.4224731" />
      <trkpt lat="46.0301549" lon="11.4225288" />
      <trkpt lat="46.0301983" lon="11.4226061" />
      <trkpt lat="46.0302266" lon="11.4226871" />
      <trkpt lat="46.0302716" lon="11.4227508" />
      <trkpt lat="46.0303283" lon="11.4227904" />
      <trkpt lat="46.0303908" lon="11.4228016" />
      <trkpt lat="46.0305152" lon="11.4227841" />
      <trkpt lat="46.0306211" lon="11.4227477" />
      <trkpt lat="46.0307036" lon="11.4226660" />
      <trkpt lat="46.0307508" lon="11.4225487" />
      <trkpt lat="46.0308052" lon="11.4224897" />
      <trkpt lat="46.0308378" lon="11.4224725" />
      <trkpt lat="46.0308650" lon="11.4224588" />
      <trkpt lat="46.0308875" lon="11.4224327" />
      <trkpt lat="46.0309025" lon="11.4223971" />
      <trkpt lat="46.0309084" lon="11.4223564" />
      <trkpt lat="46.0309263" lon="11.4219010" />
      <trkpt lat="46.0309312" lon="11.4217794" />
      <trkpt lat="46.0309199" lon="11.4216731" />
      <trkpt lat="46.0309209" lon="11.4216528" />
      <trkpt lat="46.0309267" lon="11.4216342" />
      <trkpt lat="46.0309366" lon="11.4216196" />
      <trkpt lat="46.0309493" lon="11.4216108" />
      <trkpt lat="46.0309633" lon="11.4216087" />
      <trkpt lat="46.0309770" lon="11.4216137" />
      <trkpt lat="46.0309887" lon="11.4216251" />
      <trkpt lat="46.0309970" lon="11.4216416" />
      <trkpt lat="46.0310149" lon="11.4217580" />
      <trkpt lat="46.0310328" lon="11.4218623" />
      <trkpt lat="46.0310683" lon="11.4219592" />
      <trkpt lat="46.0311417" lon="11.4220949" />
      <trkpt lat="46.0312833" lon="11.4223497" />
      <trkpt lat="46.0313877" lon="11.4224985" />
      <trkpt lat="46.0314684" lon="11.4226493" />
      <trkpt lat="46.0315284" lon="11.4227629" />
      <trkpt lat="46.0315695" lon="11.4229433" />
      <trkpt lat="46.0316593" lon="11.4230943" />
      <trkpt lat="46.0317242" lon="11.4232866" />
      <trkpt lat="46.0318273" lon="11.4234604" />
      <trkpt lat="46.0318930" lon="11.4235578" />
      <trkpt lat="46.0319310" lon="11.4236847" />
      <trkpt lat="46.0319518" lon="11.4238063" />
      <trkpt lat="46.0319885" lon="11.4239262" />
      <trkpt lat="46.0320253" lon="11.4241949" />
      <trkpt lat="46.0321362" lon="11.4244130" />
      <trkpt lat="46.0321676" lon="11.4245300" />
      <trkpt lat="46.0322224" lon="11.4246276" />
      <trkpt lat="46.0322953" lon="11.4246963" />
      <trkpt lat="46.0325732" lon="11.4247728" />
      <trkpt lat="46.0326517" lon="11.4247793" />
      <trkpt lat="46.0326945" lon="11.4248110" />
      <trkpt lat="46.0327545" lon="11.4249026" />
      <trkpt lat="46.0327994" lon="11.4250166" />
      <trkpt lat="46.0329001" lon="11.4252199" />
      <trkpt lat="46.0330354" lon="11.4254282" />
      <trkpt lat="46.0330816" lon="11.4254898" />
      <trkpt lat="46.0331168" lon="11.4255571" />
      <trkpt lat="46.0331365" lon="11.4256365" />
      <trkpt lat="46.0331390" lon="11.4257207" />
      <trkpt lat="46.0331437" lon="11.4258234" />
      <trkpt lat="46.0331417" lon="11.4258478" />
      <trkpt lat="46.0331344" lon="11.4258700" />
      <trkpt lat="46.0331226" lon="11.4258876" />
      <trkpt lat="46.0331074" lon="11.4258989" />
      <trkpt lat="46.0330906" lon="11.4259026" />
      <trkpt lat="46.0330738" lon="11.4258983" />
      <trkpt lat="46.0330588" lon="11.4258866" />
      <trkpt lat="46.0330472" lon="11.4258685" />
      <trkpt lat="46.0329978" lon="11.4257881" />
      <trkpt lat="46.0328928" lon="11.4256464" />
      <trkpt lat="46.0328348" lon="11.4255734" />
      <trkpt lat="46.0327652" lon="11.4255259" />
      <trkpt lat="46.0326893" lon="11.4255077" />
      <trkpt lat="46.0326127" lon="11.4255201" />
      <trkpt lat="46.0325703" lon="11.4255397" />
      <trkpt lat="46.0325346" lon="11.4255784" />
      <trkpt lat="46.0325099" lon="11.4256318" />
      <trkpt lat="46.0324987" lon="11.4256940" />
      <trkpt lat="46.0325023" lon="11.4257580" />
      <trkpt lat="46.0325195" lon="11.4258177" />
      <trkpt lat="46.0325494" lon="11.4258660" />
      <trkpt lat="46.0325886" lon="11.4258974" />
      <trkpt lat="46.0326329" lon="11.4259084" />
      <trkpt lat="46.0326772" lon="11.4258978" />
      <trkpt lat="46.0327012" lon="11.4258890" />
      <trkpt lat="46.0327260" lon="11.4258925" />
      <trkpt lat="46.0327484" lon="11.4259077" />
      <trkpt lat="46.0327660" lon="11.4259331" />
      <trkpt lat="46.0327765" lon="11.4259655" />
      <trkpt lat="46.0328295" lon="11.4260979" />
      <trkpt lat="46.0331101" lon="11.4266845" />
      <trkpt lat="46.0331188" lon="11.4267054" />
      <trkpt lat="46.0331222" lon="11.4267294" />
      <trkpt lat="46.0331201" lon="11.4267536" />
      <trkpt lat="46.0331126" lon="11.4267755" />
      <trkpt lat="46.0331005" lon="11.4267927" />
      <trkpt lat="46.0330852" lon="11.4268033" />
      <trkpt lat="46.0330684" lon="11.4268061" />
      <trkpt lat="46.0330518" lon="11.4268009" />
      <trkpt lat="46.0330163" lon="11.4267568" />
      <trkpt lat="46.0329613" lon="11.4267198" />
      <trkpt lat="46.0328450" lon="11.4265118" />
      <trkpt lat="46.0327508" lon="11.4263215" />
      <trkpt lat="46.0327384" lon="11.4263029" />
      <trkpt lat="46.0327224" lon="11.4262914" />
      <trkpt lat="46.0327046" lon="11.4262883" />
      <trkpt lat="46.0326871" lon="11.4262939" />
      <trkpt lat="46.0326719" lon="11.4263075" />
      <trkpt lat="46.0326608" lon="11.4263276" />
      <trkpt lat="46.0326549" lon="11.4263520" />
      <trkpt lat="46.0326551" lon="11.4263778" />
      <trkpt lat="46.0326612" lon="11.4264020" />
      <trkpt lat="46.0327214" lon="11.4265947" />
      <trkpt lat="46.0328316" lon="11.4267163" />
      <trkpt lat="46.0329123" lon="11.4268379" />
      <trkpt lat="46.0330004" lon="11.4270494" />
      <trkpt lat="46.0331846" lon="11.4273513" />
      <trkpt lat="46.0334336" lon="11.4278848" />
      <trkpt lat="46.0334930" lon="11.4283190" />
      <trkpt lat="46.0336049" lon="11.4286251" />
      <trkpt lat="46.0337330" lon="11.4288600" />
      <trkpt lat="46.0338154" lon="11.4291997" />
      <trkpt lat="46.0339326" lon="11.4294897" />
      <trkpt lat="46.0339953" lon="11.4295714" />
      <trkpt lat="46.0340759" lon="11.4296689" />
      <trkpt lat="46.0341843" lon="11.4297111" />
      <trkpt lat="46.0342797" lon="11.4297233" />
      <trkpt lat="46.0343281" lon="11.4297278" />
      <trkpt lat="46.0343753" lon="11.4297123" />
      <trkpt lat="46.0344176" lon="11.4296781" />
      <trkpt lat="46.0344513" lon="11.4296281" />
      <trkpt lat="46.0345062" lon="11.4294988" />
      <trkpt lat="46.0346401" lon="11.4291997" />
      <trkpt lat="46.0347117" lon="11.4290160" />
      <trkpt lat="46.0347249" lon="11.4289997" />
      <trkpt lat="46.0347410" lon="11.4289907" />
      <trkpt lat="46.0347583" lon="11.4289898" />
      <trkpt lat="46.0347748" lon="11.4289972" />
      <trkpt lat="46.0347887" lon="11.4290121" />
      <trkpt lat="46.0347983" lon="11.4290328" />
      <trkpt lat="46.0348027" lon="11.4290569" />
      <trkpt lat="46.0348013" lon="11.4290818" />
      <trkpt lat="46.0347942" lon="11.4291045" />
      <trkpt lat="46.0347380" lon="11.4291962" />
      <trkpt lat="46.0346743" lon="11.4294218" />
      <trkpt lat="46.0346499" lon="11.4295557" />
      <trkpt lat="46.0346483" lon="11.4296462" />
      <trkpt lat="46.0346587" lon="11.4296922" />
      <trkpt lat="46.0346662" lon="11.4297223" />
      <trkpt lat="46.0346800" lon="11.4297473" />
      <trkpt lat="46.0346985" lon="11.4297649" />
      <trkpt lat="46.0347199" lon="11.4297732" />
      <trkpt lat="46.0347420" lon="11.4297714" />
      <trkpt lat="46.0347626" lon="11.4297596" />
      <trkpt lat="46.0347796" lon="11.4297390" />
      <trkpt lat="46.0347894" lon="11.4296580" />
      <trkpt lat="46.0348187" lon="11.4293971" />
      <trkpt lat="46.0348252" lon="11.4293776" />
      <trkpt lat="46.0348357" lon="11.4293621" />
      <trkpt lat="46.0348491" lon="11.4293524" />
      <trkpt lat="46.0348640" lon="11.4293494" />
      <trkpt lat="46.0348787" lon="11.4293535" />
      <trkpt lat="46.0348917" lon="11.4293642" />
      <trkpt lat="46.0349016" lon="11.4293805" />
      <trkpt lat="46.0349074" lon="11.4294005" />
      <trkpt lat="46.0349083" lon="11.4294221" />
      <trkpt lat="46.0349093" lon="11.4294747" />
      <trkpt lat="46.0349136" lon="11.4295403" />
      <trkpt lat="46.0349303" lon="11.4296016" />
      <trkpt lat="46.0349581" lon="11.4296540" />
      <trkpt lat="46.0349949" lon="11.4296932" />
      <trkpt lat="46.0350830" lon="11.4297637" />
      <trkpt lat="46.0351862" lon="11.4299848" />
      <trkpt lat="46.0353713" lon="11.4302382" />
      <trkpt lat="46.0354550" lon="11.4303700" />
      <trkpt lat="46.0355035" lon="11.4305006" />
      <trkpt lat="46.0355724" lon="11.4307225" />
      <trkpt lat="46.0355935" lon="11.4310293" />
      <trkpt lat="46.0357971" lon="11.4312263" />
      <trkpt lat="46.0358857" lon="11.4314346" />
      <trkpt lat="46.0359689" lon="11.4316249" />
      <trkpt lat="46.0360224" lon="11.4318032" />
      <trkpt lat="46.0360692" lon="11.4319246" />
      <trkpt lat="46.0360845" lon="11.4321146" />
      <trkpt lat="46.0361230" lon="11.4322806" />
      <trkpt lat="46.0361795" lon="11.4324796" />
      <trkpt lat="46.0362406" lon="11.4326411" />
      <trkpt lat="46.0363090" lon="11.4327494" />
      <trkpt lat="46.0362406" lon="11.4326411" />
      <trkpt lat="46.0361795" lon="11.4324796" />
      <trkpt lat="46.0361230" lon="11.4322806" />
      <trkpt lat="46.0360845" lon="11.4321146" />
      <trkpt lat="46.0360692" lon="11.4319246" />
      <trkpt lat="46.0360224" lon="11.4318032" />
      <trkpt lat="46.0359689" lon="11.4316249" />
      <trkpt lat="46.0358857" lon="11.4314346" />
      <trkpt lat="46.0357971" lon="11.4312263" />
      <trkpt lat="46.0355935" lon="11.4310293" />
      <trkpt lat="46.0355724" lon="11.4307225" />
      <trkpt lat="46.0355035" lon="11.4305006" />
      <trkpt lat="46.0354550" lon="11.4303700" />
      <trkpt lat="46.0353713" lon="11.4302382" />
      <trkpt lat="46.0351862" lon="11.4299848" />
      <trkpt lat="46.0350830" lon="11.4297637" />
      <trkpt lat="46.0349949" lon="11.4296932" />
      <trkpt lat="46.0349581" lon="11.4296540" />
      <trkpt lat="46.0349303" lon="11.4296016" />
      <trkpt lat="46.0349136" lon="11.4295403" />
      <trkpt lat="46.0349093" lon="11.4294747" />
      <trkpt lat="46.0349083" lon="11.4294221" />
      <trkpt lat="46.0349074" lon="11.4294005" />
      <trkpt lat="46.0349016" lon="11.4293805" />
      <trkpt lat="46.0348917" lon="11.4293642" />
      <trkpt lat="46.0348787" lon="11.4293535" />
      <trkpt lat="46.0348640" lon="11.4293494" />
      <trkpt lat="46.0348491" lon="11.4293524" />
      <trkpt lat="46.0348357" lon="11.4293621" />
      <trkpt lat="46.0348252" lon="11.4293776" />
      <trkpt lat="46.0348187" lon="11.4293971" />
      <trkpt lat="46.0347894" lon="11.4296580" />
      <trkpt lat="46.0347796" lon="11.4297390" />
      <trkpt lat="46.0347626" lon="11.4297596" />
      <trkpt lat="46.0347420" lon="11.4297714" />
      <trkpt lat="46.0347199" lon="11.4297732" />
      <trkpt lat="46.0346985" lon="11.4297649" />
      <trkpt lat="46.0346800" lon="11.4297473" />
      <trkpt lat="46.0346662" lon="11.4297223" />
      <trkpt lat="46.0346587" lon="11.4296922" />
      <trkpt lat="46.0346483" lon="11.4296462" />
      <trkpt lat="46.0346499" lon="11.4295557" />
      <trkpt lat="46.0346743" lon="11.4294218" />
      <trkpt lat="46.0347380" lon="11.4291962" />
      <trkpt lat="46.0347942" lon="11.4291045" />
      <trkpt lat="46.0348013" lon="11.4290818" />
      <trkpt lat="46.0348027" lon="11.4290569" />
      <trkpt lat="46.0347983" lon="11.4290328" />
      <trkpt lat="46.0347887" lon="11.4290121" />
      <trkpt lat="46.0347748" lon="11.4289972" />
      <trkpt lat="46.0347583" lon="11.4289898" />
      <trkpt lat="46.0347410" lon="11.4289907" />
      <trkpt lat="46.0347249" lon="11.4289997" />
      <trkpt lat="46.0347117" lon="11.4290160" />
      <trkpt lat="46.0346401" lon="11.4291997" />
      <trkpt lat="46.0345062" lon="11.4294988" />
      <trkpt lat="46.0344513" lon="11.4296281" />
      <trkpt lat="46.0344176" lon="11.4296781" />
      <trkpt lat="46.0343753" lon="11.4297123" />
      <trkpt lat="46.0343281" lon="11.4297278" />
      <trkpt lat="46.0342797" lon="11.4297233" />
      <trkpt lat="46.0341843" lon="11.4297111" />
      <trkpt lat="46.0340759" lon="11.4296689" />
      <trkpt lat="46.0339953" lon="11.4295714" />
      <trkpt lat="46.0339326" lon="11.4294897" />
      <trkpt lat="46.0338154" lon="11.4291997" />
      <trkpt lat="46.0337330" lon="11.4288600" />
      <trkpt lat="46.0336049" lon="11.4286251" />
      <trkpt lat="46.0334930" lon="11.4283190" />
      <trkpt lat="46.0334336" lon="11.4278848" />
      <trkpt lat="46.0331846" lon="11.4273513" />
      <trkpt lat="46.0330004" lon="11.4270494" />
      <trkpt lat="46.0329123" lon="11.4268379" />
      <trkpt lat="46.0328316" lon="11.4267163" />
      <trkpt lat="46.0327214" lon="11.4265947" />
      <trkpt lat="46.0326612" lon="11.4264020" />
      <trkpt lat="46.0326551" lon="11.4263778" />
      <trkpt lat="46.0326549" lon="11.4263520" />
      <trkpt lat="46.0326608" lon="11.4263276" />
      <trkpt lat="46.0326719" lon="11.4263075" />
      <trkpt lat="46.0326871" lon="11.4262939" />
      <trkpt lat="46.0327046" lon="11.4262883" />
      <trkpt lat="46.0327224" lon="11.4262914" />
      <trkpt lat="46.0327384" lon="11.4263029" />
      <trkpt lat="46.0327508" lon="11.4263215" />
      <trkpt lat="46.0328450" lon="11.4265118" />
      <trkpt lat="46.0329613" lon="11.4267198" />
      <trkpt lat="46.0330163" lon="11.4267568" />
      <trkpt lat="46.0330518" lon="11.4268009" />
      <trkpt lat="46.0330684" lon="11.4268061" />
      <trkpt lat="46.0330852" lon="11.4268033" />
      <trkpt lat="46.0331005" lon="11.4267927" />
      <trkpt lat="46.0331126" lon="11.4267755" />
      <trkpt lat="46.0331201" lon="11.4267536" />
      <trkpt lat="46.0331222" lon="11.4267294" />
      <trkpt lat="46.0331188" lon="11.4267054" />
      <trkpt lat="46.0331101" lon="11.4266845" />
      <trkpt lat="46.0328295" lon="11.4260979" />
      <trkpt lat="46.0327765" lon="11.4259655" />
      <trkpt lat="46.0327660" lon="11.4259331" />
      <trkpt lat="46.0327484" lon="11.4259077" />
      <trkpt lat="46.0327260" lon="11.4258925" />
      <trkpt lat="46.0327012" lon="11.4258890" />
      <trkpt lat="46.0326772" lon="11.4258978" />
      <trkpt lat="46.0326329" lon="11.4259084" />
      <trkpt lat="46.0325886" lon="11.4258974" />
      <trkpt lat="46.0325494" lon="11.4258660" />
      <trkpt lat="46.0325195" lon="11.4258177" />
      <trkpt lat="46.0325023" lon="11.4257580" />
      <trkpt lat="46.0324987" lon="11.4256940" />
      <trkpt lat="46.0325099" lon="11.4256318" />
      <trkpt lat="46.0325346" lon="11.4255784" />
      <trkpt lat="46.0325703" lon="11.4255397" />
      <trkpt lat="46.0326127" lon="11.4255201" />
      <trkpt lat="46.0326893" lon="11.4255077" />
      <trkpt lat="46.0327652" lon="11.4255259" />
      <trkpt lat="46.0328348" lon="11.4255734" />
      <trkpt lat="46.0328928" lon="11.4256464" />
      <trkpt lat="46.0329978" lon="11.4257881" />
      <trkpt lat="46.0330472" lon="11.4258685" />
      <trkpt lat="46.0330588" lon="11.4258866" />
      <trkpt lat="46.0330738" lon="11.4258983" />
      <trkpt lat="46.0330906" lon="11.4259026" />
      <trkpt lat="46.0331074" lon="11.4258989" />
      <trkpt lat="46.0331226" lon="11.4258876" />
      <trkpt lat="46.0331344" lon="11.4258700" />
      <trkpt lat="46.0331417" lon="11.4258478" />
      <trkpt lat="46.0331437" lon="11.4258234" />
      <trkpt lat="46.0331390" lon="11.4257207" />
      <trkpt lat="46.0331365" lon="11.4256365" />
      <trkpt lat="46.0331168" lon="11.4255571" />
      <trkpt lat="46.0330816" lon="11.4254898" />
      <trkpt lat="46.0330354" lon="11.4254282" />
      <trkpt lat="46.0329001" lon="11.4252199" />
      <trkpt lat="46.0327994" lon="11.4250166" />
      <trkpt lat="46.0327545" lon="11.4249026" />
      <trkpt lat="46.0326945" lon="11.4248110" />
      <trkpt lat="46.0326517" lon="11.4247793" />
      <trkpt lat="46.0325732" lon="11.4247728" />
      <trkpt lat="46.0322953" lon="11.4246963" />
      <trkpt lat="46.0322224" lon="11.4246276" />
      <trkpt lat="46.0321676" lon="11.4245300" />
      <trkpt lat="46.0321362" lon="11.4244130" />
      <trkpt lat="46.0320253" lon="11.4241949" />
      <trkpt lat="46.0319885" lon="11.4239262" />
      <trkpt lat="46.0319518" lon="11.4238063" />
      <trkpt lat="46.0319310" lon="11.4236847" />
      <trkpt lat="46.0318930" lon="11.4235578" />
      <trkpt lat="46.0318273" lon="11.4234604" />
      <trkpt lat="46.0317242" lon="11.4232866" />
      <trkpt lat="46.0316593" lon="11.4230943" />
      <trkpt lat="46.0315695" lon="11.4229433" />
      <trkpt lat="46.0315284" lon="11.4227629" />
      <trkpt lat="46.0314684" lon="11.4226493" />
      <trkpt lat="46.0313877" lon="11.4224985" />
      <trkpt lat="46.0312833" lon="11.4223497" />
      <trkpt lat="46.0311417" lon="11.4220949" />
      <trkpt lat="46.0310683" lon="11.4219592" />
      <trkpt lat="46.0310328" lon="11.4218623" />
      <trkpt lat="46.0310149" lon="11.4217580" />
      <trkpt lat="46.0309970" lon="11.4216416" />
      <trkpt lat="46.0309887" lon="11.4216251" />
      <trkpt lat="46.0309770" lon="11.4216137" />
      <trkpt lat="46.0309633" lon="11.4216087" />
      <trkpt lat="46.0309493" lon="11.4216108" />
      <trkpt lat="46.0309366" lon="11.4216196" />
      <trkpt lat="46.0309267" lon="11.4216342" />
      <trkpt lat="46.0309209" lon="11.4216528" />
      <trkpt lat="46.0309199" lon="11.4216731" />
      <trkpt lat="46.0309312" lon="11.4217794" />
      <trkpt lat="46.0309263" lon="11.4219010" />
      <trkpt lat="46.0309084" lon="11.4223564" />
      <trkpt lat="46.0309025" lon="11.4223971" />
      <trkpt lat="46.0308875" lon="11.4224327" />
      <trkpt lat="46.0308650" lon="11.4224588" />
      <trkpt lat="46.0308378" lon="11.4224725" />
      <trkpt lat="46.0308052" lon="11.4224897" />
      <trkpt lat="46.0307508" lon="11.4225487" />
      <trkpt lat="46.0307036" lon="11.4226660" />
      <trkpt lat="46.0306211" lon="11.4227477" />
      <trkpt lat="46.0305152" lon="11.4227841" />
      <trkpt lat="46.0303908" lon="11.4228016" />
      <trkpt lat="46.0303283" lon="11.4227904" />
      <trkpt lat="46.0302716" lon="11.4227508" />
      <trkpt lat="46.0302266" lon="11.4226871" />
      <trkpt lat="46.0301983" lon="11.4226061" />
      <trkpt lat="46.0301549" lon="11.4225288" />
      <trkpt lat="46.0300978" lon="11.4224731" />
      <trkpt lat="46.0300318" lon="11.4224439" />
      <trkpt lat="46.0298676" lon="11.4223662" />
      <trkpt lat="46.0297798" lon="11.4224157" />
      <trkpt lat="46.0297058" lon="11.4224838" />
      <trkpt lat="46.0296023" lon="11.4225708" />
      <trkpt lat="46.0294754" lon="11.4225981" />
      <trkpt lat="46.0292054" lon="11.4225742" />
      <trkpt lat="46.0290284" lon="11.4227312" />
      <trkpt lat="46.0288343" lon="11.4228027" />
      <trkpt lat="46.0287592" lon="11.4230344" />
      <trkpt lat="46.0286653" lon="11.4231511" />
      <trkpt lat="46.0286026" lon="11.4234710" />
      <trkpt lat="46.0285378" lon="11.4237568" />
      <trkpt lat="46.0284508" lon="11.4239791" />
      <trkpt lat="46.0284519" lon="11.4243036" />
      <trkpt lat="46.0284361" lon="11.4245431" />
      <trkpt lat="46.0283506" lon="11.4246730" />
      <trkpt lat="46.0284410" lon="11.4248780" />
      <trkpt lat="46.0285194" lon="11.4252336" />
      <trkpt lat="46.0285657" lon="11.4256869" />
      <trkpt lat="46.0285997" lon="11.4260163" />
      <trkpt lat="46.0286344" lon="11.4261928" />
      <trkpt lat="46.0286221" lon="11.4264008" />
      <trkpt lat="46.0286235" lon="11.4266944" />
      <trkpt lat="46.0286270" lon="11.4268873" />
      <trkpt lat="46.0286271" lon="11.4270388" />
      <trkpt lat="46.0286205" lon="11.4270894" />
      <trkpt lat="46.0286042" lon="11.4271351" />
      <trkpt lat="46.0285893" lon="11.4271652" />
      <trkpt lat="46.0285762" lon="11.4272229" />
      <trkpt lat="46.0285724" lon="11.4273035" />
      <trkpt lat="46.0285857" lon="11.4273821" />
      <trkpt lat="46.0286148" lon="11.4274513" />
      <trkpt lat="46.0286028" lon="11.4275103" />
      <trkpt lat="46.0285789" lon="11.4275613" />
      <trkpt lat="46.0285453" lon="11.4275993" />
      <trkpt lat="46.0285053" lon="11.4276208" />
      <trkpt lat="46.0284626" lon="11.4276236" />
      <trkpt lat="46.0284214" lon="11.4276076" />
      <trkpt lat="46.0283635" lon="11.4275777" />
      <trkpt lat="46.0282388" lon="11.4275247" />
      <trkpt lat="46.0281087" lon="11.4275224" />
      <trkpt lat="46.0279832" lon="11.4275712" />
      <trkpt lat="46.0278716" lon="11.4276672" />
      <trkpt lat="46.0278123" lon="11.4277290" />
      <trkpt lat="46.0277705" lon="11.4278156" />
      <trkpt lat="46.0277509" lon="11.4279171" />
      <trkpt lat="46.0277557" lon="11.4280223" />
      <trkpt lat="46.0277506" lon="11.4281040" />
      <trkpt lat="46.0277269" lon="11.4281786" />
      <trkpt lat="46.0276872" lon="11.4282374" />
      <trkpt lat="46.0276259" lon="11.4283100" />
      <trkpt lat="46.0275997" lon="11.4283517" />
      <trkpt lat="46.0275825" lon="11.4284022" />
      <trkpt lat="46.0275757" lon="11.4284576" />
      <trkpt lat="46.0275798" lon="11.4285135" />
      <trkpt lat="46.0275872" lon="11.4286149" />
      <trkpt lat="46.0275833" lon="11.4288367" />
      <trkpt lat="46.0275795" lon="11.4290340" />
      <trkpt lat="46.0275257" lon="11.4291997" />
      <trkpt lat="46.0274903" lon="11.4293681" />
      <trkpt lat="46.0274702" lon="11.4295430" />
      <trkpt lat="46.0273603" lon="11.4297467" />
      <trkpt lat="46.0273290" lon="11.4297996" />
      <trkpt lat="46.0273118" lon="11.4298645" />
      <trkpt lat="46.0273106" lon="11.4299340" />
      <trkpt lat="46.0273257" lon="11.4300001" />
      <trkpt lat="46.0273861" lon="11.4301268" />
      <trkpt lat="46.0274037" lon="11.4302654" />
      <trkpt lat="46.0274253" lon="11.4304264" />
      <trkpt lat="46.0274963" lon="11.4305392" />
      <trkpt lat="46.0275652" lon="11.4309589" />
      <trkpt lat="46.0275800" lon="11.4311543" />
      <trkpt lat="46.0275771" lon="11.4313465" />
      <trkpt lat="46.0276138" lon="11.4314910" />
      <trkpt lat="46.0276069" lon="11.4318997" />
      <trkpt lat="46.0276652" lon="11.4320973" />
      <trkpt lat="46.0276750" lon="11.4322454" />
      <trkpt lat="46.0277729" lon="11.4326312" />
      <trkpt lat="46.0278659" lon="11.4329010" />
      <trkpt lat="46.0278838" lon="11.4329758" />
      <trkpt lat="46.0278732" lon="11.4330808" />
      <trkpt lat="46.0278750" lon="11.4330995" />
      <trkpt lat="46.0278809" lon="11.4331164" />
      <trkpt lat="46.0278901" lon="11.4331298" />
      <trkpt lat="46.0279019" lon="11.4331383" />
      <trkpt lat="46.0279149" lon="11.4331411" />
      <trkpt lat="46.0279278" lon="11.4331378" />
      <trkpt lat="46.0279393" lon="11.4331287" />
      <trkpt lat="46.0279483" lon="11.4331149" />
      <trkpt lat="46.0279538" lon="11.4330977" />
      <trkpt lat="46.0279480" lon="11.4329670" />
      <trkpt lat="46.0279301" lon="11.4327214" />
      <trkpt lat="46.0279103" lon="11.4324157" />
      <trkpt lat="46.0279123" lon="11.4321244" />
      <trkpt lat="46.0279388" lon="11.4318692" />
      <trkpt lat="46.0279980" lon="11.4316461" />
      <trkpt lat="46.0280784" lon="11.4314668" />
      <trkpt lat="46.0281253" lon="11.4312951" />
      <trkpt lat="46.0282514" lon="11.4310319" />
      <trkpt lat="46.0282720" lon="11.4309007" />
      <trkpt lat="46.0282843" lon="11.4307759" />
      <trkpt lat="46.0282634" lon="11.4306000" />
      <trkpt lat="46.0282597" lon="11.4305800" />
      <trkpt lat="46.0282609" lon="11.4305594" />
      <trkpt lat="46.0282669" lon="11.4305405" />
      <trkpt lat="46.0282769" lon="11.4305256" />
      <trkpt lat="46.0282897" lon="11.4305164" />
      <trkpt lat="46.0283040" lon="11.4305140" />
      <trkpt lat="46.0283180" lon="11.4305185" />
      <trkpt lat="46.0283302" lon="11.4305295" />
      <trkpt lat="46.0283391" lon="11.4305458" />
      <trkpt lat="46.0283436" lon="11.4305654" />
      <trkpt lat="46.0283529" lon="11.4307402" />
      <trkpt lat="46.0283798" lon="11.4309058" />
      <trkpt lat="46.0283989" lon="11.4310923" />
      <trkpt lat="46.0284287" lon="11.4314322" />
      <trkpt lat="46.0284072" lon="11.4316995" />
      <trkpt lat="46.0284211" lon="11.4319566" />
      <trkpt lat="46.0285145" lon="11.4322085" />
      <trkpt lat="46.0285463" lon="11.4323687" />
      <trkpt lat="46.0286368" lon="11.4325520" />
      <trkpt lat="46.0286814" lon="11.4327605" />
      <trkpt lat="46.0287256" lon="11.4329467" />
      <trkpt lat="46.0287690" lon="11.4331901" />
      <trkpt lat="46.0287788" lon="11.4333205" />
      <trkpt lat="46.0287947" lon="11.4333921" />
      <trkpt lat="46.0287952" lon="11.4334673" />
      <trkpt lat="46.0287801" lon="11.4335393" />
      <trkpt lat="46.0287573" lon="11.4335812" />
      <trkpt lat="46.0287449" lon="11.4336315" />
      <trkpt lat="46.0287444" lon="11.4336848" />
      <trkpt lat="46.0287556" lon="11.4337356" />
      <trkpt lat="46.0287959" lon="11.4340044" />
      <trkpt lat="46.0287809" lon="11.4342468" />
      <trkpt lat="46.0287934" lon="11.4344943" />
      <trkpt lat="46.0288050" lon="11.4346908" />
      <trkpt lat="46.0287994" lon="11.4348016" />
      <trkpt lat="46.0287560" lon="11.4350363" />
      <trkpt lat="46.0286763" lon="11.4353114" />
      <trkpt lat="46.0286295" lon="11.4355025" />
      <trkpt lat="46.0286141" lon="11.4356011" />
      <trkpt lat="46.0286175" lon="11.4357019" />
      <trkpt lat="46.0286396" lon="11.4357978" />
      <trkpt lat="46.0286786" lon="11.4358818" />
      <trkpt lat="46.0288013" lon="11.4361524" />
      <trkpt lat="46.0288718" lon="11.4363626" />
      <trkpt lat="46.0288970" lon="11.4365761" />
      <trkpt lat="46.0289082" lon="11.4367181" />
      <trkpt lat="46.0289455" lon="11.4368306" />
      <trkpt lat="46.0289843" lon="11.4370500" />
      <trkpt lat="46.0289834" lon="11.4370943" />
      <trkpt lat="46.0289924" lon="11.4371367" />
      <trkpt lat="46.0290105" lon="11.4371726" />
      <trkpt lat="46.0290357" lon="11.4371981" />
      <trkpt lat="46.0291450" lon="11.4373288" />
      <trkpt lat="46.0291783" lon="11.4374001" />
      <trkpt lat="46.0291992" lon="11.4374806" />
      <trkpt lat="46.0292065" lon="11.4375659" />
      <trkpt lat="46.0292012" lon="11.4377265" />
      <trkpt lat="46.0292027" lon="11.4377441" />
      <trkpt lat="46.0292079" lon="11.4377601" />
      <trkpt lat="46.0292163" lon="11.4377730" />
      <trkpt lat="46.0292271" lon="11.4377814" />
      <trkpt lat="46.0292392" lon="11.4377846" />
      <trkpt lat="46.0292514" lon="11.4377821" />
      <trkpt lat="46.0292624" lon="11.4377743" />
      <trkpt lat="46.0292712" lon="11.4377620" />
      <trkpt lat="46.0292769" lon="11.4377463" />
      <trkpt lat="46.0292789" lon="11.4377288" />
      <trkpt lat="46.0292768" lon="11.4376035" />
      <trkpt lat="46.0292919" lon="11.4374076" />
      <trkpt lat="46.0292878" lon="11.4372580" />
      <trkpt lat="46.0292728" lon="11.4372047" />
      <trkpt lat="46.0292690" lon="11.4371474" />
      <trkpt lat="46.0292767" lon="11.4370909" />
      <trkpt lat="46.0292954" lon="11.4370400" />
      <trkpt lat="46.0293233" lon="11.4369989" />
      <trkpt lat="46.0293823" lon="11.4369224" />
      <trkpt lat="46.0294262" lon="11.4368271" />
      <trkpt lat="46.0294459" lon="11.4367172" />
      <trkpt lat="46.0294604" lon="11.4366270" />
      <trkpt lat="46.0294849" lon="11.4365381" />
      <trkpt lat="46.0295607" lon="11.4362498" />
      <trkpt lat="46.0296567" lon="11.4358207" />
      <trkpt lat="46.0296819" lon="11.4355096" />
      <trkpt lat="46.0297115" lon="11.4351718" />
      <trkpt lat="46.0297770" lon="11.4350019" />
      <trkpt lat="46.0298238" lon="11.4347940" />
      <trkpt lat="46.0298434" lon="11.4347129" />
      <trkpt lat="46.0298883" lon="11.4346199" />
      <trkpt lat="46.0299214" lon="11.4345721" />
      <trkpt lat="46.0300070" lon="11.4344836" />
      <trkpt lat="46.0300671" lon="11.4344135" />
      <trkpt lat="46.0300930" lon="11.4343216" />
      <trkpt lat="46.0300966" lon="11.4343025" />
      <trkpt lat="46.0301042" lon="11.4342860" />
      <trkpt lat="46.0301150" lon="11.4342737" />
      <trkpt lat="46.0301279" lon="11.4342669" />
      <trkpt lat="46.0301417" lon="11.4342664" />
      <trkpt lat="46.0301548" lon="11.4342720" />
      <trkpt lat="46.0301661" lon="11.4342834" />
      <trkpt lat="46.0301743" lon="11.4342993" />
      <trkpt lat="46.0301787" lon="11.4343181" />
      <trkpt lat="46.0301497" lon="11.4345464" />
      <trkpt lat="46.0301211" lon="11.4346692" />
      <trkpt lat="46.0300986" lon="11.4347822" />
      <trkpt lat="46.0301000" lon="11.4348437" />
      <trkpt lat="46.0301140" lon="11.4349019" />
      <trkpt lat="46.0301394" lon="11.4349514" />
      <trkpt lat="46.0301738" lon="11.4349879" />
      <trkpt lat="46.0302208" lon="11.4350916" />
      <trkpt lat="46.0302839" lon="11.4352945" />
      <trkpt lat="46.0304114" lon="11.4356618" />
      <trkpt lat="46.0305443" lon="11.4361539" />
      <trkpt lat="46.0306097" lon="11.4364249" />
      <trkpt lat="46.0306347" lon="11.4366594" />
      <trkpt lat="46.0306763" lon="11.4368565" />
      <trkpt lat="46.0306869" lon="11.4368804" />
      <trkpt lat="46.0307023" lon="11.4368979" />
      <trkpt lat="46.0307209" lon="11.4369069" />
      <trkpt lat="46.0307405" lon="11.4369066" />
      <trkpt lat="46.0307590" lon="11.4368970" />
      <trkpt lat="46.0307741" lon="11.4368790" />
      <trkpt lat="46.0307843" lon="11.4368549" />
      <trkpt lat="46.0308120" lon="11.4367357" />
      <trkpt lat="46.0308493" lon="11.4365741" />
      <trkpt lat="46.0309144" lon="11.4364098" />
      <trkpt lat="46.0309520" lon="11.4362428" />
      <trkpt lat="46.0309575" lon="11.4362210" />
      <trkpt lat="46.0309677" lon="11.4362031" />
      <trkpt lat="46.0309813" lon="11.4361909" />
      <trkpt lat="46.0309970" lon="11.4361859" />
      <trkpt lat="46.0310129" lon="11.4361885" />
      <trkpt lat="46.0310274" lon="11.4361984" />
      <trkpt lat="46.0310388" lon="11.4362147" />
      <trkpt lat="46.0310459" lon="11.4362354" />
      <trkpt lat="46.0310479" lon="11.4362584" />
      <trkpt lat="46.0310795" lon="11.4364238" />
      <trkpt lat="46.0312237" lon="11.4368103" />
      <trkpt lat="46.0313739" lon="11.4371671" />
      <trkpt lat="46.0314333" lon="11.4374216" />
      <trkpt lat="46.0314546" lon="11.4375199" />
      <trkpt lat="46.0315467" lon="11.4377233" />
      <trkpt lat="46.0316025" lon="11.4378058" />
      <trkpt lat="46.0316300" lon="11.4378925" />
      <trkpt lat="46.0316401" lon="11.4380267" />
      <trkpt lat="46.0316421" lon="11.4381030" />
      <trkpt lat="46.0316638" lon="11.4382283" />
      <trkpt lat="46.0316993" lon="11.4383457" />
      <trkpt lat="46.0317817" lon="11.4385129" />
      <trkpt lat="46.0318391" lon="11.4385813" />
      <trkpt lat="46.0318815" lon="11.4386696" />
      <trkpt lat="46.0319057" lon="11.4387711" />
      <trkpt lat="46.0319074" lon="11.4388600" />
      <trkpt lat="46.0319260" lon="11.4389448" />
      <trkpt lat="46.0319600" lon="11.4390190" />
      <trkpt lat="46.0320215" lon="11.4391051" />
      <trkpt lat="46.0321416" lon="11.4393083" />
      <trkpt lat="46.0322467" lon="11.4395387" />
      <trkpt lat="46.0323581" lon="11.4397363" />
      <trkpt lat="46.0324522" lon="11.4399512" />
      <trkpt lat="46.0324671" lon="11.4400525" />
      <trkpt lat="46.0324738" lon="11.4401556" />
      <trkpt lat="46.0324763" lon="11.4401765" />
      <trkpt lat="46.0324835" lon="11.4401949" />
      <trkpt lat="46.0324946" lon="11.4402086" />
      <trkpt lat="46.0325084" lon="11.4402161" />
      <trkpt lat="46.0325231" lon="11.4402165" />
      <trkpt lat="46.0325369" lon="11.4402096" />
      <trkpt lat="46.0325484" lon="11.4401964" />
      <trkpt lat="46.0325560" lon="11.4401784" />
      <trkpt lat="46.0325590" lon="11.4401577" />
      <trkpt lat="46.0325746" lon="11.4400005" />
      <trkpt lat="46.0326036" lon="11.4397968" />
      <trkpt lat="46.0326603" lon="11.4395211" />
      <trkpt lat="46.0326994" lon="11.4393660" />
      <trkpt lat="46.0327715" lon="11.4391851" />
      <trkpt lat="46.0328753" lon="11.4389570" />
      <trkpt lat="46.0329515" lon="11.4387632" />
      <trkpt lat="46.0329858" lon="11.4386680" />
      <trkpt lat="46.0329981" lon="11.4385909" />
      <trkpt lat="46.0330312" lon="11.4385530" />
      <trkpt lat="46.0330626" lon="11.4385322" />
      <trkpt lat="46.0331113" lon="11.4384743" />
      <trkpt lat="46.0331683" lon="11.4383817" />
      <trkpt lat="46.0331829" lon="11.4382922" />
      <trkpt lat="46.0331960" lon="11.4382522" />
      <trkpt lat="46.0332010" lon="11.4382347" />
      <trkpt lat="46.0332096" lon="11.4382205" />
      <trkpt lat="46.0332209" lon="11.4382109" />
      <trkpt lat="46.0332337" lon="11.4382069" />
      <trkpt lat="46.0332467" lon="11.4382090" />
      <trkpt lat="46.0332586" lon="11.4382169" />
      <trkpt lat="46.0332681" lon="11.4382299" />
      <trkpt lat="46.0332743" lon="11.4382465" />
      <trkpt lat="46.0332765" lon="11.4382651" />
      <trkpt lat="46.0332868" lon="11.4383120" />
      <trkpt lat="46.0332935" lon="11.4384351" />
      <trkpt lat="46.0332758" lon="11.4385866" />
      <trkpt lat="46.0332381" lon="11.4387156" />
      <trkpt lat="46.0332202" lon="11.4387730" />
      <trkpt lat="46.0332142" lon="11.4388638" />
      <trkpt lat="46.0332745" lon="11.4389818" />
      <trkpt lat="46.0333016" lon="11.4390884" />
      <trkpt lat="46.0333235" lon="11.4392673" />
      <trkpt lat="46.0333434" lon="11.4394555" />
      <trkpt lat="46.0333651" lon="11.4395704" />
      <trkpt lat="46.0333871" lon="11.4396550" />
      <trkpt lat="46.0334391" lon="11.4397738" />
      <trkpt lat="46.0334643" lon="11.4399095" />
      <trkpt lat="46.0334605" lon="11.4400499" />
      <trkpt lat="46.0334821" lon="11.4402392" />
      <trkpt lat="46.0335226" lon="11.4403489" />
      <trkpt lat="46.0335423" lon="11.4404699" />
      <trkpt lat="46.0335414" lon="11.4405702" />
      <trkpt lat="46.0335331" lon="11.4406286" />
      <trkpt lat="46.0335305" lon="11.4406543" />
      <trkpt lat="46.0335339" lon="11.4406799" />
      <trkpt lat="46.0335429" lon="11.4407024" />
      <trkpt lat="46.0335565" lon="11.4407196" />
      <trkpt lat="46.0335732" lon="11.4407293" />
      <trkpt lat="46.0335912" lon="11.4407307" />
      <trkpt lat="46.0336086" lon="11.4407235" />
      <trkpt lat="46.0336234" lon="11.4407086" />
      <trkpt lat="46.0336547" lon="11.4406016" />
      <trkpt lat="46.0337640" lon="11.4403883" />
      <trkpt lat="46.0338739" lon="11.4402227" />
      <trkpt lat="46.0340670" lon="11.4400371" />
      <trkpt lat="46.0341653" lon="11.4399794" />
      <trkpt lat="46.0343074" lon="11.4399414" />
      <trkpt lat="46.0344006" lon="11.4398815" />
      <trkpt lat="46.0344574" lon="11.4397990" />
      <trkpt lat="46.0344959" lon="11.4397610" />
      <trkpt lat="46.0345409" lon="11.4397438" />
      <trkpt lat="46.0345874" lon="11.4397492" />
      <trkpt lat="46.0346765" lon="11.4397590" />
      <trkpt lat="46.0347213" lon="11.4397720" />
      <trkpt lat="46.0347669" lon="11.4397664" />
      <trkpt lat="46.0348095" lon="11.4397425" />
      <trkpt lat="46.0348458" lon="11.4397023" />
      <trkpt lat="46.0348752" lon="11.4396314" />
      <trkpt lat="46.0348982" lon="11.4395933" />
      <trkpt lat="46.0349106" lon="11.4395777" />
      <trkpt lat="46.0349258" lon="11.4395685" />
      <trkpt lat="46.0349422" lon="11.4395667" />
      <trkpt lat="46.0349582" lon="11.4395724" />
      <trkpt lat="46.0349721" lon="11.4395852" />
      <trkpt lat="46.0349825" lon="11.4396036" />
      <trkpt lat="46.0349883" lon="11.4396258" />
      <trkpt lat="46.0350256" lon="11.4398578" />
      <trkpt lat="46.0350628" lon="11.4400604" />
      <trkpt lat="46.0350867" lon="11.4402975" />
      <trkpt lat="46.0351246" lon="11.4404940" />
      <trkpt lat="46.0351568" lon="11.4406923" />
      <trkpt lat="46.0351794" lon="11.4408712" />
      <trkpt lat="46.0351638" lon="11.4410968" />
      <trkpt lat="46.0351564" lon="11.4413013" />
      <trkpt lat="46.0351602" lon="11.4414115" />
      <trkpt lat="46.0351667" lon="11.4414811" />
      <trkpt lat="46.0351871" lon="11.4415448" />
      <trkpt lat="46.0352195" lon="11.4415971" />
      <trkpt lat="46.0352469" lon="11.4416249" />
      <trkpt lat="46.0352789" lon="11.4416395" />
      <trkpt lat="46.0353124" lon="11.4416396" />
      <trkpt lat="46.0353443" lon="11.4416251" />
      <trkpt lat="46.0353938" lon="11.4415938" />
      <trkpt lat="46.0355199" lon="11.4415813" />
      <trkpt lat="46.0356652" lon="11.4416265" />
      <trkpt lat="46.0358588" lon="11.4417139" />
      <trkpt lat="46.0359982" lon="11.4417489" />
      <trkpt lat="46.0360844" lon="11.4417220" />
      <trkpt lat="46.0362136" lon="11.4417137" />
      <trkpt lat="46.0363188" lon="11.4417630" />
      <trkpt lat="46.0363924" lon="11.4417641" />
      <trkpt lat="46.0364872" lon="11.4417350" />
      <trkpt lat="46.0366029" lon="11.4416581" />
      <trkpt lat="46.0366441" lon="11.4416321" />
      <trkpt lat="46.0366889" lon="11.4416265" />
      <trkpt lat="46.0367326" lon="11.4416421" />
      <trkpt lat="46.0367704" lon="11.4416771" />
      <trkpt lat="46.0367984" lon="11.4417278" />
      <trkpt lat="46.0368368" lon="11.4418498" />
      <trkpt lat="46.0369135" lon="11.4419463" />
      <trkpt lat="46.0370158" lon="11.4420482" />
      <trkpt lat="46.0372265" lon="11.4422428" />
      <trkpt lat="46.0373613" lon="11.4424081" />
      <trkpt lat="46.0375359" lon="11.4426475" />
      <trkpt lat="46.0376033" lon="11.4427389" />
      <trkpt lat="46.0377326" lon="11.4430876" />
      <trkpt lat="46.0377822" lon="11.4433916" />
      <trkpt lat="46.0377988" lon="11.4436981" />
      <trkpt lat="46.0378947" lon="11.4439768" />
      <trkpt lat="46.0380005" lon="11.4443294" />
      <trkpt lat="46.0381583" lon="11.4446826" />
      <trkpt lat="46.0382921" lon="11.4448808" />
      <trkpt lat="46.0383990" lon="11.4450312" />
      <trkpt lat="46.0384796" lon="11.4451259" />
      <trkpt lat="46.0385943" lon="11.4452032" />
      <trkpt lat="46.0387246" lon="11.4453380" />
      <trkpt lat="46.0389192" lon="11.4449852" />
      <trkpt lat="46.0390007" lon="11.4448560" />
      <trkpt lat="46.0391047" lon="11.4446374" />
      <trkpt lat="46.0391502" lon="11.4445097" />
      <trkpt lat="46.0392026" lon="11.4444258" />
      <trkpt lat="46.0392429" lon="11.4443828" />
      <trkpt lat="46.0392824" lon="11.4443569" />
      <trkpt lat="46.0393120" lon="11.4443514" />
      <trkpt lat="46.0393462" lon="11.4442778" />
      <trkpt lat="46.0393811" lon="11.4441965" />
      <trkpt lat="46.0394416" lon="11.4439372" />
      <trkpt lat="46.0394780" lon="11.4438195" />
      <trkpt lat="46.0394913" lon="11.4437766" />
      <trkpt lat="46.0394975" lon="11.4437356" />
      <trkpt lat="46.0394658" lon="11.4436236" />
      <trkpt lat="46.0394342" lon="11.4435253" />
      <trkpt lat="46.0394249" lon="11.4434085" />
      <trkpt lat="46.0394388" lon="11.4433350" />
      <trkpt lat="46.0394249" lon="11.4434085" />
      <trkpt lat="46.0394342" lon="11.4435253" />
      <trkpt lat="46.0394658" lon="11.4436236" />
      <trkpt lat="46.0394975" lon="11.4437356" />
      <trkpt lat="46.0395111" lon="11.4436881" />
      <trkpt lat="46.0395336" lon="11.4436284" />
      <trkpt lat="46.0395548" lon="11.4435900" />
      <trkpt lat="46.0395897" lon="11.4435466" />
      <trkpt lat="46.0396081" lon="11.4435275" />
      <trkpt lat="46.0396377" lon="11.4435181" />
      <trkpt lat="46.0396453" lon="11.4435166" />
      <trkpt lat="46.0396631" lon="11.4435132" />
      <trkpt lat="46.0397343" lon="11.4435262" />
      <trkpt lat="46.0398734" lon="11.4435423" />
      <trkpt lat="46.0399589" lon="11.4435420" />
      <trkpt lat="46.0400017" lon="11.4435179" />
      <trkpt lat="46.0400297" lon="11.4433784" />
      <trkpt lat="46.0400483" lon="11.4432390" />
      <trkpt lat="46.0400595" lon="11.4431209" />
      <trkpt lat="46.0400371" lon="11.4430485" />
      <trkpt lat="46.0399887" lon="11.4430271" />
      <trkpt lat="46.0398882" lon="11.4430244" />
      <trkpt lat="46.0397969" lon="11.4430297" />
      <trkpt lat="46.0397374" lon="11.4430512" />
      <trkpt lat="46.0397113" lon="11.4431129" />
      <trkpt lat="46.0397020" lon="11.4431799" />
      <trkpt lat="46.0397113" lon="11.4431129" />
      <trkpt lat="46.0397374" lon="11.4430512" />
      <trkpt lat="46.0397969" lon="11.4430297" />
      <trkpt lat="46.0398882" lon="11.4430244" />
      <trkpt lat="46.0399887" lon="11.4430271" />
      <trkpt lat="46.0400371" lon="11.4430485" />
      <trkpt lat="46.0400595" lon="11.4431209" />
      <trkpt lat="46.0400483" lon="11.4432390" />
      <trkpt lat="46.0400297" lon="11.4433784" />
      <trkpt lat="46.0400017" lon="11.4435179" />
      <trkpt lat="46.0399589" lon="11.4435420" />
      <trkpt lat="46.0398734" lon="11.4435423" />
      <trkpt lat="46.0397343" lon="11.4435262" />
      <trkpt lat="46.0396631" lon="11.4435132" />
      <trkpt lat="46.0396453" lon="11.4435166" />
      <trkpt lat="46.0396336" lon="11.4435495" />
      <trkpt lat="46.0396082" lon="11.4436531" />
      <trkpt lat="46.0395639" lon="11.4437257" />
      <trkpt lat="46.0394913" lon="11.4437766" />
      <trkpt lat="46.0394780" lon="11.4438195" />
      <trkpt lat="46.0394416" lon="11.4439372" />
      <trkpt lat="46.0393811" lon="11.4441965" />
      <trkpt lat="46.0393462" lon="11.4442778" />
      <trkpt lat="46.0393120" lon="11.4443514" />
      <trkpt lat="46.0392824" lon="11.4443569" />
      <trkpt lat="46.0393985" lon="11.4445276" />
      <trkpt lat="46.0396115" lon="11.4447813" />
      <trkpt lat="46.0397819" lon="11.4449477" />
      <trkpt lat="46.0398430" lon="11.4450010" />
      <trkpt lat="46.0401093" lon="11.4430937" />
      <trkpt lat="46.0401113" lon="11.4430878" />
      <trkpt lat="46.0401145" lon="11.4430832" />
      <trkpt lat="46.0401186" lon="11.4430804" />
      <trkpt lat="46.0401231" lon="11.4430796" />
      <trkpt lat="46.0401275" lon="11.4430811" />
      <trkpt lat="46.0406290" lon="11.4432904" />
      <trkpt lat="46.0406497" lon="11.4432959" />
      <trkpt lat="46.0406681" lon="11.4433108" />
      <trkpt lat="46.0406822" lon="11.4433336" />
      <trkpt lat="46.0406903" lon="11.4433616" />
      <trkpt lat="46.0406916" lon="11.4433920" />
      <trkpt lat="46.0407319" lon="11.4434501" />
      <trkpt lat="46.0407749" lon="11.4434655" />
      <trkpt lat="46.0408394" lon="11.4434501" />
      <trkpt lat="46.0410247" lon="11.4433997" />
      <trkpt lat="46.0413121" lon="11.4433881" />
      <trkpt lat="46.0413605" lon="11.4433987" />
      <trkpt lat="46.0413418" lon="11.4460639" />
      <trkpt lat="46.0413744" lon="11.4460758" />
      <trkpt lat="46.0416511" lon="11.4461261" />
      <trkpt lat="46.0417934" lon="11.4461803" />
      <trkpt lat="46.0421292" lon="11.4463660" />
      <trkpt lat="46.0424596" lon="11.4465866" />
      <trkpt lat="46.0427094" lon="11.4467685" />
      <trkpt lat="46.0427873" lon="11.4467956" />
      <trkpt lat="46.0429370" lon="11.4468687" />
      <trkpt lat="46.0429968" lon="11.4469426" />
      <trkpt lat="46.0431526" lon="11.4470897" />
      <trkpt lat="46.0433621" lon="11.4472251" />
      <trkpt lat="46.0434964" lon="11.4472909" />
      <trkpt lat="46.0436334" lon="11.4473064" />
      <trkpt lat="46.0438589" lon="11.4473015" />
      <trkpt lat="46.0441156" lon="11.4472929" />
      <trkpt lat="46.0443103" lon="11.4472987" />
      <trkpt lat="46.0444445" lon="11.4473170" />
      <trkpt lat="46.0445306" lon="11.4473451" />
      <trkpt lat="46.0447063" lon="11.4474305" />
      <trkpt lat="46.0448023" lon="11.4474400" />
      <trkpt lat="46.0449181" lon="11.4474762" />
      <trkpt lat="46.0450444" lon="11.4475780" />
      <trkpt lat="46.0451345" lon="11.4477194" />
      <trkpt lat="46.0452496" lon="11.4479403" />
      <trkpt lat="46.0454043" lon="11.4481669" />
      <trkpt lat="46.0458810" lon="11.4487608" />
      <trkpt lat="46.0459265" lon="11.4488115" />
      <trkpt lat="46.0459862" lon="11.4488585" />
      <trkpt lat="46.0460192" lon="11.4488799" />
      <trkpt lat="46.0460551" lon="11.4488868" />
      <trkpt lat="46.0460909" lon="11.4488786" />
      <trkpt lat="46.0461236" lon="11.4488560" />
      <trkpt lat="46.0461505" lon="11.4488209" />
      <trkpt lat="46.0461742" lon="11.4487775" />
      <trkpt lat="46.0462624" lon="11.4485005" />
      <trkpt lat="46.0463514" lon="11.4481773" />
      <trkpt lat="46.0464331" lon="11.4478442" />
      <trkpt lat="46.0464615" lon="11.4475822" />
      <trkpt lat="46.0464657" lon="11.4474414" />
      <trkpt lat="46.0463117" lon="11.4474623" />
      <trkpt lat="46.0461141" lon="11.4474623" />
      <trkpt lat="46.0460197" lon="11.4474580" />
      <trkpt lat="46.0458900" lon="11.4474325" />
      <trkpt lat="46.0455478" lon="11.4472456" />
      <trkpt lat="46.0454446" lon="11.4472116" />
      <trkpt lat="46.0455478" lon="11.4472456" />
      <trkpt lat="46.0458900" lon="11.4474325" />
      <trkpt lat="46.0460197" lon="11.4474580" />
      <trkpt lat="46.0461141" lon="11.4474623" />
      <trkpt lat="46.0463117" lon="11.4474623" />
      <trkpt lat="46.0464657" lon="11.4474414" />
      <trkpt lat="46.0464615" lon="11.4475822" />
      <trkpt lat="46.0464331" lon="11.4478442" />
      <trkpt lat="46.0463514" lon="11.4481773" />
      <trkpt lat="46.0462624" lon="11.4485005" />
      <trkpt lat="46.0465124" lon="11.4485491" />
      <trkpt lat="46.0469227" lon="11.4486315" />
      <trkpt lat="46.0469546" lon="11.4486582" />
      <trkpt lat="46.0469870" lon="11.4487151" />
      <trkpt lat="46.0470025" lon="11.4487975" />
      <trkpt lat="46.0470083" lon="11.4488626" />
      <trkpt lat="46.0469997" lon="11.4489270" />
      <trkpt lat="46.0468231" lon="11.4496721" />
      <trkpt lat="46.0468147" lon="11.4497410" />
      <trkpt lat="46.0468191" lon="11.4498107" />
      <trkpt lat="46.0468361" lon="11.4498763" />
      <trkpt lat="46.0471611" lon="11.4504256" />
      <trkpt lat="46.0474889" lon="11.4509186" />
      <trkpt lat="46.0478461" lon="11.4512522" />
      <trkpt lat="46.0480571" lon="11.4513969" />
      <trkpt lat="46.0481704" lon="11.4514679" />
      <trkpt lat="46.0482902" lon="11.4515156" />
      <trkpt lat="46.0484910" lon="11.4515850" />
      <trkpt lat="46.0487631" lon="11.4516894" />
      <trkpt lat="46.0493079" lon="11.4518123" />
      <trkpt lat="46.0494791" lon="11.4518531" />
      <trkpt lat="46.0496697" lon="11.4518972" />
      <trkpt lat="46.0498631" lon="11.4519153" />
      <trkpt lat="46.0501075" lon="11.4519138" />
      <trkpt lat="46.0501023" lon="11.4518554" />
      <trkpt lat="46.0500946" lon="11.4518380" />
      <trkpt lat="46.0500836" lon="11.4518246" />
      <trkpt lat="46.0500704" lon="11.4518165" />
      <trkpt lat="46.0499117" lon="11.4516732" />
      <trkpt lat="46.0498144" lon="11.4515716" />
      <trkpt lat="46.0497286" lon="11.4514685" />
      <trkpt lat="46.0496624" lon="11.4513803" />
      <trkpt lat="46.0496045" lon="11.4512805" />
      <trkpt lat="46.0495825" lon="11.4512310" />
      <trkpt lat="46.0495753" lon="11.4511947" />
      <trkpt lat="46.0495603" lon="11.4510695" />
      <trkpt lat="46.0495350" lon="11.4509613" />
      <trkpt lat="46.0495199" lon="11.4508750" />
      <trkpt lat="46.0495155" lon="11.4507996" />
      <trkpt lat="46.0495253" lon="11.4507888" />
      <trkpt lat="46.0495371" lon="11.4507833" />
      <trkpt lat="46.0495471" lon="11.4507784" />
      <trkpt lat="46.0495316" lon="11.4506831" />
      <trkpt lat="46.0495036" lon="11.4505485" />
      <trkpt lat="46.0493716" lon="11.4497943" />
      <trkpt lat="46.0493180" lon="11.4494118" />
      <trkpt lat="46.0492524" lon="11.4491495" />
      <trkpt lat="46.0492248" lon="11.4490355" />
      <trkpt lat="46.0491997" lon="11.4489528" />
      <trkpt lat="46.0491658" lon="11.4488629" />
      <trkpt lat="46.0491061" lon="11.4486980" />
      <trkpt lat="46.0490857" lon="11.4486477" />
      <trkpt lat="46.0490500" lon="11.4485600" />
      <trkpt lat="46.0490156" lon="11.4484703" />
      <trkpt lat="46.0489343" lon="11.4481929" />
      <trkpt lat="46.0488725" lon="11.4479636" />
      <trkpt lat="46.0487265" lon="11.4470708" />
      <trkpt lat="46.0488389" lon="11.4470339" />
      <trkpt lat="46.0487265" lon="11.4470708" />
      <trkpt lat="46.0484757" lon="11.4455347" />
      <trkpt lat="46.0484649" lon="11.4454713" />
      <trkpt lat="46.0484084" lon="11.4451768" />
      <trkpt lat="46.0482282" lon="11.4441452" />
      <trkpt lat="46.0479720" lon="11.4428715" />
      <trkpt lat="46.0479107" lon="11.4426513" />
      <trkpt lat="46.0478744" lon="11.4425423" />
      <trkpt lat="46.0478314" lon="11.4424341" />
      <trkpt lat="46.0477056" lon="11.4421591" />
      <trkpt lat="46.0476351" lon="11.4419740" />
      <trkpt lat="46.0475662" lon="11.4417824" />
      <trkpt lat="46.0474480" lon="11.4414237" />
      <trkpt lat="46.0473996" lon="11.4412530" />
      <trkpt lat="46.0473331" lon="11.4410591" />
      <trkpt lat="46.0472864" lon="11.4409369" />
      <trkpt lat="46.0472412" lon="11.4408317" />
      <trkpt lat="46.0471945" lon="11.4407325" />
      <trkpt lat="46.0471401" lon="11.4406413" />
      <trkpt lat="46.0470855" lon="11.4405719" />
      <trkpt lat="46.0470259" lon="11.4405179" />
      <trkpt lat="46.0469724" lon="11.4404864" />
      <trkpt lat="46.0469295" lon="11.4404751" />
      <trkpt lat="46.0468823" lon="11.4404793" />
      <trkpt lat="46.0468028" lon="11.4405094" />
      <trkpt lat="46.0467078" lon="11.4405361" />
      <trkpt lat="46.0466646" lon="11.4405423" />
      <trkpt lat="46.0466285" lon="11.4405302" />
      <trkpt lat="46.0466013" lon="11.4405115" />
      <trkpt lat="46.0465823" lon="11.4404743" />
      <trkpt lat="46.0465701" lon="11.4404382" />
      <trkpt lat="46.0465596" lon="11.4403818" />
      <trkpt lat="46.0465531" lon="11.4402994" />
      <trkpt lat="46.0465397" lon="11.4401452" />
      <trkpt lat="46.0465277" lon="11.4401004" />
      <trkpt lat="46.0465103" lon="11.4400604" />
      <trkpt lat="46.0464868" lon="11.4400330" />
      <trkpt lat="46.0464591" lon="11.4400159" />
      <trkpt lat="46.0464291" lon="11.4400102" />
      <trkpt lat="46.0463847" lon="11.4400147" />
      <trkpt lat="46.0460381" lon="11.4400792" />
      <trkpt lat="46.0460134" lon="11.4400830" />
      <trkpt lat="46.0460025" lon="11.4400825" />
      <trkpt lat="46.0459917" lon="11.4400836" />
      <trkpt lat="46.0459811" lon="11.4400797" />
      <trkpt lat="46.0459718" lon="11.4400713" />
      <trkpt lat="46.0459656" lon="11.4400656" />
      <trkpt lat="46.0459416" lon="11.4400204" />
      <trkpt lat="46.0459069" lon="11.4399669" />
      <trkpt lat="46.0458106" lon="11.4398486" />
      <trkpt lat="46.0456424" lon="11.4396503" />
      <trkpt lat="46.0454369" lon="11.4394802" />
      <trkpt lat="46.0451802" lon="11.4393309" />
      <trkpt lat="46.0449920" lon="11.4392439" />
      <trkpt lat="46.0445680" lon="11.4391320" />
      <trkpt lat="46.0442756" lon="11.4390126" />
      <trkpt lat="46.0442527" lon="11.4389959" />
      <trkpt lat="46.0442346" lon="11.4389697" />
      <trkpt lat="46.0442232" lon="11.4389365" />
      <trkpt lat="46.0442196" lon="11.4388999" />
      <trkpt lat="46.0442199" lon="11.4388486" />
      <trkpt lat="46.0442098" lon="11.4387815" />
      <trkpt lat="46.0441852" lon="11.4387227" />
      <trkpt lat="46.0441488" lon="11.4386784" />
      <trkpt lat="46.0437445" lon="11.4383947" />
      <trkpt lat="46.0435739" lon="11.4382782" />
      <trkpt lat="46.0435119" lon="11.4382590" />
      <trkpt lat="46.0434278" lon="11.4382272" />
      <trkpt lat="46.0433644" lon="11.4381847" />
      <trkpt lat="46.0433246" lon="11.4381634" />
      <trkpt lat="46.0432875" lon="11.4381449" />
      <trkpt lat="46.0432939" lon="11.4380928" />
      <trkpt lat="46.0432936" lon="11.4380147" />
      <trkpt lat="46.0432789" lon="11.4378936" />
      <trkpt lat="46.0432450" lon="11.4377576" />
      <trkpt lat="46.0432159" lon="11.4376003" />
      <trkpt lat="46.0432184" lon="11.4373752" />
      <trkpt lat="46.0432649" lon="11.4371367" />
      <trkpt lat="46.0433143" lon="11.4369509" />
      <trkpt lat="46.0434592" lon="11.4364057" />
      <trkpt lat="46.0435740" lon="11.4359436" />
      <trkpt lat="46.0437684" lon="11.4359360" />
      <trkpt lat="46.0439756" lon="11.4359885" />
      <trkpt lat="46.0445296" lon="11.4362104" />
      <trkpt lat="46.0445625" lon="11.4362003" />
      <trkpt lat="46.0446527" lon="11.4359539" />
      <trkpt lat="46.0447516" lon="11.4359286" />
      <trkpt lat="46.0449073" lon="11.4360259" />
      <trkpt lat="46.0451812" lon="11.4362230" />
      <trkpt lat="46.0454382" lon="11.4364813" />
      <trkpt lat="46.0454936" lon="11.4365724" />
      <trkpt lat="46.0455186" lon="11.4366731" />
      <trkpt lat="46.0454896" lon="11.4367794" />
      <trkpt lat="46.0454411" lon="11.4369339" />
      <trkpt lat="46.0453798" lon="11.4370424" />
      <trkpt lat="46.0453535" lon="11.4371583" />
      <trkpt lat="46.0453528" lon="11.4373015" />
      <trkpt lat="46.0453874" lon="11.4374203" />
      <trkpt lat="46.0454441" lon="11.4375137" />
      <trkpt lat="46.0455115" lon="11.4375739" />
      <trkpt lat="46.0456175" lon="11.4376117" />
      <trkpt lat="46.0458622" lon="11.4375936" />
      <trkpt lat="46.0461103" lon="11.4375920" />
      <trkpt lat="46.0464471" lon="11.4376080" />
      <trkpt lat="46.0467419" lon="11.4377378" />
      <trkpt lat="46.0468446" lon="11.4378450" />
      <trkpt lat="46.0471264" lon="11.4381161" />
      <trkpt lat="46.0473468" lon="11.4383148" />
      <trkpt lat="46.0474063" lon="11.4383846" />
      <trkpt lat="46.0475394" lon="11.4385254" />
      <trkpt lat="46.0476654" lon="11.4386894" />
      <trkpt lat="46.0479832" lon="11.4392292" />
      <trkpt lat="46.0482293" lon="11.4397752" />
      <trkpt lat="46.0487303" lon="11.4410174" />
      <trkpt lat="46.0489045" lon="11.4415604" />
      <trkpt lat="46.0490018" lon="11.4419350" />
      <trkpt lat="46.0490203" lon="11.4420191" />
      <trkpt lat="46.0491698" lon="11.4427688" />
      <trkpt lat="46.0491827" lon="11.4428277" />
      <trkpt lat="46.0492002" lon="11.4429264" />
      <trkpt lat="46.0493397" lon="11.4436203" />
      <trkpt lat="46.0494276" lon="11.4440431" />
      <trkpt lat="46.0496809" lon="11.4452610" />
      <trkpt lat="46.0497755" lon="11.4457156" />
      <trkpt lat="46.0500007" lon="11.4469727" />
      <trkpt lat="46.0500467" lon="11.4472869" />
      <trkpt lat="46.0500868" lon="11.4472757" />
      <trkpt lat="46.0500467" lon="11.4472869" />
      <trkpt lat="46.0500007" lon="11.4469727" />
      <trkpt lat="46.0497755" lon="11.4457156" />
      <trkpt lat="46.0496809" lon="11.4452610" />
      <trkpt lat="46.0494276" lon="11.4440431" />
      <trkpt lat="46.0493397" lon="11.4436203" />
      <trkpt lat="46.0492002" lon="11.4429264" />
      <trkpt lat="46.0491827" lon="11.4428277" />
      <trkpt lat="46.0491698" lon="11.4427688" />
      <trkpt lat="46.0490203" lon="11.4420191" />
      <trkpt lat="46.0490018" lon="11.4419350" />
      <trkpt lat="46.0489045" lon="11.4415604" />
      <trkpt lat="46.0487303" lon="11.4410174" />
      <trkpt lat="46.0482293" lon="11.4397752" />
      <trkpt lat="46.0479832" lon="11.4392292" />
      <trkpt lat="46.0476654" lon="11.4386894" />
      <trkpt lat="46.0475394" lon="11.4385254" />
      <trkpt lat="46.0474063" lon="11.4383846" />
      <trkpt lat="46.0473468" lon="11.4383148" />
      <trkpt lat="46.0471264" lon="11.4381161" />
      <trkpt lat="46.0468446" lon="11.4378450" />
      <trkpt lat="46.0467419" lon="11.4377378" />
      <trkpt lat="46.0464471" lon="11.4376080" />
      <trkpt lat="46.0461103" lon="11.4375920" />
      <trkpt lat="46.0458622" lon="11.4375936" />
      <trkpt lat="46.0456175" lon="11.4376117" />
      <trkpt lat="46.0455115" lon="11.4375739" />
      <trkpt lat="46.0454441" lon="11.4375137" />
      <trkpt lat="46.0453874" lon="11.4374203" />
      <trkpt lat="46.0453528" lon="11.4373015" />
      <trkpt lat="46.0453535" lon="11.4371583" />
      <trkpt lat="46.0453798" lon="11.4370424" />
      <trkpt lat="46.0454411" lon="11.4369339" />
      <trkpt lat="46.0454896" lon="11.4367794" />
      <trkpt lat="46.0455186" lon="11.4366731" />
      <trkpt lat="46.0454936" lon="11.4365724" />
      <trkpt lat="46.0454382" lon="11.4364813" />
      <trkpt lat="46.0451812" lon="11.4362230" />
      <trkpt lat="46.0449073" lon="11.4360259" />
      <trkpt lat="46.0447516" lon="11.4359286" />
      <trkpt lat="46.0446527" lon="11.4359539" />
      <trkpt lat="46.0445625" lon="11.4362003" />
      <trkpt lat="46.0445296" lon="11.4362104" />
      <trkpt lat="46.0439756" lon="11.4359885" />
      <trkpt lat="46.0437684" lon="11.4359360" />
      <trkpt lat="46.0435740" lon="11.4359436" />
      <trkpt lat="46.0438742" lon="11.4344734" />
      <trkpt lat="46.0439268" lon="11.4340253" />
      <trkpt lat="46.0439228" lon="11.4338634" />
      <trkpt lat="46.0439148" lon="11.4336508" />
      <trkpt lat="46.0438760" lon="11.4333999" />
      <trkpt lat="46.0437994" lon="11.4330761" />
      <trkpt lat="46.0438131" lon="11.4328113" />
      <trkpt lat="46.0438665" lon="11.4324532" />
      <trkpt lat="46.0438913" lon="11.4320592" />
      <trkpt lat="46.0438445" lon="11.4316352" />
      <trkpt lat="46.0438338" lon="11.4311928" />
      <trkpt lat="46.0438468" lon="11.4311270" />
      <trkpt lat="46.0440425" lon="11.4304548" />
      <trkpt lat="46.0441152" lon="11.4302532" />
      <trkpt lat="46.0441635" lon="11.4301708" />
      <trkpt lat="46.0442318" lon="11.4301149" />
      <trkpt lat="46.0446851" lon="11.4299303" />
      <trkpt lat="46.0447574" lon="11.4299033" />
      <trkpt lat="46.0449907" lon="11.4298052" />
      <trkpt lat="46.0458591" lon="11.4294402" />
      <trkpt lat="46.0460300" lon="11.4293260" />
      <trkpt lat="46.0460906" lon="11.4292798" />
      <trkpt lat="46.0461387" lon="11.4292381" />
      <trkpt lat="46.0461783" lon="11.4291994" />
      <trkpt lat="46.0462205" lon="11.4291683" />
      <trkpt lat="46.0463809" lon="11.4295364" />
      <trkpt lat="46.0464909" lon="11.4298190" />
      <trkpt lat="46.0465354" lon="11.4299334" />
      <trkpt lat="46.0466658" lon="11.4302609" />
      <trkpt lat="46.0466988" lon="11.4303437" />
      <trkpt lat="46.0467704" lon="11.4305180" />
      <trkpt lat="46.0474218" lon="11.4320865" />
      <trkpt lat="46.0480939" lon="11.4337342" />
      <trkpt lat="46.0484460" lon="11.4346143" />
      <trkpt lat="46.0487831" lon="11.4355190" />
      <trkpt lat="46.0492232" lon="11.4367912" />
      <trkpt lat="46.0496882" lon="11.4383499" />
      <trkpt lat="46.0500178" lon="11.4396104" />
      <trkpt lat="46.0503678" lon="11.4410296" />
      <trkpt lat="46.0507642" lon="11.4427495" />
      <trkpt lat="46.0512603" lon="11.4449154" />
      <trkpt lat="46.0513246" lon="11.4451961" />
      <trkpt lat="46.0518207" lon="11.4473623" />
      <trkpt lat="46.0523380" lon="11.4494300" />
      <trkpt lat="46.0524380" lon="11.4498473" />
      <trkpt lat="46.0524757" lon="11.4500219" />
      <trkpt lat="46.0525056" lon="11.4501959" />
      <trkpt lat="46.0525275" lon="11.4503536" />
      <trkpt lat="46.0525396" lon="11.4504824" />
      <trkpt lat="46.0525429" lon="11.4505313" />
      <trkpt lat="46.0525956" lon="11.4506598" />
      <trkpt lat="46.0526320" lon="11.4507111" />
      <trkpt lat="46.0526863" lon="11.4507417" />
      <trkpt lat="46.0527423" lon="11.4507472" />
      <trkpt lat="46.0528128" lon="11.4507450" />
      <trkpt lat="46.0528213" lon="11.4507384" />
      <trkpt lat="46.0528299" lon="11.4507231" />
      <trkpt lat="46.0529652" lon="11.4504585" />
      <trkpt lat="46.0529910" lon="11.4504205" />
      <trkpt lat="46.0530227" lon="11.4503933" />
      <trkpt lat="46.0530582" lon="11.4503786" />
      <trkpt lat="46.0531073" lon="11.4503606" />
      <trkpt lat="46.0531473" lon="11.4503496" />
      <trkpt lat="46.0532192" lon="11.4507212" />
      <trkpt lat="46.0532811" lon="11.4510637" />
      <trkpt lat="46.0533846" lon="11.4516360" />
      <trkpt lat="46.0534331" lon="11.4519044" />
      <trkpt lat="46.0535395" lon="11.4524093" />
      <trkpt lat="46.0535601" lon="11.4524922" />
      <trkpt lat="46.0535871" lon="11.4525488" />
      <trkpt lat="46.0536316" lon="11.4525898" />
      <trkpt lat="46.0536963" lon="11.4525983" />
      <trkpt lat="46.0537137" lon="11.4525988" />
      <trkpt lat="46.0537302" lon="11.4525984" />
      <trkpt lat="46.0537929" lon="11.4525971" />
      <trkpt lat="46.0538085" lon="11.4525921" />
      <trkpt lat="46.0540071" lon="11.4525399" />
      <trkpt lat="46.0541921" lon="11.4524876" />
      <trkpt lat="46.0542313" lon="11.4524775" />
      <trkpt lat="46.0542463" lon="11.4524754" />
      <trkpt lat="46.0543067" lon="11.4524653" />
      <trkpt lat="46.0544000" lon="11.4524523" />
      <trkpt lat="46.0546691" lon="11.4524289" />
      <trkpt lat="46.0547889" lon="11.4524265" />
      <trkpt lat="46.0548718" lon="11.4523434" />
      <trkpt lat="46.0548724" lon="11.4522392" />
      <trkpt lat="46.0548383" lon="11.4519824" />
      <trkpt lat="46.0547289" lon="11.4513206" />
      <trkpt lat="46.0547228" lon="11.4512834" />
      <trkpt lat="46.0546770" lon="11.4510062" />
      <trkpt lat="46.0546686" lon="11.4509574" />
      <trkpt lat="46.0545778" lon="11.4504325" />
      <trkpt lat="46.0545135" lon="11.4500603" />
      <trkpt lat="46.0545043" lon="11.4500072" />
      <trkpt lat="46.0544650" lon="11.4497801" />
      <trkpt lat="46.0544525" lon="11.4497065" />
      <trkpt lat="46.0544091" lon="11.4494516" />
      <trkpt lat="46.0543700" lon="11.4492227" />
    </trkseg>
  </trk>
</gpx>
